Depth	TVD	ROP	WOB	RPM   Torque    SPP	GPM   Temp IN Temp Out				
464	463.99	23.93	4	117	1	1477	852	95	90
465	464.99	58.58	5	126	1	1470	855	95	90
466	465.99	37.08	4	126	1	1455	855	95	90
467	466.99	70.45	5.75	78	2	1456	715	89	90
468	467.99	40.07	3.5	78	2	1259	494	89	90
469	468.99	42.68	6.3	79	3	1459	495	89	90
470	469.99	30.94	3.62	75	2	1526	510	89	90
471	470.99	11.71	3.17	75	2	1423	508	89	90
472	471.99	14.99	2.06	74	2	1420	507	89	90
473	472.99	12.56	1.23	74	2	1236	480	89	90
474	473.99	14.78	2.94	72	3	1236	473	89	90
475	474.99	32.88	3.88	74	2	1529	491	89	90
476	475.99	28.54	2.34	73	3	687	505	89	90
477	476.99	28.02	3.02	72	3	759	522	89	90
478	477.99	25.54	4.34	73	4	1078	658	89	90
479	478.99	25.62	3.6	80	3	1221	698	89	90
480	479.99	24.62	3.21	80	3	1070	656	90	90
481	480.99	24.19	1.26	80	2	1073	656	90	90
482	481.99	23.56	4.62	76	3	910	657	90	90
483	482.99	23.06	6.81	75	4	859	656	90	90
484	483.99	22.71	5.15	74	4	968	682	90	91
485	484.99	22.32	4.79	74	4	1064	724	90	91
486	485.99	16.93	2.65	72	4	1126	752	90	91
487	486.99	15.52	6.29	73	4	1223	785	90	91
488	487.99	12.62	4.13	92	3	1184	780	90	91
489	488.99	17.44	3.14	90	3	1171	757	90	91
490	489.99	18.36	2.28	91	3	1163	774	91	91
491	490.99	14.22	2.47	63	2	819	538	91	91
492	491.99	88.27	6.03	65	2	802	678	91	91
493	492.99	45.94	4.36	69	4	811	695	91	91
494	493.99	49.52	5.96	78	4	817	658	91	91
495	494.99	96.31	8.95	79	2	823	698	91	92
496	495.99	141.55	2.29	100	3	869	789	91	92
497	496.99	42.3	5.36	106	2	1359	789	91	92
498	497.99	31.15	2.91	103	1	1345	802	91	92
499	498.99	32.58	3.34	102	2	1246	774	91	92
500	499.99	23.7	2.86	103	4	1231	772	91	92
501	500.99	26.31	3.68	97	4	1282	782	91	92
502	501.99	32.64	4.77	100	3	1383	805	91	92
503	502.99	24.24	5.77	99	3	1276	767	92	92
504	503.99	23.49	5.31	100	3	992	673	92	92
505	504.99	24.98	4.69	99	4	946	658	92	92
506	505.99	27.16	4.32	98	4	962	667	92	92
507	506.99	26.17	2.5	100	3	1077	706	92	93
508	507.99	25.12	6.22	99	4	1196	750	92	93
509	508.99	24.57	4.7	99	4	1217	755	92	93
510	509.99	24.51	6.16	97	5	1218	754	92	93
511	510.99	23.18	6.26	100	3	1216	755	92	93
512	511.99	21.02	3.95	98	4	1325	786	92	93
513	512.99	20.67	4.67	99	4	1408	810	92	93
514	513.99	20.72	3.07	100	3	1407	810	92	93
515	514.99	20.17	3.1	99	3	1416	809	92	93
516	515.99	18.73	2.18	100	3	1419	789	92	93
517	516.99	22.9	3.42	98	4	1422	810	92	93
518	517.99	23.76	2.14	99	4	1408	810	92	93
519	518.99	17.87	4.11	102	3	1429	810	92	93
520	519.99	19.94	1.86	102	3	1424	810	92	93
521	520.99	67.82	2.07	102	5	1452	812	92	93
522	521.99	65.53	1.47	100	5	1459	842	92	93
523	522.99	45.42	1.96	78	3	1489	602	92	93
524	523.99	19.33	3.67	100	3	1232	753	92	93
525	524.99	19.1	1.01	100	3	1231	752	92	93
526	525.99	73.83	2.36	102	1	1013	459	92	93
527	526.99	23.31	2.86	90	3	1458	677	92	93
528	527.99	29.1	4.14	100	4	1038	752	92	93
529	528.99	27.95	4.46	100	4	1054	751	92	93
530	529.99	28.29	6.5	98	5	1057	751	92	93
531	530.99	24.09	8.46	96	6	1067	752	92	93
532	531.99	20.04	8.09	95	6	1078	752	92	93
533	532.99	24.61	9.75	95	7	1096	757	92	93
534	533.99	30.63	9.28	97	5	1172	782	92	93
535	534.99	24.11	5.36	90	8	1102	761	92	93
536	535.99	18.94	2.58	106	4	910	679	92	93
537	536.99	12.68	1.59	105	4	910	680	92	93
538	537.99	14.73	2.48	105	4	919	680	92	93
539	538.99	21.98	4.63	105	4	920	680	92	93
540	539.99	24.5	2.96	105	4	923	680	92	93
541	540.99	22.77	5.22	105	4	922	679	91	92
542	541.99	22.33	4.29	105	4	928	679	91	92
543	542.99	19.5	3.65	105	5	928	679	91	92
544	543.99	23.37	5.64	105	4	936	679	91	92
545	544.99	23.09	5.6	105	4	935	681	91	92
546	545.99	17.37	3.92	105	4	916	677	91	92
547	546.99	18.15	2.42	105	3	912	676	91	92
548	547.99	20.57	4.26	105	4	921	679	91	92
549	548.99	20.06	4.36	105	3	945	682	91	92
550	549.99	47.16	3.42	105	4	950	682	91	92
551	550.99	11.8	2.31	103	5	471	340	91	92
552	551.99	8.28	1.02	96	5	478	340	91	92
553	552.99	86.87	1.51	100	2	873	616	91	93
554	553.99	31.62	2.42	107	4	1000	695	92	93
555	554.99	12.14	3.69	104	3	936	667	92	93
556	555.99	31.43	4.91	104	3	902	657	92	93
557	556.99	17.63	5.7	104	3	916	660	92	93
558	557.99	25.07	4.91	104	3	910	658	92	93
559	558.99	19.54	5.17	104	3	919	658	92	93
560	559.99	9.86	4.41	104	3	914	658	92	93
561	560.99	11.52	4.78	104	3	913	658	92	93
562	561.99	12.82	3.91	104	3	908	658	92	93
563	562.99	20.33	5.4	104	3	805	659	92	93
564	563.99	20.4	5.53	104	4	783	658	92	93
565	564.99	21.57	4.36	104	3	768	658	92	93
566	565.99	28.46	5.89	104	3	784	661	92	93
567	566.99	24.38	5.57	104	3	816	674	92	93
568	567.99	22.96	6.87	104	4	819	678	92	93
569	568.99	15.76	8.1	104	4	826	679	92	94
570	569.99	20.86	6.97	104	4	837	679	92	94
571	570.99	20.1	9.65	104	4	842	680	92	94
572	571.99	17.63	9.12	104	4	846	679	92	94
573	572.99	17.18	7.14	104	4	860	679	92	94
574	573.99	18.07	9.69	104	4	866	679	92	94
575	574.99	26.79	11.09	93	4	801	611	92	94
576	575.99	24.14	12.27	52	2	447	365	92	94
577	576.99	22.03	12.15	104	4	902	679	92	94
578	577.99	35.11	9.55	104	4	713	589	92	94
579	578.99	30.03	13.3	104	4	708	589	92	94
580	579.99	15.29	2.74	73	2	497	412	92	94
581	580.99	29.55	5.07	105	3	782	608	92	94
582	581.99	25.83	7.52	105	3	835	625	92	94
583	582.99	24.06	7.77	105	4	830	626	92	94
584	583.99	18.26	5.79	105	4	875	642	92	94
585	584.99	18.66	6.84	104	4	905	659	92	94
586	585.99	22.44	7.16	104	4	918	661	92	94
587	586.99	25.81	11.85	104	4	927	661	91	94
588	587.99	18.89	6.79	104	4	930	660	91	94
589	588.99	19.16	8.64	104	4	930	660	91	94
590	589.99	23.68	11.46	104	5	933	660	91	94
591	590.99	14.17	3.41	104	4	941	660	91	94
592	591.99	13.12	5.33	104	4	918	654	91	94
593	592.99	21.89	5.66	106	4	800	601	91	94
594	593.99	15.82	4.47	105	4	838	616	91	94
595	594.99	17.75	6.37	104	4	861	627	91	94
596	595.99	18.05	7.79	104	4	903	627	91	94
597	596.99	20.38	6.67	104	4	909	627	91	94
598	597.99	20.26	5.72	104	4	895	627	91	94
599	598.99	23.04	7.6	104	5	906	627	91	94
600	599.99	22.04	6.59	104	4	915	627	91	94
601	600.99	25.5	6.28	104	5	918	627	91	94
602	601.99	28.93	10.6	104	4	910	627	92	94
603	602.99	30.75	6.65	105	5	920	627	92	94
604	603.99	24.01	8.16	105	5	922	627	92	94
605	604.99	22.86	10.77	105	4	913	627	92	94
606	605.99	30.24	10.26	105	5	918	627	92	94
607	606.99	30.19	7.92	105	4	858	598	92	94
608	607.99	56.28	3.27	94	2	561	450	92	94
609	608.99	20.24	9.36	95	3	752	564	92	94
610	609.99	21.23	8.38	105	4	852	627	92	94
611	610.99	25.83	4.11	105	4	857	627	91	93
612	611.99	28.18	8.67	105	5	872	627	91	93
613	612.99	30.37	7.91	105	5	880	627	91	93
614	613.99	27.83	8.01	105	5	883	627	91	93
615	614.99	28.16	10.33	105	5	905	627	91	93
616	615.99	21.78	10	105	5	920	627	91	93
617	616.99	22.06	8.62	105	5	927	627	91	93
618	617.99	23.78	12.9	105	5	894	631	91	93
619	618.99	23.71	10.3	106	4	934	647	91	93
620	619.99	25.46	9.42	105	4	872	647	91	93
621	620.99	56.57	8.39	105	5	848	647	91	93
622	621.99	26.44	6.02	105	4	863	647	91	93
623	622.99	21.39	7.04	105	4	871	647	91	93
624	623.99	23	8.75	105	5	876	647	91	93
625	624.99	23.14	8.88	105	4	882	647	91	93
626	625.99	24.62	8.87	105	4	888	647	91	93
627	626.99	21.41	9.74	105	4	893	647	91	93
628	627.99	22.4	6.34	105	4	893	647	91	93
629	628.99	22.15	7.5	105	5	901	647	91	93
630	629.99	22.15	9.44	105	5	903	647	91	93
631	630.99	25.33	5.61	105	4	919	647	91	93
632	631.99	20.29	8.41	105	5	919	647	91	93
633	632.99	20.66	5.16	105	4	925	647	91	93
634	633.99	17.27	12.89	63	2	570	417	91	93
635	634.99	28.54	3.62	106	3	946	641	91	93
636	635.99	25.52	7.26	106	4	946	627	91	93
637	636.99	23.96	7.67	106	4	855	609	91	93
638	637.99	22.16	2.21	106	3	785	598	91	93
639	638.99	34.09	3.78	106	4	779	598	91	93
640	639.99	14.71	9.3	106	4	631	531	91	93
641	640.99	21.89	3.96	106	4	650	529	91	93
642	641.99	18.87	2.49	106	5	656	530	91	93
643	642.99	17.67	6.2	106	4	656	529	91	93
644	643.99	15.57	3.41	106	4	653	529	91	93
645	644.99	28.77	9.9	106	5	663	529	91	93
646	645.99	23.97	9.9	106	5	669	529	91	93
647	646.99	23.43	9.63	106	5	622	530	91	93
648	647.99	22.83	11.38	106	5	583	529	91	93
649	648.99	19.83	10	106	5	575	530	91	93
650	649.99	20.1	10.1	106	5	566	529	91	93
651	650.99	21.92	9.06	106	5	574	530	91	92
652	651.99	20.47	8.13	106	4	584	529	91	92
653	652.99	21.44	7.74	106	5	581	530	91	92
654	653.99	22.69	7.78	106	5	587	530	91	92
655	654.99	23.78	12.57	106	5	595	529	91	92
656	655.99	22.53	9.36	106	5	602	529	91	92
657	656.99	21.63	10.69	106	5	602	529	91	92
658	657.99	21.92	10.83	106	5	608	529	91	92
659	658.99	24.59	11.07	106	5	601	530	91	92
660	659.99	29.97	11.7	106	6	631	529	91	92
661	660.99	27.07	12.99	106	6	632	530	91	92
662	661.99	19.31	11.66	106	4	648	529	91	92
663	662.99	12.03	1.35	108	3	682	530	91	92
664	663.99	12.36	28.9	105	3	789	256	91	92
665	664.99	23.69	37.72	106	3	780	140	91	92
666	665.99	23.6	38.79	103	4	756	140	91	92
667	666.99	23.6	42.6	102	2	789	140	91	92
668	667.99	52.75	91.83	106	3	784	153	91	92
669	668.99	62.67	27.57	109	2	789	182	91	92
670	669.99	14.53	3.42	105	4	833	609	91	92
671	670.99	8.86	4.33	104	3	843	629	91	92
672	671.99	10.36	4.31	102	3	784	609	91	92
673	672.99	15.27	9.27	101	5	713	574	91	92
674	673.99	11.42	11.07	100	5	670	551	92	92
675	674.99	12.68	12	101	5	654	551	92	92
676	675.99	60.74	26.71	101	0	789	218	92	92
677	676.99	55.87	23.83	100	1	780	255	92	92
678	677.99	14.75	9.93	101	5	660	551	92	92
679	678.99	22.69	10.96	100	6	712	572	92	92
680	679.99	60.53	67.55	105	1	789	231	92	92
681	680.99	62.22	68.88	102	0	780	147	92	92
682	681.99	48.84	19.33	103	0	769	190	92	92
683	682.99	48.84	19.92	102	0	725	190	92	92
684	683.99	45.61	18.54	100	0	698	231	92	92
685	684.99	18.72	13.05	100	6	832	604	92	93
686	685.99	16.04	1.25	102	3	873	616	92	93
687	686.99	17.82	3.65	103	4	911	624	92	93
688	687.99	19.39	6.46	105	4	912	624	92	93
689	688.99	14.18	3.62	104	4	905	624	92	93
690	689.99	15.37	9.06	101	5	876	610	92	93
691	690.99	20.7	7.23	103	4	911	624	92	93
692	691.99	18.54	5.77	103	4	880	622	92	93
693	692.99	17.21	4.44	103	3	867	621	92	93
694	693.99	12.84	4.77	103	4	824	598	92	93
695	694.99	12.46	3.48	103	3	833	598	92	93
696	695.99	16.51	4.82	103	4	830	598	92	93
697	696.99	18.44	5.92	104	4	845	594	92	93
698	697.99	21.85	5.22	104	3	865	587	92	93
699	698.99	23.42	9.17	102	4	862	589	92	93
700	699.99	23.83	6.7	102	5	905	600	92	93
701	700.99	21.86	10.4	102	5	906	601	92	93
702	701.99	20.04	11.87	102	5	928	603	92	93
703	702.99	10.56	12.06	103	4	866	595	92	93
704	703.99	12.03	15.97	103	4	723	551	92	93
705	704.99	21.43	14.91	102	6	738	551	92	93
706	705.99	19.53	14.58	101	5	740	549	92	93
707	706.99	18.37	13.3	101	4	843	559	92	93
708	707.99	19.17	18.06	100	5	871	563	92	93
709	708.99	15.32	17.98	100	5	933	594	92	93
710	709.99	19.4	20.2	99	6	970	624	92	93
711	710.99	15.2	18.52	99	6	915	621	92	93
712	711.99	12.3	17.28	100	5	909	621	92	93
713	712.99	13.99	20.48	99	6	909	621	92	93
714	713.99	16.43	19.98	100	5	910	621	92	93
715	714.99	16.27	21.71	99	6	913	621	92	93
716	715.99	24.56	11.75	90	3	800	589	92	93
717	716.99	22.04	13.37	103	4	722	580	92	93
718	717.99	24.53	15.61	102	5	787	619	92	93
719	718.99	21.29	15.73	102	5	973	681	93	93
720	719.99	23.3	13.53	104	5	1127	727	93	93
721	720.99	21.02	17.8	103	5	1194	746	93	93
722	721.99	22.3	17.88	101	5	1205	764	93	93
723	722.99	19.91	16.38	102	5	1167	741	93	93
724	723.99	36.79	17.44	103	5	1031	684	93	93
725	724.99	16.87	16.93	101	5	1309	787	93	93
726	725.99	16.93	18.17	103	5	884	614	93	93
727	726.99	23.71	15.78	105	5	689	541	93	93
728	727.99	22.46	16.6	105	6	702	540	93	93
729	728.99	23.11	16.15	105	5	712	540	93	93
730	729.99	23.82	14.85	105	6	710	540	93	93
731	730.99	23.66	17.49	105	5	711	540	93	93
732	731.99	23.3	15.96	105	6	815	570	93	93
733	732.99	23.06	22.49	105	6	887	595	93	93
734	733.99	22.81	19.32	105	6	943	612	93	93
735	734.99	21.52	17.22	105	6	940	611	93	93
736	735.99	22.88	20.47	105	6	865	606	93	93
737	736.99	21.55	16.03	105	6	781	575	93	93
738	737.99	19.44	15.42	105	5	863	598	93	93
739	738.99	20.63	17.06	105	5	886	601	93	93
740	739.99	22.01	16.77	105	5	947	603	93	93
741	740.99	24.28	16.7	105	5	964	604	93	93
742	741.99	21.73	13.94	105	6	953	603	93	93
743	742.99	20.54	18.05	105	5	902	601	93	93
744	743.99	21.54	19.6	105	6	895	601	93	93
745	744.99	20.69	18.85	105	6	848	584	93	93
746	745.99	19.72	21.62	105	7	751	562	93	93
747	746.99	19.96	17.17	105	5	771	555	93	93
748	747.99	21.6	18.51	105	5	786	557	93	94
749	748.99	20.34	16.04	105	5	795	557	93	94
750	749.99	18.97	14.38	100	4	726	501	93	94
751	750.99	8.32	4	102	0	150	111	93	94
752	751.99	31.27	5.18	102	0	211	167	93	94
753	752.99	49.57	27.18	103	5	671	497	93	94
754	753.99	32.47	15.98	105	7	725	551	93	94
755	754.99	16.32	1.65	103	1	138	110	93	94
756	755.99	10.24	2	102	2	83	60	93	94
757	756.99	11.04	19.06	105	5	765	555	93	94
758	757.99	13.95	26	103	7	830	589	93	94
759	758.99	16.49	17.85	102	5	882	619	93	94
760	759.99	2.35	20.12	103	7	1292	733	93	94
761	760.99	9.91	23.89	105	7	1330	740	93	94
762	761.99	11.56	24.57	103	6	1248	712	93	94
763	762.99	35.31	12.44	101	5	875	598	93	94
764	763.99	39.89	20.74	105	4	884	598	93	94
765	764.99	21.73	10.46	105	3	933	598	93	94
766	765.99	38.51	3.6	105	5	886	598	93	94
767	766.99	9.63	3.9	99	4	882	598	93	94
768	767.99	17.46	5.4	105	4	968	601	92	94
769	768.99	19	6.3	105	5	1037	601	92	94
770	769.99	18	7	104	5	1060	601	92	94
771	770.99	16	6.5	93	5	1133	601	92	94
772	771.99	14	8	99	5	1144	601	92	94
773	772.99	13	7.5	104	5	1161	601	92	94
774	773.99	15	6	104	6	1178	601	92	94
775	774.99	17	7	105	5	1347	603	92	94
776	775.99	16	8	106	5	1442	604	92	94
777	776.99	16.08	8.1	106	5	1468	604	92	94
778	777.99	15	7.5	106	6	1376	604	92	94
779	778.99	9.5	6	63	3	853	426	92	95
780	779.99	6.69	17.48	106	5	1470	637	92	95
781	780.99	9.27	19.1	106	4	1727	709	92	95
782	781.99	14.53	15.23	106	4	1829	770	92	95
783	782.99	6.04	18.55	106	5	1719	768	92	95
784	783.99	9.85	14.8	106	4	1932	801	92	95
785	784.99	16.15	16.41	106	4	1961	811	92	95
786	785.99	14.6	17.4	106	5	1983	811	92	95
787	786.99	12.68	20.83	107	5	1994	811	92	95
788	787.99	6.85	20.89	107	6	2061	810	92	95
789	788.99	9.56	21.96	103	5	2152	811	92	95
790	789.99	12.26	21.87	102	6	2166	811	92	95
791	790.99	10.07	18.25	107	5	2177	811	92	95
792	791.99	8.94	19.45	107	6	2181	810	92	95
793	792.99	15.36	19.84	107	5	2175	811	92	95
794	793.99	11.11	22.19	107	5	2199	811	92	95
795	794.99	3.58	18.68	106	5	2206	811	92	95
796	795.99	12.63	23.06	107	6	2231	810	92	95
797	796.99	9.89	22.76	108	6	2059	812	92	95
798	797.99	11.25	24.76	108	5	2063	811	92	95
799	798.99	14.52	21	108	5	2118	811	92	95
800	799.99	21.43	14.1	97	7	1914	730	92	95
801	800.99	58.01	10.12	108	7	1895	746	92	95
802	801.99	143.96	4.07	109	5	1568	659	92	95
803	802.99	58.2	4.72	108	6	1631	673	92	95
804	803.99	21.35	6.36	108	5	1652	676	92	95
805	804.99	11.66	5.09	108	5	1662	676	92	95
806	805.99	10.31	15.3	108	4	1658	677	92	95
807	806.99	9.95	4.33	108	3	1679	679	92	95
808	807.99	17.22	5.27	108	4	1688	679	92	95
809	808.99	16.9	5.72	108	4	1697	679	92	95
810	809.99	11.72	26.57	75	3	1177	475	92	95
811	810.99	14.44	15	86	2	1392	548	92	95
812	811.99	12.63	12	75	2	1226	479	92	95
813	812.99	73.04	13.2	86	2	1360	548	92	95
814	813.99	59.29	8.96	109	5	1828	713	92	95
815	814.99	18.59	10.05	108	5	1779	720	92	95
816	815.99	20.65	8.35	108	5	1788	720	92	95
817	816.99	20.94	9.47	108	5	1784	720	92	95
818	817.99	20.56	8.52	108	5	1793	720	92	95
819	818.99	20.75	10.1	108	5	1825	720	92	95
820	819.99	18.04	8.72	108	5	1807	720	92	95
821	820.99	18	7.53	108	5	1813	720	93	95
822	821.99	21.75	9.01	108	5	1836	720	93	95
823	822.99	21.97	8.72	108	5	1840	720	93	95
824	823.99	22.09	12.39	108	6	1837	720	93	95
825	824.99	22.71	10.01	108	5	1858	720	93	95
826	825.99	17.4	10.05	108	5	1865	720	93	95
827	826.99	17.83	8.44	108	5	1870	720	93	95
828	827.99	19.94	10.71	108	5	1919	720	93	95
829	828.99	21.17	8.68	108	5	1923	720	93	95
830	829.99	20.55	9.77	108	5	1902	720	93	95
831	830.99	20.68	11.34	108	5	1893	720	93	95
832	831.99	19.63	9.17	108	5	1893	720	93	95
833	832.99	20.19	10.22	108	5	1880	720	93	95
834	833.99	21	9.76	108	5	1901	720	93	95
835	834.99	19.3	10.4	108	5	1934	720	93	95
836	835.99	23.08	16.41	108	6	1917	720	93	95
837	836.99	19.44	14.81	108	6	1902	720	93	95
838	837.99	23.6	13.3	108	5	1872	720	93	95
839	838.99	24.64	13.28	108	6	1857	720	93	95
840	839.99	23.15	2.65	108	4	1762	720	93	95
841	840.99	20.81	8.99	108	4	1586	720	93	95
842	841.99	21.12	10.08	108	4	1565	720	93	95
843	842.99	22.23	11.71	108	4	1575	720	93	95
844	843.99	23.96	10.46	108	4	1610	720	93	95
845	844.99	22.47	10.41	108	4	1660	720	93	95
846	845.99	23.14	12.21	108	4	1737	720	93	95
847	846.99	21.96	8.21	108	4	1788	720	93	95
848	847.99	15.2	7.59	107	4	1469	630	93	95
849	848.99	20.61	6.67	107	4	1402	613	93	95
850	849.99	22.65	6.61	107	4	1576	648	93	95
851	850.99	22.25	9.62	107	4	1678	667	93	95
852	851.99	30.2	9.43	107	4	1708	668	93	95
853	852.99	28.71	8.06	107	4	1881	709	93	95
854	853.99	23.73	9.97	107	4	1826	717	93	95
855	854.99	26.15	6.82	107	4	1734	717	93	95
856	855.99	24.93	12.37	107	4	1724	717	93	95
857	856.99	22.38	7.02	107	3	1808	717	93	95
858	857.99	19.24	8.28	107	4	1824	717	93	95
859	858.99	26.2	7.38	107	3	1822	710	93	95
860	859.99	25.76	6.26	107	4	1467	632	93	95
861	860.99	22	4.91	108	3	1412	621	93	95
862	861.99	22.74	6.87	108	3	1654	656	93	95
863	862.99	23.61	5.58	107	3	1845	691	93	95
864	863.99	23.33	4.9	107	3	1872	695	93	95
865	864.99	16.26	5.32	107	3	1877	697	93	95
866	865.99	21.62	4.36	92	3	1619	621	93	95
867	866.99	28.29	4.76	108	4	2012	720	93	95
868	867.99	23.72	5.4	108	6	2024	720	93	95
869	868.99	20.5	6.49	108	6	2032	720	93	95
870	869.99	21.37	4.29	108	4	2050	720	93	95
871	870.99	21.55	6.79	108	3	2049	719	93	95
872	871.99	35.48	5.91	108	4	1999	720	93	95
873	872.99	22.46	4.92	107	4	1655	636	93	95
874	873.99	20.01	5.12	107	3	1531	612	93	95
875	874.99	35.39	3.52	108	3	1587	716	93	95
876	875.99	22.42	4.9	107	3	1573	716	93	95
877	876.99	21.68	3	107	3	1576	716	93	95
878	877.99	27.55	3.54	107	4	1580	716	93	95
879	878.99	22.93	3.59	107	4	1580	716	93	95
880	879.99	26.92	3.22	107	4	1567	715	93	95
881	880.99	22.89	4.15	107	3	1557	715	93	95
882	881.99	22.13	7.1	107	4	1564	715	93	95
883	882.99	20.27	4.11	107	6	1558	715	93	95
884	883.99	20.8	5.8	107	7	1559	715	93	95
885	884.99	20.44	6.86	107	9	1559	715	93	95
886	885.99	28.72	7.82	107	6	1553	716	93	95
887	886.99	27.55	7.2	107	6	1515	715	93	95
888	887.99	25.09	6.25	107	4	1518	715	93	95
889	888.99	22.15	2.42	107	4	1644	738	93	95
890	889.99	23.52	4.48	107	8	1684	740	93	95
891	890.99	28.46	6.39	107	8	1751	760	93	95
892	891.99	22.78	5.2	107	6	1837	785	93	95
893	892.99	17.94	4	107	5	1476	627	93	95
894	893.99	147.53	5	107	3	1672	703	93	95
895	894.99	20.59	6	108	3	1852	766	93	95
896	895.99	22.29	3	107	4	1647	767	93	95
897	896.99	27.74	4	107	5	1556	769	93	95
898	897.99	26.26	4.11	107	4	1531	768	93	95
899	898.99	26	2.84	107	4	1548	768	93	95
900	899.99	26.56	4.01	107	4	1582	777	93	95
901	900.99	27.55	6.12	107	4	1606	787	93	95
902	901.99	25.19	6.11	107	4	1641	787	93	95
903	902.99	26.11	3.59	107	4	1673	789	93	95
904	903.99	35.22	7.5	107	4	1682	788	93	95
905	904.99	30.77	6.68	107	4	1701	788	93	95
906	905.99	32.16	6.55	107	4	1681	789	93	95
907	906.99	30.98	7.38	107	4	1707	787	93	95
908	907.99	34.17	6.15	107	5	1750	787	93	95
909	908.99	26.25	5.39	107	6	1779	787	93	95
910	909.99	24.4	5.23	107	4	1771	787	93	95
911	910.99	29.14	5	107	4	1788	789	93	95
912	911.99	36.35	6.7	107	4	1785	787	93	95
913	912.99	35.22	6.11	107	4	1772	772	93	95
914	913.99	41.7	6.95	107	5	1774	782	93	95
915	914.99	39.83	5	107	5	1775	777	93	95
916	915.99	35.64	6	107	6	1812	775	93	95
917	916.99	40.96	5	107	5	1810	775	93	95
918	917.99	50.66	6	107	5	1758	775	93	95
919	918.99	38.89	6	107	5	1741	775	93	95
920	919.99	22.16	5	107	3	1133	789	93	95
921	920.99	36.85	5	107	4	952	789	93	95
922	921.99	23.25	3	107	5	1659	789	93	95
923	922.99	17.76	4	107	5	1695	789	93	95
924	923.99	17.08	6.06	108	4	1646	780	93	95
925	924.99	3.73	5	32	3	1500	780	93	95
926	925.99	22	6	107	4	1500	742	93	95
927	926.99	22.98	5	107	5	1496	740	93	95
928	927.99	18.28	5.62	107	4	1064	740	93	95
929	928.99	12.09	5	107	4	1500	740	93	95
930	929.99	0	5	107	4	1500	740	93	95
931	930.99	12.09	5	107	4	1500	740	93	95
932	931.99	12.09	6	107	4	1500	740	93	95
933	932.99	2.23	5	107	4	1500	148	93	95
934	933.99	25.31	5	107	5	1511	740	93	95
935	934.99	24.55	5.65	107	5	1547	743	93	95
936	935.99	23.18	4.93	107	5	1498	741	93	95
937	936.99	23.79	3.02	107	5	1404	738	93	95
938	937.99	21.83	4.02	107	5	1392	737	93	95
939	938.99	22.76	4.71	107	5	1395	737	93	95
940	939.99	23.42	7.08	107	5	1345	717	93	95
941	940.99	24.43	4.07	107	5	1282	691	93	95
942	941.99	24.68	5	107	5	1309	691	93	95
943	942.99	24.73	6.63	107	5	1307	691	93	95
944	943.99	25.7	5.67	107	5	1318	663	93	95
945	944.99	84.27	5	109	5	1318	663	93	95
946	945.99	206.25	6	109	5	1318	663	93	95
947	946.99	86.37	5	109	5	1318	663	93	95
948	947.99	7.48	5	109	5	1318	663	93	95
949	948.99	27.02	4.6	107	5	1305	655	93	95
950	949.99	24.96	4.44	107	5	1343	668	93	95
951	950.99	22.73	4.29	107	10	1370	671	92	94
952	951.99	22.21	6.02	102	8	1057	570	92	94
953	952.99	62.2	8.36	102	7	1023	290	92	94
954	953.99	40.42	6.37	86	5	1129	577	92	94
955	954.99	22.65	4.64	108	6	1255	618	92	94
956	955.99	25.86	5.73	107	6	1253	618	92	94
957	956.99	25.67	5.2	107	6	1260	618	92	94
958	957.99	24.8	5	107	8	1255	618	92	94
959	958.99	24.77	4.99	107	6	1294	634	92	94
960	959.99	26.69	8	107	8	1314	642	92	94
961	960.99	24.79	7.04	107	8	1313	642	92	94
962	961.99	17.18	2.74	107	8	1318	642	92	94
963	962.99	21.18	5	107	8	1265	642	92	94
964	963.99	22.94	6.51	107	9	1266	642	92	94
965	964.99	25.27	8	107	7	1266	642	92	94
966	965.99	20.26	7.14	107	8	1245	642	92	94
967	966.99	21.14	8.66	107	14	1239	642	92	94
968	967.99	21.22	8.54	107	9	1240	642	92	94
969	968.99	25.48	6	74	7	1236	449	92	94
970	969.99	19.86	8	96	9	1111	577	92	94
971	970.99	26.11	6.65	107	6	1246	642	92	94
972	971.99	25.28	7	107	7	1282	642	92	94
973	972.99	22.44	6	107	7	1282	642	92	94
974	973.99	26.24	7.72	107	7	1286	642	92	94
975	974.99	26.14	8	107	7	1280	642	92	94
976	975.99	25.26	7.83	107	5	1259	642	93	94
977	976.99	25.28	6.97	107	5	1254	642	93	94
978	977.99	25.03	5.55	107	5	1250	642	93	94
979	978.99	25.14	6	107	4	1243	642	93	94
980	979.99	19.91	8	85	4	1236	514	93	94
981	980.99	38.78	7	43	5	1256	269	93	95
982	981.99	25.66	6	108	6	1101	694	93	95
983	982.99	22.67	7	108	6	1016	699	93	95
984	983.99	25.56	6	108	6	1048	713	93	95
985	984.99	22.22	7	108	6	1256	691	93	95
986	985.99	22.07	8	109	6	1386	736	93	95
987	986.99	22.03	7	110	6	1516	740	93	95
988	987.99	24.87	6	110	7	1408	717	93	95
989	988.99	26.61	7	110	6	1287	691	93	95
990	989.99	25.46	6	110	7	1266	691	93	95
991	990.99	23.84	5	110	7	1295	691	93	95
992	991.99	26.74	6	110	7	1293	691	93	95
993	992.99	22.11	7	110	5	1302	691	93	95
994	993.99	20.71	8	110	6	1314	691	93	95
995	994.99	20.55	7	110	6	1315	691	93	95
996	995.99	18.37	8	110	6	1301	691	93	95
997	996.99	25.77	7	111	6	1326	691	93	95
998	997.99	33.49	7	111	4	1343	691	93	95
999	998.99	35.26	6	111	4	1331	691	93	95
1000	999.99	32.59	5	111	3	1125	691	93	95
1001	1000.99	18.68	5	109	3	1250	691	93	95
1002	1001.99	20.3	5	108	3	1358	691	93	95
1003	1002.99	20.94	6	108	4	1334	691	93	95
1004	1003.99	24.86	6.93	108	5	1352	691	93	95
1005	1004.99	22.08	5.66	107	5	1353	691	93	95
1006	1005.99	24.2	6.23	107	4	1362	691	93	95
1007	1006.99	20.34	6	107	4	1361	691	93	95
1008	1007.99	23.54	6	107	3	1349	691	93	95
1009	1008.99	19.87	6.5	64	2	1326	414	93	95
1010	1009.99	25.78	6	113	4	1270	618	93	95
1011	1010.99	22.95	6	111	4	1272	618	93	95
1012	1011.99	25.67	6.5	110	5	1260	618	93	95
1013	1012.99	23.75	6.5	111	4	1271	618	93	95
1014	1013.99	26.93	6.5	111	4	1272	618	93	95
1015	1014.99	26.62	5.06	111	4	1273	618	93	95
1016	1015.99	26.34	6.95	111	5	1217	620	93	95
1017	1016.99	26.62	8.86	110	5	1262	621	93	95
1018	1017.99	24.65	5.99	110	5	1265	621	93	95
1019	1018.99	28.21	6	111	5	1272	621	93	95
1020	1019.99	28.73	7.76	110	5	1276	621	93	95
1021	1020.99	27.55	5.99	110	5	1268	621	93	95
1022	1021.99	27.99	7	110	6	1261	621	93	95
1023	1022.99	48.16	7.38	110	5	1272	621	93	95
1024	1023.99	26.16	7	110	5	1266	621	93	95
1025	1024.99	28.44	8.22	110	5	1264	621	93	95
1026	1025.99	31.31	8	110	6	1273	621	93	95
1027	1026.99	19.84	7.1	110	6	1278	621	93	95
1028	1027.99	22.81	8	110	6	1284	621	93	95
1029	1028.99	23.38	7.47	110	5	1268	621	93	95
1030	1029.99	24.63	6	110	5	1282	621	93	95
1031	1030.99	31.42	6	111	4	1297	621	93	95
1032	1031.99	23.12	7	110	5	1280	621	93	95
1033	1032.99	23.83	5.8	110	5	1299	621	93	95
1034	1033.99	24.71	6	109	5	1292	621	93	95
1035	1034.99	26.05	5	110	4	1288	621	93	95
1036	1035.99	32.94	2.36	110	5	1280	621	93	95
1037	1036.99	60.97	2.36	110	6	1115	639	93	95
1038	1037.99	28.42	4.36	110	5	1312	642	93	95
1039	1038.99	29.65	4.74	110	4	1326	642	93	95
1040	1039.99	30.34	3.93	110	4	1340	642	93	95
1041	1040.99	28.19	3.69	110	5	1320	642	93	95
1042	1041.99	27.23	7.04	110	5	1318	637	93	95
1043	1042.99	34.37	6.65	110	5	1304	635	93	95
1044	1043.99	25.29	6.39	110	5	1307	635	93	95
1045	1044.99	19.84	5.46	109	4	1313	634	93	95
1046	1045.99	19.36	5.12	109	5	1317	636	93	95
1047	1046.99	24.42	6.34	109	5	1315	636	93	95
1048	1047.99	25.28	8.37	109	6	1300	635	93	95
1049	1048.99	28.38	9.99	109	6	1296	635	93	95
1050	1049.99	26.34	10.78	109	6	1321	635	93	95
1051	1050.99	26.11	12.92	109	6	1323	635	93	95
1052	1051.99	26.05	13.16	108	7	1319	635	93	95
1053	1052.99	25.4	11.92	109	7	1310	635	93	95
1054	1053.99	22.81	12.14	109	6	1323	635	93	95
1055	1054.99	24.41	12.3	109	7	1313	635	93	95
1056	1055.99	24.57	15.61	109	7	1312	635	93	95
1057	1056.99	31.1	15.94	110	7	1319	633	93	95
1058	1057.99	24.89	19.09	109	8	1316	634	93	95
1059	1058.99	24.87	20.64	109	8	1286	635	93	95
1060	1059.99	25.45	25.18	109	9	1306	634	93	95
1061	1060.99	20.53	22.04	109	9	1304	635	93	95
1062	1061.99	18.33	16.79	108	7	1270	631	93	95
1063	1062.99	29.97	16.77	108	6	1191	627	93	95
1064	1063.99	27.38	14.49	110	5	1182	627	93	95
1065	1064.99	35.59	15.36	110	7	1300	645	93	95
1066	1065.99	45.13	21.3	65	5	693	389	93	95
1067	1066.99	31	10	109	8	970	650	92	94
1068	1067.99	32.5	10	110	5	1274	682	91	94
1069	1068.99	32.26	10	108	4	1400	697	92	94
1070	1069.99	32.4	10	107	4	1400	697	92	94
1071	1070.99	31	10	110	4	1400	697	92	94
1072	1071.99	34.82	10	109	4	1418	694	92	94
1073	1072.99	33	9.99	109	5	1415	695	92	94
1074	1073.99	30	10.94	110	6	1300	662	92	94
1075	1074.99	31	11.09	111	7	1078	629	92	94
1076	1075.99	33	10.57	110	6	1070	596	92	94
1077	1076.99	34.15	11	109	5	1062	563	92	94
1078	1077.99	33	11	108	5	1054	530	92	94
1079	1078.99	32	12	109	5	1046	599	92	94
1080	1079.99	31.19	13	110	6	1038	188	92	94
1081	1080.99	29.6	14.51	109	7	1153	627	92	94
1082	1081.99	27	14.2	108	7	960	580	92	94
1083	1082.99	25	15	109	7	940	575	92	94
1084	1083.99	24	15.04	109	8	928	575	92	94
1085	1084.99	23	15.41	109	8	922	575	92	94
1086	1085.99	21	17.1	109	8	929	575	92	94
1087	1086.99	20	16.99	109	8	899	555	92	94
1088	1087.99	19.22	19.02	109	9	875	551	92	94
1089	1088.99	18.53	18	109	9	869	551	92	94
1090	1089.99	18.21	19.76	109	8	876	551	92	94
1091	1090.99	17	18	109	8	948	563	92	94
1092	1091.99	16	18.86	109	7	1011	578	92	94
1093	1092.99	17	17	110	8	1003	578	92	94
1094	1093.99	16.47	16	109	7	1039	578	92	94
1095	1094.99	15.57	15.89	110	6	1030	578	92	94
1096	1095.99	29.73	5.2	102	3	799	425	92	94
1097	1096.99	20.52	11.66	110	6	1176	626	92	94
1098	1097.99	26.3	15.25	109	6	991	578	92	94
1099	1098.99	22.07	16.88	109	7	920	554	92	94
1100	1099.99	24.66	18.38	109	8	909	554	92	94
1101	1100.99	22.59	19.93	110	8	918	554	92	94
1102	1101.99	22.1	17.97	110	8	912	548	92	94
1103	1102.99	22.56	21.49	110	8	1015	573	92	94
1104	1103.99	29.93	15.69	109	8	885	538	92	94
1105	1104.99	27.62	14.47	109	6	868	522	92	94
1106	1105.99	23	18.09	109	7	859	522	92	94
1107	1106.99	22.24	19.84	109	8	865	522	92	95
1108	1107.99	23.78	20.52	110	8	865	522	92	95
1109	1108.99	23.03	23.07	110	8	871	522	92	95
1110	1109.99	24.1	23.34	110	9	870	522	92	95
1111	1110.99	25.39	22.79	110	9	880	522	92	95
1112	1111.99	24.69	22.76	110	9	882	524	92	95
1113	1112.99	19.93	20.45	110	7	993	549	92	95
1114	1113.99	19.34	22.3	110	7	994	549	92	95
1115	1114.99	21.1	21.59	110	7	943	537	92	95
1116	1115.99	22.28	24.24	110	8	896	522	92	95
1117	1116.99	22.97	23.67	109	8	881	522	92	95
1118	1117.99	21.4	22.83	109	9	881	522	92	95
1119	1118.99	15.47	21.76	110	8	905	523	92	95
1120	1119.99	23.41	23.39	109	8	907	522	92	95
1121	1120.99	23.31	25.53	109	9	886	523	92	95
1122	1121.99	22.52	26.07	109	10	876	523	92	95
1123	1122.99	10.72	23.66	109	8	900	523	92	95
1124	1123.99	16.55	18.85	109	7	896	523	92	95
1125	1124.99	15.35	20.88	109	7	915	523	92	95
1126	1125.99	21.63	16.9	109	6	929	522	92	95
1127	1126.99	18.65	18.41	109	6	1034	557	92	95
1128	1127.99	18.71	19.37	109	7	992	545	92	95
1129	1128.99	23.05	22.15	109	8	914	528	92	95
1130	1129.99	22.16	21.77	109	8	911	528	92	95
1131	1130.99	22.32	20.85	109	8	922	528	92	95
1132	1131.99	24.76	23.69	109	8	915	528	92	95
1133	1132.99	23.21	21.16	110	7	947	528	92	95
1134	1133.99	18.22	18.56	110	7	1010	531	92	95
1135	1134.99	18.42	19.94	110	8	1078	557	92	95
1136	1135.99	20.49	20.54	110	8	1072	557	92	95
1137	1136.99	22.5	24.83	110	8	1097	557	92	95
1138	1137.99	12.01	20.15	110	8	1104	557	92	95
1139	1138.99	19.11	19.29	111	9	1129	575	92	95
1140	1139.99	18.53	18.16	111	8	1092	578	92	95
1141	1140.99	17.96	14.02	110	7	1087	578	92	95
1142	1141.99	23.89	14.09	110	7	1092	578	92	95
1143	1142.99	24.54	13.35	110	6	1095	578	92	95
1144	1143.99	27.34	13.39	110	7	1094	578	92	95
1145	1144.99	24.09	12.41	110	7	1078	578	92	95
1146	1145.99	23.93	14.58	110	7	1098	578	92	95
1147	1146.99	24.01	16.82	110	7	1101	578	92	95
1148	1147.99	24.44	17.95	110	7	1100	578	92	95
1149	1148.99	25.63	13.65	110	7	974	546	92	95
1150	1149.99	23.4	11.13	110	6	923	524	92	95
1151	1150.99	24.97	11.51	109	6	855	505	92	95
1152	1151.99	17.85	7.26	109	6	945	504	92	95
1153	1152.99	23.74	9.82	110	6	974	508	92	95
1154	1153.99	27.61	9.12	109	6	974	511	92	95
1155	1154.99	22.5	14.9	108	7	976	511	92	95
1156	1155.99	19.39	15.51	109	7	1024	522	92	95
1157	1156.99	23.85	17.44	109	8	1050	534	92	95
1158	1157.99	19.79	18.51	110	8	1045	534	92	95
1159	1158.99	18.69	17.8	109	8	1056	534	92	95
1160	1159.99	17.7	17.79	109	8	1046	534	92	95
1161	1160.99	19.91	18.4	109	8	1048	534	92	95
1162	1161.99	16.9	20.14	109	8	1040	534	92	95
1163	1162.99	11.37	14.13	109	7	1016	534	92	95
1164	1163.99	12.69	15.73	110	7	1033	534	92	95
1165	1164.99	19.74	18.32	110	7	1033	534	92	95
1166	1165.99	17.22	17.54	109	7	1203	534	92	95
1167	1166.99	20.19	18.04	110	7	1003	534	92	95
1168	1167.99	24.96	7.79	110	6	1021	534	93	95
1169	1168.99	34.28	5.45	110	5	1041	534	93	95
1170	1169.99	29.38	3.96	108	5	1063	537	93	95
1171	1170.99	23.62	2.48	108	4	1050	537	93	95
1172	1171.99	31.08	2.7	108	4	1059	537	93	95
1173	1172.99	30.73	4.28	108	4	1052	537	93	95
1174	1173.99	26.59	4.33	108	4	1062	537	93	95
1175	1174.99	22.81	7.38	108	5	1051	537	93	95
1176	1175.99	21.11	3.49	108	4	1069	537	93	95
1177	1176.99	15.86	4.92	108	4	1080	537	93	95
1178	1177.99	19.64	7.32	108	5	1084	537	93	95
1179	1178.99	10.95	3.99	65	3	1026	322	93	95
1180	1179.99	2.51	0.18	21	5	1023	107	93	95
1181	1180.99	49.84	18.61	80	2	1036	384	93	95
1182	1181.99	28.43	5.76	113	5	1107	554	93	95
1183	1182.99	29.82	3.14	111	5	1100	554	93	95
1184	1183.99	23.76	2.42	110	5	1121	554	93	95
1185	1184.99	23.88	8.31	110	6	1120	554	93	95
1186	1185.99	23.03	0.79	110	5	1132	554	93	95
1187	1186.99	24.62	0.62	110	5	1128	554	93	95
1188	1187.99	26.62	3.16	110	4	1153	554	93	95
1189	1188.99	25.97	4.96	110	5	1159	554	93	95
1190	1189.99	26.39	4.64	110	5	1146	554	93	95
1191	1190.99	26.61	2.99	110	5	1159	554	93	95
1192	1191.99	22.5	9.4	110	5	1179	554	93	95
1193	1192.99	22.81	7.76	110	6	1175	554	93	95
1194	1193.99	23.24	6.48	110	6	1175	554	93	95
1195	1194.99	22.75	8.91	111	5	1172	554	93	95
1196	1195.99	22.3	6.6	110	5	1172	554	93	95
1197	1196.99	22.92	6.04	110	6	1150	554	93	95
1198	1197.99	19.39	5.39	110	6	1143	554	93	95
1199	1198.99	20.36	6.08	111	6	1132	545	93	95
1200	1199.99	23.77	9.36	111	4	1169	557	93	95
1201	1200.99	24.93	8.36	111	4	1172	557	93	95
1202	1201.99	23.9	8.36	111	5	1178	557	93	95
1203	1202.99	23.27	8.36	110	5	1225	569	93	95
1204	1203.99	22.1	3.63	100	4	1027	464	93	95
1205	1204.99	21.1	6.39	102	5	1023	426	93	95
1206	1205.99	26.3	2.36	102	4	1025	423	93	95
1207	1206.99	26.9	5.69	100	4	1026	425	93	95
1208	1207.99	15.2	6.39	123	2	1023	415	93	95
1209	1208.99	45.3	6.32	102	2	1045	425	93	95
1210	1209.99	26	6.32	103	3	1036	412	93	95
1211	1210.99	23.6	4.26	105	2	1098	536	93	95
1212	1211.99	23.86	3.69	109	6	1035	581	93	95
1213	1212.99	25.67	3.69	109	5	1169	579	93	95
1214	1213.99	24.38	6.32	108	5	1148	578	93	95
1215	1214.99	26.37	3.76	108	5	1141	578	93	95
1216	1215.99	23.49	2.36	108	5	1155	578	93	95
1217	1216.99	32.77	5.88	108	6	1147	578	93	95
1218	1217.99	31.32	8.15	108	5	1187	579	93	95
1219	1218.99	25.37	5.86	108	5	1244	581	93	95
1220	1219.99	23.62	3.33	109	5	1240	581	93	95
1221	1220.99	21.79	2.97	110	5	1244	581	93	95
1222	1221.99	22.03	2.6	110	5	1249	581	93	95
1223	1222.99	22.26	2.6	110	5	1247	581	93	95
1224	1223.99	19.33	2.19	110	5	1250	581	93	95
1225	1224.99	19.09	3.26	109	5	1258	581	93	95
1226	1225.99	18.92	3.27	110	5	1249	581	93	95
1227	1226.99	20.26	7.13	110	6	1250	581	93	95
1228	1227.99	22.28	10.23	110	7	1251	581	93	95
1229	1228.99	21.85	11.64	110	7	1249	581	93	95
1230	1229.99	14.13	4.78	110	6	1245	581	93	95
1231	1230.99	21.67	7.36	110	5	1254	581	93	95
1232	1231.99	21.3	2.08	110	4	1260	581	93	95
1233	1232.99	21.98	2.05	110	4	1270	581	93	95
1234	1233.99	22.69	3.73	110	4	1269	581	93	95
1235	1234.99	22.63	2.36	110	4	1271	581	93	95
1236	1235.99	32.47	3.91	110	5	1273	581	93	95
1237	1236.99	12.58	5.36	120	2	640	290	93	95
1238	1237.99	17.09	2.36	110	2	1018	464	93	95
1239	1238.99	26.49	6.36	110	4	1148	531	93	95
1240	1239.99	22.1	5.69	110	4	1317	604	93	95
1241	1240.99	22.3	7.36	110	5	1319	603	93	95
1242	1241.99	18.64	9.36	110	4	1315	603	93	95
1243	1242.99	18.62	10.25	109	4	1317	602	93	95
1244	1243.99	19.49	8.3	110	5	1311	602	93	95
1245	1244.99	20.11	8.26	110	4	1319	603	93	95
1246	1245.99	21.64	6.39	99	5	1170	542	93	95
1247	1246.99	7.91	8.36	33	5	394	459	93	95
1248    1247.99 7.91    8.36    33      5       394     459     93      95									
1249	1248.9	22	10.5	109	6	258	134	93	95
1250	1249.9	19	11.2	108	4	1294	671	93	95
1251	1250.9	21.05	11.45	108	4	1302	671	93	95
1252	1251.9	20.78	10.65	109	4	1302	671	93	95
1253	1252.9	22.78	9.75	109	4	1309	671	93	95
1254	1253.9	22.22	11.63	109	4	1310	671	93	95
1255	1254.9	21	12	108	4	1318	671	93	95
1256	1255.9	20	11.54	108	5	528	268	93	95
1257	1256.9	19	12	108	4	1061	536	93	95
1258	1257.9	21	13.12	109	4	1334	671	93	95
1259	1258.9	20	12.54	109	4	1340	671	93	95
1260	1259.9	19	11.49	108	4	1340	671	93	95
1261	1260.9	20	13.74	108	4	1340	671	93	95
1262	1261.9	19.09	14.15	108	4	1340	671	93	95
1263	1262.9	20.34	13.51	107	5	1305	658	93	95
1264	1263.9	20.67	14.48	107	5	1075	593	93	95
1265	1264.9	19	13.47	108	4	1127	595	93	95
1266	1265.9	19.17	12.65	108	3	1229	592	93	95
1267	1266.9	20.1	11.47	108	0	304	144	93	95
1268	1267.9	22	10.77	108	3	1190	540	93	95
1269	1268.9	23.9	10.5	108	4	1501	659	93	95
1270	1269.9	25.8	9.98	107	4	1503	659	93	95
1271	1270.9	27.7	10.25	107	4	1507	659	93	95
1272	1271.9	29.6	10.2	107	4	1502	659	93	95
1273	1272.9	31.5	12.63	107	4	1514	659	93	95
1274	1273.9	33.4	12.45	106	5	1501	659	93	95
1275	1274.9	32	11	107	4	1516	659	93	95
1276	1275.9	33	10.5	108	4	1532	659	93	95
1277	1276.9	31	9.97	108	5	1536	659	93	95
1278	1277.9	30	9.98	108	5	1544	659	93	95
1279	1278.9	32	13.37	108	6	1540	659	93	95
1280	1279.9	30	14.5	108	7	1553	659	93	95
1281	1280.9	31	16.02	108	7	1559	659	93	95
1282	1281.9	29.5	15	108	7	1572	659	93	95
1283	1282.9	28	13	108	7	1579	659	93	95
1284	1283.9	23.32	17	108	7	1575	659	93	95
1285	1284.9	22	15.64	108	7	1579	659	93	95
1286	1285.9	22.7	14.66	107	9	1567	659	93	95
1287	1286.9	23.34	15.54	106	9	1572	659	93	95
1288	1287.9	24.85	16.45	107	8	1583	659	93	95
1289	1288.9	25	16.35	107	8	1579	659	93	95
1290	1289.9	23.17	14.75	108	6	1586	659	93	95
1291	1290.9	23.32	15.02	108	6	1593	659	93	95
1292	1291.9	22	14.89	109	5	1605	659	93	95
1293	1292.9	21	14.7	109	5	1620	659	93	95
1294	1293.9	20	13.5	109	5	1620	659	93	95
1295	1294.9	21	13.5	110	4	1602	657	93	95
1296	1295.9	22	12.68	110	4	1588	656	93	95
1297	1296.9	23	10.25	109	6	1593	656	93	95
1298	1297.9	24	10.26	108	6	1585	656	93	95
1299	1298.9	22	11.56	108	7	1599	656	93	95
1300	1299.9	20	12.9	108	7	1607	656	93	95
1301	1300.9	22.5	12	108	8	1602	656	93	95
1302	1301.9	21.96	13.5	108	8	1602	656	93	95
1303	1302.9	21.31	12.3	108	7	1600	656	93	95
1304	1303.9	22.53	12.5	108	7	1609	656	93	95
1305	1304.9	23.82	12.35	108	7	1608	656	93	95
1306	1305.9	21	14.55	108	5	1613	656	93	95
1307	1306.9	21.54	13.74	108	5	1613	656	93	95
1308	1307.9	20.06	12.64	108	5	1618	656	93	95
1309	1308.9	18	12.67	108	4	1620	656	93	95
1310	1309.9	17.05	12.45	108	4	1295	581	93	95
1311	1310.9	15.61	13.01	108	4	1295	580	93	95
1312	1311.9	16.05	12.05	108	4	1291	580	93	95
1313	1312.9	17.25	14.01	108	5	1290	580	93	95
1314	1313.9	16.78	13	108	4	1285	580	93	95
1315	1314.9	18.5	12.45	109	5	1257	580	93	95
1316	1315.9	20.32	14.04	109	5	1260	580	93	95
1317	1316.9	22	13	109	5	1269	580	93	95
1318	1317.9	21	12	109	4	1510	633	93	95
1319	1318.9	22.09	11.14	109	4	1311	601	93	95
1320	1319.9	20	12.04	109	4	1358	601	93	95
1321	1320.9	23	10.78	109	4	1358	601	93	95
1322	1321.9	22	11.07	109	4	1350	601	93	95
1323	1322.9	21	12.04	87	3	1353	599	93	95
1324	1323.9	20	13.55	112	4	1311	589	93	95
1325	1324.9	21.59	12.33	109	4	1306	589	93	95
1326	1325.9	21.75	12.02	109	4	1305	589	93	95
1327	1326.9	20	14	109	4	1307	589	93	95
1328	1327.9	18.5	13.65	109	5	1318	589	93	95
1329	1328.9	19.54	12.12	108	5	1319	589	93	95
1330	1329.9	17.6	11.66	108	5	1325	589	93	95
1331	1330.9	19.6	12.69	108	5	1324	589	93	95
1332	1331.9	21.99	13.01	108	5	1326	589	93	95
1333	1332.9	23.67	11.46	108	5	1325	589	93	95
1334	1333.9	19.26	10.23	108	4	1334	589	93	95
1335	1334.9	22.37	13.15	108	4	1322	589	93	95
1336	1335.9	21.4	12.47	108	4	1323	589	93	95
1337	1336.9	20.85	11.5	108	4	1330	589	93	95
1338	1337.9	19.38	12.65	108	5	1322	589	93	95
1339	1338.9	20.14	11.05	108	5	1333	589	93	95
1340	1339.9	20.3	12.05	108	5	1326	589	93	95
1341	1340.9	23.1	10.3	107	6	1323	589	93	95
1342	1341.9	24.37	11.2	107	7	1221	589	93	95
1343	1342.9	23.56	10.2	108	6	1184	589	93	95
1344	1343.9	25	12.3	108	6	1236	589	93	95
1345	1344.9	24	11.5	108	6	1271	589	93	95
1346	1345.9	22	12.5	108	5	1261	591	93	95
1347	1346.9	21	13.4	108	5	1262	592	93	95
1348	1347.9	20	12.23	108	5	1283	594	93	95
1349	1348.9	18.6	12.2	108	5	1294	595	93	95
1350	1349.9	18.9	12.33	108	5	1309	595	93	95
1351	1350.9	18.99	11.2	108	5	1309	179	93	95
1352	1351.9	20.1	10.11	109	6	1315	601	93	95
1353	1352.9	22.04	11.02	109	6	1316	601	93	95
1354	1353.9	22	12.01	109	6	1326	601	93	95
1355	1354.9	21.23	12.3	108	7	1330	601	93	95
1356	1355.9	20.07	12.03	108	5	1315	601	93	95
1357	1356.9	22.9	11	108	5	1316	601	93	95
1358	1357.9	22.56	12.33	108	5	1320	601	93	95
1359	1358.9	21.32	13.01	108	5	1319	601	93	95
1360	1359.9	22.07	12	108	4	1319	601	93	95
1361	1360.9	20.97	11.6	108	5	1319	601	93	95
1362	1361.9	21.5	10.22	108	4	1321	601	93	95
1363	1362.9	22.13	12	108	6	1318	601	93	95
1364	1363.9	22.13	10.95	108	5	1334	601	93	95
1365	1364.9	23.63	12.44	108	5	1327	601	93	95
1366	1365.9	22.82	11.25	108	6	1323	601	93	95
1367	1366.9	23.97	10.78	108	5	1330	601	93	95
1368	1367.9	22.12	11.55	108	4	1321	601	93	95
1369	1368.9	23.1	11.01	108	5	1321	601	93	95
1370	1369.9	21.96	11	108	4	1321	601	93	95
1371	1370.9	21.96	11	108	4	1321	601	93	95
1372	1371.9	21.96	11	108	4	1321	601	93	95
1373	1372.9	21.96	11	108	4	1321	601	93	95
1374	1374.99	45.05	1.27	108	3	1301	592	93	94
1375	1375.99	19.37	3.8	108	4	1295	592	93	94
1376	1376.99	14.84	5.91	108	4	1303	592	93	94
1377	1377.99	6.56	7.81	86	3	1040	473	93	94
1378	1378.99	16.32	9.14	108	4	1300	592	93	94
1379	1379.99	16.62	10.8	108	4	1305	592	93	94
1380	1380.99	22.33	14.34	108	5	1312	592	93	94
1381	1381.99	19.76	15.28	108	6	1225	589	93	94
1382	1382.99	20.02	17.59	108	6	1191	589	93	94
1383	1383.99	25.93	19.23	108	6	1052	558	93	94
1384	1384.99	14.71	14.25	108	6	1199	580	93	94
1385	1385.99	18.54	10.21	109	4	1296	598	93	94
1386	1386.99	18.01	11.29	110	4	1294	598	93	94
1387	1387.99	22.97	9.3	110	4	1292	598	93	94
1388	1388.99	20.12	11	109	5	1293	598	93	94
1389	1389.99	26.27	9.3	109	5	1312	598	93	94
1390	1390.99	29.26	11.94	109	5	1303	598	93	94
1391	1391.99	39.14	12.69	109	6	1317	598	93	94
1392	1392.99	32.25	14.35	109	6	1317	598	93	94
1393	1393.99	29.12	10.47	109	7	1325	598	93	94
1394	1394.99	27.18	13.17	109	9	1319	598	93	94
1395	1395.99	29.11	15.23	109	7	1330	598	93	94
1396	1396.99	28.1	13.23	109	7	1335	598	93	94
1397	1397.99	23.63	11.49	109	6	1341	600	93	94
1398	1398.99	20.63	10.52	109	6	1353	601	93	94
1399	1399.99	22.63	12.87	109	6	1346	601	93	94
1400	1400.99	24.73	9.7	109	6	1359	601	93	94
1401	1401.99	23.64	10.84	109	6	1359	601	93	94
1402	1402.99	23.78	12.3	109	6	1351	601	93	94
1403	1403.99	24.07	13.4	109	7	1310	601	93	94
1404	1404.99	23.51	14.81	110	7	1234	601	93	94
1405	1405.99	24.99	12.36	110	6	1217	601	93	94
1406	1406.99	23.1	9.67	110	6	1223	601	93	94
1407	1407.99	16.04	8.85	109	6	1242	601	93	94
1408	1408.99	59.96	6.22	33	1	623	300	93	94
1409	1409.99	289.22	25.17	33	2	1036	480	93	94
1410	1410.99	22.01	9.15	109	7	1348	601	93	94
1411	1411.99	18.12	9.9	108	5	1350	601	92	94
1412	1412.99	14.76	9.4	108	5	1371	601	92	94
1413	1413.99	6.09	2.79	54	2	688	300	92	94
1414	1414.99	21.63	9.5	108	5	1381	601	92	94
1415	1415.99	21.02	11.49	108	6	1390	601	92	94
1416	1416.99	29.17	12.35	108	7	1390	601	92	94
1417	1417.99	21.14	9.66	108	6	1388	601	92	94
1418	1418.99	24.09	12	108	6	1388	601	92	94
1419	1419.99	22.13	11.87	108	7	1389	601	92	94
1420	1420.99	23.76	11.02	108	7	1388	601	92	94
1421	1421.99	24.04	9.69	108	6	1396	601	92	94
1422	1422.99	24.79	10.45	108	6	1393	601	92	94
1423	1423.99	24.98	9.58	108	6	1392	601	92	94
1424	1424.99	24.33	10.35	108	6	1394	601	92	94
1425	1425.99	25.32	12.07	108	6	1402	601	92	94
1426	1426.99	15.75	7.51	86	5	1116	481	92	93
1427	1427.99	20.72	13.38	108	6	1389	601	92	93
1428	1428.99	24.88	8.86	108	6	1395	601	92	93
1429	1429.99	23.6	10.13	108	6	1393	601	92	93
1430	1430.99	24.59	10.45	108	6	1394	601	92	93
1431	1431.99	23.53	11.86	108	7	1394	601	92	93
1432	1432.99	21.53	6.69	108	7	1398	601	92	93
1433	1433.99	22.25	8.13	108	6	1517	645	92	93
1434	1434.99	20.14	7.76	108	6	1513	646	92	93
1435	1435.99	13.74	5.62	75	3	1055	452	92	93
1436	1436.99	169.07	10.88	102	5	606	258	92	93
1437	1437.99	192.07	18.3	110	3	1340	610	92	93
1438	1438.99	16.96	11.01	110	5	1288	595	92	93
1439	1439.99	19.37	12.44	110	5	1300	595	92	93
1440	1440.99	21.59	10.37	110	6	1312	595	92	93
1441	1441.99	22.27	10.37	110	6	1315	595	92	93
1442	1442.99	22.26	12.34	110	6	1316	595	92	93
1443	1443.99	22.86	10.86	110	5	1331	595	92	93
1444	1444.99	23.02	9.03	110	5	1326	595	92	93
1445	1445.99	22.42	10.83	110	5	1332	595	92	93
1446	1446.99	21.84	13.75	110	8	1331	595	92	93
1447	1447.99	21.93	11.24	110	7	1334	595	92	93
1448	1448.99	22.06	11.04	110	7	1337	595	92	93
1449	1449.99	20.7	10.64	110	7	1340	595	92	93
1450	1450.99	20.68	9.98	110	7	1339	595	92	93
1451	1451.99	20.71	11.17	110	7	1347	595	92	93
1452	1452.99	19.7	12.04	110	7	1346	595	92	93
1453	1453.99	19.32	9.19	110	7	1344	595	92	93
1454	1454.99	19.37	8.58	110	6	1344	595	92	93
1455	1455.99	17.95	8.12	110	6	1345	595	92	93
1456	1456.99	19.01	9.63	110	6	1345	595	92	93
1457	1457.99	4.02	9.36	33	8	1369	178	92	93
1458	1458.99	0.86	9.36	11	5	1300	179	92	93
1459	1459.99	0.82	7.36	11	7	1325	170	92	93
1460	1460.99	0.77	9.36	11	6	1369	175	92	93
1461	1461.99	1.54	5.36	22	9	1358	156	92	93
1462	1462.99	17.04	6.28	110	6	1217	568	92	93
1463	1463.99	20.72	7.94	110	5	1121	551	92	93
1464	1464.99	17.46	7.01	110	5	1101	551	92	93
1465	1465.99	20.05	10.65	110	6	1045	551	92	93
1466	1466.99	4.49	1.66	102	8	1036	165	92	93
1467	1467.99	14.08	6.93	103	4	1025	457	92	93
1468	1468.99	20.38	12.17	109	7	1176	578	92	93
1469	1469.99	17.34	13.14	103	5	1193	579	92	93
1470	1470.99	16.01	10.09	107	6	1219	578	92	93
1471	1471.99	23.32	12.32	108	6	1242	579	92	93
1472	1472.99	23.17	11.07	108	7	1253	578	92	93
1473	1473.99	22.94	10.82	108	8	1253	578	92	93
1474	1474.99	21.37	11.52	108	9	1280	579	92	93
1475	1475.99	25.02	11.27	105	9	1350	581	92	93
1476	1476.99	22.72	13.09	100	9	1357	581	92	93
1477	1477.99	24.34	15.86	99	9	1361	581	92	93
1478	1478.99	23.71	15.7	100	8	1362	581	92	93
1479	1479.99	21.39	16.6	100	8	1366	581	92	93
1480	1480.99	23.9	15.52	101	7	1377	581	92	93
1481	1481.99	20.64	13.06	103	6	1387	581	92	93
1482	1482.99	21.75	17.25	103	7	1378	581	92	93
1483	1483.99	14.23	17.36	60	4	980	406	92	93
1484	1481.68	17.92	6.2	108	4	1430	581	96	98
1485	1481.68	17.92	6.2	108	4	1430	581	96	98
1486	1483.24	13.79	9.77	108	5	1230	581	96	98
1487	1485.54	14.27	7.75	108	6	1020	581	96	98
1488	1486.54	16.15	8.66	108	6	1019	581	96	98
1489	1487.54	20.12	5.46	108	5	1017	581	96	98
1490	1488.54	18.53	8.24	108	6	1018	581	96	98
1491	1490.9	11	7.26	108	8	1015	581	96	98
1492	1491.9	10.59	7.67	86	6	1041	581	96	98
1493	1492.9	12	2.8	100	7	1100	599	96	98
1494	1493.9	13	6.35	109	7	1127	601	96	98
1495	1494.9	13.77	2.95	109	6	1129	601	96	98
1496	1495.9	15	1.7	109	6	1140	601	96	98
1497	1496.9	18.99	2.08	108	5	1129	601	96	98
1498	1497.9	17	10.35	108	8	1069	601	96	98
1499	1498.9	18	10.07	108	8	1070	601	96	98
1500	1499.9	17	10.63	109	7	1077	601	96	98
1501	1500.9	16.52	6.76	108	6	1106	601	96	98
1502	1501.9	15	3.99	108	4	1083	601	96	98
1503	1502.9	17.81	4.69	108	5	1012	601	96	98
1504	1503.9	20	5.01	108	5	1012	601	96	98
1505	1504.9	20.85	13.17	108	6	1165	654	96	98
1506	1505.9	18	19.33	108	7	1382	724	96	98
1507	1506.9	17.63	22.69	108	7	1426	740	96	98
1508	1507.9	16.84	27	109	8	1420	740	96	98
1509	1508.9	17.34	27	109	8	1420	740	96	98
1510	1509.9	17.69	27	109	8	1420	740	96	98
1511	1510.9	18.42	25.13	113	7	1476	750	96	98
1512	1511.9	19.86	14.9	129	6	1693	790	96	98
1513	1512.9	16	17.67	128	6	1699	790	96	98
1514	1513.9	15.54	17.5	128	6	1708	790	96	98
1515	1514.9	14	20.15	126	7	1704	790	96	98
1516	1515.9	13.27	16.26	126	7	1698	790	96	98
1517	1516.9	12.75	15.83	125	8	1707	790	96	98
1518	1517.9	14.63	23.49	125	8	1711	790	96	98
1519	1518.9	13	18.23	126	7	1711	790	96	98
1520	1519.9	13	23.5	127	7	1717	790	96	98
1521	1520.9	14	19.26	129	6	1739	790	96	98
1522	1521.9	12	14.67	129	5	1755	790	96	97
1523	1522.9	13	12.25	130	5	1746	790	96	98
1524	1523.9	14	14.91	130	6	1740	790	95	97
1525	1524.9	15.95	20.93	130	7	1735	790	95	97
1526	1525.9	16.42	20.49	130	7	1729	790	95	97
1527	1526.9	15	16.75	130	7	1734	790	96	98
1528	1527.9	17.54	11.63	130	5	1747	790	95	97
1529	1528.9	19	13.21	130	5	1752	790	96	98
1530	1529.9	22	11.56	130	5	1752	790	96	98
1531	1530.9	20.4	10.31	130	6	1749	790	96	98
1532	1531.9	22.97	10.24	130	5	1750	790	96	98
1533	1532.9	20.33	7.82	130	5	1750	790	96	98
1534	1533.9	23.13	9.84	130	5	1754	790	96	98
1535	1534.9	21.52	10.86	130	5	1760	790	96	98
1536	1535.9	19.55	10.05	129	6	1760	789	96	98
1537	1536.9	20.71	8.71	130	11	1763	790	96	98
1538	1537.9	20.38	7.07	130	7	1770	790	96	98
1539	1538.9	19.24	7.52	130	8	1770	790	96	98
1540	1539.9	19.26	10.16	130	6	1778	790	96	98
1541	1540.9	18.01	9.35	128	8	1786	790	96	98
1542	1541.9	20.14	12.74	129	7	1785	790	96	98
1543	1542.9	22	11.5	130	7	1787	790	96	98
1544	1543.9	22.38	8.76	130	8	1790	790	96	97
1545	1544.9	23	8.18	130	7	1790	790	96	98
1546	1545.9	25	8.74	130	7	1793	790	96	98
1547	1546.9	26	10.43	130	6	1797	789	96	98
1548	1547.9	27.1	7.98	130	8	1799	790	96	97
1549	1548.9	23	11.73	130	10	1801	790	96	98
1550	1549.9	24.87	7.21	130	8	1881	790	96	98
1551	1550.9	22.54	2.67	131	6	1954	788	96	98
1552	1551.9	18.88	9.89	130	6	1903	787	96	98
1553	1552.9	18.02	15.78	130	6	1899	787	96	98
1554	1553.9	20.46	15.29	130	7	1897	787	96	98
1555	1554.9	17.9	14.54	130	7	1898	787	96	98
1556	1555.9	17.32	18.33	130	7	1910	787	96	98
1557	1556.9	17.19	18.29	130	7	1909	787	96	98
1558	1557.9	15.17	17.81	130	7	1910	787	96	98
1559	1558.9	14.91	17.68	130	6	1880	787	96	98
1560	1559.9	3.94	7.38	131	2	654	314	96	98
1561	1560.9	18.99	21.11	130	7	1594	787	96	98
1562	1561.9	17.19	20.62	130	7	1595	787	96	98
1563	1562.9	15.12	21.96	130	8	1622	787	96	98
1564	1563.9	14.6	20.7	131	7	1650	787	96	98
1565	1564.9	17.79	17.37	130	7	1658	787	96	98
1566	1565.9	16.26	19.16	130	7	1698	787	96	98
1567	1566.9	18.92	18.75	130	7	1731	787	96	98
1568	1567.9	15.99	18.96	130	8	1762	787	96	98
1569	1568.9	19.69	21.41	130	8	1791	787	96	98
1570	1569.9	18.22	19.65	130	8	1785	787	96	98
1571	1570.9	19.13	19.71	130	7	1797	787	96	98
1572	1571.9	19.24	18.74	130	7	1815	787	96	98
1573	1572.9	18.66	22.13	130	8	1843	787	96	98
1574	1573.9	17.31	19.33	130	8	1883	787	96	98
1575	1574.9	14.3	20.12	130	6	1903	787	96	98
1576	1575.9	14.02	18.96	130	6	1916	787	96	98
1577	1576.9	13.94	20.55	130	6	1926	787	96	98
1578	1577.9	20.28	5.21	118	3	1711	708	96	98
1579	1578.9	24.7	13.68	130	6	1881	787	96	98
1580	1579.9	17.44	18.16	130	6	1831	787	96	98
1581	1580.9	17.24	17.22	130	6	1791	787	96	98
1582	1581.9	12.61	15.57	130	6	1847	787	96	98
1583	1582.9	17.22	14.99	130	6	1855	787	96	98
1584	1583.9	15.34	19.07	130	6	1854	787	96	98
1585	1584.9	16.43	19.28	130	7	1862	787	96	98
1586	1585.9	15.76	17.28	130	7	1852	787	96	98
1587	1586.9	15.46	16.2	130	7	1898	787	96	98
1588	1587.9	13.75	17.01	130	6	1936	787	96	98
1589	1588.9	14.21	17.04	130	7	1935	787	96	98
1590	1589.9	12.3	17.69	130	6	1952	787	96	98
1591	1590.9	13.78	16.74	130	6	1968	787	96	98
1592	1591.9	14.2	20.78	130	6	1994	787	96	98
1593	1592.9	13.85	16.1	130	7	1976	787	96	98
1594	1593.9	11.33	18.96	130	6	1941	787	96	98
1595	1594.9	14.86	17.26	130	6	1936	787	96	98
1596	1595.9	16.8	17.23	131	7	1917	787	96	98
1597	1596.9	16.56	15.78	130	7	1924	787	96	98
1598	1597.9	16.55	16.35	131	7	1935	787	96	98
1599	1597.9	16.8	20.29	131	7	1941	787	96	98
1600	1597.9	13.84	20.96	131	7	1929	787	96	98
1601	1600.9	15.61	23.23	130	8	1935	787	96	98
1602	1601.9	15.25	21.88	130	7	1935	787	96	98
1603	1602.9	13.97	19.89	130	7	1962	787	96	98
1604	1603.9	13.93	18.02	131	7	1963	787	96	98
1605	1604.9	2.35	4.93	131	7	1936	789	96	98
1606	1605.9	2.35	8.36	130	7	1945	769	96	98
1607	1606.9	2.35	9.36	130	7	1968	726	96	98
1608	1607.9	2.35	8.36	130	7	1956	763	96	98
1609	1608.9	13.27	2.98	130	7	1025	759	96	98
1610	1609.9	13.2	6.36	130	7	1236	745	96	98
1611	1610.9	27.94	11.42	132	6	2065	793	96	98
1612	1611.9	25.74	14.35	131	6	2053	793	96	98
1613	1612.9	19.57	14.98	131	7	2038	791	96	98
1614	1613.9	20.68	16.48	130	8	1940	790	96	98
1615	1614.9	21.18	17.11	130	7	1922	790	96	98
1616	1615.9	21.36	15.53	130	7	1918	790	96	98
1617	1616.9	21.27	21.4	130	8	1965	790	96	98
1618	1617.9	21.6	17.78	130	8	1997	790	96	98
1619	1618.9	21.59	20.21	130	8	1996	790	96	98
1620	1619.9	21.04	14.33	130	7	2013	790	96	98
1621	1620.9	17.94	17.44	130	7	2012	790	97	99
1622	1621.9	25.17	11.89	131	5	2032	790	97	99
1623	1622.9	15.88	15.82	130	6	2041	790	97	99
1624	1623.9	18.17	18.2	130	7	2025	790	97	99
1625	1624.9	13.62	18.67	130	7	2007	790	97	99
1626	1625.9	12.34	19.7	130	7	2008	790	97	99
1627	1626.9	13.57	19.68	130	7	1994	790	98	99
1628	1627.9	14.06	23.96	130	7	1997	790	98	99
1629	1628.9	12.47	22.36	130	7	2003	790	98	99
1630	1629.9	14.34	21.79	131	8	2036	790	98	100
1631	1630.9	13.77	20.39	131	7	1996	790	98	100
1632	1631.9	13.74	17.95	131	7	1994	790	98	100
1633	1632.9	14.96	18.19	132	7	2023	790	99	100
1634	1633.9	15.75	17.92	132	7	2028	790	99	102
1635	1634.9	12.96	18.15	132	7	2029	790	99	102
1636	1635.9	16.79	19.11	132	7	2031	790	99	102
1637	1636.9	15.2	15.08	132	7	2031	500	80	82
1638	1637.9	12.42	14.08	131	7	1890	450	81	85
1639	1638.9	12.36	15.23	12	7	2150	450	82	85
1640	1639.9	13.52	0.49	80	3	1156	369	101	102
1641	1640.9	20.08	4.29	81	3	1963	364	101	102
1642	1641.9	9.05	8.36	84	5	2178	687	101	102
1643	1642.9	21.16	10.31	82	6	2210	692	101	102
1644	1643.9	21.86	9.39	84	5	2273	683	101	102
1645	1644.9	56.31	11.22	82	6	2153	661	101	102
1646	1645.9	53.63	9.66	74	5	1785	576	101	102
1647	1646.9	33.49	13.44	82	8	1967	642	101	102
1648	1647.8	31.77	10.29	82	7	1960	640	101	102
1649	1648.8	29.79	10.72	82	7	1966	641	101	102
1650	1649.8	30.04	12.68	96	8	1978	642	101	102
1651	1650.8	31.51	8.41	121	7	2006	642	101	102
1652	1651.8	19.77	8.3	123	9	2012	642	101	102
1653	1652.8	19.62	10.53	122	5	2010	642	101	102
1654	1653.8	17.72	9.18	123	10	2010	642	101	102
1655	1654.8	24.33	7.76	124	4	2016	642	101	102
1656	1655.8	20.42	7.7	123	5	2010	642	101	102
1657	1656.8	21.49	9.55	122	8	2014	642	101	102
1658	1657.8	56.28	11.33	86	18	2046	642	101	102
1659	1658.8	96.01	9.34	71	41	2074	644	101	102
1660	1659.8	46.72	9.12	87	10	2103	661	101	102
1661	1660.8	35.87	6.98	113	7	2717	785	101	102
1662	1660.8	57.83	9.94	115	9	2786	799	101	102
1663	1660.8	27.86	8.43	118	7	2798	799	101	102
1664	1661.6	36.16	5.99	117	7	2800	800	101	102
1665	1661.8	42.24	8.95	116	8	2800	799	101	109
1666	1662.76	33.94	6.97	117	7	2805	799	101	109
1667	1663.71	18.43	6.89	119	6	2803	799	101	109
1668	1664.67	16.15	5.9	120	5	2813	799	101	109
1669	1665.62	77.19	4.32	104	3	2599	724	101	109
1670	1666.58	90.98	5.44	103	4	2521	719	101	109
1671	1667.53	16.55	5.02	113	5	2786	800	101	109
1672	1668.49	17.13	3.38	113	5	2780	798	101	109
1673	1669.44	15.65	6.15	113	5	2780	799	101	109
1674	1670.4	13.54	4.99	114	5	2772	800	101	112
1675	1671.36	14.55	4.37	113	5	2780	800	101	112
1676	1672.31	17.24	3.99	113	5	2773	799	101	112
1677	1673.27	13.5	5.72	114	5	2770	799	101	112
1678	1674.22	18.73	7.73	120	5	2932	801	101	112
1679	1675.18	21.27	7.69	121	6	2948	802	101	112
1680	1676.13	21.73	8.38	121	6	2943	802	101	112
1681	1677.09	19.18	7.12	121	5	2943	802	101	112
1682	1678.04	18.33	6.72	121	6	2875	800	101	115
1683	1679	15.07	4.6	123	4	2851	800	101	115
1684	1679.95	15.15	3.74	110	5	2859	800	101	115
1685	1680.91	19.63	6.51	121	6	2886	800	101	115
1686	1681.86	31.48	8.1	119	7	2884	800	101	115
1687	1682.82	24.68	6.65	119	7	3158	853	101	115
1688	1683.77	19.93	6.53	120	6	3198	856	101	115
1689	1684.73	20.1	5.45	121	5	3195	852	101	117
1690	1685.69	21.59	3.54	121	6	3189	852	101	117
1691	1686.64	23.79	5.65	119	7	3178	850	101	117
1692	1687.6	22.03	3.47	120	6	3177	844	101	117
1693	1688.55	26.01	5.17	120	7	3187	842	101	117
1694	1689.51	24.51	6.64	119	7	3154	842	101	117
1695	1690.46	22.51	4.24	119	6	3156	852	101	117
1696	1691.42	24.09	7.93	119	7	3458	900	101	117
1697	1692.37	27.23	6.56	119	7	3471	900	101	117
1698	1693.33	26.37	6.8	119	7	3510	900	101	117
1699	1694.28	23.44	4.63	119	7	3513	900	101	119
1700	1695.24	14.43	5.83	121	6	3528	900	101	119
1701	1696.19	15.51	3.21	120	6	3495	900	101	119
1702	1697.15	15.75	7.81	120	7	3413	880	101	121
1703	1698.11	15.52	5.53	120	6	3460	882	101	121
1704	1699.06	11.95	4.87	121	5	3476	885	101	121
1705	1700.02	14.45	5.53	120	6	3400	876	101	121
1706	1700.97	13.03	4.93	120	6	3089	840	101	121
1707	1701.93	14.93	4.37	121	5	3116	830	101	121
1708	1702.88	16.63	5.66	121	5	3005	820	101	121
1709	1703.84	16.15	4.37	121	5	3008	820	101	121
1710	1704.79	15.41	6.38	120	6	3001	820	101	121
1711	1705.75	15.97	5.98	120	6	3013	820	101	121
1712	1706.7	14.64	5.47	108	5	3025	820	101	121
1713	1707.66	24.61	1.56	120	6	3113	838	101	121
1714	1708.61	23.24	4.69	119	7	3103	837	101	121
1715	1709.57	29.8	0.97	118	7	3103	837	101	121
1716	1710.53	27.05	5.26	118	8	3111	837	101	121
1717	1711.48	18.87	2.31	120	6	3140	839	101	121
1718	1712.44	21.75	1.46	119	6	3202	842	101	121
1719	1713.39	25.96	4.85	118	7	3213	841	101	121
1720	1714.35	22.57	3.31	118	7	3213	842	101	121
1721	1715.3	17.96	1.74	119	7	3208	842	101	121
1722	1716.26	22.31	4.72	118	7	3204	842	101	121
1723	1717.21	21.2	4.63	119	7	3204	842	101	121
1724	1718.17	23.24	3.24	119	6	3210	842	101	121
1725	1719.12	24.51	4.62	118	8	3204	842	101	121
1726	1720.08	21.74	3.25	119	7	3205	842	101	121
1727	1721.03	23.63	3.09	118	8	3206	842	101	121
1728	1721.99	22.92	2.73	118	8	3213	842	101	121
1729	1722.94	16.02	2	120	6	3213	842	101	121
1730	1723.9	19.59	2.3	119	6	3220	842	101	121
1731	1724.86	21.15	2.2	120	6	3215	842	101	121
1732	1725.81	20.91	1.8	120	6	3213	842	101	121
1733	1726.77	15.67	1.57	108	5	2892	757	101	121
1734	1727.72	13.36	2.53	121	5	3215	842	101	121
1735	1728.68	15.45	1.67	120	5	3207	842	101	121
1736	1729.63	14.86	1.73	120	6	3209	842	101	121
1737	1730.59	9.66	2.33	96	4	2564	673	101	121
1738	1731.54	10.36	1.1	84	4	2242	589	101	121
1739	1732.5	11.68	1.19	109	6	3197	842	101	121
1740	1733.45	17.63	3	120	6	3166	841	101	121
1741	1734.41	20.79	7.66	120	6	3152	631	103	125
1742	1735.36	22.19	6.48	120	6	3148	841	103	127
1743	1736.32	17.61	4.8	121	6	3152	842	103	127
1744	1737.28	16.22	6.22	120	7	3140	842	103	127
1745	1738.23	17.23	6.59	119	7	3170	841	103	127
1746	1739.19	13.41	3.6	121	6	3217	841	103	127
1747	1740.14	16.15	4.99	120	6	3215	841	103	127
1748	1741.1	13.05	5.47	120	6	3183	738	103	127
1749	1742.05	14.03	1.88	109	6	2825	567	103	127
1750	1743.01	16.18	5.48	127	6	3155	839	103	127
1751	1743.96	15.63	7.51	126	7	3169	840	103	127
1752	1744.92	17.12	4.35	126	6	3167	840	103	127
1753	1745.87	17.78	3.81	126	7	3162	840	103	127
1754	1746.83	15.55	3.27	127	6	3164	840	103	127
1755	1747.78	15.18	7.24	123	5	3166	840	103	127
1756	1748.74	15.9	5.5	123	5	3163	840	103	127
1757	1749.69	15.92	6.11	123	5	3154	840	103	127
1758	1750.65	16.73	8.3	123	6	3150	839	103	127
1759	1751.61	12.77	7.23	122	7	3147	840	103	127
1760	1752.56	47.52	3	123	5	3152	840	103	127
1761	1753.52	56	2.06	111	5	2841	756	103	127
1762	1754.47	55	4.55	84	5	2209	587	103	127
1763	1755.43	65.73	6.14	117	9	3179	840	103	127
1764	1756.38	31.8	2.54	120	7	3197	839	103	127
1765	1757.34	35.08	1.8	120	7	3210	840	103	127
1766	1758.29	56.57	2.22	120	7	3222	839	103	127
1767	1759.25	18	3	35	3	966	252	103	127
1768	1760.2	11.9	5	12	0	613	161	103	127
1769	1761.16	35.6	6.04	83	4	2577	672	103	127
1770	1762.11	20.73	6.64	83	3	2285	594	103	127
1771	1763.07	23.9	12.18	121	6	3261	850	106	126
1772	1764.03	33.21	13.33	120	8	3251	850	106	126
1773	1764.98	28.55	13.89	121	7	3244	850	106	126
1774	1765.94	30.6	14.17	121	7	3242	850	106	126
1775	1766.89	23.52	15.11	121	7	3244	850	106	126
1776	1767.85	21.97	13.43	120	7	3225	850	106	126
1777	1768.8	30.55	11.62	120	7	3245	854	106	126
1778	1769.76	40.45	15.38	120	6	3251	857	106	126
1779	1770.71	26.1	12.46	119	7	3249	857	106	126
1780	1771.67	40.59	10.95	107	6	2891	761	106	126
1781	1772.62	69.56	14.55	106	6	2858	753	106	126
1782	1773.58	36.89	15.72	118	7	3180	837	106	126
1783	1774.53	62.06	15.25	117	9	3181	837	106	126
1784	1775.49	59.29	15.09	116	8	3175	837	106	126
1785	1776.44	16.52	14.99	120	6	3188	837	106	126
1786	1777.4	34.46	15.14	119	6	3192	837	106	126
1787	1778.36	26.55	15.5	118	8	3192	837	106	126
1788	1779.31	37.17	12.35	118	7	3195	837	106	126
1789	1780.27	28.8	14.92	118	8	3192	837	106	126
1790	1781.22	55.01	13.6	115	9	3195	837	106	126
1791	1782.18	78.03	12.65	117	8	3197	837	106	126
1792	1783.13	104.9	14.92	117	8	3199	837	106	126
1793	1784.09	116.52	18.72	113	11	3190	837	106	126
1794	1785.04	86	19.78	113	10	3185	837	106	126
1795	1786	54.46	16.14	117	8	3180	837	106	126
1796	1786.95	68.76	17.53	116	9	3174	837	106	126
1797	1787.91	109.14	19.97	112	11	3175	837	106	126
1798	1788.86	95.65	15.97	120	9	2387	837	106	126
1799	1789.82	53.04	15.97	119	9	3244	837	106	126
1800	1790.78	53.04	12.46	107	9	3242	837	106	126
1801	1791.73	37.49	10.95	106	9	3244	837	106	126
1802	1792.69	57.75	14.55	118	9	3225	837	106	126
1803	1793.64	92.32	15.72	117	9	3245	837	106	126
1804	1794.6	52.69	15.25	116	9	3251	837	106	126
1805	1795.55	62.43	15.09	120	9	3249	837	106	126
1806	1796.51	52.41	14.99	119	9	2891	837	106	126
1807	1797.46	35.99	15.14	118	9	2858	837	106	126
1808	1798.42	39.42	15.5	118	9	3180	837	106	126
1809	1799.37	55.23	12.35	118	9	3180	837	106	126
1810	1800.33	26.79	14.92	115	9	3180	837	106	126
1811	1801.28	26.79	13.6	110	9	3180	837	106	126
1812	1802.24	26.79	12.65	110	9	3180	837	106	126
1813	1803.19	26.79	14.92	117	9	2087	525	106	126
1814	1804.15	52	5.86	117	8	3380	853	106	126
1815	1805.11	55	5.57	116	9	3327	840	106	126
1816	1806.06	42	5.87	117	9	3328	840	106	126
1817	1807.02	44	8.65	90	10	2664	672	106	126
1818	1807.97	50	7.38	111	12	3334	840	106	126
1819	1808.93	48	6.8	115	10	3325	840	106	126
1820	1809.88	47.2	8.3	111	12	3330	840	106	126
1821	1810.84	31.88	3.06	95	5	2654	672	106	126
1822	1811.79	33.1	4.12	110	4	2981	755	106	126
1823	1812.75	32	4.97	120	6	3304	839	106	126
1824	1813.7	48.9	5.05	117	9	3307	839	106	126
1825	1814.66	47.6	5.99	119	8	3310	840	106	126
1826	1815.61	53.04	4.39	117	9	3312	839	106	126
1827	1816.57	37.49	3.05	118	8	3310	840	106	126
1828	1818.37	57.75	2.76	121	6	3315	838	106	126
1829	1827.08	92.32	0.9	122	6	3320	823	106	126
1830	1828.07	52.69	1.5	122	6	3320	841	106	126
1831	1829.07	62.43	1.5	122	6	3320	841	106	126
1832	1830.06	52.41	1.2	122	6	3320	840	106	126
1833	1831.05	35.99	2	122	6	3320	841	106	126
1834	1832.05	39.42	2	122	6	3320	841	106	126
1835	1833.04	55.23	2.1	122	6	3320	841	106	126
1836	1834.03	26.79	2.3	122	6	3320	841	106	126
1837	1835.03	27.2	2.3	122	6	3320	841	106	126
1838	1836.02	25.22	2.4	122	6	3320	841	106	126
1839	1837.01	21.26	2.2	122	6	3320	841	106	126
1840	1838	18.72	2.2	122	6	3320	841	106	126
1841	1839	17.68	2.3	122	6	3320	840	106	126
1842	1839.99	43.94	2.3	122	6	3320	841	106	126
1843	1840.98	43.94	2.5	122	6	3320	841	106	126
1844	1841.98	43.94	3	122	6	3320	841	106	126
1845	1842.97	63.13	3	122	6	3320	840	106	126
1846	1843.96	35.75	3.2	122	6	3320	841	106	126
1847	1844.96	53.02	3.2	122	6	3320	841	106	126
1848	1845.95	47.34	3.3	122	6	3320	842	106	126
1849	1846.94	57.83	2.8	122	6	3320	842	106	126
1850	1847.94	40.72	2.7	122	6	3320	842	106	126
1851	1847.95	74.96	1	122	6	3320	842	106	126
1852	1847.99	63.43	1	122	6	3320	842	106	126
1853	1848.56	87.22	1	122	6	3320	842	106	126
1854	1849.54	63.47	1	122	6	3320	847	106	126
1855	1850.51	13.4	1	122	6	3320	860	106	126
1856	1851.49	28.34	1.2	122	6	3320	856	106	126
1857	1852.46	35.06	1.5	122	6	3320	840	106	126
1858	1853.44	22.23	1	122	6	3320	840	106	126
1859	1854.41	62.81	1	122	6	3320	840	106	126
1860	1855.39	40.65	1.1	122	6	3320	840	106	126
1861	1856.36	33.73	1	122	6	3320	840	106	126
1862	1857.34	44.03	1	122	6	3320	840	106	126
1863	1858.31	29.87	2.5	48	2	1328	336	106	126
1864	1859.29	14.37	1	122	6	3320	840	106	126
1865	1860.26	9.41	1	122	6	3320	840	106	126
1866	1861.23	15.31	1	122	6	3320	840	106	126
1867	1862.21	15.34	1	122	6	3320	840	106	126
1868	1863.18	13.66	1	122	6	3320	840	106	126
1869	1864.16	15.38	1	122	6	3320	840	106	126
1870	1865.13	33.41	1.1	109	5	2988	756	106	126
1871	1866.11	27.24	1.5	122	6	3320	840	106	126
1872	1867.08	15.21	1.4	109	5	2988	756	106	126
1873	1868.06	48.15	1	97	4	2656	672	106	126
1874	1869.03	42.48	1.8	97	4	2656	672	106	126
1875	1869.98	40.57	1.2	97	4	2656	672	106	126
1876	1870.89	15.33	1.5	85	4	2324	588	106	126
1877	1871.81	38.02	1.4	109	5	2988	756	106	126
1878	1872.73	43.37	1.8	109	5	2988	630	106	126
1879	1873.65	98.76	1.5	97	4	2656	421	106	126
1880	1874.57	78.44	1.4	109	5	2988	762	106	126
1881	1875.49	99.93	2	109	5	2988	759	106	126
1882	1876.41	77.92	2.1	109	5	2988	756	106	126
1883	1877.33	60.4	2.3	122	6	3320	843	106	126
1884	1878.8	32.21	1	122	6	3320	848	106	126
1885	1878.95	55.86	5	70	5	3421	840	106	132
1886	1879.85	82.09	5.2	109	5	3338	843	106	132
1887	1880.75	11.5	5.2	49	2	1320	336	106	132
1888	1881.65	105.27	3.57	125	5	3241	837	106	132
1889	1882.55	61.55	6.07	124	7	3222	837	106	132
1890	1883.45	35.27	8.85	124	7	3200	837	106	132
1891	1884.34	32.6	5.8	123	7	3202	837	106	132
1892	1885.24	95.93	7.35	122	10	3204	837	106	132
1893	1886.14	30.54	5.65	128	7	3197	837	106	132
1894	1887.04	41.82	6.2	128	7	3190	837	106	132
1895	1887.94	7.71	6.59	133	7	3184	837	106	132
1896	1888.84	10.39	6.18	138	6	3193	837	106	132
1897	1889.74	14.43	6.21	125	5	3241	841	106	132
1898	1890.64	32.33	14.57	142	6	3100	857	106	132
1899	1891.53	67.29	18.52	142	7	3088	857	106	132
1900	1892.43	118.12	17.04	141	8	3110	857	106	132
1901	1893.33	19.58	15.67	140	8	3098	857	106	132
1902	1894.23	82.83	14.43	140	8	3075	857	106	132
1903	1895.13	88.42	17.07	140	9	3074	857	106	132
1904	1896.03	53.82	15.03	125	8	2771	771	106	132
1905	1896.93	105.56	16.65	138	10	3089	857	106	132
1906	1897.83	52.26	15.09	140	8	3100	857	106	132
1907	1898.72	54.55	15.29	139	9	3095	857	106	132
1908	1899.62	74.93	16.23	137	10	3078	857	106	132
1909	1900.52	48.18	16.38	134	12	3073	857	106	132
1910	1901.42	99.74	15.9	139	10	3077	857	106	132
1911	1902.32	68.23	16.14	140	8	3062	857	106	132
1912	1903.22	67.65	14.39	125	8	2761	771	106	132
1913	1904.12	41.78	14.18	139	9	3084	857	106	132
1914	1905.02	26.58	13.7	140	8	3080	857	106	132
1915	1905.92	23.1	14.54	140	8	3064	857	106	132
1916	1903.54	31.71	14.02	139	9	3073	857	109	138
1917	1904.31	30.36	15.98	140	8	3080	857	109	138
1918	1905.09	16.97	12.56	138	9	3075	857	109	138
1919	1905.87	21.22	13.39	139	10	3071	857	109	138
1920	1906.65	31.57	12.86	137	9	3087	857	109	138
1921	1907.42	48.73	15.07	121	10	2795	771	109	138
1922	1908.2	30.48	16.85	134	14	3113	857	109	138
1923	1908.98	17.85	16.03	136	11	3124	857	109	138
1924	1909.76	29.96	11.92	137	11	3127	857	109	138
1925	1910.53	58.19	15.89	143	10	3109	857	109	138
1926	1911.31	48.17	20.93	129	9	2853	771	109	138
1927	1912.09	6.06	10.82	129	9	2853	771	109	138
1928	1912.87	4.14	9.05	129	9	2853	771	109	138
1929	1913.64	38.42	26.35	83	5	1768	504	109	138
1930	1914.42	24.8	12.63	139	8	2966	838	109	138
1931	1915.2	42.44	11.86	140	7	2979	839	112	140
1932	1915.98	62.45	11.62	140	7	2976	839	112	140
1933	1916.75	38.74	10.31	139	8	2984	840	112	140
1934	1917.53	49.63	11.89	140	7	2983	840	112	140
1935	1918.31	50.38	8.26	141	7	3000	839	112	140
1936	1919.09	57.73	12.02	139	8	3007	840	112	140
1937	1919.86	48.27	11.85	140	8	3010	839	112	140
1938	1920.64	27.74	12.48	141	7	3030	839	112	140
1939	1921.42	26.43	12.56	141	7	3046	839	112	140
1940	1922.2	26.1	10.72	141	7	3049	839	112	140
1941	1922.97	30.16	11.33	141	7	3051	840	112	140
1942	1923.75	23.51	10.43	141	7	3052	840	112	140
1943	1924.53	15.91	10.96	142	7	3047	839	112	140
1944	1925.31	12.95	11.88	142	7	3045	839	112	140
1945	1926.08	14.43	9.74	141	8	3041	839	112	140
1946	1926.86	22.27	5.39	142	6	3043	839	114	145
1947	1927.64	33.1	17.58	142	6	3040	838	114	145
1948	1928.42	20.01	8.63	142	7	3033	838	114	145
1949	1929.19	16.71	2.53	113	6	2424	671	114	145
1950	1929.97	11.52	5.16	85	4	1815	504	114	145
1951	1930.75	10.64	5.95	101	5	2121	588	114	145
1952	1931.53	18.47	8.12	143	7	3024	840	114	145
1953	1932.3	22.45	8.29	144	7	2995	839	114	145
1954	1933.08	31.35	11.18	129	7	2748	768	114	145
1955	1933.86	36.78	35.07	141	6	3034	841	114	145
1956	1934.64	27.89	38.24	140	7	3028	838	114	145
1957	1935.41	32.92	42.7	140	8	3013	837	114	145
1958	1936.19	29.51	37.86	137	9	3014	837	114	145
1959	1936.97	20.68	37.03	140	8	3008	837	114	145
1960	1937.75	18.17	5.84	140	8	3010	837	114	145
1961	1938.52	37.46	9.04	138	10	3010	837	114	145
1962	1939.3	26.13	8.92	142	9	3014	838	114	147
1963	1940.08	36.14	8.37	142	8	3025	838	114	147
1964	1940.86	33.4	7.33	142	8	3017	838	114	147
1965	1941.63	19.6	9.65	144	7	3029	838	114	147
1966	1942.41	22.04	13.13	143	8	3024	838	114	147
1967	1943.19	22.2	10.69	142	9	3030	838	114	147
1968	1943.97	26.62	10.28	142	9	3029	839	114	147
1969	1944.74	30.51	12.08	142	9	3033	838	114	147
1970	1945.52	25.9	10.36	141	9	3029	838	114	147
1971	1946.3	27.48	7.95	141	9	3031	837	114	147
1972	1947.08	24.5	8.2	141	9	3038	839	114	147
1973	1947.85	26.69	9.42	141	9	3039	838	114	147
1974	1948.63	28.54	12.25	141	8	3041	839	114	147
1975	1949.41	64.63	16.65	142	7	3048	838	114	150
1976	1950.19	97.53	16.4	127	7	2744	754	114	150
1977	1950.96	121.35	14.11	128	7	2741	755	114	150
1978	1951.74	95.73	14.47	140	10	3040	838	114	150
1979	1952.52	25.19	19.27	142	7	3049	839	114	150
1980	1953.3	18.44	20.6	140	9	3042	839	114	150
1981	1954.07	43.1	15.99	138	10	3038	839	114	150
1982	1954.85	30.13	12.53	140	9	3040	838	114	150
1983	1955.63	44.28	15.87	131	10	3052	839	114	150
1984	1956.41	19.53	14.06	92	8	3078	839	114	150
1985	1957.18	58.95	11	98	9	3087	843	114	150
1986	1957.96	103.79	10	140	12	3086	845	114	150
1987	1958.74	66.98	9.8	142	11	3089	845	114	150
1988	1959.52	64.69	9.5	142	11	3084	845	114	150
1989	1960.29	39.5	9.5	144	10	3089	845	114	150
1990	1961.07	12.21	6.94	146	8	3087	845	114	150
1991	1961.85	41.15	6.68	143	10	3087	845	114	150
1992	1962.63	28.33	4.13	144	9	3087	845	114	152
1993	1963.4	25.64	4.68	144	10	3083	845	114	152
1994	1964.18	34.11	4.01	143	10	3083	845	114	152
1995	1964.96	48.58	9.82	141	12	3089	845	114	152
1996	1965.74	59.9	12.27	141	12	3082	845	114	152
1997	1966.51	45.44	7.93	142	11	3083	845	114	152
1998	1967.29	24.3	8.11	144	9	3083	845	114	152
1999	1968.07	25.82	7.93	144	10	3083	845	114	152
2000	1968.85	35.81	5.1	143	10	3083	845	114	152
2001	1969.62	30.86	6.67	144	10	3089	845	114	152
2002	1970.4	30.79	6.7	144	9	3091	845	114	152
2003	1971.18	33.63	6.94	143	10	3090	845	114	152
2004	1971.96	36.67	6.68	142	10	3093	845	114	152
2005	1972.73	30.16	4.13	141	11	3086	845	114	152
2006	1973.51	24.35	4.68	145	9	3084	843	114	152
2007	1974.29	32	4.01	143	9	3077	840	114	152
2008	1975.07	25.82	9.82	145	8	3084	840	114	152
2009	1975.84	16.28	12.27	142	11	3080	840	114	152
2010	1976.62	28.11	9.23	142	11	3086	841	114	152
2011	1977.4	16.79	11.18	144	10	3070	840	114	152
2012	1978.18	87.37	17.05	139	13	3013	840	114	152
2013	1978.95	76.92	14.48	138	13	3002	839	114	152
2014	1979.73	96.54	16.37	139	13	3011	839	114	154
2015	1980.51	59.78	16.1	141	12	3026	839	114	154
2016	1981.29	30.68	14.49	142	11	3021	839	114	154
2017	1982.06	59.68	12.4	142	12	3030	840	114	154
2018	1982.84	60.76	12.4	142	12	3030	840	114	154
2019	1983.62	58.61	12.4	142	12	3030	840	114	154
2020	1984.4	52.11	12.4	142	12	3030	840	114	154
2021	1985.17	35.63	12.39	141	11	3028	839	114	154
2022	1985.95	22.52	11.7	142	11	3018	839	114	154
2023	1986.73	39.45	9.97	116	7	2416	671	114	154
2024	1987.51	61.01	12.63	143	9	3021	839	114	154
2025	1988.28	71.96	12.64	141	11	3024	839	114	154
2026	1989.06	37.19	14.46	142	11	3021	840	114	154
2027	1989.84	58.12	12.4	130	8	2722	755	114	154
2028	1990.62	11.73	7.96	86	5	1807	762	114	154
2029	1991.39	7.83	5.55	87	5	1806	634	114	154
2030	1992.17	9.14	10.88	102	6	2095	287	114	154
2031	1992.95	37.46	17.37	146	7	2997	741	114	154
2032	1993.73	30.03	16.06	145	8	3031	418	114	154
2033	1994.5	30.94	15.53	142	11	3028	496	114	154
2034	1995.28	28.93	14.28	144	9	3025	841	114	154
2035	1996.06	73.42	17.3	144	9	3031	838	114	154
2036	1996.84	69.91	12.32	143	8	3029	838	114	154
2037	1997.61	50.92	14.45	143	10	3033	838	114	154
2038	1998.39	63.58	16.2	141	12	3026	837	114	154
2039	1999.17	109.68	16.62	139	13	3031	837	114	154
2040	1999.95	74.64	14.56	134	11	3159	852	114	154
2041	2000.72	46.83	15.38	144	10	3213	892	114	154
2042	2001.5	34.22	19.2	143	11	3204	816	114	154
2043	2002.28	54.78	20.39	142	12	3208	858	114	154
2044	2003.06	43.94	19.78	138	14	3207	858	114	154
2045	2003.83	23.52	18.65	139	14	3207	859	114	154
2046	2004.61	41.18	18.49	138	14	3209	858	114	154
2047	2005.39	55.86	17.03	139	13	3207	859	114	154
2048	2006.17	38.73	19.16	141	13	3204	859	114	154
2049	2006.94	30.34	17.92	143	11	3209	858	114	154
2050	2007.72	28.9	17.65	142	11	3211	858	114	154
2051	2008.5	40.95	20.55	142	12	3211	859	114	154
2052	2009.28	31.05	14.4	143	11	3203	859	114	154
2053	2010.05	57.56	16.94	141	12	3213	859	114	154
2054	2010.83	94.44	19.15	144	10	3201	858	114	154
2055	2011.61	50.4	14.86	143	10	3213	858	114	154
2056	2012.39	62.35	18.8	143	11	3214	858	114	154
2057	2013.16	20.43	16.41	143	11	3216	860	114	154
2058	2013.94	16.55	9.01	100	7	2226	601	114	154
2059	2014.72	16.8	10.61	101	6	2219	601	114	154
2060	2015.5	50.39	16.64	144	10	3178	859	114	154
2061	2016.27	31.44	15.43	144	10	3183	859	114	154
2062	2017.05	28.52	16.83	143	11	3183	859	114	154
2063	2017.83	82.7	18.24	142	12	3179	859	114	154
2064	2018.61	47.93	15.55	142	11	3178	858	114	154
2065	2019.38	15.82	15.99	143	11	3191	859	114	154
2066	2020.16	12.37	15.63	144	10	3193	859	114	154
2067	2020.94	12.37	15.63	144	10	3193	859	114	154
2068	2021.72	7.19	4.64	22	2	960	258	114	154
2069	2022.49	22.74	9.45	62	6	1929	509	114	154
2070	2023.27	49.27	13.19	133	12	3219	843	114	154
2071	2024.05	32.18	13.82	135	11	3219	844	114	154
2072	2024.83	41.87	14.33	137	10	3230	844	114	154
2073	2025.6	60.63	18.47	136	11	3223	846	114	154
2074	2026.38	39.94	18.36	135	11	3224	849	114	154
2075	2027.16	27.32	19.45	136	11	3224	851	114	154
2076	2027.94	31.03	18.03	135	12	3220	854	114	154
2077	2028.71	45.75	17.4	134	12	3220	859	114	154
2078	2029.49	29.01	18.67	136	11	3230	860	114	154
2079	2030.27	27	17.78	137	10	3231	859	114	154
2080	2031.05	32.57	16.51	135	11	3224	859	114	154
2081	2031.82	26.67	19.43	135	12	3230	859	114	154
2082	2032.6	23.4	19.1	136	11	3227	860	114	154
2083	2033.38	13.38	17.54	136	11	3225	859	114	154
2084	2034.16	15.33	19.59	135	12	3237	859	114	154
2085	2034.93	17.53	17.32	136	11	3232	859	114	154
2086	2035.71	13.15	17.53	136	11	3234	859	114	154
2087	2036.49	10.39	16.68	134	12	3232	859	114	154
2088	2037.27	14.82	13.7	138	10	3232	859	114	154
2089	2038.04	16.71	14.76	135	11	3237	859	114	154
2090	2038.82	4.6	15.62	137	11	3210	860	114	154
2091	2039.6	5.85	13.57	137	10	3220	859	114	154
2092	2040.38	8.66	16.37	136	11	3228	860	114	154
2093	2041.15	9.95	13.98	135	12	3228	859	114	154
2094	2041.93	10.36	15.9	136	12	3228	860	114	154
2095	2042.71	13.23	9.73	138	10	3237	860	114	154
2096	2043.49	35.06	10.93	139	9	3238	860	114	154
2097	2044.26	35.74	16.93	112	10	3194	846	114	154
2098	2045.04	92.8	18.1	84	12	3236	844	114	154
2099	2045.82	33.12	19.79	137	13	3247	854	114	154
2100	2046.6	44.52	18.8	138	12	3244	860	114	154
2101	2047.37	39.23	19.11	138	12	3249	860	114	154
2102	2048.15	58.34	20.09	135	14	3254	860	114	154
2103	2048.93	40.47	16.74	137	13	3257	860	114	154
2104	2049.71	40.94	19.99	137	13	3250	860	114	154
2105	2050.48	23.54	19	138	12	3249	860	114	154
2106	2051.26	35.95	18.77	136	14	3261	860	114	154
2107	2052.04	48.08	16.75	139	12	3260	860	114	154
2108	2052.82	46.39	17.77	137	12	3268	860	114	154
2109	2053.59	36.4	20.39	136	14	3269	860	114	154
2110	2054.37	40.02	19.9	139	11	3270	860	114	154
2111	2055.15	22.06	18.9	139	12	3256	860	114	154
2112	2055.93	40.1	21.59	138	12	3255	860	114	154
2113	2056.7	26.01	19.28	139	11	3243	860	114	154
2114	2057.48	17.9	21.9	142	11	3247	860	114	154
2115	2058.39	48.97	22.84	142	12	3242	860	114	154
2116	2060.27	32.17	23.72	142	12	3246	860	114	154
2117	2060.98	15.68	17.19	144	10	3256	860	114	154
2118	2061.68	21.11	15.76	143	10	3265	860	114	154
2119	2062.39	15.83	20.84	144	10	3267	860	114	154
2120	2063.09	54.93	11.21	147	8	2958	599	114	154
2121	2063.79	62.56	11.81	148	8	2997	817	114	154
2122	2064.5	81.39	14.98	145	10	3000	814	114	154
2123	2065.2	42.69	19.58	142	12	2999	813	114	154
2124	2065.91	31.56	20.65	142	12	3028	815	114	154
2125	2066.61	55.38	22.26	142	12	3129	833	114	154
2126	2067.32	44.39	22.94	140	13	3206	858	114	154
2127	2068.02	37.89	21.57	139	13	3203	858	114	154
2128	2068.73	44.33	22.22	138	14	3209	859	114	154
2129	2069.43	26.64	21.01	141	12	3203	858	114	154
2130	2070.14	29	21.43	140	12	3207	858	114	154
2131	2070.84	26.48	21.49	140	13	3205	859	114	154
2132	2071.55	50.49	21.64	140	13	3201	858	114	154
2133	2071.55	48.84	20.34	129	9	2886	773	114	154
2134	2072.06	70.63	22.54	143	10	3208	859	114	154
2135	2072.36	42.07	22.7	141	12	3215	858	115	156
2136	2072.56	40.69	24.74	140	12	3214	859	115	156
2137	2072.66	20.63	21.88	142	11	3214	858	115	156
2138	2072.76	18.84	22.22	143	10	3213	858	115	156
2139	2073.01	19.48	21.42	143	11	3215	859	115	156
2140	2073.01	23.02	24.38	143	10	3216	859	115	156
2141	2073.04	33.59	19.83	143	10	3222	859	115	156
2142	2073.04	40.73	14.3	144	10	3220	860	115	156
2143	2073.59	12.47	14.4	145	9	3226	860	115	156
2144	2074.14	18.36	14.76	144	10	3217	860	115	156
2145	2074.69	27.93	16.95	145	9	3212	860	115	156
2146	2075.25	16.83	18.34	144	10	3205	857	115	156
2147	2075.8	17.31	16.31	145	9	3085	840	115	156
2148	2076.35	18.5	17.26	144	10	3083	839	115	156
2149	2076.9	12.36	17.09	144	9	3078	840	115	156
2150	2077.45	17.55	11.12	128	8	2770	751	115	156
2151	2078.01	20.58	13.25	127	7	2772	691	115	156
2152	2078.56	108.33	10.34	127	7	2770	629	115	156
2153	2079.11	58.64	13.33	140	9	3072	822	115	156
2154	2079.66	69.58	16.14	125	9	3072	705	115	156
2155	2080.21	38.57	16.26	141	11	3067	805	115	156
2156	2080.77	36.41	15.94	140	12	3075	837	115	156
2157	2081.32	45.28	17.95	139	13	3089	837	115	156
2158	2081.87	31.96	18.07	139	13	3092	884	115	156
2159	2082.42	27.67	17.4	138	14	3093	827	115	156
2160	2082.97	29.77	17.91	139	13	3095	830	115	156
2161	2083.53	30.04	14.59	125	12	2784	747	115	156
2162	2084.08	27.62	17.16	141	12	3101	830	115	156
2163	2084.63	15.63	15.46	142	11	3098	830	115	156
2164	2085.18	37.37	16.88	142	11	3103	830	115	156
2165	2085.73	13.95	17.52	141	12	3099	830	115	156
2166	2086.29	5.66	17.12	142	11	3110	830	115	156
2167	2086.84	3.06	17.36	143	10	3097	830	115	156
2168	2087.39	6.97	16.25	145	11	3089	834	115	156
2169	2087.94	16.08	18.99	153	12	3081	837	115	158
2170	2088.49	18.46	18.69	154	12	3087	837	115	158
2171	2089.05	21.78	17.68	155	11	3085	837	115	158
2172	2089.6	24.25	17.18	154	12	3086	837	115	158
2173	2090.15	24.96	15.95	153	12	3086	837	115	158
2174	2090.7	21.99	15.38	154	12	3090	837	115	158
2175	2091.26	16.19	16.62	154	12	3092	837	115	158
2176	2091.81	29.75	16.09	151	13	3093	837	115	158
2177	2092.36	20.8	18.11	152	13	3090	837	115	158
2178	2092.91	20.57	18.44	153	13	3092	837	115	158
2179	2093.46	15.28	16.11	152	13	3106	837	115	158
2180	2094.02	15.81	16.42	153	12	3109	837	115	158
2181	2094.57	15.01	18.19	156	11	3101	837	115	158
2182	2095.12	15.86	18.1	157	11	3100	837	115	158
2183	2095.67	15.65	18.1	157	11	3100	837	115	158
2184	2096.22	16.46	18.1	157	11	3100	837	115	158
2185	2096.78	72.26	15.98	157	13	3281	857	115	158
2186	2097.33	94.18	19.94	152	17	3291	857	115	158
2187	2097.88	50.33	17.92	155	15	3298	858	115	158
2188	2098.43	34.31	15.97	155	16	3302	858	115	158
2189	2098.98	21.8	12.38	157	13	3300	858	115	158
2190	2099.54	23.19	11.62	155	15	3304	857	115	158
2191	2100.09	22.52	13.1	154	16	3302	858	115	158
2192	2100.64	32.99	13.42	150	19	3297	857	115	158
2193	2101.19	32.14	13.82	156	15	3290	857	115	158
2194	2101.74	31.26	15.46	143	19	3302	857	115	158
2195	2102.3	35.65	16.74	151	16	3301	857	115	158
2196	2102.85	30.02	13.61	155	13	3296	857	115	158
2197	2103.4	38.77	15.87	155	14	3303	857	115	158
2198	2103.95	24.77	16.38	156	13	3299	857	115	158
2199	2104.5	34.72	16.05	156	13	3301	857	115	158
2200	2105.06	38.27	16.53	153	15	3304	857	115	158
2201	2105.61	42.77	17.67	154	15	3302	858	115	158
2202	2106.16	25.12	14.39	155	14	3302	858	115	158
2203	2106.71	34.5	16.34	154	14	3306	858	115	158
2204	2107.26	21.2	15.12	156	12	3300	857	115	158
2205	2107.82	25.42	16.64	156	13	3301	857	115	158
2206	2108.37	24.03	17.62	156	12	3307	857	115	158
2207	2108.92	18.57	18.12	156	13	3307	858	115	158
2208	2109.47	36.53	17.33	154	14	3310	858	115	158
2209	2110.02	25.94	16.94	155	13	3293	857	115	158
2210	2110.58	30.32	16.3	156	12	3236	856	115	158
2211	2111.13	22.75	12.12	130	10	3238	854	115	158
2212	2111.68	44.3	19.11	152	12	3247	847	115	158
2213	2112.23	26.92	15.9	152	12	3244	847	115	160
2214	2112.78	38.47	17.27	135	13	2921	762	115	160
2215	2113.34	43.96	16.64	152	13	3239	847	115	160
2216	2113.89	24.82	17.7	151	13	3240	847	115	160
2217	2114.44	54.73	17.15	152	13	3247	847	115	160
2218	2114.99	68.92	12.79	129	10	2892	747	115	160
2219	2115.54	71.27	15.68	125	12	2943	756	115	160
2220	2116.1	63.44	18.38	137	14	3282	840	115	160
2221	2116.65	33.56	18.94	138	13	3285	840	115	160
2222	2117.2	61.91	19.34	137	14	3292	840	115	160
2223	2117.75	37.23	20.25	137	14	3286	840	115	160
2224	2118.3	48.65	19.91	135	16	3292	840	115	160
2225	2118.86	49.93	17.76	136	15	3296	840	115	160
2226	2119.41	36.36	20.07	136	15	3298	840	115	160
2227	2119.96	36.42	19.85	136	15	3297	840	115	160
2228	2120.51	37.76	18.12	135	15	3299	840	115	160
2229	2120.94	34.39	18.25	137	14	3296	840	116	160
2230	2121.45	32.6	18.42	137	14	3299	840	116	160
2231	2121.97	33.08	18.39	137	14	3301	840	116	160
2232	2122.49	23.84	15.73	139	13	3297	840	116	160
2233	2123.01	30.42	18.73	138	14	3305	840	116	160
2234	2123.52	29.37	18.87	138	13	3221	823	116	160
2235	2124.04	26.91	18.14	138	13	3212	821	116	160
2236	2124.56	24.48	18.42	138	13	3273	822	116	160
2237	2125.07	24.93	17.99	138	12	3273	822	116	160
2238	2125.59	21.97	18.32	141	13	3275	823	116	160
2239	2126.11	54.8	18.33	144	11	3249	840	116	160
2240	2126.63	41.05	18.32	143	12	3247	840	116	160
2241	2127.14	39.53	18.37	140	14	3250	840	116	160
2242	2127.66	49.34	20.06	138	16	3261	840	116	160
2243	2128.18	49.81	20.25	140	15	3260	840	116	160
2244	2128.69	49.98	18.94	139	16	3263	840	116	161
2245	2129.21	39.78	17.78	141	14	3259	840	116	161
2246	2129.73	47.16	17.11	137	16	3264	840	116	161
2247	2130.25	34.79	17.72	142	13	3261	840	116	161
2248	2130.76	41.41	17.45	140	14	3264	840	116	161
2249	2131.28	49.46	19.06	140	15	3259	840	116	161
2250	2131.8	49.74	16.67	139	15	3257	840	116	161
2251	2132.31	44.19	18.81	139	15	3255	840	116	161
2252	2132.83	36.89	18	140	15	3252	840	116	161
2253	2133.35	39.18	19.22	139	15	3262	840	116	161
2254	2133.87	38.13	17.04	140	14	3255	840	116	161
2255	2134.38	31.16	17.53	140	14	3256	840	116	161
2256	2134.9	30.29	17.28	142	13	3262	840	117	161
2257	2135.42	35.35	16.89	140	13	3261	840	117	161
2258	2135.94	34.24	17.77	139	15	3263	840	117	161
2259	2136.45	26.67	16.61	143	13	3262	840	117	161
2260	2136.97	28.66	17.53	141	13	3268	840	117	161
2261	2137.49	30.94	17.01	141	14	3267	840	117	161
2262	2138	10.86	13.36	143	12	3260	840	117	161
2263	2138.52	16.06	13.69	143	12	3264	840	117	161
2264	2139.04	17.82	14.6	144	12	3267	840	117	161
2265	2139.56	22.56	13.25	143	12	3269	840	117	161
2266	2140.07	15.7	12.52	144	11	3272	840	117	161
2267	2140.59	16.29	11.7	129	10	3276	838	117	161
2268	2141.11	40.77	13	141	12	3269	655	117	161
2269	2141.62	41.52	14.45	136	14	3269	381	117	161
2270	2142.14	119.98	21.39	133	16	3281	381	117	161
2271	2142.66	60.59	19.47	132	17	3291	344	117	161
2272	2143.18	40.12	16.36	134	16	3279	381	117	161
2273	2143.69	39.54	17.34	134	15	3275	794	117	161
2274	2144.21	43.13	18.03	134	15	3275	841	117	161
2275	2144.73	42.16	18.17	135	15	3273	840	117	161
2276	2145.24	44.21	17.17	135	15	3269	840	117	161
2277	2145.76	45.62	17.17	135	15	3275	840	117	161
2278	2146.28	53.71	18.61	134	16	3279	840	117	161
2279	2146.8	37.6	17.53	136	14	3275	840	117	161
2280	2147.31	46.87	17.4	135	15	3274	840	117	161
2281	2147.83	39.6	15.74	136	14	3270	840	117	161
2282	2148.35	40.92	14.43	136	14	3274	840	117	161
2283	2148.87	32.19	13.99	137	13	3271	840	117	161
2284	2149.38	45.7	14.36	137	13	3278	840	117	161
2285	2149.9	32.39	16.54	138	13	3283	840	117	161
2286	2150.42	27.45	14.55	138	12	3278	840	117	161
2287	2150.93	41.03	15.34	136	14	3271	839	117	161
2288	2151.45	37.54	15.96	137	13	3270	839	117	161
2289	2151.97	32.87	15	137	13	3264	839	117	161
2290	2152.49	35.06	15.76	137	14	3277	840	117	161
2291	2153	30.15	15.5	137	13	3279	839	117	161
2292	2153.52	48.04	16.32	133	16	3273	840	117	161
2293	2154.04	52.45	18.29	134	15	3277	840	117	161
2294	2154.55	39.04	18.13	136	14	3275	839	117	161
2295	2155.07	24.82	10.17	89	9	2049	545	117	161
2296	2155.59	3.89	1.99	20	2	251	125	117	161
2297	2156.11	36.58	14.56	133	14	3048	797	117	161
2298	2156.62	55.56	14.54	141	14	3290	839	117	161
2299	2157.14	76.56	13.18	143	13	3296	839	117	161
2300	2157.66	54.29	16.42	144	12	3292	839	117	161
2301	2158.18	33.33	16.84	145	11	3281	839	117	161
2302	2158.69	48.3	16.62	144	11	3290	755	117	161
2303	2159.21	44.65	16.1	142	11	3271	804	117	161
2304	2159.73	38.14	14.77	141	12	3267	847	117	161
2305	2160.24	34.11	15.23	141	11	3269	847	117	161
2306	2160.76	18.2	14	142	11	3265	847	117	161
2307	2161.28	33.5	15.05	140	12	3261	847	117	161
2308	2161.8	29.56	13.39	139	13	3265	847	117	161
2309	2162.31	31.96	17.34	139	13	3261	847	117	161
2310	2162.83	34.68	16.32	138	15	3265	847	117	161
2311	2163.35	34.8	15.73	138	14	3254	847	117	161
2312	2163.86	29.92	13.93	140	12	3265	847	117	161
2313	2164.38	36.57	17	140	12	3267	842	117	161
2314	2164.9	23.73	14.89	141	12	3260	841	117	161
2315	2165.42	24.57	15.56	141	12	3255	840	117	161
2316	2165.93	21.64	15.41	142	11	3265	840	117	161
2317	2166.45	10.69	14.9	142	10	3271	840	117	161
2318	2166.97	32.37	14.72	127	10	2941	756	117	161
2319	2167.48	16.98	15.33	142	11	3267	841	117	161
2320	2168	15.91	13.59	142	11	3253	841	117	161
2321	2168.52	14.11	13.14	141	12	3261	840	117	161
2322	2169.04	8.86	13.59	142	11	3266	841	117	161
2323	2169.55	24.22	16.83	138	14	3264	841	117	161
2324	2170.07	29.46	17.57	138	13	3279	841	117	161
2325	2170.59	59.76	16.41	140	13	3302	841	117	161
2326	2171.11	40.05	16.34	141	13	3333	841	117	161
2327	2171.62	41.98	16.47	141	14	3336	840	117	161
2328	2172.14	29.91	14.94	141	13	3332	840	117	161
2329	2172.66	13.96	13.37	141	13	3337	841	117	161
2330	2173.17	28.62	14.86	141	14	3340	841	117	161
2331	2173.69	33.45	16.72	140	15	3330	841	117	161
2332	2174.21	41.3	15.93	140	15	3336	841	117	161
2333	2174.73	18.31	13.26	142	13	3337	840	117	161
2334	2175.24	21.9	12.81	142	13	3325	840	117	161
2335	2175.76	11.02	15.99	143	12	3326	841	117	161
2336	2176.28	10.91	8.07	84	8	1992	504	117	161
2337	2176.79	21.82	12.11	127	12	2979	757	117	161
2338	2177.31	24.05	12.96	142	13	3320	841	117	161
2339	2177.83	14.65	14.56	143	12	3324	840	117	161
2340	2178.35	16.38	13.74	141	13	3314	841	117	161
2341	2178.86	7.42	9.85	114	10	2655	673	117	161
2342	2179.38	10.03	14.08	143	12	3325	841	117	161
2343	2179.9	10.19	13.61	143	12	3326	841	117	161
2344	2180.42	19.83	15.95	141	13	3314	841	117	161
2345	2180.93	17.1	15.19	140	14	3303	841	117	161
2346	2181.45	18.58	15.37	141	14	3303	841	117	161
2347	2181.97	14.56	15.16	127	12	2972	714	117	161
2348	2182.48	7.2	8.03	87	7	2033	252	117	161
2349	2183	45.82	9.57	102	8	2374	294	117	161
2350	2183.52	171.12	12.61	146	11	3392	421	117	161
2351	2184.04	48.86	15.45	143	13	3384	421	117	161
2352	2184.55	35.33	15.42	141	15	3384	421	117	161
2353	2185.07	34.9	15.58	138	17	3386	473	117	161
2354	2185.59	29.95	15.18	142	14	3361	846	117	161
2355	2186.1	63.17	15.32	136	17	3255	837	117	161
2356	2186.62	55.1	15.6	138	16	3275	840	117	161
2357	2187.14	37.58	15.79	123	15	2937	754	117	161
2358	2187.66	33.98	13.62	124	14	2927	754	117	161
2359	2188.17	44.41	17.22	138	16	3251	839	117	161
2360	2188.69	22.08	14.83	141	13	3246	838	117	161
2361	2189.21	40.35	15.49	126	13	2927	755	117	161
2362	2189.72	5.58	10.07	83	8	1950	504	117	161
2363	2190.24	4.47	10.49	97	10	2276	587	117	161
2364	2190.76	14.88	14.92	140	14	3250	838	117	161
2365	2191.28	20.45	13.57	138	14	3255	839	117	161
2366	2191.79	20.84	13.6	138	15	3255	839	117	161
2367	2192.31	22.71	15.58	139	15	3263	839	117	161
2368	2192.83	19.72	15.21	140	14	3262	838	117	161
2369	2193.35	15.82	14.03	139	14	3267	838	117	161
2370	2193.86	17.45	15.62	140	14	3264	839	117	161
2371	2194.38	13.33	15.84	141	13	3261	838	117	161
2372	2194.9	9.55	14.06	140	14	3265	840	117	161
2373	2195.41	13.07	14.72	141	14	3266	839	117	161
2374	2195.93	10.52	14.3	142	13	3267	839	117	161
2375	2196.45	12.51	14.57	142	12	3265	839	117	161
2376	2196.97	11.3	14.78	142	12	3269	839	117	161
2377	2197.48	17.5	15.66	142	12	3265	838	117	161
2378	2198	29.92	13.68	141	13	3267	838	117	161
2379	2198.52	29.94	14.21	141	13	3265	838	117	161
2380	2199.03	26.25	12.82	141	12	3267	837	117	161
2381	2199.55	28.59	12.49	135	12	2999	796	117	161
2382	2200.07	19.53	13.14	128	10	3275	839	117	161
2383	2200.59	22.26	16.57	148	12	3328	840	117	161
2384	2201.1	53.16	18.15	150	12	3333	756	117	161
2385	2201.62	127.31	16.46	132	12	2995	378	117	161
2386	2202.14	106.8	18.13	148	12	3241	421	117	161
2387	2202.65	72.03	18.05	147	13	3230	421	117	161
2388	2203.17	75.75	17.7	148	13	3221	421	117	161
2389	2203.69	48.88	16.1	147	13	3201	425	117	161
2390	2204.21	40.9	16.47	147	13	3231	428	117	161
2391	2204.72	32.37	14.77	132	12	2925	427	117	161
2392	2205.24	72.12	15.43	132	12	2934	385	117	161
2393	2205.76	34.35	14.91	132	12	3269	427	117	161
2394	2206.28	66.5	16.2	143	16	3279	428	117	161
2395	2206.79	51.85	17.42	145	14	3272	426	117	161
2396	2207.31	67.2	14.36	147	12	3324	426	117	161
2397	2207.83	94	10.93	146	11	3439	426	117	161
2398	2208.34	65.58	11.07	146	10	3446	838	117	161
2399	2208.86	84.5	12.44	145	11	3442	837	117	161
2400	2209.38	59.95	16.09	127	13	3092	796	117	161
2401	2209.9	84.19	16.93	142	14	3423	839	117	161
2402	2210.41	52.73	17.5	141	14	3443	706	117	161
2403	2210.93	69.42	16.72	141	14	3436	706	117	161
2404	2211.45	39.86	16.65	143	13	3422	706	117	161
2405	2211.96	38.72	16.11	144	13	3426	706	117	161
2406	2212.48	61.16	16.04	144	12	3422	706	117	161
2407	2213	54.06	15.13	144	13	3420	706	117	161
2408	2213.52	40.33	16.48	143	14	3432	858	117	161
2409	2214.03	35.99	15.32	144	13	3416	859	117	161
2410	2214.55	52.19	10.71	122	11	3055	771	117	161
2411	2215.07	51.19	17.66	124	15	3273	596	117	161
2412	2215.59	84.96	18.56	137	18	3251	419	117	161
2413	2216.1	80.3	19.87	131	16	3233	464	117	161
2414	2216.62	77.81	16.22	126	15	2961	511	117	161
2415	2217.14	59.15	10.03	99	11	2087	607	117	161
2416	2217.65	30.39	14.58	128	12	3034	728	117	161
2417	2218.17	72.35	19.81	136	18	3240	586	117	161
2418	2218.69	64.05	20.32	139	17	3243	839	117	161
2419	2219.21	67.5	19.91	141	16	3238	839	117	161
2420	2219.72	87.42	19.22	140	16	3233	839	117	161
2421	2220.24	71.99	15.6	112	13	2581	670	117	161
2422	2220.76	97.2	20.21	137	18	3251	842	117	161
2423	2221.27	82.75	20.28	133	17	3314	858	117	161
2424	2221.79	124	19.04	133	17	3334	857	117	161
2425	2222.31	144.2	17.11	122	14	2980	771	117	161
2426	2222.83	99.66	18.7	120	15	2987	771	117	161
2427	2223.34	59.12	17.42	136	15	3319	857	117	161
2428	2223.88	83.48	17.02	137	14	3329	857	116	161
2429	2224.4	62.37	11.78	111	11	2646	679	116	161
2430	2224.92	43.67	14.88	136	15	3287	838	116	161
2431	2225.44	49.25	17.36	134	17	3282	838	116	161
2432	2225.96	55.26	18.33	134	16	3288	838	116	161
2433	2226.49	48.68	19.43	133	17	3308	838	116	161
2434	2227.01	50.8	18.25	132	17	3308	838	116	161
2435	2227.53	48.62	18.39	133	17	3305	838	116	161
2436	2228.05	37.74	16.81	134	16	3287	837	116	161
2437	2228.57	42.13	16.74	134	16	3292	838	116	161
2438	2229.1	25.25	16.06	136	15	3319	838	116	161
2439	2229.62	29.7	13.43	111	14	3312	837	116	161
2440	2230.14	30.46	12.13	100	12	3318	838	116	161
2441	2230.66	45.89	17.09	139	17	3318	841	116	161
2442	2231.18	35.28	16.09	140	17	3319	841	116	161
2443	2231.71	46.61	16.7	140	17	3315	841	116	161
2444	2232.23	40.68	17.56	140	17	3328	841	116	161
2445	2232.75	43.8	17.01	139	17	3305	840	116	161
2446	2233.27	29.54	15.66	142	15	3313	841	116	161
2447	2233.8	31.42	15.94	142	15	3318	820	116	161
2448	2234.32	33.65	15.26	142	15	3321	841	116	161
2449	2234.84	30.04	14.46	141	16	3329	841	116	161
2450	2235.36	34.62	15.94	140	16	3336	841	116	161
2451	2235.88	40.64	17.33	139	17	3337	842	116	161
2452	2236.41	40.67	18.57	139	17	3334	842	116	161
2453	2236.93	39.37	16.09	141	16	3327	841	116	161
2454	2237.45	40.88	15.69	140	16	3338	841	116	161
2455	2237.97	28.16	14.41	140	16	3337	842	116	161
2456	2238.49	31.32	15.19	142	15	3353	842	116	161
2457	2239.02	33.93	14.9	141	15	3348	842	116	161
2458	2239.54	65.97	18.49	139	16	3338	842	116	161
2459	2240.06	66	17.46	140	16	3337	841	116	161
2460	2240.58	79.3	21.56	136	19	3320	841	116	161
2461	2241.1	50.81	16.94	139	17	3327	841	116	161
2462	2241.63	53.35	18.12	139	17	3340	778	116	161
2463	2242.15	49.15	17.76	140	16	3337	841	116	161
2464	2242.67	61.91	18.73	139	17	3310	821	116	161
2465	2243.19	51.42	16.83	138	17	3311	841	116	161
2466	2243.72	82.72	21.39	136	18	3314	841	116	161
2467	2244.24	69.45	18.74	138	17	3314	842	116	161
2468	2244.76	28.2	15.34	141	14	3277	786	116	161
2469	2245.28	53.15	14.17	133	15	3071	807	116	161
2470	2245.8	36.98	13.47	132	16	3215	826	116	161
2471	2246.33	36.26	14.53	132	16	3274	839	116	161
2472	2246.85	47.42	15.13	132	16	3270	839	116	161
2473	2247.37	44.8	14.29	131	16	3268	838	116	161
2474	2247.89	46.88	15.22	130	17	3268	839	116	161
2475	2248.41	41.74	15.42	133	16	3268	838	116	161
2476	2248.94	29.37	14.75	132	16	3260	838	116	161
2477	2249.46	38.58	14.66	132	16	3260	838	116	161
2478	2249.98	31.65	13.9	134	15	3262	837	116	161
2479	2250.5	28.81	14.16	134	15	3260	837	116	161
2480	2251.02	33.69	14.23	133	16	3260	837	116	161
2481	2251.55	35.38	14.63	132	16	3261	839	116	161
2482	2252.07	32.86	15.46	134	15	3264	837	116	161
2483	2252.59	31.03	14.9	132	16	3262	838	116	161
2484	2253.11	35.36	14.75	132	16	3263	837	116	161
2485	2253.64	34.18	16.56	131	17	3270	837	116	161
2486	2254.1	32.47	14.16	132	16	3270	837	116	161
2487	2254.12	33.45	14.5	132	16	3276	837	116	161
2488	2254.64	38.77	16.16	131	17	3279	837	116	161
2489	2255.17	34.1	13.92	133	15	3273	837	116	161
2490	2255.69	28.79	13.72	133	15	3274	837	116	161
2491	2256.21	31.23	15.11	133	15	3275	837	116	161
2492	2256.74	42.94	17.29	131	17	3278	837	116	161
2493	2257.26	42.66	15.85	131	17	3279	837	116	161
2494	2257.78	49.07	16.48	129	18	3280	838	116	161
2495	2258.31	49.84	18.67	129	18	3278	837	116	161
2496	2032.77	25.82	7.81	115	13	2924	753	116	161
2497	2259.02	35.26	12.04	134	16	3218	838	116	161
2498	2259.54	35.65	15.02	135	16	3213	837	116	161
2499	2260.07	52.54	16.43	130	19	3220	837	116	161
2500	2260.59	52.81	16.74	130	19	3220	838	116	161
2501	2261.11	60.31	18.52	129	20	3220	837	116	161
2502	2261.63	52.38	18.09	128	21	3222	838	116	161
2503	2262.15	46.04	17.1	131	19	3220	837	116	161
2504	2262.67	51.17	16.28	130	19	3223	837	116	161
2505	2263.19	37.14	15.63	132	18	3220	838	116	161
2506	2263.73	21.64	11.64	136	15	3222	838	116	161
2507	2264.23	4.59	10.25	140	12	3226	838	116	161
2508	2264.76	20.86	10.8	137	14	3241	838	116	161
2509	2265.28	39.8	14.59	135	16	3250	837	116	161
2510	2265.8	30.6	12.09	135	16	3251	839	116	161
2511	2266.18	13.4	9.22	139	14	3250	839	116	161
2512	2266.28	12.6	8.6	140	13	3250	840	116	161
2513	2040.54	25.7	9.91	130	12	2919	754	116	161
2514	2267.89	39.4	12.99	141	16	3244	838	116	161
2515	2268.41	38.46	14.97	140	17	3238	838	116	161
2516	2268.93	33.88	15.02	139	17	3240	838	116	161
2517	2269.45	34.55	13.9	141	16	3240	837	116	161
2518	2269.97	21.61	12.95	142	15	3240	839	116	161
2519	2270.49	28.13	11.62	141	16	3240	838	116	161
2520	2271.02	24.55	13.3	142	15	3242	839	116	161
2521	2271.54	27.28	13.72	141	16	3244	838	123	167
2522	2272.06	25.24	12.72	142	15	3250	838	123	167
2523	2272.58	29.04	14.44	141	16	3250	837	123	167
2524	2273.1	19.39	13.43	142	15	3250	838	123	167
2525	2273.62	15.26	11.26	143	14	3252	838	123	167
2526	2274.15	5.81	8.31	146	12	3276	838	123	167
2527	2274.67	10.02	8.4	146	12	3257	838	123	167
2528	2275.19	4.88	8.2	146	13	3262	839	123	167
2529	2275.71	3.23	6.22	142	12	3233	839	123	167
2530	2276.23	41.79	6.3	129	12	3239	837	123	167
2531	2276.75	66.71	10.65	130	14	3236	837	123	167
2532	2277.27	29.67	9.98	127	13	3230	837	123	167
2533	2277.8	55.69	9.81	132	14	3212	837	123	167
2534	2278.32	24.96	5.79	140	15	3185	837	123	167
2535	2278.84	25.5	11.53	141	15	3185	837	123	167
2536	2279.36	26.75	11.65	141	15	3186	837	123	167
2537	2279.88	27.36	9.3	141	15	3177	837	123	167
2538	2280.4	26.57	10.55	142	14	3179	837	123	167
2539	2280.92	12	4.82	142	14	1974	335	123	167
2540	2281.44	15.9	3.41	142	14	2688	336	123	167
2541	2281.96	96.55	3.21	75	15	2681	336	123	167
2542	2282.48	27.6	10.92	142	15	3349	755	123	167
2543	2283	70.08	7.35	114	11	2677	671	123	167
2544	2283.52	60.5	12.77	140	16	3353	837	123	167
2545	2284.04	27.4	8.6	144	13	3351	839	123	167
2546	2284.56	4.8	7.21	145	12	3350	840	123	167
2547	2285.08	7.91	9.25	144	12	3346	840	123	167
2548	2285.6	10.34	8.62	143	13	3359	839	123	167
2549	2286.12	10.42	8.61	143	13	3384	840	123	167
2550	2286.64	11.84	10.39	143	13	3425	840	123	167
2551	2287.16	4.35	5.51	79	14	2029	502	123	167
2552	2287.68	1.88	2.61	24	14	1005	249	123	167
2553	2288.2	47.95	10.67	105	13	2711	671	123	167
2554	2308.55	86.79	13.7	140	18	3389	840	123	167
2555	2309.55	65.79	13.81	141	17	3379	840	123	167
2556	2310.55	47.15	13.12	138	19	3374	840	123	167
2557	2311.55	80	13.79	138	19	3186	842	123	167
2558	2311.55	54.75	11.22	124	17	3042	760	123	167
2559	2311.55	67.69	11.5	124	17	3042	760	123	167
2560	2314.55	38.18	11.83	140	17	3378	846	123	167
2561	2315.55	39.37	13.43	140	18	3373	845	123	167
2562	2316.55	47.14	12.18	141	17	3370	845	123	167
2563	2317.55	42.39	10.59	141	17	3369	845	123	167
2564	2318.55	59.31	12.13	138	19	3370	845	123	167
2565	2319.55	25.78	11.67	143	16	3364	846	123	167
2566	2320.55	31.92	12.28	142	17	3370	845	123	167
2567	2321.55	28.02	10.63	143	17	3365	845	123	167
2568	2322.55	23.28	12.69	144	15	3365	846	123	167
2569	2323.55	50.85	8.42	145	14	3365	845	123	167
2570	2324.55	31.04	9.31	145	14	3369	845	123	167
2571	2325.55	78.36	12.92	139	16	3377	840	123	167
2572	2326.55	47.44	8.93	141	15	3379	840	123	167
2573	2327.55	32.8	11.16	140	16	3412	841	123	167
2574	2328.55	61.38	6.99	142	14	3434	840	123	167
2575	2329.55	118.14	6.77	142	13	3440	840	123	167
2576	2330.55	76.77	11.34	137	17	3423	840	123	167
2577	2331.55	41.21	11.16	135	18	3414	840	123	167
2578	2332.55	31.4	7.73	138	15	3405	840	123	167
2579	2333.55	24.83	10.41	140	15	3406	840	123	167
2580	2334.55	18.91	8.75	142	13	3407	840	123	167
2581	2335.55	26.85	8.68	145	12	3417	841	123	167
2582	2336.55	39.32	12.39	136	15	3416	841	123	167
2583	2337.55	2.92	3.64	136	15	3416	336	123	167
2584	2338.55	2.92	3.64	136	15	3416	336	123	167
2585	2339.55	13.44	6.11	136	15	1695	420	123	167
2586	2340.55	25.96	6.25	136	18	3390	840	123	167
2587	2341.55	28.08	10.73	138	16	3368	840	123	167
2588	2342.55	26.02	11.37	137	17	3364	840	123	167
2589	2343.55	28	11.62	137	17	3360	839	123	167
2590	2344.55	29.02	10.73	138	17	3360	839	123	167
2591	2345.55	26.02	11.45	140	16	3367	839	123	167
2592	2345.55	21.24	9.99	139	16	3362	838	123	167
2593	2345.55	18.35	9.63	140	16	3363	839	123	167
2594	2345.55	16.3	8.52	140	15	3368	840	123	167
2595	2345.55	16.18	9.3	141	15	3364	840	123	167
2596	2345.55	15.05	8.69	142	14	3369	839	123	167
2597	2345.55	15.52	8.4	142	14	3369	839	123	167
2598	2345.55	16	7.03	142	14	3368	840	123	167
2599	2345.55	36.32	9.77	94	13	2363	588	123	167
2600	2345.55	77.76	10.72	125	15	3032	756	123	167
2601	2345.55	48.63	9.91	140	16	3360	839	123	167
2602	2345.55	47.36	11.98	124	16	3024	755	123	167
2603	2345.55	68.68	10.6	139	16	3356	839	123	167
2604	2345.55	75.28	12.85	139	17	3353	840	123	167
2605	2345.55	52.31	12.88	138	18	3354	839	123	167
2606	2345.55	74.06	10.23	126	14	3024	756	123	167
2607	2345.55	121.96	12.17	125	15	3016	756	123	167
2608	2345.55	98.53	8.16	111	13	2668	672	123	167
2609	2345.55	47.71	11.6	137	17	3360	840	123	167
2610	2345.55	49.98	12.14	136	19	3480	840	123	167
2611	2345.55	53.13	13.35	136	19	3486	840	123	167
2612	2345.55	35.4	11.93	134	20	3478	840	123	167
2613	2345.55	38.2	10.92	138	18	3481	841	123	167
2614	2345.55	37.29	11.42	137	18	3478	841	123	167
2615	2345.55	38.72	8.56	139	17	3477	841	123	167
2616	2345.55	36.56	11.5	137	18	3480	840	123	167
2617	2345.55	34.31	11.07	138	17	3480	840	123	167
2618	2345.55	29.39	9.68	140	16	3480	840	123	167
2619	2345.55	32.32	9.97	141	15	3482	840	123	167
2620	2345.55	36.45	8.58	111	13	2785	672	123	167
2621	2345.55	68.38	10.42	124	16	3137	756	123	167
2622	2345.55	104.53	10.94	121	17	3136	757	123	167
2623	2345.55	36.62	13.01	137	18	3485	840	123	167
2624	2345.55	91.42	12.76	137	18	3486	840	123	167
2625	2345.55	48.14	12.06	123	17	3141	756	123	167
2626	2345.55	43.7	10.72	109	15	2792	672	123	167
2627	2345.55	76.56	13.24	136	18	3490	840	123	167
2628	2345.55	76	14.12	138	18	3488	841	123	167
2629	2345.55	72.34	12.53	140	17	3489	840	123	167
2630	2345.55	35.68	14.77	140	17	3490	840	123	167
2631	2345.55	77.83	10.21	111	14	2791	675	123	167
2632	2345.55	64.98	10.36	86	14	2082	514	123	167
2633	2345.55	100.35	10.23	130	15	3117	771	123	167
2634	2345.55	162.41	12.65	118	13	2768	685	123	167
2635	2345.55	89.27	13.73	144	17	3457	857	123	167
2636	2345.55	53.36	12.42	130	16	3107	771	123	167
2637	2345.55	23.39	12.01	147	16	3455	857	123	167
2638	2345.55	48.34	12.36	102	13	2774	685	123	167
2639	2345.55	8.38	12.36	103	13	1396	342	123	167
2640	2345.55	8.38	14.26	103	12	1396	342	123	167
2641	2345.55	61.25	15.23	102	14	2883	678	123	167
2642	2345.55	56.67	10.69	138	17	3645	842	123	167
2643	2345.55	65.1	10.11	122	16	3134	744	123	167
2644	2345.55	70.46	12.18	135	18	3418	820	123	167
2645	2345.55	63.06	13.05	131	20	3418	820	123	167
2646	2345.55	51.41	10.98	132	19	3419	820	123	167
2647	2345.55	13.87	8.94	139	15	3395	824	123	167
2648	2345.55	78.49	8.48	137	16	3354	833	123	167
2649	2345.55	52.88	10.03	120	16	3020	751	123	167
2650	2345.55	47.16	8.39	138	16	3365	835	123	167
2651	2357.71	55.8	9.48	137	16	3335	835	123	167
2652	2358.44	41.88	10.65	136	17	3344	835	123	167
2653	2359.16	52.85	12.18	135	18	3350	835	123	167
2654	2359.89	79.4	8.11	125	14	3015	751	123	167
2655	2360.61	81.65	10.88	139	15	3346	835	123	167
2656	2361.36	47.24	11.83	141	13	3341	835	123	167
2657	2362.12	60.82	12.58	141	14	3343	835	123	167
2658	2362.88	40.25	9.5	140	14	3348	835	123	167
2659	2363.64	22.81	11.29	140	14	3330	835	123	167
2660	2364.4	28.37	10.35	141	14	3327	835	123	167
2661	2365.16	28.05	9.79	140	14	3320	835	123	167
2662	2365.92	24.14	9.79	141	14	3319	832	123	167
2663	2366.68	22.87	9.19	140	14	3325	832	123	167
2664	2367.44	24.63	10.44	141	13	3327	832	123	167
2665	2368.21	30.12	9.11	141	13	3321	821	123	167
2666	2368.97	33.22	9.64	142	13	3249	770	123	167
2667	2369.73	110.76	13.18	135	18	3110	777	123	167
2668	2370.49	82.9	12.03	130	20	3115	760	123	167
2669	2371.25	55.76	10.83	130	20	3171	765	123	167
2670	2372.01	50.48	10.54	133	19	3212	789	123	167
2671	2372.77	26.09	8.45	137	17	3203	812	123	167
2672	2373.53	60.78	10.39	134	18	3207	850	123	167
2673	2374.29	43.52	7.34	135	18	3210	790	123	167
2674	2375.05	25.39	9.52	134	18	3214	790	123	167
2675	2375.81	27.38	6.97	136	18	3211	785	123	167
2676	2376.57	32.04	7.91	137	17	3216	856	123	167
2677	2377.33	29.55	6.76	136	17	3224	862	123	167
2678	2378.09	41.23	5.71	134	19	3230	760	123	167
2679	2378.85	23.05	6.58	132	19	3222	726	123	167
2680	2379.62	43.46	12.28	131	20	3228	780	123	167
2681	2380.38	33.83	10.57	125	22	3232	789	123	167
2682	2381.14	31.99	10.97	130	20	3230	856	123	167
2683	2381.9	38.22	9.54	134	19	3235	723	123	167
2684	2382.67	32.22	11.15	134	19	3166	862	123	167
2685	2383.44	36.35	10.6	133	18	3217	398	123	167
2686	2384.22	35.11	9.14	132	20	3223	399	123	167
2687	2385	27.85	10.94	132	19	3230	520	123	167
2688	2385.77	33.57	11.67	136	17	3230	896	123	167
2689	2386.55	46.2	10.11	131	20	3230	840	123	167
2690	2387.33	43.37	8.78	131	20	3236	922	123	167
2691	2388.1	35.75	11.25	134	18	3236	800	123	167
2692	2388.88	29.69	11.02	134	18	3234	800	123	167
2693	2389.66	28.89	9.99	136	18	3240	917	123	167
2694	2390.43	37.2	11.31	137	17	3253	801	123	167
2695	2391.21	94.64	14.81	136	18	3317	784	123	167
2696	2391.99	82.47	18.09	134	13	2968	721	123	167
2697	2392.76	67.53	19.7	143	18	3290	802	123	167
2698	2393.54	52.6	17.4	141	20	3272	802	123	167
2699	2394.32	61.45	18.36	141	20	3267	802	123	167
2700	2395.09	42.52	14.99	143	19	3278	802	123	167
2701	2395.87	44.23	15.79	142	19	3277	802	123	167
2702	2396.65	43.16	14.06	143	19	3284	802	123	167
2703	2397.42	41.62	14.13	144	18	3279	802	123	167
2704	2398.2	48.14	14.22	145	17	3287	809	123	167
2705	2398.98	62.51	17.68	141	19	3291	810	123	167
2706	2399.75	66.16	18.72	135	22	3293	810	123	167
2707	2400.53	65.4	21.79	134	22	3302	810	123	167
2708	2401.3	50.68	17.86	140	20	3296	810	123	167
2709	2402.08	42.4	16.46	141	19	3312	810	123	167
2710	2402.86	34.71	15.67	145	17	3320	810	123	167
2711	2403.63	27.47	15.09	146	17	3311	809	123	167
2712	2404.41	44.26	13.8	146	17	3263	798	123	167
2713	2405.2	37.14	14.18	146	17	3255	799	123	167
2714	2405.99	29.18	14.5	146	17	3269	799	123	167
2715	2406.78	33.64	13.1	146	17	3271	800	123	167
2716	2407.58	30.06	11.7	147	17	3272	799	123	167
2717	2408.37	23.39	13.59	147	16	3262	800	123	167
2718	2409.16	26.41	10.82	147	16	3265	798	123	167
2719	2409.96	24.81	12.23	147	16	3287	800	123	167
2720	2410.75	26.94	14.53	146	17	3272	800	123	167
2721	2411.54	26.7	12.76	146	17	3282	799	123	167
2722	2412.34	25.95	14.1	130	16	3302	798	123	167
2723	2413.13	62.82	8.19	146	13	3234	781	123	167
2724	2413.92	62.04	17.44	142	17	3244	780	123	167
2725	2414.72	71.53	18.04	138	19	3213	780	123	167
2726	2415.51	35.24	16.31	140	18	3216	781	123	167
2727	2416.31	46.02	14.02	140	18	3238	782	123	167
2728	2417.1	51.07	15.76	137	20	3219	782	123	167
2729	2417.89	49.26	14.44	137	20	3239	782	123	167
2730	2418.69	58.01	17.55	136	20	3249	763	123	167
2731	2419.48	58.04	20.95	131	23	3254	782	123	167
2732	2420.27	51.25	19.64	130	23	3250	782	123	167
2733	2421.07	41.16	15.82	134	22	3229	782	123	167
2734	2421.86	50.83	19.77	131	23	3219	782	123	167
2735	2422.65	51.63	19.86	128	23	3208	782	123	167
2736	2423.45	54.02	20.01	126	25	3248	782	123	167
2737	2424.24	57.94	20.64	124	26	3273	782	123	167
2738	2425.03	36.18	17.53	131	23	3286	782	123	167
2739	2425.83	33.87	17.03	133	22	3271	782	123	167
2740	2426.62	35.55	17.05	133	21	3253	782	123	167
2741	2427.41	35.52	16.28	135	21	3262	782	123	167
2742	2428.22	35.21	14.73	135	21	3271	782	123	167
2743	2429.05	33.64	15.64	134	22	3282	782	123	167
2744	2429.87	37.77	16.39	134	21	3272	782	123	167
2745	2430.7	33.54	15.54	135	20	3286	782	123	167
2746	2431.52	32.36	11.77	143	16	3277	796	123	167
2747	2432.34	26.47	14.56	141	17	3269	800	123	167
2748	2433.17	36.2	12.13	139	18	3270	800	123	167
2749	2433.99	35.67	14.08	139	18	3294	800	123	167
2750	2434.81	29.12	13.79	140	18	3271	800	123	167
2751	2435.64	42.27	14.85	139	19	3277	800	124	168
2752	2436.46	95.57	19.18	140	21	3323	801	124	168
2753	2437.29	82.67	19.04	136	23	3330	800	124	168
2754	2438.11	61.67	14.6	126	19	3005	720	124	168
2755	2438.93	38.96	16.32	143	19	3329	801	124	168
2756	2439.76	38.35	11.43	138	21	3318	801	124	168
2757	2440.58	28.45	10.45	140	20	3322	801	124	168
2758	2441.41	33.47	14.15	144	19	3299	800	124	168
2759	2442.23	46.04	13.13	140	21	3291	800	124	168
2760	2443.05	67.61	14.78	136	23	3291	800	124	168
2761	2443.88	40.6	10.64	139	21	3296	799	124	168
2762	2444.7	50.52	10.7	143	20	3277	799	124	168
2763	2445.53	68.17	10.43	144	19	3270	798	124	168
2764	2446.35	22.71	14.26	145	18	3254	798	124	168
2765	2447.17	42.1	8.97	145	18	3259	797	124	168
2766	2448	28.8	9.84	146	17	3277	797	124	168
2767	2448.82	40.27	10.92	132	15	2961	719	124	168
2768	2449.65	42.36	11.81	145	18	3267	798	124	168
2769	2450.47	39.21	14.01	145	19	3269	799	124	168
2770	2451.31	31.14	13.28	146	18	3272	799	119	163
2771	2452.16	28.63	11.86	144	19	3269	798	119	163
2772	2453.01	35.4	10.97	144	18	3273	797	119	163
2773	2453.87	46.83	11.49	145	16	3293	782	119	163
2774	2454.72	49.49	11.9	126	15	2962	707	119	163
2775	2455.57	37.79	12.97	108	18	3258	800	119	163
2776	2456.42	29.16	10.97	108	18	3278	800	119	163
2777	2457.28	39.55	13.93	108	18	3286	798	119	163
2778	2458.13	57.27	14.29	105	20	3265	797	119	163
2779	2458.98	26.66	15.38	108	19	3266	798	119	163
2780	2459.83	8.81	16.44	97	15	2915	717	119	163
2781	2460.69	14.38	4.51	43	7	1634	400	119	163
2782	2461.54	63.24	13.4	108	16	3286	803	119	163
2783	2462.39	24.42	6.4	105	15	3262	799	119	163
2784	2463.24	15.82	5.97	138	16	3277	801	119	163
2785	2464.1	14.51	7.4	141	17	3294	801	119	163
2786	2464.95	17.52	8.66	142	17	3317	801	119	163
2787	2465.8	24.55	9.61	142	16	3316	801	119	163
2788	2466.65	46.57	13.18	139	18	3324	802	119	163
2789	2467.51	25.54	7.28	93	12	2328	561	119	163
2790	2468.36	74.17	3.86	81	8	1994	481	119	163
2791	2469.21	116.58	4.71	140	17	3311	801	119	163
2792	2470.06	112.53	9.7	137	19	3305	801	119	163
2793	2470.91	40.02	7.39	125	16	2964	721	119	163
2794	2471.77	36.9	6.82	126	16	2934	720	119	163
2795	2472.62	65.71	7.24	126	16	2937	720	119	163
2796	2473.47	49.85	9.45	138	19	3271	800	119	163
2797	2474.32	48.02	6.46	124	17	2943	720	119	163
2798	2475.18	50.12	9.39	141	18	3273	800	119	163
2799	2476.04	46.2	9.49	141	18	3262	800	119	163
2800	2476.92	31.41	7.54	142	17	3278	800	119	163
2801	2477.8	35.06	9.39	142	17	3279	799	119	163
2802	2478.67	31.59	7.52	126	16	2953	720	119	163
2803	2479.55	29.62	9.01	141	18	3282	800	119	163
2804	2480.43	19.43	6.3	85	10	1973	480	119	163
2805	2481.3	88.38	5.1	131	14	2918	703	119	163
2806	2482.18	97.78	9.84	140	19	3240	782	119	163
2807	2483.05	21.64	7.86	146	17	3244	782	119	163
2808	2483.93	19.89	6.57	146	17	3248	782	119	163
2809	2484.81	21.81	8.25	146	17	3269	781	119	163
2810	2485.68	60.88	8.74	142	18	3300	781	119	163
2811	2486.56	33.65	7.6	127	16	2989	703	119	163
2812	2487.44	35.34	7.88	142	18	3310	781	119	163
2813	2488.31	39.54	6.05	142	18	3311	781	119	163
2814	2489.19	28.13	10.44	141	18	3302	781	119	163
2815	2490.07	42.08	8.54	127	17	2965	702	119	163
2816	2490.94	22.89	7.57	143	17	3294	781	119	163
2817	2491.82	10.39	5.79	143	17	3310	783	119	163
2818	2492.7	11.09	4.49	144	16	3328	784	119	163
2819	2493.57	24.65	5	143	16	3324	786	119	163
2820	2494.45	58.28	5.99	144	16	3321	786	119	163
2821	2495.33	22.75	3.96	144	16	3325	786	119	163
2822	2496.2	14.5	4.39	144	15	3334	786	119	163
2823	2497.08	10.6	4.4	145	15	3333	786	119	163
2824	2497.96	11.26	7.03	145	15	3323	786	119	163
2825	2498.83	16.93	6.06	144	16	3340	786	119	163
2826	2499.71	16.12	8.1	144	16	3346	787	119	163
2827	2500.59	42.15	7.13	144	16	3338	795	119	163
2828	2501.23	34.99	7.11	144	16	3323	796	119	163
2829	2499.95	20.14	8.01	144	16	3329	799	119	163
2830	2500.79	24.03	5.78	144	15	3345	799	119	163
2831	2501.63	13.51	6.81	145	15	3337	799	119	163
2832	2502.46	25.56	5.67	145	15	3322	798	119	163
2833	2503.3	20.26	6.01	143	16	3318	798	119	163
2834	2504.14	19.69	5.2	142	15	3329	799	119	163
2835	2504.98	23.33	7.29	141	15	3317	799	119	163
2836	2505.82	19.84	5.9	141	16	3346	799	119	163
2837	2506.66	14.08	8.25	140	17	3338	799	119	163
2838	2507.5	17.69	6.65	140	17	3340	799	119	163
2839	1254.05	19.89	1.76	45	8	1681	399	119	163
2840	1254.06	20	2.56	45	8	1685	399	119	163
2841	1254.06	21	3.59	45	8	1685	398	119	163
2842	1254.06	22	2.81	44	8	1681	399	119	163
2843	2265.5	23.99	7.36	108	17	3021	711	119	163
2844	2524.55	23	12.23	143	23	3360	785	119	163
2845	2525.55	30	15.36	140	25	3363	785	119	163
2846	2526.55	36.3	10.49	145	20	3346	785	119	163
2847	2527.55	66.07	14.55	141	24	3352	785	119	163
2848	2528.55	58.83	13.62	143	23	3356	785	119	163
2849	2529.55	43.39	10.34	143	22	3342	785	119	163
2850	2530.55	90.9	10.99	143	22	3350	785	119	163
2851	2278.44	38.24	8.44	131	18	3020	706	119	163
2852	2532.55	34.93	9.65	146	20	3349	785	119	163
2853	2533.55	39.17	8.49	146	19	3333	785	119	163
2854	2534.55	28.55	6.75	147	19	3355	785	119	163
2855	2530.01	24.58	7.65	148	19	3368	785	119	163
2856	2522.6	33.63	10.07	147	18	3361	784	119	163
2857	2523.43	26.95	7.91	148	18	3353	785	119	163
2858	2524.27	29.74	7.72	149	17	3351	785	119	163
2859	2525.11	26.74	8.05	148	18	3361	785	119	163
2860	2273.35	47.09	8.5	132	17	3025	706	119	163
2861	2526.79	36.68	8.58	148	18	3363	785	119	163
2862	2022.12	33.06	6.56	118	14	2692	628	119	163
2863	2528.47	27.73	8.54	148	18	3375	785	119	163
2864	2276.4	35.62	6.42	133	16	3032	706	119	163
2865	2530.14	29.4	4.94	147	19	3365	785	119	163
2866	2532.57	55.81	4.48	117	15	3357	784	119	163
2867	2535.1	37.71	8.77	136	20	3360	790	119	163
2868	2535.98	71.07	12.41	133	21	3362	790	119	163
2869	2536.87	51.85	10.57	133	22	3311	782	119	163
2870	2537.76	41.37	8.66	137	19	3270	779	119	163
2871	2538.65	22.62	8.27	139	17	3268	779	118	166
2872	2539.53	41.23	9.11	137	19	3258	778	118	166
2873	2540.42	28.32	9.69	136	19	3262	779	118	166
2874	2541.31	34.51	9.27	137	18	3234	778	118	166
2875	2542.2	42.12	10.17	137	18	3239	779	118	166
2876	2543.08	31.95	11.06	138	18	3237	778	118	166
2877	2543.97	30.68	9.49	137	19	3240	778	118	166
2878	2544.86	40.34	12.5	136	20	3287	779	118	166
2879	2545.75	41.79	11.61	136	19	3313	779	118	166
2880	2546.63	35.82	11.83	138	18	3324	779	118	166
2881	2547.52	35.56	10.87	136	19	3328	779	118	166
2882	2548.41	43.33	11.32	136	19	3320	779	118	166
2883	2549.3	38.07	11.53	137	18	3324	779	118	166
2884	2550.18	31.48	11.2	137	19	3319	778	118	166
2885	2551.07	27.9	9.88	138	18	3324	778	118	166
2886	2551.96	33.05	10.52	138	18	3322	779	118	166
2887	2552.85	31.66	9.5	138	18	3329	779	118	166
2888	2553.73	50.7	11.56	137	18	3337	778	118	166
2889	2554.62	53.85	12.02	137	19	3335	779	118	166
2890	2555.51	46.55	11.65	138	18	3337	779	118	166
2891	2556.4	36.3	13.95	137	18	3329	779	118	166
2892	2557.28	52.52	9.07	136	19	3311	778	118	166
2893	2558.16	47.18	12.69	137	19	3314	779	118	166
2894	2559.06	44.83	12.32	136	20	3319	778	118	166
2895	2559.94	75.91	14.04	137	20	3318	779	118	166
2896	2560.83	34.11	10.58	139	18	3316	778	118	166
2897	2561.72	68.7	11.79	136	21	3256	763	118	166
2898	2562.61	58.48	13.1	133	24	3231	760	118	166
2899	2563.49	42.8	11.99	135	23	3230	760	118	166
2900	2564.38	50.05	14.77	129	26	3223	760	118	166
2901	2565.27	71.79	10.57	133	23	3222	760	118	166
2902	2309.55	27.98	5.99	127	16	2882	684	118	166
2903	2567.04	28.68	9.91	135	22	3323	780	118	166
2904	2567.93	40.72	10.54	137	21	3321	780	118	166
2905	2568.82	82.07	14.77	131	25	3323	779	118	166
2906	2569.71	46.78	13.43	140	23	3317	779	118	166
2907	2570.59	42.5	13.5	139	23	3332	779	118	166
2908	2570.59	34.03	11.39	127	20	2999	701	118	166
2909	2572.37	22.72	11.44	144	20	3339	780	118	166
2910	2573.26	29.65	9.79	145	20	3341	780	118	166
2911	2574.14	17.02	7.23	145	19	3348	781	118	166
2912	2578.12	15.3	8.3	145	19	3348	781	118	166
