Depth	TVD	ROP	WOB	RPM   Torque    SPP	GPM   Temp IN Temp Out				
464	463.99	23.93	4	117	1	1477	852	95	90
465	464.99	58.58	5	126	1	1470	855	95	90
466	465.99	37.08	4	126	1	1455	855	95	90
467	466.99	70.45	5.75	78	2	1456	715	89	90
468	467.99	40.07	3.5	78	2	1259	494	89	90
469	468.99	42.68	6.3	79	3	1459	495	89	90
470	469.99	30.94	3.62	75	2	1526	510	89	90
471	470.99	11.71	3.17	75	2	1423	508	89	90
472	471.99	14.99	2.06	74	2	1420	507	89	90
473	472.99	12.56	1.23	74	2	1236	480	89	90
474	473.99	14.78	2.94	72	3	1236	473	89	90
475	474.99	32.88	3.88	74	2	1529	491	89	90
476	475.99	28.54	2.34	73	3	687	505	89	90
477	476.99	28.02	3.02	72	3	759	522	89	90
478	477.99	25.54	4.34	73	4	1078	658	89	90
479	478.99	25.62	3.6	80	3	1221	698	89	90
480	479.99	24.62	3.21	80	3	1070	656	90	90
481	480.99	24.19	1.26	80	2	1073	656	90	90
482	481.99	23.56	4.62	76	3	910	657	90	90
483	482.99	23.06	6.81	75	4	859	656	90	90
484	483.99	22.71	5.15	74	4	968	682	90	91
485	484.99	22.32	4.79	74	4	1064	724	90	91
486	485.99	16.93	2.65	72	4	1126	752	90	91
487	486.99	15.52	6.29	73	4	1223	785	90	91
488	487.99	12.62	4.13	92	3	1184	780	90	91
489	488.99	17.44	3.14	90	3	1171	757	90	91
490	489.99	18.36	2.28	91	3	1163	774	91	91
491	490.99	14.22	2.47	63	2	819	538	91	91
492	491.99	88.27	6.03	65	2	802	678	91	91
493	492.99	45.94	4.36	69	4	811	695	91	91
494	493.99	49.52	5.96	78	4	817	658	91	91
495	494.99	96.31	8.95	79	2	823	698	91	92
496	495.99	141.55	2.29	100	3	869	789	91	92
497	496.99	42.3	5.36	106	2	1359	789	91	92
498	497.99	31.15	2.91	103	1	1345	802	91	92
499	498.99	32.58	3.34	102	2	1246	774	91	92
500	499.99	23.7	2.86	103	4	1231	772	91	92
501	500.99	26.31	3.68	97	4	1282	782	91	92
502	501.99	32.64	4.77	100	3	1383	805	91	92
503	502.99	24.24	5.77	99	3	1276	767	92	92
504	503.99	23.49	5.31	100	3	992	673	92	92
505	504.99	24.98	4.69	99	4	946	658	92	92
506	505.99	27.16	4.32	98	4	962	667	92	92
507	506.99	26.17	2.5	100	3	1077	706	92	93
508	507.99	25.12	6.22	99	4	1196	750	92	93
509	508.99	24.57	4.7	99	4	1217	755	92	93
510	509.99	24.51	6.16	97	5	1218	754	92	93
511	510.99	23.18	6.26	100	3	1216	755	92	93
512	511.99	21.02	3.95	98	4	1325	786	92	93
513	512.99	20.67	4.67	99	4	1408	810	92	93
514	513.99	20.72	3.07	100	3	1407	810	92	93
515	514.99	20.17	3.1	99	3	1416	809	92	93
516	515.99	18.73	2.18	100	3	1419	789	92	93
517	516.99	22.9	3.42	98	4	1422	810	92	93
518	517.99	23.76	2.14	99	4	1408	810	92	93
519	518.99	17.87	4.11	102	3	1429	810	92	93
520	519.99	19.94	1.86	102	3	1424	810	92	93
521	520.99	67.82	2.07	102	5	1452	812	92	93
522	521.99	65.53	1.47	100	5	1459	842	92	93
523	522.99	45.42	1.96	78	3	1489	602	92	93
524	523.99	19.33	3.67	100	3	1232	753	92	93
525	524.99	19.1	1.01	100	3	1231	752	92	93
526	525.99	73.83	2.36	102	1	1013	459	92	93
527	526.99	23.31	2.86	90	3	1458	677	92	93
528	527.99	29.1	4.14	100	4	1038	752	92	93
529	528.99	27.95	4.46	100	4	1054	751	92	93
530	529.99	28.29	6.5	98	5	1057	751	92	93
531	530.99	24.09	8.46	96	6	1067	752	92	93
532	531.99	20.04	8.09	95	6	1078	752	92	93
533	532.99	24.61	9.75	95	7	1096	757	92	93
534	533.99	30.63	9.28	97	5	1172	782	92	93
535	534.99	24.11	5.36	90	8	1102	761	92	93
536	535.99	18.94	2.58	106	4	910	679	92	93
537	536.99	12.68	1.59	105	4	910	680	92	93
538	537.99	14.73	2.48	105	4	919	680	92	93
539	538.99	21.98	4.63	105	4	920	680	92	93
540	539.99	24.5	2.96	105	4	923	680	92	93
541	540.99	22.77	5.22	105	4	922	679	91	92
542	541.99	22.33	4.29	105	4	928	679	91	92
543	542.99	19.5	3.65	105	5	928	679	91	92
544	543.99	23.37	5.64	105	4	936	679	91	92
545	544.99	23.09	5.6	105	4	935	681	91	92
546	545.99	17.37	3.92	105	4	916	677	91	92
547	546.99	18.15	2.42	105	3	912	676	91	92
548	547.99	20.57	4.26	105	4	921	679	91	92
549	548.99	20.06	4.36	105	3	945	682	91	92
550	549.99	47.16	3.42	105	4	950	682	91	92
551	550.99	11.8	2.31	103	5	471	340	91	92
552	551.99	8.28	1.02	96	5	478	340	91	92
553	552.99	86.87	1.51	100	2	873	616	91	93
554	553.99	31.62	2.42	107	4	1000	695	92	93
555	554.99	12.14	3.69	104	3	936	667	92	93
556	555.99	31.43	4.91	104	3	902	657	92	93
557	556.99	17.63	5.7	104	3	916	660	92	93
558	557.99	25.07	4.91	104	3	910	658	92	93
559	558.99	19.54	5.17	104	3	919	658	92	93
560	559.99	9.86	4.41	104	3	914	658	92	93
561	560.99	11.52	4.78	104	3	913	658	92	93
562	561.99	12.82	3.91	104	3	908	658	92	93
563	562.99	20.33	5.4	104	3	805	659	92	93
564	563.99	20.4	5.53	104	4	783	658	92	93
565	564.99	21.57	4.36	104	3	768	658	92	93
566	565.99	28.46	5.89	104	3	784	661	92	93
567	566.99	24.38	5.57	104	3	816	674	92	93
568	567.99	22.96	6.87	104	4	819	678	92	93
569	568.99	15.76	8.1	104	4	826	679	92	94
570	569.99	20.86	6.97	104	4	837	679	92	94
571	570.99	20.1	9.65	104	4	842	680	92	94
572	571.99	17.63	9.12	104	4	846	679	92	94
573	572.99	17.18	7.14	104	4	860	679	92	94
574	573.99	18.07	9.69	104	4	866	679	92	94
575	574.99	26.79	11.09	93	4	801	611	92	94
576	575.99	24.14	12.27	52	2	447	365	92	94
577	576.99	22.03	12.15	104	4	902	679	92	94
578	577.99	35.11	9.55	104	4	713	589	92	94
579	578.99	30.03	13.3	104	4	708	589	92	94
580	579.99	15.29	2.74	73	2	497	412	92	94
581	580.99	29.55	5.07	105	3	782	608	92	94
582	581.99	25.83	7.52	105	3	835	625	92	94
583	582.99	24.06	7.77	105	4	830	626	92	94
584	583.99	18.26	5.79	105	4	875	642	92	94
585	584.99	18.66	6.84	104	4	905	659	92	94
586	585.99	22.44	7.16	104	4	918	661	92	94
587	586.99	25.81	11.85	104	4	927	661	91	94
588	587.99	18.89	6.79	104	4	930	660	91	94
589	588.99	19.16	8.64	104	4	930	660	91	94
590	589.99	23.68	11.46	104	5	933	660	91	94
591	590.99	14.17	3.41	104	4	941	660	91	94
592	591.99	13.12	5.33	104	4	918	654	91	94
593	592.99	21.89	5.66	106	4	800	601	91	94
594	593.99	15.82	4.47	105	4	838	616	91	94
595	594.99	17.75	6.37	104	4	861	627	91	94
596	595.99	18.05	7.79	104	4	903	627	91	94
597	596.99	20.38	6.67	104	4	909	627	91	94
598	597.99	20.26	5.72	104	4	895	627	91	94
599	598.99	23.04	7.6	104	5	906	627	91	94
600	599.99	22.04	6.59	104	4	915	627	91	94
601	600.99	25.5	6.28	104	5	918	627	91	94
602	601.99	28.93	10.6	104	4	910	627	92	94
603	602.99	30.75	6.65	105	5	920	627	92	94
604	603.99	24.01	8.16	105	5	922	627	92	94
605	604.99	22.86	10.77	105	4	913	627	92	94
606	605.99	30.24	10.26	105	5	918	627	92	94
607	606.99	30.19	7.92	105	4	858	598	92	94
608	607.99	56.28	3.27	94	2	561	450	92	94
609	608.99	20.24	9.36	95	3	752	564	92	94
610	609.99	21.23	8.38	105	4	852	627	92	94
611	610.99	25.83	4.11	105	4	857	627	91	93
612	611.99	28.18	8.67	105	5	872	627	91	93
613	612.99	30.37	7.91	105	5	880	627	91	93
614	613.99	27.83	8.01	105	5	883	627	91	93
615	614.99	28.16	10.33	105	5	905	627	91	93
616	615.99	21.78	10	105	5	920	627	91	93
617	616.99	22.06	8.62	105	5	927	627	91	93
618	617.99	23.78	12.9	105	5	894	631	91	93
619	618.99	23.71	10.3	106	4	934	647	91	93
620	619.99	25.46	9.42	105	4	872	647	91	93
621	620.99	56.57	8.39	105	5	848	647	91	93
622	621.99	26.44	6.02	105	4	863	647	91	93
623	622.99	21.39	7.04	105	4	871	647	91	93
624	623.99	23	8.75	105	5	876	647	91	93
625	624.99	23.14	8.88	105	4	882	647	91	93
626	625.99	24.62	8.87	105	4	888	647	91	93
627	626.99	21.41	9.74	105	4	893	647	91	93
628	627.99	22.4	6.34	105	4	893	647	91	93
629	628.99	22.15	7.5	105	5	901	647	91	93
630	629.99	22.15	9.44	105	5	903	647	91	93
631	630.99	25.33	5.61	105	4	919	647	91	93
632	631.99	20.29	8.41	105	5	919	647	91	93
633	632.99	20.66	5.16	105	4	925	647	91	93
634	633.99	17.27	12.89	63	2	570	417	91	93
635	634.99	28.54	3.62	106	3	946	641	91	93
636	635.99	25.52	7.26	106	4	946	627	91	93
637	636.99	23.96	7.67	106	4	855	609	91	93
638	637.99	22.16	2.21	106	3	785	598	91	93
639	638.99	34.09	3.78	106	4	779	598	91	93
640	639.99	14.71	9.3	106	4	631	531	91	93
641	640.99	21.89	3.96	106	4	650	529	91	93
642	641.99	18.87	2.49	106	5	656	530	91	93
643	642.99	17.67	6.2	106	4	656	529	91	93
644	643.99	15.57	3.41	106	4	653	529	91	93
645	644.99	28.77	9.9	106	5	663	529	91	93
646	645.99	23.97	9.9	106	5	669	529	91	93
647	646.99	23.43	9.63	106	5	622	530	91	93
648	647.99	22.83	11.38	106	5	583	529	91	93
649	648.99	19.83	10	106	5	575	530	91	93
650	649.99	20.1	10.1	106	5	566	529	91	93
651	650.99	21.92	9.06	106	5	574	530	91	92
652	651.99	20.47	8.13	106	4	584	529	91	92
653	652.99	21.44	7.74	106	5	581	530	91	92
654	653.99	22.69	7.78	106	5	587	530	91	92
655	654.99	23.78	12.57	106	5	595	529	91	92
656	655.99	22.53	9.36	106	5	602	529	91	92
657	656.99	21.63	10.69	106	5	602	529	91	92
658	657.99	21.92	10.83	106	5	608	529	91	92
659	658.99	24.59	11.07	106	5	601	530	91	92
660	659.99	29.97	11.7	106	6	631	529	91	92
661	660.99	27.07	12.99	106	6	632	530	91	92
662	661.99	19.31	11.66	106	4	648	529	91	92
663	662.99	12.03	1.35	108	3	682	530	91	92
664	663.99	12.36	28.9	105	3	789	256	91	92
665	664.99	23.69	37.72	106	3	780	140	91	92
666	665.99	23.6	38.79	103	4	756	140	91	92
667	666.99	23.6	42.6	102	2	789	140	91	92
668	667.99	52.75	91.83	106	3	784	153	91	92
669	668.99	62.67	27.57	109	2	789	182	91	92
670	669.99	14.53	3.42	105	4	833	609	91	92
671	670.99	8.86	4.33	104	3	843	629	91	92
672	671.99	10.36	4.31	102	3	784	609	91	92
673	672.99	15.27	9.27	101	5	713	574	91	92
674	673.99	11.42	11.07	100	5	670	551	92	92
675	674.99	12.68	12	101	5	654	551	92	92
676	675.99	60.74	26.71	101	0	789	218	92	92
677	676.99	55.87	23.83	100	1	780	255	92	92
678	677.99	14.75	9.93	101	5	660	551	92	92
679	678.99	22.69	10.96	100	6	712	572	92	92
680	679.99	60.53	67.55	105	1	789	231	92	92
681	680.99	62.22	68.88	102	0	780	147	92	92
682	681.99	48.84	19.33	103	0	769	190	92	92
683	682.99	48.84	19.92	102	0	725	190	92	92
684	683.99	45.61	18.54	100	0	698	231	92	92
685	684.99	18.72	13.05	100	6	832	604	92	93
686	685.99	16.04	1.25	102	3	873	616	92	93
687	686.99	17.82	3.65	103	4	911	624	92	93
688	687.99	19.39	6.46	105	4	912	624	92	93
689	688.99	14.18	3.62	104	4	905	624	92	93
690	689.99	15.37	9.06	101	5	876	610	92	93
691	690.99	20.7	7.23	103	4	911	624	92	93
692	691.99	18.54	5.77	103	4	880	622	92	93
693	692.99	17.21	4.44	103	3	867	621	92	93
694	693.99	12.84	4.77	103	4	824	598	92	93
695	694.99	12.46	3.48	103	3	833	598	92	93
696	695.99	16.51	4.82	103	4	830	598	92	93
697	696.99	18.44	5.92	104	4	845	594	92	93
698	697.99	21.85	5.22	104	3	865	587	92	93
699	698.99	23.42	9.17	102	4	862	589	92	93
700	699.99	23.83	6.7	102	5	905	600	92	93
701	700.99	21.86	10.4	102	5	906	601	92	93
702	701.99	20.04	11.87	102	5	928	603	92	93
703	702.99	10.56	12.06	103	4	866	595	92	93
704	703.99	12.03	15.97	103	4	723	551	92	93
705	704.99	21.43	14.91	102	6	738	551	92	93
706	705.99	19.53	14.58	101	5	740	549	92	93
707	706.99	18.37	13.3	101	4	843	559	92	93
708	707.99	19.17	18.06	100	5	871	563	92	93
709	708.99	15.32	17.98	100	5	933	594	92	93
710	709.99	19.4	20.2	99	6	970	624	92	93
711	710.99	15.2	18.52	99	6	915	621	92	93
712	711.99	12.3	17.28	100	5	909	621	92	93
713	712.99	13.99	20.48	99	6	909	621	92	93
714	713.99	16.43	19.98	100	5	910	621	92	93
715	714.99	16.27	21.71	99	6	913	621	92	93
716	715.99	24.56	11.75	90	3	800	589	92	93
717	716.99	22.04	13.37	103	4	722	580	92	93
718	717.99	24.53	15.61	102	5	787	619	92	93
719	718.99	21.29	15.73	102	5	973	681	93	93
720	719.99	23.3	13.53	104	5	1127	727	93	93
721	720.99	21.02	17.8	103	5	1194	746	93	93
722	721.99	22.3	17.88	101	5	1205	764	93	93
723	722.99	19.91	16.38	102	5	1167	741	93	93
724	723.99	36.79	17.44	103	5	1031	684	93	93
725	724.99	16.87	16.93	101	5	1309	787	93	93
726	725.99	16.93	18.17	103	5	884	614	93	93
727	726.99	23.71	15.78	105	5	689	541	93	93
728	727.99	22.46	16.6	105	6	702	540	93	93
729	728.99	23.11	16.15	105	5	712	540	93	93
730	729.99	23.82	14.85	105	6	710	540	93	93
731	730.99	23.66	17.49	105	5	711	540	93	93
732	731.99	23.3	15.96	105	6	815	570	93	93
733	732.99	23.06	22.49	105	6	887	595	93	93
734	733.99	22.81	19.32	105	6	943	612	93	93
735	734.99	21.52	17.22	105	6	940	611	93	93
736	735.99	22.88	20.47	105	6	865	606	93	93
737	736.99	21.55	16.03	105	6	781	575	93	93
738	737.99	19.44	15.42	105	5	863	598	93	93
739	738.99	20.63	17.06	105	5	886	601	93	93
740	739.99	22.01	16.77	105	5	947	603	93	93
741	740.99	24.28	16.7	105	5	964	604	93	93
742	741.99	21.73	13.94	105	6	953	603	93	93
743	742.99	20.54	18.05	105	5	902	601	93	93
744	743.99	21.54	19.6	105	6	895	601	93	93
745	744.99	20.69	18.85	105	6	848	584	93	93
746	745.99	19.72	21.62	105	7	751	562	93	93
747	746.99	19.96	17.17	105	5	771	555	93	93
748	747.99	21.6	18.51	105	5	786	557	93	94
749	748.99	20.34	16.04	105	5	795	557	93	94
750	749.99	18.97	14.38	100	4	726	501	93	94
751	750.99	8.32	4	102	0	150	111	93	94
752	751.99	31.27	5.18	102	0	211	167	93	94
753	752.99	49.57	27.18	103	5	671	497	93	94
754	753.99	32.47	15.98	105	7	725	551	93	94
755	754.99	16.32	1.65	103	1	138	110	93	94
756	755.99	10.24	2	102	2	83	60	93	94
757	756.99	11.04	19.06	105	5	765	555	93	94
758	757.99	13.95	26	103	7	830	589	93	94
759	758.99	16.49	17.85	102	5	882	619	93	94
760	759.99	2.35	20.12	103	7	1292	733	93	94
761	760.99	9.91	23.89	105	7	1330	740	93	94
762	761.99	11.56	24.57	103	6	1248	712	93	94
763	762.99	35.31	12.44	101	5	875	598	93	94
764	763.99	39.89	20.74	105	4	884	598	93	94
765	764.99	21.73	10.46	105	3	933	598	93	94
766	765.99	38.51	3.6	105	5	886	598	93	94
767	766.99	9.63	3.9	99	4	882	598	93	94
768	767.99	17.46	5.4	105	4	968	601	92	94
769	768.99	19	6.3	105	5	1037	601	92	94
770	769.99	18	7	104	5	1060	601	92	94
771	770.99	16	6.5	93	5	1133	601	92	94
772	771.99	14	8	99	5	1144	601	92	94
773	772.99	13	7.5	104	5	1161	601	92	94
774	773.99	15	6	104	6	1178	601	92	94
775	774.99	17	7	105	5	1347	603	92	94
776	775.99	16	8	106	5	1442	604	92	94
777	776.99	16.08	8.1	106	5	1468	604	92	94
778	777.99	15	7.5	106	6	1376	604	92	94
779	778.99	9.5	6	63	3	853	426	92	95
780	779.99	6.69	17.48	106	5	1470	637	92	95
781	780.99	9.27	19.1	106	4	1727	709	92	95
782	781.99	14.53	15.23	106	4	1829	770	92	95
783	782.99	6.04	18.55	106	5	1719	768	92	95
784	783.99	9.85	14.8	106	4	1932	801	92	95
785	784.99	16.15	16.41	106	4	1961	811	92	95
786	785.99	14.6	17.4	106	5	1983	811	92	95
787	786.99	12.68	20.83	107	5	1994	811	92	95
788	787.99	6.85	20.89	107	6	2061	810	92	95
789	788.99	9.56	21.96	103	5	2152	811	92	95
790	789.99	12.26	21.87	102	6	2166	811	92	95
791	790.99	10.07	18.25	107	5	2177	811	92	95
792	791.99	8.94	19.45	107	6	2181	810	92	95
793	792.99	15.36	19.84	107	5	2175	811	92	95
794	793.99	11.11	22.19	107	5	2199	811	92	95
795	794.99	3.58	18.68	106	5	2206	811	92	95
796	795.99	12.63	23.06	107	6	2231	810	92	95
797	796.99	9.89	22.76	108	6	2059	812	92	95
798	797.99	11.25	24.76	108	5	2063	811	92	95
799	798.99	14.52	21	108	5	2118	811	92	95
800	799.99	21.43	14.1	97	7	1914	730	92	95
801	800.99	58.01	10.12	108	7	1895	746	92	95
802	801.99	143.96	4.07	109	5	1568	659	92	95
803	802.99	58.2	4.72	108	6	1631	673	92	95
804	803.99	21.35	6.36	108	5	1652	676	92	95
805	804.99	11.66	5.09	108	5	1662	676	92	95
806	805.99	10.31	15.3	108	4	1658	677	92	95
807	806.99	9.95	4.33	108	3	1679	679	92	95
808	807.99	17.22	5.27	108	4	1688	679	92	95
809	808.99	16.9	5.72	108	4	1697	679	92	95
810	809.99	11.72	26.57	75	3	1177	475	92	95
811	810.99	14.44	15	86	2	1392	548	92	95
812	811.99	12.63	12	75	2	1226	479	92	95
813	812.99	73.04	13.2	86	2	1360	548	92	95
814	813.99	59.29	8.96	109	5	1828	713	92	95
815	814.99	18.59	10.05	108	5	1779	720	92	95
816	815.99	20.65	8.35	108	5	1788	720	92	95
817	816.99	20.94	9.47	108	5	1784	720	92	95
818	817.99	20.56	8.52	108	5	1793	720	92	95
819	818.99	20.75	10.1	108	5	1825	720	92	95
820	819.99	18.04	8.72	108	5	1807	720	92	95
821	820.99	18	7.53	108	5	1813	720	93	95
822	821.99	21.75	9.01	108	5	1836	720	93	95
823	822.99	21.97	8.72	108	5	1840	720	93	95
824	823.99	22.09	12.39	108	6	1837	720	93	95
825	824.99	22.71	10.01	108	5	1858	720	93	95
826	825.99	17.4	10.05	108	5	1865	720	93	95
827	826.99	17.83	8.44	108	5	1870	720	93	95
828	827.99	19.94	10.71	108	5	1919	720	93	95
829	828.99	21.17	8.68	108	5	1923	720	93	95
830	829.99	20.55	9.77	108	5	1902	720	93	95
831	830.99	20.68	11.34	108	5	1893	720	93	95
832	831.99	19.63	9.17	108	5	1893	720	93	95
833	832.99	20.19	10.22	108	5	1880	720	93	95
834	833.99	21	9.76	108	5	1901	720	93	95
835	834.99	19.3	10.4	108	5	1934	720	93	95
836	835.99	23.08	16.41	108	6	1917	720	93	95
837	836.99	19.44	14.81	108	6	1902	720	93	95
838	837.99	23.6	13.3	108	5	1872	720	93	95
839	838.99	24.64	13.28	108	6	1857	720	93	95
840	839.99	23.15	2.65	108	4	1762	720	93	95
841	840.99	20.81	8.99	108	4	1586	720	93	95
842	841.99	21.12	10.08	108	4	1565	720	93	95
843	842.99	22.23	11.71	108	4	1575	720	93	95
844	843.99	23.96	10.46	108	4	1610	720	93	95
845	844.99	22.47	10.41	108	4	1660	720	93	95
846	845.99	23.14	12.21	108	4	1737	720	93	95
847	846.99	21.96	8.21	108	4	1788	720	93	95
848	847.99	15.2	7.59	107	4	1469	630	93	95
849	848.99	20.61	6.67	107	4	1402	613	93	95
850	849.99	22.65	6.61	107	4	1576	648	93	95
851	850.99	22.25	9.62	107	4	1678	667	93	95
852	851.99	30.2	9.43	107	4	1708	668	93	95
853	852.99	28.71	8.06	107	4	1881	709	93	95
854	853.99	23.73	9.97	107	4	1826	717	93	95
855	854.99	26.15	6.82	107	4	1734	717	93	95
856	855.99	24.93	12.37	107	4	1724	717	93	95
857	856.99	22.38	7.02	107	3	1808	717	93	95
858	857.99	19.24	8.28	107	4	1824	717	93	95
859	858.99	26.2	7.38	107	3	1822	710	93	95
860	859.99	25.76	6.26	107	4	1467	632	93	95
861	860.99	22	4.91	108	3	1412	621	93	95
862	861.99	22.74	6.87	108	3	1654	656	93	95
863	862.99	23.61	5.58	107	3	1845	691	93	95
864	863.99	23.33	4.9	107	3	1872	695	93	95
865	864.99	16.26	5.32	107	3	1877	697	93	95
866	865.99	21.62	4.36	92	3	1619	621	93	95
867	866.99	28.29	4.76	108	4	2012	720	93	95
868	867.99	23.72	5.4	108	6	2024	720	93	95
869	868.99	20.5	6.49	108	6	2032	720	93	95
870	869.99	21.37	4.29	108	4	2050	720	93	95
871	870.99	21.55	6.79	108	3	2049	719	93	95
872	871.99	35.48	5.91	108	4	1999	720	93	95
873	872.99	22.46	4.92	107	4	1655	636	93	95
874	873.99	20.01	5.12	107	3	1531	612	93	95
875	874.99	35.39	3.52	108	3	1587	716	93	95
876	875.99	22.42	4.9	107	3	1573	716	93	95
877	876.99	21.68	3	107	3	1576	716	93	95
878	877.99	27.55	3.54	107	4	1580	716	93	95
879	878.99	22.93	3.59	107	4	1580	716	93	95
880	879.99	26.92	3.22	107	4	1567	715	93	95
881	880.99	22.89	4.15	107	3	1557	715	93	95
882	881.99	22.13	7.1	107	4	1564	715	93	95
883	882.99	20.27	4.11	107	6	1558	715	93	95
884	883.99	20.8	5.8	107	7	1559	715	93	95
885	884.99	20.44	6.86	107	9	1559	715	93	95
886	885.99	28.72	7.82	107	6	1553	716	93	95
887	886.99	27.55	7.2	107	6	1515	715	93	95
888	887.99	25.09	6.25	107	4	1518	715	93	95
889	888.99	22.15	2.42	107	4	1644	738	93	95
890	889.99	23.52	4.48	107	8	1684	740	93	95
891	890.99	28.46	6.39	107	8	1751	760	93	95
892	891.99	22.78	5.2	107	6	1837	785	93	95
893	892.99	17.94	4	107	5	1476	627	93	95
894	893.99	147.53	5	107	3	1672	703	93	95
895	894.99	20.59	6	108	3	1852	766	93	95
896	895.99	22.29	3	107	4	1647	767	93	95
897	896.99	27.74	4	107	5	1556	769	93	95
898	897.99	26.26	4.11	107	4	1531	768	93	95
899	898.99	26	2.84	107	4	1548	768	93	95
900	899.99	26.56	4.01	107	4	1582	777	93	95
901	900.99	27.55	6.12	107	4	1606	787	93	95
902	901.99	25.19	6.11	107	4	1641	787	93	95
903	902.99	26.11	3.59	107	4	1673	789	93	95
904	903.99	35.22	7.5	107	4	1682	788	93	95
905	904.99	30.77	6.68	107	4	1701	788	93	95
906	905.99	32.16	6.55	107	4	1681	789	93	95
907	906.99	30.98	7.38	107	4	1707	787	93	95
908	907.99	34.17	6.15	107	5	1750	787	93	95
909	908.99	26.25	5.39	107	6	1779	787	93	95
910	909.99	24.4	5.23	107	4	1771	787	93	95
911	910.99	29.14	5	107	4	1788	789	93	95
912	911.99	36.35	6.7	107	4	1785	787	93	95
913	912.99	35.22	6.11	107	4	1772	772	93	95
914	913.99	41.7	6.95	107	5	1774	782	93	95
915	914.99	39.83	5	107	5	1775	777	93	95
916	915.99	35.64	6	107	6	1812	775	93	95
917	916.99	40.96	5	107	5	1810	775	93	95
918	917.99	50.66	6	107	5	1758	775	93	95
919	918.99	38.89	6	107	5	1741	775	93	95
920	919.99	22.16	5	107	3	1133	789	93	95
921	920.99	36.85	5	107	4	952	789	93	95
922	921.99	23.25	3	107	5	1659	789	93	95
923	922.99	17.76	4	107	5	1695	789	93	95
924	923.99	17.08	6.06	108	4	1646	780	93	95
925	924.99	3.73	5	32	3	1500	780	93	95
926	925.99	22	6	107	4	1500	742	93	95
927	926.99	22.98	5	107	5	1496	740	93	95
928	927.99	18.28	5.62	107	4	1064	740	93	95
929	928.99	12.09	5	107	4	1500	740	93	95
930	929.99	0	5	107	4	1500	740	93	95
931	930.99	12.09	5	107	4	1500	740	93	95
932	931.99	12.09	6	107	4	1500	740	93	95
933	932.99	2.23	5	107	4	1500	148	93	95
934	933.99	25.31	5	107	5	1511	740	93	95
935	934.99	24.55	5.65	107	5	1547	743	93	95
936	935.99	23.18	4.93	107	5	1498	741	93	95
937	936.99	23.79	3.02	107	5	1404	738	93	95
938	937.99	21.83	4.02	107	5	1392	737	93	95
939	938.99	22.76	4.71	107	5	1395	737	93	95
940	939.99	23.42	7.08	107	5	1345	717	93	95
941	940.99	24.43	4.07	107	5	1282	691	93	95
942	941.99	24.68	5	107	5	1309	691	93	95
943	942.99	24.73	6.63	107	5	1307	691	93	95
944	943.99	25.7	5.67	107	5	1318	663	93	95
945	944.99	84.27	5	109	5	1318	663	93	95
946	945.99	206.25	6	109	5	1318	663	93	95
947	946.99	86.37	5	109	5	1318	663	93	95
948	947.99	7.48	5	109	5	1318	663	93	95
949	948.99	27.02	4.6	107	5	1305	655	93	95
950	949.99	24.96	4.44	107	5	1343	668	93	95
951	950.99	22.73	4.29	107	10	1370	671	92	94
952	951.99	22.21	6.02	102	8	1057	570	92	94
953	952.99	62.2	8.36	102	7	1023	290	92	94
954	953.99	40.42	6.37	86	5	1129	577	92	94
955	954.99	22.65	4.64	108	6	1255	618	92	94
956	955.99	25.86	5.73	107	6	1253	618	92	94
957	956.99	25.67	5.2	107	6	1260	618	92	94
958	957.99	24.8	5	107	8	1255	618	92	94
959	958.99	24.77	4.99	107	6	1294	634	92	94
960	959.99	26.69	8	107	8	1314	642	92	94
961	960.99	24.79	7.04	107	8	1313	642	92	94
962	961.99	17.18	2.74	107	8	1318	642	92	94
963	962.99	21.18	5	107	8	1265	642	92	94
964	963.99	22.94	6.51	107	9	1266	642	92	94
965	964.99	25.27	8	107	7	1266	642	92	94
966	965.99	20.26	7.14	107	8	1245	642	92	94
967	966.99	21.14	8.66	107	14	1239	642	92	94
968	967.99	21.22	8.54	107	9	1240	642	92	94
969	968.99	25.48	6	74	7	1236	449	92	94
970	969.99	19.86	8	96	9	1111	577	92	94
971	970.99	26.11	6.65	107	6	1246	642	92	94
972	971.99	25.28	7	107	7	1282	642	92	94
973	972.99	22.44	6	107	7	1282	642	92	94
974	973.99	26.24	7.72	107	7	1286	642	92	94
975	974.99	26.14	8	107	7	1280	642	92	94
976	975.99	25.26	7.83	107	5	1259	642	93	94
977	976.99	25.28	6.97	107	5	1254	642	93	94
978	977.99	25.03	5.55	107	5	1250	642	93	94
979	978.99	25.14	6	107	4	1243	642	93	94
980	979.99	19.91	8	85	4	1236	514	93	94
981	980.99	38.78	7	43	5	1256	269	93	95
982	981.99	25.66	6	108	6	1101	694	93	95
983	982.99	22.67	7	108	6	1016	699	93	95
984	983.99	25.56	6	108	6	1048	713	93	95
985	984.99	22.22	7	108	6	1256	691	93	95
986	985.99	22.07	8	109	6	1386	736	93	95
987	986.99	22.03	7	110	6	1516	740	93	95
988	987.99	24.87	6	110	7	1408	717	93	95
989	988.99	26.61	7	110	6	1287	691	93	95
990	989.99	25.46	6	110	7	1266	691	93	95
991	990.99	23.84	5	110	7	1295	691	93	95
992	991.99	26.74	6	110	7	1293	691	93	95
993	992.99	22.11	7	110	5	1302	691	93	95
994	993.99	20.71	8	110	6	1314	691	93	95
995	994.99	20.55	7	110	6	1315	691	93	95
996	995.99	18.37	8	110	6	1301	691	93	95
997	996.99	25.77	7	111	6	1326	691	93	95
998	997.99	33.49	7	111	4	1343	691	93	95
999	998.99	35.26	6	111	4	1331	691	93	95
1000	999.99	32.59	5	111	3	1125	691	93	95
1001	1000.99	18.68	5	109	3	1250	691	93	95
1002	1001.99	20.3	5	108	3	1358	691	93	95
1003	1002.99	20.94	6	108	4	1334	691	93	95
1004	1003.99	24.86	6.93	108	5	1352	691	93	95
1005	1004.99	22.08	5.66	107	5	1353	691	93	95
1006	1005.99	24.2	6.23	107	4	1362	691	93	95
1007	1006.99	20.34	6	107	4	1361	691	93	95
1008	1007.99	23.54	6	107	3	1349	691	93	95
1009	1008.99	19.87	6.5	64	2	1326	414	93	95
1010	1009.99	25.78	6	113	4	1270	618	93	95
1011	1010.99	22.95	6	111	4	1272	618	93	95
1012	1011.99	25.67	6.5	110	5	1260	618	93	95
1013	1012.99	23.75	6.5	111	4	1271	618	93	95
1014	1013.99	26.93	6.5	111	4	1272	618	93	95
1015	1014.99	26.62	5.06	111	4	1273	618	93	95
1016	1015.99	26.34	6.95	111	5	1217	620	93	95
1017	1016.99	26.62	8.86	110	5	1262	621	93	95
1018	1017.99	24.65	5.99	110	5	1265	621	93	95
1019	1018.99	28.21	6	111	5	1272	621	93	95
1020	1019.99	28.73	7.76	110	5	1276	621	93	95
1021	1020.99	27.55	5.99	110	5	1268	621	93	95
1022	1021.99	27.99	7	110	6	1261	621	93	95
1023	1022.99	48.16	7.38	110	5	1272	621	93	95
1024	1023.99	26.16	7	110	5	1266	621	93	95
1025	1024.99	28.44	8.22	110	5	1264	621	93	95
1026	1025.99	31.31	8	110	6	1273	621	93	95
1027	1026.99	19.84	7.1	110	6	1278	621	93	95
1028	1027.99	22.81	8	110	6	1284	621	93	95
1029	1028.99	23.38	7.47	110	5	1268	621	93	95
1030	1029.99	24.63	6	110	5	1282	621	93	95
1031	1030.99	31.42	6	111	4	1297	621	93	95
1032	1031.99	23.12	7	110	5	1280	621	93	95
1033	1032.99	23.83	5.8	110	5	1299	621	93	95
1034	1033.99	24.71	6	109	5	1292	621	93	95
1035	1034.99	26.05	5	110	4	1288	621	93	95
1036	1035.99	32.94	2.36	110	5	1280	621	93	95
1037	1036.99	60.97	2.36	110	6	1115	639	93	95
1038	1037.99	28.42	4.36	110	5	1312	642	93	95
1039	1038.99	29.65	4.74	110	4	1326	642	93	95
1040	1039.99	30.34	3.93	110	4	1340	642	93	95
1041	1040.99	28.19	3.69	110	5	1320	642	93	95
1042	1041.99	27.23	7.04	110	5	1318	637	93	95
1043	1042.99	34.37	6.65	110	5	1304	635	93	95
1044	1043.99	25.29	6.39	110	5	1307	635	93	95
1045	1044.99	19.84	5.46	109	4	1313	634	93	95
1046	1045.99	19.36	5.12	109	5	1317	636	93	95
1047	1046.99	24.42	6.34	109	5	1315	636	93	95
1048	1047.99	25.28	8.37	109	6	1300	635	93	95
1049	1048.99	28.38	9.99	109	6	1296	635	93	95
1050	1049.99	26.34	10.78	109	6	1321	635	93	95
1051	1050.99	26.11	12.92	109	6	1323	635	93	95
1052	1051.99	26.05	13.16	108	7	1319	635	93	95
1053	1052.99	25.4	11.92	109	7	1310	635	93	95
1054	1053.99	22.81	12.14	109	6	1323	635	93	95
1055	1054.99	24.41	12.3	109	7	1313	635	93	95
1056	1055.99	24.57	15.61	109	7	1312	635	93	95
1057	1056.99	31.1	15.94	110	7	1319	633	93	95
1058	1057.99	24.89	19.09	109	8	1316	634	93	95
1059	1058.99	24.87	20.64	109	8	1286	635	93	95
1060	1059.99	25.45	25.18	109	9	1306	634	93	95
1061	1060.99	20.53	22.04	109	9	1304	635	93	95
1062	1061.99	18.33	16.79	108	7	1270	631	93	95
1063	1062.99	29.97	16.77	108	6	1191	627	93	95
1064	1063.99	27.38	14.49	110	5	1182	627	93	95
1065	1064.99	35.59	15.36	110	7	1300	645	93	95
1066	1065.99	45.13	21.3	65	5	693	389	93	95
1067	1066.99	31	10	109	8	970	650	92	94
1068	1067.99	32.5	10	110	5	1274	682	91	94
1069	1068.99	32.26	10	108	4	1400	697	92	94
1070	1069.99	32.4	10	107	4	1400	697	92	94
1071	1070.99	31	10	110	4	1400	697	92	94
1072	1071.99	34.82	10	109	4	1418	694	92	94
1073	1072.99	33	9.99	109	5	1415	695	92	94
1074	1073.99	30	10.94	110	6	1300	662	92	94
1075	1074.99	31	11.09	111	7	1078	629	92	94
1076	1075.99	33	10.57	110	6	1070	596	92	94
1077	1076.99	34.15	11	109	5	1062	563	92	94
1078	1077.99	33	11	108	5	1054	530	92	94
1079	1078.99	32	12	109	5	1046	599	92	94
1080	1079.99	31.19	13	110	6	1038	188	92	94
1081	1080.99	29.6	14.51	109	7	1153	627	92	94
1082	1081.99	27	14.2	108	7	960	580	92	94
1083	1082.99	25	15	109	7	940	575	92	94
1084	1083.99	24	15.04	109	8	928	575	92	94
1085	1084.99	23	15.41	109	8	922	575	92	94
1086	1085.99	21	17.1	109	8	929	575	92	94
1087	1086.99	20	16.99	109	8	899	555	92	94
1088	1087.99	19.22	19.02	109	9	875	551	92	94
1089	1088.99	18.53	18	109	9	869	551	92	94
1090	1089.99	18.21	19.76	109	8	876	551	92	94
1091	1090.99	17	18	109	8	948	563	92	94
1092	1091.99	16	18.86	109	7	1011	578	92	94
1093	1092.99	17	17	110	8	1003	578	92	94
1094	1093.99	16.47	16	109	7	1039	578	92	94
1095	1094.99	15.57	15.89	110	6	1030	578	92	94
1096	1095.99	29.73	5.2	102	3	799	425	92	94
1097	1096.99	20.52	11.66	110	6	1176	626	92	94
1098	1097.99	26.3	15.25	109	6	991	578	92	94
1099	1098.99	22.07	16.88	109	7	920	554	92	94
1100	1099.99	24.66	18.38	109	8	909	554	92	94
1101	1100.99	22.59	19.93	110	8	918	554	92	94
1102	1101.99	22.1	17.97	110	8	912	548	92	94
1103	1102.99	22.56	21.49	110	8	1015	573	92	94
1104	1103.99	29.93	15.69	109	8	885	538	92	94
1105	1104.99	27.62	14.47	109	6	868	522	92	94
1106	1105.99	23	18.09	109	7	859	522	92	94
1107	1106.99	22.24	19.84	109	8	865	522	92	95
1108	1107.99	23.78	20.52	110	8	865	522	92	95
1109	1108.99	23.03	23.07	110	8	871	522	92	95
1110	1109.99	24.1	23.34	110	9	870	522	92	95
1111	1110.99	25.39	22.79	110	9	880	522	92	95
1112	1111.99	24.69	22.76	110	9	882	524	92	95
1113	1112.99	19.93	20.45	110	7	993	549	92	95
1114	1113.99	19.34	22.3	110	7	994	549	92	95
1115	1114.99	21.1	21.59	110	7	943	537	92	95
1116	1115.99	22.28	24.24	110	8	896	522	92	95
1117	1116.99	22.97	23.67	109	8	881	522	92	95
1118	1117.99	21.4	22.83	109	9	881	522	92	95
1119	1118.99	15.47	21.76	110	8	905	523	92	95
1120	1119.99	23.41	23.39	109	8	907	522	92	95
1121	1120.99	23.31	25.53	109	9	886	523	92	95
1122	1121.99	22.52	26.07	109	10	876	523	92	95
1123	1122.99	10.72	23.66	109	8	900	523	92	95
1124	1123.99	16.55	18.85	109	7	896	523	92	95
1125	1124.99	15.35	20.88	109	7	915	523	92	95
1126	1125.99	21.63	16.9	109	6	929	522	92	95
1127	1126.99	18.65	18.41	109	6	1034	557	92	95
1128	1127.99	18.71	19.37	109	7	992	545	92	95
1129	1128.99	23.05	22.15	109	8	914	528	92	95
1130	1129.99	22.16	21.77	109	8	911	528	92	95
1131	1130.99	22.32	20.85	109	8	922	528	92	95
1132	1131.99	24.76	23.69	109	8	915	528	92	95
1133	1132.99	23.21	21.16	110	7	947	528	92	95
1134	1133.99	18.22	18.56	110	7	1010	531	92	95
1135	1134.99	18.42	19.94	110	8	1078	557	92	95
1136	1135.99	20.49	20.54	110	8	1072	557	92	95
1137	1136.99	22.5	24.83	110	8	1097	557	92	95
1138	1137.99	12.01	20.15	110	8	1104	557	92	95
1139	1138.99	19.11	19.29	111	9	1129	575	92	95
1140	1139.99	18.53	18.16	111	8	1092	578	92	95
1141	1140.99	17.96	14.02	110	7	1087	578	92	95
1142	1141.99	23.89	14.09	110	7	1092	578	92	95
1143	1142.99	24.54	13.35	110	6	1095	578	92	95
1144	1143.99	27.34	13.39	110	7	1094	578	92	95
1145	1144.99	24.09	12.41	110	7	1078	578	92	95
1146	1145.99	23.93	14.58	110	7	1098	578	92	95
1147	1146.99	24.01	16.82	110	7	1101	578	92	95
1148	1147.99	24.44	17.95	110	7	1100	578	92	95
1149	1148.99	25.63	13.65	110	7	974	546	92	95
1150	1149.99	23.4	11.13	110	6	923	524	92	95
1151	1150.99	24.97	11.51	109	6	855	505	92	95
1152	1151.99	17.85	7.26	109	6	945	504	92	95
1153	1152.99	23.74	9.82	110	6	974	508	92	95
1154	1153.99	27.61	9.12	109	6	974	511	92	95
1155	1154.99	22.5	14.9	108	7	976	511	92	95
1156	1155.99	19.39	15.51	109	7	1024	522	92	95
1157	1156.99	23.85	17.44	109	8	1050	534	92	95
1158	1157.99	19.79	18.51	110	8	1045	534	92	95
1159	1158.99	18.69	17.8	109	8	1056	534	92	95
1160	1159.99	17.7	17.79	109	8	1046	534	92	95
1161	1160.99	19.91	18.4	109	8	1048	534	92	95
1162	1161.99	16.9	20.14	109	8	1040	534	92	95
1163	1162.99	11.37	14.13	109	7	1016	534	92	95
1164	1163.99	12.69	15.73	110	7	1033	534	92	95
1165	1164.99	19.74	18.32	110	7	1033	534	92	95
1166	1165.99	17.22	17.54	109	7	1203	534	92	95
1167	1166.99	20.19	18.04	110	7	1003	534	92	95
1168	1167.99	24.96	7.79	110	6	1021	534	93	95
1169	1168.99	34.28	5.45	110	5	1041	534	93	95
1170	1169.99	29.38	3.96	108	5	1063	537	93	95
1171	1170.99	23.62	2.48	108	4	1050	537	93	95
1172	1171.99	31.08	2.7	108	4	1059	537	93	95
1173	1172.99	30.73	4.28	108	4	1052	537	93	95
1174	1173.99	26.59	4.33	108	4	1062	537	93	95
1175	1174.99	22.81	7.38	108	5	1051	537	93	95
1176	1175.99	21.11	3.49	108	4	1069	537	93	95
1177	1176.99	15.86	4.92	108	4	1080	537	93	95
1178	1177.99	19.64	7.32	108	5	1084	537	93	95
1179	1178.99	10.95	3.99	65	3	1026	322	93	95
1180	1179.99	2.51	0.18	21	5	1023	107	93	95
1181	1180.99	49.84	18.61	80	2	1036	384	93	95
1182	1181.99	28.43	5.76	113	5	1107	554	93	95
1183	1182.99	29.82	3.14	111	5	1100	554	93	95
1184	1183.99	23.76	2.42	110	5	1121	554	93	95
1185	1184.99	23.88	8.31	110	6	1120	554	93	95
1186	1185.99	23.03	0.79	110	5	1132	554	93	95
1187	1186.99	24.62	0.62	110	5	1128	554	93	95
1188	1187.99	26.62	3.16	110	4	1153	554	93	95
1189	1188.99	25.97	4.96	110	5	1159	554	93	95
1190	1189.99	26.39	4.64	110	5	1146	554	93	95
1191	1190.99	26.61	2.99	110	5	1159	554	93	95
1192	1191.99	22.5	9.4	110	5	1179	554	93	95
1193	1192.99	22.81	7.76	110	6	1175	554	93	95
1194	1193.99	23.24	6.48	110	6	1175	554	93	95
1195	1194.99	22.75	8.91	111	5	1172	554	93	95
1196	1195.99	22.3	6.6	110	5	1172	554	93	95
1197	1196.99	22.92	6.04	110	6	1150	554	93	95
1198	1197.99	19.39	5.39	110	6	1143	554	93	95
1199	1198.99	20.36	6.08	111	6	1132	545	93	95
1200	1199.99	23.77	9.36	111	4	1169	557	93	95
1201	1200.99	24.93	8.36	111	4	1172	557	93	95
1202	1201.99	23.9	8.36	111	5	1178	557	93	95
1203	1202.99	23.27	8.36	110	5	1225	569	93	95
1204	1203.99	22.1	3.63	100	4	1027	464	93	95
1205	1204.99	21.1	6.39	102	5	1023	426	93	95
1206	1205.99	26.3	2.36	102	4	1025	423	93	95
1207	1206.99	26.9	5.69	100	4	1026	425	93	95
1208	1207.99	15.2	6.39	123	2	1023	415	93	95
1209	1208.99	45.3	6.32	102	2	1045	425	93	95
1210	1209.99	26	6.32	103	3	1036	412	93	95
1211	1210.99	23.6	4.26	105	2	1098	536	93	95
1212	1211.99	23.86	3.69	109	6	1035	581	93	95
1213	1212.99	25.67	3.69	109	5	1169	579	93	95
1214	1213.99	24.38	6.32	108	5	1148	578	93	95
1215	1214.99	26.37	3.76	108	5	1141	578	93	95
1216	1215.99	23.49	2.36	108	5	1155	578	93	95
1217	1216.99	32.77	5.88	108	6	1147	578	93	95
1218	1217.99	31.32	8.15	108	5	1187	579	93	95
1219	1218.99	25.37	5.86	108	5	1244	581	93	95
1220	1219.99	23.62	3.33	109	5	1240	581	93	95
1221	1220.99	21.79	2.97	110	5	1244	581	93	95
1222	1221.99	22.03	2.6	110	5	1249	581	93	95
1223	1222.99	22.26	2.6	110	5	1247	581	93	95
1224	1223.99	19.33	2.19	110	5	1250	581	93	95
1225	1224.99	19.09	3.26	109	5	1258	581	93	95
1226	1225.99	18.92	3.27	110	5	1249	581	93	95
1227	1226.99	20.26	7.13	110	6	1250	581	93	95
1228	1227.99	22.28	10.23	110	7	1251	581	93	95
1229	1228.99	21.85	11.64	110	7	1249	581	93	95
1230	1229.99	14.13	4.78	110	6	1245	581	93	95
1231	1230.99	21.67	7.36	110	5	1254	581	93	95
1232	1231.99	21.3	2.08	110	4	1260	581	93	95
1233	1232.99	21.98	2.05	110	4	1270	581	93	95
1234	1233.99	22.69	3.73	110	4	1269	581	93	95
1235	1234.99	22.63	2.36	110	4	1271	581	93	95
1236	1235.99	32.47	3.91	110	5	1273	581	93	95
1237	1236.99	12.58	5.36	120	2	640	290	93	95
1238	1237.99	17.09	2.36	110	2	1018	464	93	95
1239	1238.99	26.49	6.36	110	4	1148	531	93	95
1240	1239.99	22.1	5.69	110	4	1317	604	93	95
1241	1240.99	22.3	7.36	110	5	1319	603	93	95
1242	1241.99	18.64	9.36	110	4	1315	603	93	95
1243	1242.99	18.62	10.25	109	4	1317	602	93	95
1244	1243.99	19.49	8.3	110	5	1311	602	93	95
1245	1244.99	20.11	8.26	110	4	1319	603	93	95
1246	1245.99	21.64	6.39	99	5	1170	542	93	95
1247	1246.99	7.91	8.36	33	5	394	459	93	95
1248    1247.99 7.91    8.36    33      5       394     459     93      95									
1249	1248.9	22	10.5	109	6	258	134	93	95
1250	1249.9	19	11.2	108	4	1294	671	93	95
1251	1250.9	21.05	11.45	108	4	1302	671	93	95
1252	1251.9	20.78	10.65	109	4	1302	671	93	95
1253	1252.9	22.78	9.75	109	4	1309	671	93	95
1254	1253.9	22.22	11.63	109	4	1310	671	93	95
1255	1254.9	21	12	108	4	1318	671	93	95
1256	1255.9	20	11.54	108	5	528	268	93	95
1257	1256.9	19	12	108	4	1061	536	93	95
1258	1257.9	21	13.12	109	4	1334	671	93	95
1259	1258.9	20	12.54	109	4	1340	671	93	95
1260	1259.9	19	11.49	108	4	1340	671	93	95
1261	1260.9	20	13.74	108	4	1340	671	93	95
1262	1261.9	19.09	14.15	108	4	1340	671	93	95
1263	1262.9	20.34	13.51	107	5	1305	658	93	95
1264	1263.9	20.67	14.48	107	5	1075	593	93	95
1265	1264.9	19	13.47	108	4	1127	595	93	95
1266	1265.9	19.17	12.65	108	3	1229	592	93	95
1267	1266.9	20.1	11.47	108	0	304	144	93	95
1268	1267.9	22	10.77	108	3	1190	540	93	95
1269	1268.9	23.9	10.5	108	4	1501	659	93	95
1270	1269.9	25.8	9.98	107	4	1503	659	93	95
1271	1270.9	27.7	10.25	107	4	1507	659	93	95
1272	1271.9	29.6	10.2	107	4	1502	659	93	95
1273	1272.9	31.5	12.63	107	4	1514	659	93	95
1274	1273.9	33.4	12.45	106	5	1501	659	93	95
1275	1274.9	32	11	107	4	1516	659	93	95
1276	1275.9	33	10.5	108	4	1532	659	93	95
1277	1276.9	31	9.97	108	5	1536	659	93	95
1278	1277.9	30	9.98	108	5	1544	659	93	95
1279	1278.9	32	13.37	108	6	1540	659	93	95
1280	1279.9	30	14.5	108	7	1553	659	93	95
1281	1280.9	31	16.02	108	7	1559	659	93	95
1282	1281.9	29.5	15	108	7	1572	659	93	95
1283	1282.9	28	13	108	7	1579	659	93	95
1284	1283.9	23.32	17	108	7	1575	659	93	95
1285	1284.9	22	15.64	108	7	1579	659	93	95
1286	1285.9	22.7	14.66	107	9	1567	659	93	95
1287	1286.9	23.34	15.54	106	9	1572	659	93	95
1288	1287.9	24.85	16.45	107	8	1583	659	93	95
1289	1288.9	25	16.35	107	8	1579	659	93	95
1290	1289.9	23.17	14.75	108	6	1586	659	93	95
1291	1290.9	23.32	15.02	108	6	1593	659	93	95
1292	1291.9	22	14.89	109	5	1605	659	93	95
1293	1292.9	21	14.7	109	5	1620	659	93	95
1294	1293.9	20	13.5	109	5	1620	659	93	95
1295	1294.9	21	13.5	110	4	1602	657	93	95
1296	1295.9	22	12.68	110	4	1588	656	93	95
1297	1296.9	23	10.25	109	6	1593	656	93	95
1298	1297.9	24	10.26	108	6	1585	656	93	95
1299	1298.9	22	11.56	108	7	1599	656	93	95
1300	1299.9	20	12.9	108	7	1607	656	93	95
1301	1300.9	22.5	12	108	8	1602	656	93	95
1302	1301.9	21.96	13.5	108	8	1602	656	93	95
1303	1302.9	21.31	12.3	108	7	1600	656	93	95
1304	1303.9	22.53	12.5	108	7	1609	656	93	95
1305	1304.9	23.82	12.35	108	7	1608	656	93	95
1306	1305.9	21	14.55	108	5	1613	656	93	95
1307	1306.9	21.54	13.74	108	5	1613	656	93	95
1308	1307.9	20.06	12.64	108	5	1618	656	93	95
1309	1308.9	18	12.67	108	4	1620	656	93	95
1310	1309.9	17.05	12.45	108	4	1295	581	93	95
1311	1310.9	15.61	13.01	108	4	1295	580	93	95
1312	1311.9	16.05	12.05	108	4	1291	580	93	95
1313	1312.9	17.25	14.01	108	5	1290	580	93	95
1314	1313.9	16.78	13	108	4	1285	580	93	95
1315	1314.9	18.5	12.45	109	5	1257	580	93	95
1316	1315.9	20.32	14.04	109	5	1260	580	93	95
1317	1316.9	22	13	109	5	1269	580	93	95
1318	1317.9	21	12	109	4	1510	633	93	95
1319	1318.9	22.09	11.14	109	4	1311	601	93	95
1320	1319.9	20	12.04	109	4	1358	601	93	95
1321	1320.9	23	10.78	109	4	1358	601	93	95
1322	1321.9	22	11.07	109	4	1350	601	93	95
1323	1322.9	21	12.04	87	3	1353	599	93	95
1324	1323.9	20	13.55	112	4	1311	589	93	95
1325	1324.9	21.59	12.33	109	4	1306	589	93	95
1326	1325.9	21.75	12.02	109	4	1305	589	93	95
1327	1326.9	20	14	109	4	1307	589	93	95
1328	1327.9	18.5	13.65	109	5	1318	589	93	95
1329	1328.9	19.54	12.12	108	5	1319	589	93	95
1330	1329.9	17.6	11.66	108	5	1325	589	93	95
1331	1330.9	19.6	12.69	108	5	1324	589	93	95
1332	1331.9	21.99	13.01	108	5	1326	589	93	95
1333	1332.9	23.67	11.46	108	5	1325	589	93	95
1334	1333.9	19.26	10.23	108	4	1334	589	93	95
1335	1334.9	22.37	13.15	108	4	1322	589	93	95
1336	1335.9	21.4	12.47	108	4	1323	589	93	95
1337	1336.9	20.85	11.5	108	4	1330	589	93	95
1338	1337.9	19.38	12.65	108	5	1322	589	93	95
1339	1338.9	20.14	11.05	108	5	1333	589	93	95
1340	1339.9	20.3	12.05	108	5	1326	589	93	95
1341	1340.9	23.1	10.3	107	6	1323	589	93	95
1342	1341.9	24.37	11.2	107	7	1221	589	93	95
1343	1342.9	23.56	10.2	108	6	1184	589	93	95
1344	1343.9	25	12.3	108	6	1236	589	93	95
1345	1344.9	24	11.5	108	6	1271	589	93	95
1346	1345.9	22	12.5	108	5	1261	591	93	95
1347	1346.9	21	13.4	108	5	1262	592	93	95
1348	1347.9	20	12.23	108	5	1283	594	93	95
1349	1348.9	18.6	12.2	108	5	1294	595	93	95
1350	1349.9	18.9	12.33	108	5	1309	595	93	95
1351	1350.9	18.99	11.2	108	5	1309	179	93	95
1352	1351.9	20.1	10.11	109	6	1315	601	93	95
1353	1352.9	22.04	11.02	109	6	1316	601	93	95
1354	1353.9	22	12.01	109	6	1326	601	93	95
1355	1354.9	21.23	12.3	108	7	1330	601	93	95
1356	1355.9	20.07	12.03	108	5	1315	601	93	95
1357	1356.9	22.9	11	108	5	1316	601	93	95
1358	1357.9	22.56	12.33	108	5	1320	601	93	95
1359	1358.9	21.32	13.01	108	5	1319	601	93	95
1360	1359.9	22.07	12	108	4	1319	601	93	95
1361	1360.9	20.97	11.6	108	5	1319	601	93	95
1362	1361.9	21.5	10.22	108	4	1321	601	93	95
1363	1362.9	22.13	12	108	6	1318	601	93	95
1364	1363.9	22.13	10.95	108	5	1334	601	93	95
1365	1364.9	23.63	12.44	108	5	1327	601	93	95
1366	1365.9	22.82	11.25	108	6	1323	601	93	95
1367	1366.9	23.97	10.78	108	5	1330	601	93	95
1368	1367.9	22.12	11.55	108	4	1321	601	93	95
1369	1368.9	23.1	11.01	108	5	1321	601	93	95
1370	1369.9	21.96	11	108	4	1321	601	93	95
1371	1370.9	21.96	11	108	4	1321	601	93	95
1372	1371.9	21.96	11	108	4	1321	601	93	95
1373	1372.9	21.96	11	108	4	1321	601	93	95
1374	1374.99	45.05	1.27	108	3	1301	592	93	94
1375	1375.99	19.37	3.8	108	4	1295	592	93	94
1376	1376.99	14.84	5.91	108	4	1303	592	93	94
1377	1377.99	6.56	7.81	86	3	1040	473	93	94
1378	1378.99	16.32	9.14	108	4	1300	592	93	94
1379	1379.99	16.62	10.8	108	4	1305	592	93	94
1380	1380.99	22.33	14.34	108	5	1312	592	93	94
1381	1381.99	19.76	15.28	108	6	1225	589	93	94
1382	1382.99	20.02	17.59	108	6	1191	589	93	94
1383	1383.99	25.93	19.23	108	6	1052	558	93	94
1384	1384.99	14.71	14.25	108	6	1199	580	93	94
1385	1385.99	18.54	10.21	109	4	1296	598	93	94
1386	1386.99	18.01	11.29	110	4	1294	598	93	94
1387	1387.99	22.97	9.3	110	4	1292	598	93	94
1388	1388.99	20.12	11	109	5	1293	598	93	94
1389	1389.99	26.27	9.3	109	5	1312	598	93	94
1390	1390.99	29.26	11.94	109	5	1303	598	93	94
1391	1391.99	39.14	12.69	109	6	1317	598	93	94
1392	1392.99	32.25	14.35	109	6	1317	598	93	94
1393	1393.99	29.12	10.47	109	7	1325	598	93	94
1394	1394.99	27.18	13.17	109	9	1319	598	93	94
1395	1395.99	29.11	15.23	109	7	1330	598	93	94
1396	1396.99	28.1	13.23	109	7	1335	598	93	94
1397	1397.99	23.63	11.49	109	6	1341	600	93	94
1398	1398.99	20.63	10.52	109	6	1353	601	93	94
1399	1399.99	22.63	12.87	109	6	1346	601	93	94
1400	1400.99	24.73	9.7	109	6	1359	601	93	94
1401	1401.99	23.64	10.84	109	6	1359	601	93	94
1402	1402.99	23.78	12.3	109	6	1351	601	93	94
1403	1403.99	24.07	13.4	109	7	1310	601	93	94
1404	1404.99	23.51	14.81	110	7	1234	601	93	94
1405	1405.99	24.99	12.36	110	6	1217	601	93	94
1406	1406.99	23.1	9.67	110	6	1223	601	93	94
1407	1407.99	16.04	8.85	109	6	1242	601	93	94
1408	1408.99	59.96	6.22	33	1	623	300	93	94
1409	1409.99	289.22	25.17	33	2	1036	480	93	94
1410	1410.99	22.01	9.15	109	7	1348	601	93	94
1411	1411.99	18.12	9.9	108	5	1350	601	92	94
1412	1412.99	14.76	9.4	108	5	1371	601	92	94
1413	1413.99	6.09	2.79	54	2	688	300	92	94
1414	1414.99	21.63	9.5	108	5	1381	601	92	94
1415	1415.99	21.02	11.49	108	6	1390	601	92	94
1416	1416.99	29.17	12.35	108	7	1390	601	92	94
1417	1417.99	21.14	9.66	108	6	1388	601	92	94
1418	1418.99	24.09	12	108	6	1388	601	92	94
1419	1419.99	22.13	11.87	108	7	1389	601	92	94
1420	1420.99	23.76	11.02	108	7	1388	601	92	94
1421	1421.99	24.04	9.69	108	6	1396	601	92	94
1422	1422.99	24.79	10.45	108	6	1393	601	92	94
1423	1423.99	24.98	9.58	108	6	1392	601	92	94
1424	1424.99	24.33	10.35	108	6	1394	601	92	94
1425	1425.99	25.32	12.07	108	6	1402	601	92	94
1426	1426.99	15.75	7.51	86	5	1116	481	92	93
1427	1427.99	20.72	13.38	108	6	1389	601	92	93
1428	1428.99	24.88	8.86	108	6	1395	601	92	93
1429	1429.99	23.6	10.13	108	6	1393	601	92	93
1430	1430.99	24.59	10.45	108	6	1394	601	92	93
1431	1431.99	23.53	11.86	108	7	1394	601	92	93
1432	1432.99	21.53	6.69	108	7	1398	601	92	93
1433	1433.99	22.25	8.13	108	6	1517	645	92	93
1434	1434.99	20.14	7.76	108	6	1513	646	92	93
1435	1435.99	13.74	5.62	75	3	1055	452	92	93
1436	1436.99	169.07	10.88	102	5	606	258	92	93
1437	1437.99	192.07	18.3	110	3	1340	610	92	93
1438	1438.99	16.96	11.01	110	5	1288	595	92	93
1439	1439.99	19.37	12.44	110	5	1300	595	92	93
1440	1440.99	21.59	10.37	110	6	1312	595	92	93
1441	1441.99	22.27	10.37	110	6	1315	595	92	93
1442	1442.99	22.26	12.34	110	6	1316	595	92	93
1443	1443.99	22.86	10.86	110	5	1331	595	92	93
1444	1444.99	23.02	9.03	110	5	1326	595	92	93
1445	1445.99	22.42	10.83	110	5	1332	595	92	93
1446	1446.99	21.84	13.75	110	8	1331	595	92	93
1447	1447.99	21.93	11.24	110	7	1334	595	92	93
1448	1448.99	22.06	11.04	110	7	1337	595	92	93
1449	1449.99	20.7	10.64	110	7	1340	595	92	93
1450	1450.99	20.68	9.98	110	7	1339	595	92	93
1451	1451.99	20.71	11.17	110	7	1347	595	92	93
1452	1452.99	19.7	12.04	110	7	1346	595	92	93
1453	1453.99	19.32	9.19	110	7	1344	595	92	93
1454	1454.99	19.37	8.58	110	6	1344	595	92	93
1455	1455.99	17.95	8.12	110	6	1345	595	92	93
1456	1456.99	19.01	9.63	110	6	1345	595	92	93
1457	1457.99	4.02	9.36	33	8	1369	178	92	93
1458	1458.99	0.86	9.36	11	5	1300	179	92	93
1459	1459.99	0.82	7.36	11	7	1325	170	92	93
1460	1460.99	0.77	9.36	11	6	1369	175	92	93
1461	1461.99	1.54	5.36	22	9	1358	156	92	93
1462	1462.99	17.04	6.28	110	6	1217	568	92	93
1463	1463.99	20.72	7.94	110	5	1121	551	92	93
1464	1464.99	17.46	7.01	110	5	1101	551	92	93
1465	1465.99	20.05	10.65	110	6	1045	551	92	93
1466	1466.99	4.49	1.66	102	8	1036	165	92	93
1467	1467.99	14.08	6.93	103	4	1025	457	92	93
1468	1468.99	20.38	12.17	109	7	1176	578	92	93
1469	1469.99	17.34	13.14	103	5	1193	579	92	93
1470	1470.99	16.01	10.09	107	6	1219	578	92	93
1471	1471.99	23.32	12.32	108	6	1242	579	92	93
1472	1472.99	23.17	11.07	108	7	1253	578	92	93
1473	1473.99	22.94	10.82	108	8	1253	578	92	93
1474	1474.99	21.37	11.52	108	9	1280	579	92	93
1475	1475.99	25.02	11.27	105	9	1350	581	92	93
1476	1476.99	22.72	13.09	100	9	1357	581	92	93
1477	1477.99	24.34	15.86	99	9	1361	581	92	93
1478	1478.99	23.71	15.7	100	8	1362	581	92	93
1479	1479.99	21.39	16.6	100	8	1366	581	92	93
1480	1480.99	23.9	15.52	101	7	1377	581	92	93
1481	1481.99	20.64	13.06	103	6	1387	581	92	93
1482	1482.99	21.75	17.25	103	7	1378	581	92	93
1483	1483.99	14.23	17.36	60	4	980	406	92	93
1484	1481.68	17.92	6.2	108	4	1430	581	96	98
1485	1481.68	17.92	6.2	108	4	1430	581	96	98
1486	1483.24	13.79	9.77	108	5	1230	581	96	98
1487	1485.54	14.27	7.75	108	6	1020	581	96	98
1488	1486.54	16.15	8.66	108	6	1019	581	96	98
1489	1487.54	20.12	5.46	108	5	1017	581	96	98
1490	1488.54	18.53	8.24	108	6	1018	581	96	98
1491	1490.9	11	7.26	108	8	1015	581	96	98
1492	1491.9	10.59	7.67	86	6	1041	581	96	98
1493	1492.9	12	2.8	100	7	1100	599	96	98
1494	1493.9	13	6.35	109	7	1127	601	96	98
1495	1494.9	13.77	2.95	109	6	1129	601	96	98
1496	1495.9	15	1.7	109	6	1140	601	96	98
1497	1496.9	18.99	2.08	108	5	1129	601	96	98
1498	1497.9	17	10.35	108	8	1069	601	96	98
1499	1498.9	18	10.07	108	8	1070	601	96	98
1500	1499.9	17	10.63	109	7	1077	601	96	98
1501	1500.9	16.52	6.76	108	6	1106	601	96	98
1502	1501.9	15	3.99	108	4	1083	601	96	98
1503	1502.9	17.81	4.69	108	5	1012	601	96	98
1504	1503.9	20	5.01	108	5	1012	601	96	98
1505	1504.9	20.85	13.17	108	6	1165	654	96	98
1506	1505.9	18	19.33	108	7	1382	724	96	98
1507	1506.9	17.63	22.69	108	7	1426	740	96	98
1508	1507.9	16.84	27	109	8	1420	740	96	98
1509	1508.9	17.34	27	109	8	1420	740	96	98
1510	1509.9	17.69	27	109	8	1420	740	96	98
1511	1510.9	18.42	25.13	113	7	1476	750	96	98
1512	1511.9	19.86	14.9	129	6	1693	790	96	98
1513	1512.9	16	17.67	128	6	1699	790	96	98
1514	1513.9	15.54	17.5	128	6	1708	790	96	98
1515	1514.9	14	20.15	126	7	1704	790	96	98
1516	1515.9	13.27	16.26	126	7	1698	790	96	98
1517	1516.9	12.75	15.83	125	8	1707	790	96	98
1518	1517.9	14.63	23.49	125	8	1711	790	96	98
1519	1518.9	13	18.23	126	7	1711	790	96	98
1520	1519.9	13	23.5	127	7	1717	790	96	98
1521	1520.9	14	19.26	129	6	1739	790	96	98
1522	1521.9	12	14.67	129	5	1755	790	96	97
1523	1522.9	13	12.25	130	5	1746	790	96	98
1524	1523.9	14	14.91	130	6	1740	790	95	97
1525	1524.9	15.95	20.93	130	7	1735	790	95	97
1526	1525.9	16.42	20.49	130	7	1729	790	95	97
1527	1526.9	15	16.75	130	7	1734	790	96	98
1528	1527.9	17.54	11.63	130	5	1747	790	95	97
1529	1528.9	19	13.21	130	5	1752	790	96	98
1530	1529.9	22	11.56	130	5	1752	790	96	98
1531	1530.9	20.4	10.31	130	6	1749	790	96	98
1532	1531.9	22.97	10.24	130	5	1750	790	96	98
1533	1532.9	20.33	7.82	130	5	1750	790	96	98
1534	1533.9	23.13	9.84	130	5	1754	790	96	98
1535	1534.9	21.52	10.86	130	5	1760	790	96	98
1536	1535.9	19.55	10.05	129	6	1760	789	96	98
1537	1536.9	20.71	8.71	130	11	1763	790	96	98
1538	1537.9	20.38	7.07	130	7	1770	790	96	98
1539	1538.9	19.24	7.52	130	8	1770	790	96	98
1540	1539.9	19.26	10.16	130	6	1778	790	96	98
1541	1540.9	18.01	9.35	128	8	1786	790	96	98
1542	1541.9	20.14	12.74	129	7	1785	790	96	98
1543	1542.9	22	11.5	130	7	1787	790	96	98
1544	1543.9	22.38	8.76	130	8	1790	790	96	97
1545	1544.9	23	8.18	130	7	1790	790	96	98
1546	1545.9	25	8.74	130	7	1793	790	96	98
1547	1546.9	26	10.43	130	6	1797	789	96	98
1548	1547.9	27.1	7.98	130	8	1799	790	96	97
1549	1548.9	23	11.73	130	10	1801	790	96	98
1550	1549.9	24.87	7.21	130	8	1881	790	96	98
1551	1550.9	22.54	2.67	131	6	1954	788	96	98
1552	1551.9	18.88	9.89	130	6	1903	787	96	98
1553	1552.9	18.02	15.78	130	6	1899	787	96	98
1554	1553.9	20.46	15.29	130	7	1897	787	96	98
1555	1554.9	17.9	14.54	130	7	1898	787	96	98
1556	1555.9	17.32	18.33	130	7	1910	787	96	98
1557	1556.9	17.19	18.29	130	7	1909	787	96	98
1558	1557.9	15.17	17.81	130	7	1910	787	96	98
1559	1558.9	14.91	17.68	130	6	1880	787	96	98
1560	1559.9	3.94	7.38	131	2	654	314	96	98
1561	1560.9	18.99	21.11	130	7	1594	787	96	98
1562	1561.9	17.19	20.62	130	7	1595	787	96	98
1563	1562.9	15.12	21.96	130	8	1622	787	96	98
1564	1563.9	14.6	20.7	131	7	1650	787	96	98
1565	1564.9	17.79	17.37	130	7	1658	787	96	98
1566	1565.9	16.26	19.16	130	7	1698	787	96	98
1567	1566.9	18.92	18.75	130	7	1731	787	96	98
1568	1567.9	15.99	18.96	130	8	1762	787	96	98
1569	1568.9	19.69	21.41	130	8	1791	787	96	98
1570	1569.9	18.22	19.65	130	8	1785	787	96	98
1571	1570.9	19.13	19.71	130	7	1797	787	96	98
1572	1571.9	19.24	18.74	130	7	1815	787	96	98
1573	1572.9	18.66	22.13	130	8	1843	787	96	98
1574	1573.9	17.31	19.33	130	8	1883	787	96	98
1575	1574.9	14.3	20.12	130	6	1903	787	96	98
1576	1575.9	14.02	18.96	130	6	1916	787	96	98
1577	1576.9	13.94	20.55	130	6	1926	787	96	98
1578	1577.9	20.28	5.21	118	3	1711	708	96	98
1579	1578.9	24.7	13.68	130	6	1881	787	96	98
1580	1579.9	17.44	18.16	130	6	1831	787	96	98
1581	1580.9	17.24	17.22	130	6	1791	787	96	98
1582	1581.9	12.61	15.57	130	6	1847	787	96	98
1583	1582.9	17.22	14.99	130	6	1855	787	96	98
1584	1583.9	15.34	19.07	130	6	1854	787	96	98
1585	1584.9	16.43	19.28	130	7	1862	787	96	98
1586	1585.9	15.76	17.28	130	7	1852	787	96	98
1587	1586.9	15.46	16.2	130	7	1898	787	96	98
1588	1587.9	13.75	17.01	130	6	1936	787	96	98
1589	1588.9	14.21	17.04	130	7	1935	787	96	98
1590	1589.9	12.3	17.69	130	6	1952	787	96	98
1591	1590.9	13.78	16.74	130	6	1968	787	96	98
1592	1591.9	14.2	20.78	130	6	1994	787	96	98
1593	1592.9	13.85	16.1	130	7	1976	787	96	98
1594	1593.9	11.33	18.96	130	6	1941	787	96	98
1595	1594.9	14.86	17.26	130	6	1936	787	96	98
1596	1595.9	16.8	17.23	131	7	1917	787	96	98
1597	1596.9	16.56	15.78	130	7	1924	787	96	98
1598	1597.9	16.55	16.35	131	7	1935	787	96	98
1599	1597.9	16.8	20.29	131	7	1941	787	96	98
1600	1597.9	13.84	20.96	131	7	1929	787	96	98
1601	1600.9	15.61	23.23	130	8	1935	787	96	98
1602	1601.9	15.25	21.88	130	7	1935	787	96	98
1603	1602.9	13.97	19.89	130	7	1962	787	96	98
1604	1603.9	13.93	18.02	131	7	1963	787	96	98
1605	1604.9	2.35	4.93	131	7	1936	789	96	98
1606	1605.9	2.35	8.36	130	7	1945	769	96	98
1607	1606.9	2.35	9.36	130	7	1968	726	96	98
1608	1607.9	2.35	8.36	130	7	1956	763	96	98
1609	1608.9	13.27	2.98	130	7	1025	759	96	98
1610	1609.9	13.2	6.36	130	7	1236	745	96	98
1611	1610.9	27.94	11.42	132	6	2065	793	96	98
1612	1611.9	25.74	14.35	131	6	2053	793	96	98
1613	1612.9	19.57	14.98	131	7	2038	791	96	98
1614	1613.9	20.68	16.48	130	8	1940	790	96	98
1615	1614.9	21.18	17.11	130	7	1922	790	96	98
1616	1615.9	21.36	15.53	130	7	1918	790	96	98
1617	1616.9	21.27	21.4	130	8	1965	790	96	98
1618	1617.9	21.6	17.78	130	8	1997	790	96	98
1619	1618.9	21.59	20.21	130	8	1996	790	96	98
1620	1619.9	21.04	14.33	130	7	2013	790	96	98
1621	1620.9	17.94	17.44	130	7	2012	790	97	99
1622	1621.9	25.17	11.89	131	5	2032	790	97	99
1623	1622.9	15.88	15.82	130	6	2041	790	97	99
1624	1623.9	18.17	18.2	130	7	2025	790	97	99
1625	1624.9	13.62	18.67	130	7	2007	790	97	99
1626	1625.9	12.34	19.7	130	7	2008	790	97	99
1627	1626.9	13.57	19.68	130	7	1994	790	98	99
1628	1627.9	14.06	23.96	130	7	1997	790	98	99
1629	1628.9	12.47	22.36	130	7	2003	790	98	99
1630	1629.9	14.34	21.79	131	8	2036	790	98	100
1631	1630.9	13.77	20.39	131	7	1996	790	98	100
1632	1631.9	13.74	17.95	131	7	1994	790	98	100
1633	1632.9	14.96	18.19	132	7	2023	790	99	100
1634	1633.9	15.75	17.92	132	7	2028	790	99	102
1635	1634.9	12.96	18.15	132	7	2029	790	99	102
1636	1635.9	16.79	19.11	132	7	2031	790	99	102
1637	1636.9	15.2	15.08	132	7	2031	500	80	82
1638	1637.9	12.42	14.08	131	7	1890	450	81	85
1639	1638.9	12.36	15.23	12	7	2150	450	82	85
1640	1639.9	13.52	0.49	80	3	1156	369	101	102
1641	1640.9	20.08	4.29	81	3	1963	364	101	102
1642	1641.9	9.05	8.36	84	5	2178	687	101	102
1643	1642.9	21.16	10.31	82	6	2210	692	101	102
1644	1643.9	21.86	9.39	84	5	2273	683	101	102
1645	1644.9	56.31	11.22	82	6	2153	661	101	102
1646	1645.9	53.63	9.66	74	5	1785	576	101	102
1647	1646.9	33.49	13.44	82	8	1967	642	101	102
1648	1647.8	31.77	10.29	82	7	1960	640	101	102
1649	1648.8	29.79	10.72	82	7	1966	641	101	102
1650	1649.8	30.04	12.68	96	8	1978	642	101	102
1651	1650.8	31.51	8.41	121	7	2006	642	101	102
1652	1651.8	19.77	8.3	123	9	2012	642	101	102
1653	1652.8	19.62	10.53	122	5	2010	642	101	102
1654	1653.8	17.72	9.18	123	10	2010	642	101	102
1655	1654.8	24.33	7.76	124	4	2016	642	101	102
1656	1655.8	20.42	7.7	123	5	2010	642	101	102
1657	1656.8	21.49	9.55	122	8	2014	642	101	102
1658	1657.8	56.28	11.33	86	18	2046	642	101	102
1659	1658.8	96.01	9.34	71	41	2074	644	101	102
1660	1659.8	46.72	9.12	87	10	2103	661	101	102
1661	1660.8	35.87	6.98	113	7	2717	785	101	102
1662	1660.8	57.83	9.94	115	9	2786	799	101	102
1663	1660.8	27.86	8.43	118	7	2798	799	101	102
1664	1661.6	36.16	5.99	117	7	2800	800	101	102
1665	1661.8	42.24	8.95	116	8	2800	799	101	109
1666	1662.76	33.94	6.97	117	7	2805	799	101	109
1667	1663.71	18.43	6.89	119	6	2803	799	101	109
1668	1664.67	16.15	5.9	120	5	2813	799	101	109
1669	1665.62	77.19	4.32	104	3	2599	724	101	109
1670	1666.58	90.98	5.44	103	4	2521	719	101	109
1671	1667.53	16.55	5.02	113	5	2786	800	101	109
1672	1668.49	17.13	3.38	113	5	2780	798	101	109
1673	1669.44	15.65	6.15	113	5	2780	799	101	109
1674	1670.4	13.54	4.99	114	5	2772	800	101	112
1675	1671.36	14.55	4.37	113	5	2780	800	101	112
1676	1672.31	17.24	3.99	113	5	2773	799	101	112
1677	1673.27	13.5	5.72	114	5	2770	799	101	112
1678	1674.22	18.73	7.73	120	5	2932	801	101	112
1679	1675.18	21.27	7.69	121	6	2948	802	101	112
1680	1676.13	21.73	8.38	121	6	2943	802	101	112
1681	1677.09	19.18	7.12	121	5	2943	802	101	112
1682	1678.04	18.33	6.72	121	6	2875	800	101	115
1683	1679	15.07	4.6	123	4	2851	800	101	115
1684	1679.95	15.15	3.74	110	5	2859	800	101	115
1685	1680.91	19.63	6.51	121	6	2886	800	101	115
1686	1681.86	31.48	8.1	119	7	2884	800	101	115
1687	1682.82	24.68	6.65	119	7	3158	853	101	115
1688	1683.77	19.93	6.53	120	6	3198	856	101	115
1689	1684.73	20.1	5.45	121	5	3195	852	101	117
1690	1685.69	21.59	3.54	121	6	3189	852	101	117
1691	1686.64	23.79	5.65	119	7	3178	850	101	117
1692	1687.6	22.03	3.47	120	6	3177	844	101	117
1693	1688.55	26.01	5.17	120	7	3187	842	101	117
1694	1689.51	24.51	6.64	119	7	3154	842	101	117
1695	1690.46	22.51	4.24	119	6	3156	852	101	117
1696	1691.42	24.09	7.93	119	7	3458	900	101	117
1697	1692.37	27.23	6.56	119	7	3471	900	101	117
1698	1693.33	26.37	6.8	119	7	3510	900	101	117
1699	1694.28	23.44	4.63	119	7	3513	900	101	119
1700	1695.24	14.43	5.83	121	6	3528	900	101	119
1701	1696.19	15.51	3.21	120	6	3495	900	101	119
1702	1697.15	15.75	7.81	120	7	3413	880	101	121
1703	1698.11	15.52	5.53	120	6	3460	882	101	121
1704	1699.06	11.95	4.87	121	5	3476	885	101	121
1705	1700.02	14.45	5.53	120	6	3400	876	101	121
1706	1700.97	13.03	4.93	120	6	3089	840	101	121
1707	1701.93	14.93	4.37	121	5	3116	830	101	121
1708	1702.88	16.63	5.66	121	5	3005	820	101	121
1709	1703.84	16.15	4.37	121	5	3008	820	101	121
1710	1704.79	15.41	6.38	120	6	3001	820	101	121
1711	1705.75	15.97	5.98	120	6	3013	820	101	121
1712	1706.7	14.64	5.47	108	5	3025	820	101	121
1713	1707.66	24.61	1.56	120	6	3113	838	101	121
1714	1708.61	23.24	4.69	119	7	3103	837	101	121
1715	1709.57	29.8	0.97	118	7	3103	837	101	121
1716	1710.53	27.05	5.26	118	8	3111	837	101	121
1717	1711.48	18.87	2.31	120	6	3140	839	101	121
1718	1712.44	21.75	1.46	119	6	3202	842	101	121
1719	1713.39	25.96	4.85	118	7	3213	841	101	121
1720	1714.35	22.57	3.31	118	7	3213	842	101	121
1721	1715.3	17.96	1.74	119	7	3208	842	101	121
1722	1716.26	22.31	4.72	118	7	3204	842	101	121
1723	1717.21	21.2	4.63	119	7	3204	842	101	121
1724	1718.17	23.24	3.24	119	6	3210	842	101	121
1725	1719.12	24.51	4.62	118	8	3204	842	101	121
1726	1720.08	21.74	3.25	119	7	3205	842	101	121
1727	1721.03	23.63	3.09	118	8	3206	842	101	121
1728	1721.99	22.92	2.73	118	8	3213	842	101	121
1729	1722.94	16.02	2	120	6	3213	842	101	121
1730	1723.9	19.59	2.3	119	6	3220	842	101	121
1731	1724.86	21.15	2.2	120	6	3215	842	101	121
1732	1725.81	20.91	1.8	120	6	3213	842	101	121
1733	1726.77	15.67	1.57	108	5	2892	757	101	121
1734	1727.72	13.36	2.53	121	5	3215	842	101	121
1735	1728.68	15.45	1.67	120	5	3207	842	101	121
1736	1729.63	14.86	1.73	120	6	3209	842	101	121
1737	1730.59	9.66	2.33	96	4	2564	673	101	121
1738	1731.54	10.36	1.1	84	4	2242	589	101	121
1739	1732.5	11.68	1.19	109	6	3197	842	101	121
1740	1733.45	17.63	3	120	6	3166	841	101	121
1741	1734.41	20.79	7.66	120	6	3152	631	103	125
1742	1735.36	22.19	6.48	120	6	3148	841	103	127
1743	1736.32	17.61	4.8	121	6	3152	842	103	127
1744	1737.28	16.22	6.22	120	7	3140	842	103	127
1745	1738.23	17.23	6.59	119	7	3170	841	103	127
1746	1739.19	13.41	3.6	121	6	3217	841	103	127
1747	1740.14	16.15	4.99	120	6	3215	841	103	127
1748	1741.1	13.05	5.47	120	6	3183	738	103	127
1749	1742.05	14.03	1.88	109	6	2825	567	103	127
1750	1743.01	16.18	5.48	127	6	3155	839	103	127
1751	1743.96	15.63	7.51	126	7	3169	840	103	127
1752	1744.92	17.12	4.35	126	6	3167	840	103	127
1753	1745.87	17.78	3.81	126	7	3162	840	103	127
1754	1746.83	15.55	3.27	127	6	3164	840	103	127
1755	1747.78	15.18	7.24	123	5	3166	840	103	127
1756	1748.74	15.9	5.5	123	5	3163	840	103	127
1757	1749.69	15.92	6.11	123	5	3154	840	103	127
1758	1750.65	16.73	8.3	123	6	3150	839	103	127
1759	1751.61	12.77	7.23	122	7	3147	840	103	127
1760	1752.56	47.52	3	123	5	3152	840	103	127
1761	1753.52	56	2.06	111	5	2841	756	103	127
1762	1754.47	55	4.55	84	5	2209	587	103	127
1763	1755.43	65.73	6.14	117	9	3179	840	103	127
1764	1756.38	31.8	2.54	120	7	3197	839	103	127
1765	1757.34	35.08	1.8	120	7	3210	840	103	127
1766	1758.29	56.57	2.22	120	7	3222	839	103	127
1767	1759.25	18	3	35	3	966	252	103	127
1768	1760.2	11.9	5	12	0	613	161	103	127
1769	1761.16	35.6	6.04	83	4	2577	672	103	127
1770	1762.11	20.73	6.64	83	3	2285	594	103	127
1771	1763.07	23.9	12.18	121	6	3261	850	106	126
1772	1764.03	33.21	13.33	120	8	3251	850	106	126
1773	1764.98	28.55	13.89	121	7	3244	850	106	126
1774	1765.94	30.6	14.17	121	7	3242	850	106	126
1775	1766.89	23.52	15.11	121	7	3244	850	106	126
1776	1767.85	21.97	13.43	120	7	3225	850	106	126
1777	1768.8	30.55	11.62	120	7	3245	854	106	126
1778	1769.76	40.45	15.38	120	6	3251	857	106	126
1779	1770.71	26.1	12.46	119	7	3249	857	106	126
1780	1771.67	40.59	10.95	107	6	2891	761	106	126
1781	1772.62	69.56	14.55	106	6	2858	753	106	126
1782	1773.58	36.89	15.72	118	7	3180	837	106	126
1783	1774.53	62.06	15.25	117	9	3181	837	106	126
1784	1775.49	59.29	15.09	116	8	3175	837	106	126
1785	1776.44	16.52	14.99	120	6	3188	837	106	126
1786	1777.4	34.46	15.14	119	6	3192	837	106	126
1787	1778.36	26.55	15.5	118	8	3192	837	106	126
1788	1779.31	37.17	12.35	118	7	3195	837	106	126
1789	1780.27	28.8	14.92	118	8	3192	837	106	126
1790	1781.22	55.01	13.6	115	9	3195	837	106	126
1791	1782.18	78.03	12.65	117	8	3197	837	106	126
1792	1783.13	104.9	14.92	117	8	3199	837	106	126
1793	1784.09	116.52	18.72	113	11	3190	837	106	126
1794	1785.04	86	19.78	113	10	3185	837	106	126
1795	1786	54.46	16.14	117	8	3180	837	106	126
1796	1786.95	68.76	17.53	116	9	3174	837	106	126
1797	1787.91	109.14	19.97	112	11	3175	837	106	126
1798	1788.86	95.65	15.97	120	9	2387	837	106	126
1799	1789.82	53.04	15.97	119	9	3244	837	106	126
1800	1790.78	53.04	12.46	107	9	3242	837	106	126
1801	1791.73	37.49	10.95	106	9	3244	837	106	126
1802	1792.69	57.75	14.55	118	9	3225	837	106	126
1803	1793.64	92.32	15.72	117	9	3245	837	106	126
1804	1794.6	52.69	15.25	116	9	3251	837	106	126
1805	1795.55	62.43	15.09	120	9	3249	837	106	126
1806	1796.51	52.41	14.99	119	9	2891	837	106	126
1807	1797.46	35.99	15.14	118	9	2858	837	106	126
1808	1798.42	39.42	15.5	118	9	3180	837	106	126
1809	1799.37	55.23	12.35	118	9	3180	837	106	126
1810	1800.33	26.79	14.92	115	9	3180	837	106	126
1811	1801.28	26.79	13.6	110	9	3180	837	106	126
1812	1802.24	26.79	12.65	110	9	3180	837	106	126
1813	1803.19	26.79	14.92	117	9	2087	525	106	126
1814	1804.15	52	5.86	117	8	3380	853	106	126
1815	1805.11	55	5.57	116	9	3327	840	106	126
1816	1806.06	42	5.87	117	9	3328	840	106	126
1817	1807.02	44	8.65	90	10	2664	672	106	126
1818	1807.97	50	7.38	111	12	3334	840	106	126
1819	1808.93	48	6.8	115	10	3325	840	106	126
1820	1809.88	47.2	8.3	111	12	3330	840	106	126
1821	1810.84	31.88	3.06	95	5	2654	672	106	126
1822	1811.79	33.1	4.12	110	4	2981	755	106	126
1823	1812.75	32	4.97	120	6	3304	839	106	126
1824	1813.7	48.9	5.05	117	9	3307	839	106	126
1825	1814.66	47.6	5.99	119	8	3310	840	106	126
1826	1815.61	53.04	4.39	117	9	3312	839	106	126
1827	1816.57	37.49	3.05	118	8	3310	840	106	126
1828	1818.37	57.75	2.76	121	6	3315	838	106	126
1829	1827.08	92.32	0.9	122	6	3320	823	106	126
1830	1828.07	52.69	1.5	122	6	3320	841	106	126
1831	1829.07	62.43	1.5	122	6	3320	841	106	126
1832	1830.06	52.41	1.2	122	6	3320	840	106	126
1833	1831.05	35.99	2	122	6	3320	841	106	126
1834	1832.05	39.42	2	122	6	3320	841	106	126
1835	1833.04	55.23	2.1	122	6	3320	841	106	126
1836	1834.03	26.79	2.3	122	6	3320	841	106	126
1837	1835.03	27.2	2.3	122	6	3320	841	106	126
1838	1836.02	25.22	2.4	122	6	3320	841	106	126
1839	1837.01	21.26	2.2	122	6	3320	841	106	126
1840	1838	18.72	2.2	122	6	3320	841	106	126
1841	1839	17.68	2.3	122	6	3320	840	106	126
1842	1839.99	43.94	2.3	122	6	3320	841	106	126
1843	1840.98	43.94	2.5	122	6	3320	841	106	126
1844	1841.98	43.94	3	122	6	3320	841	106	126
1845	1842.97	63.13	3	122	6	3320	840	106	126
1846	1843.96	35.75	3.2	122	6	3320	841	106	126
1847	1844.96	53.02	3.2	122	6	3320	841	106	126
1848	1845.95	47.34	3.3	122	6	3320	842	106	126
1849	1846.94	57.83	2.8	122	6	3320	842	106	126
1850	1847.94	40.72	2.7	122	6	3320	842	106	126
1851	1847.95	74.96	1	122	6	3320	842	106	126
1852	1847.99	63.43	1	122	6	3320	842	106	126
1853	1848.56	87.22	1	122	6	3320	842	106	126
1854	1849.54	63.47	1	122	6	3320	847	106	126
1855	1850.51	13.4	1	122	6	3320	860	106	126
1856	1851.49	28.34	1.2	122	6	3320	856	106	126
1857	1852.46	35.06	1.5	122	6	3320	840	106	126
1858	1853.44	22.23	1	122	6	3320	840	106	126
1859	1854.41	62.81	1	122	6	3320	840	106	126
1860	1855.39	40.65	1.1	122	6	3320	840	106	126
1861	1856.36	33.73	1	122	6	3320	840	106	126
1862	1857.34	44.03	1	122	6	3320	840	106	126
1863	1858.31	29.87	2.5	48	2	1328	336	106	126
1864	1859.29	14.37	1	122	6	3320	840	106	126
1865	1860.26	9.41	1	122	6	3320	840	106	126
1866	1861.23	15.31	1	122	6	3320	840	106	126
1867	1862.21	15.34	1	122	6	3320	840	106	126
1868	1863.18	13.66	1	122	6	3320	840	106	126
1869	1864.16	15.38	1	122	6	3320	840	106	126
1870	1865.13	33.41	1.1	109	5	2988	756	106	126
1871	1866.11	27.24	1.5	122	6	3320	840	106	126
1872	1867.08	15.21	1.4	109	5	2988	756	106	126
1873	1868.06	48.15	1	97	4	2656	672	106	126
1874	1869.03	42.48	1.8	97	4	2656	672	106	126
1875	1869.98	40.57	1.2	97	4	2656	672	106	126
1876	1870.89	15.33	1.5	85	4	2324	588	106	126
1877	1871.81	38.02	1.4	109	5	2988	756	106	126
1878	1872.73	43.37	1.8	109	5	2988	630	106	126
1879	1873.65	98.76	1.5	97	4	2656	421	106	126
1880	1874.57	78.44	1.4	109	5	2988	762	106	126
1881	1875.49	99.93	2	109	5	2988	759	106	126
1882	1876.41	77.92	2.1	109	5	2988	756	106	126
1883	1877.33	60.4	2.3	122	6	3320	843	106	126
1884	1878.8	32.21	1	122	6	3320	848	106	126
1885	1878.95	55.86	5	70	5	3421	840	106	132
1886	1879.85	82.09	5.2	109	5	3338	843	106	132
1887	1880.75	11.5	5.2	49	2	1320	336	106	132
1888	1881.65	105.27	3.57	125	5	3241	837	106	132
1889	1882.55	61.55	6.07	124	7	3222	837	106	132
1890	1883.45	35.27	8.85	124	7	3200	837	106	132
1891	1884.34	32.6	5.8	123	7	3202	837	106	132
1892	1885.24	95.93	7.35	122	10	3204	837	106	132
1893	1886.14	30.54	5.65	128	7	3197	837	106	132
1894	1887.04	41.82	6.2	128	7	3190	837	106	132
1895	1887.94	7.71	6.59	133	7	3184	837	106	132
1896	1888.84	10.39	6.18	138	6	3193	837	106	132
1897	1889.74	14.43	6.21	125	5	3241	841	106	132
1898	1890.64	32.33	14.57	142	6	3100	857	106	132
1899	1891.53	67.29	18.52	142	7	3088	857	106	132
1900	1892.43	118.12	17.04	141	8	3110	857	106	132
1901	1893.33	19.58	15.67	140	8	3098	857	106	132
1902	1894.23	82.83	14.43	140	8	3075	857	106	132
1903	1895.13	88.42	17.07	140	9	3074	857	106	132
1904	1896.03	53.82	15.03	125	8	2771	771	106	132
1905	1896.93	105.56	16.65	138	10	3089	857	106	132
1906	1897.83	52.26	15.09	140	8	3100	857	106	132
1907	1898.72	54.55	15.29	139	9	3095	857	106	132
1908	1899.62	74.93	16.23	137	10	3078	857	106	132
1909	1900.52	48.18	16.38	134	12	3073	857	106	132
1910	1901.42	99.74	15.9	139	10	3077	857	106	132
1911	1902.32	68.23	16.14	140	8	3062	857	106	132
1912	1903.22	67.65	14.39	125	8	2761	771	106	132
1913	1904.12	41.78	14.18	139	9	3084	857	106	132
1914	1905.02	26.58	13.7	140	8	3080	857	106	132
1915	1905.92	23.1	14.54	140	8	3064	857	106	132
1916	1903.54	31.71	14.02	139	9	3073	857	109	138
1917	1904.31	30.36	15.98	140	8	3080	857	109	138
1918	1905.09	16.97	12.56	138	9	3075	857	109	138
1919	1905.87	21.22	13.39	139	10	3071	857	109	138
1920	1906.65	31.57	12.86	137	9	3087	857	109	138
1921	1907.42	48.73	15.07	121	10	2795	771	109	138
1922	1908.2	30.48	16.85	134	14	3113	857	109	138
1923	1908.98	17.85	16.03	136	11	3124	857	109	138
1924	1909.76	29.96	11.92	137	11	3127	857	109	138
1925	1910.53	58.19	15.89	143	10	3109	857	109	138
1926	1911.31	48.17	20.93	129	9	2853	771	109	138
1927	1912.09	6.06	10.82	129	9	2853	771	109	138
1928	1912.87	4.14	9.05	129	9	2853	771	109	138
1929	1913.64	38.42	26.35	83	5	1768	504	109	138
1930	1914.42	24.8	12.63	139	8	2966	838	109	138
1931	1915.2	42.44	11.86	140	7	2979	839	112	140
1932	1915.98	62.45	11.62	140	7	2976	839	112	140
1933	1916.75	38.74	10.31	139	8	2984	840	112	140
1934	1917.53	49.63	11.89	140	7	2983	840	112	140
1935	1918.31	50.38	8.26	141	7	3000	839	112	140
1936	1919.09	57.73	12.02	139	8	3007	840	112	140
1937	1919.86	48.27	11.85	140	8	3010	839	112	140
1938	1920.64	27.74	12.48	141	7	3030	839	112	140
1939	1921.42	26.43	12.56	141	7	3046	839	112	140
1940	1922.2	9.96	2.42	147	6	2779	800	112	140
1941	1922.98	17.5	2.36	143	7	2834	800	112	140
1942	1923.76	13.53	7.03	143	8	2852	800	112	140
1943	1924.54	9.34	2.85	128	7	2556	720	112	140
1944	1925.32	5.62	2.35	143	7	2836	800	112	140
1945	1926.1	5.6	3.65	151	7	2818	800	112	140
1946	1926.88	17.86	8.62	156	7	2784	800	112	140
1947	1927.66	17.98	8.75	157	7	2791	800	112	140
1948	1928.44	11.29	8.85	157	7	2809	800	112	140
1949	1929.22	15.89	7.76	157	7	2793	800	112	140
1950	1930	13.49	7.68	157	6	2778	800	112	140
1951	1930.78	14.23	7.82	157	6	2778	800	112	140
1952	1931.56	13.87	7.94	157	6	2778	800	112	140
1953	1940.12	63.13	2.57	154	6	2753	799	113	142
1954	1941.02	48.38	2.57	152	8	2756	800	113	142
1955	1941.92	135.6	2.3	154	6	2759	800	113	143
1956	1942.82	105.63	3.65	138	6	2479	719	113	143
1957	1943.72	79.77	2.98	158	7	2827	801	113	143
1958	1944.62	98.7	4.02	159	7	2848	802	113	144
1959	1945.52	31.5	2.38	156	2	2893	803	113	144
1960	1946.42	42.6	2.36	150	2	2695	803	113	145
1961	1947.32	46.8	6.42	127	6	2289	641	113	145
1962	1947.42	137.78	3.42	127	6	2291	641	113	145
1963	1948.2	116.4	6.06	159	8	2875	801	113	145
1964	1948.98	83.43	9.56	159	8	2833	796	113	145
1965	1949.76	92.87	6.91	143	7	2543	716	113	145
1966	1950.54	76.17	5.3	127	6	2248	636	113	145
1967	1951.32	76.99	6.32	157	9	2804	795	113	146
1968	1952.1	36.39	4.36	158	8	2798	795	113	146
1969	1952.88	40.85	5.36	158	9	2802	795	113	146
1970	1953.66	44.55	6.32	157	6	2801	795	113	146
1971	1954.44	44.64	4.56	158	9	2795	795	113	146
1972	1955.22	48.21	4.36	157	9	2784	795	113	146
1973	1956	115.43	5.23	157	9	2774	795	113	146
1974	1956.78	112.6	5.36	162	9	2832	815	113	146
1975	1957.56	59.71	4.08	162	9	2838	820	113	146
1976	1958.34	22.6	6.32	160	8	2821	820	113	147
1977	1959.12	43.07	2.35	160	8	2825	820	113	147
1978	1959.9	15.6	4.36	159	7	2878	820	113	147
1979	1960.68	26.26	6.32	159	7	2901	820	113	147
1980	1961.46	5.08	5.32	157	6	2864	820	113	147
1981	1962.24	8.53	8.55	142	6	2840	816	113	147
1982	1963.02	8.51	5.36	78	4	2795	800	113	147
1983	1963.8	13.47	4.36	157	8	2808	801	113	147
1984	1964.58	52.7	5.59	154	8	2799	792	113	147
1985	1965.36	30	5.35	156	8	2799	788	113	147
1986	1966.14	33.13	4.11	156	9	2862	803	113	147
1987	1966.92	51.85	3.83	156	8	2866	805	113	147
1988	1967.7	53.91	3.49	139	8	2577	723	113	147
1989	1968.48	39.8	4.23	142	5	2569	789	113	147
1990	1969.26	56.54	5.36	145	6	2587	721	113	147
1991	1970.04	14.5	2.14	158	8	2867	802	113	147
1992	1970.82	13.16	2.36	159	8	2877	802	113	147
1993	1971.6	9.82	2.61	158	8	2772	793	113	147
1994	1972.38	55.62	5.03	158	8	2795	793	113	147
1995	1973.16	20.1	4.5	157	8	2822	800	113	147
1996	1973.94	53.36	3.63	157	9	2808	800	113	147
1997	1974.72	39.12	5.95	158	9	2811	798	113	147
1998	1975.5	59.63	6.67	157	6	2817	800	113	147
1999	1976.28	36.19	7.25	157	6	2889	801	113	147
2000	1977.06	50.72	5.09	157	6	2893	801	113	147
2001	1977.84	132.67	6.54	157	7	2892	803	113	147
2002	1978.62	103.33	4.76	140	6	2604	726	113	147
2003	1979.4	61.15	6.56	156	6	2901	807	113	147
2004	1980.18	47.56	4.59	124	6	2321	646	113	147
2005	1980.96	116.69	3.48	157	5	2911	813	113	147
2006	1981.74	98.03	5.6	156	6	2902	818	113	147
2007	1982.52	64.62	7.39	157	5	2920	817	113	147
2008	1983.3	71.17	6.74	140	5	2629	737	113	147
2009	1984.08	50.98	4.95	141	4	2625	737	113	147
2010	1984.86	76.79	6.26	156	4	2930	816	113	147
2011	1985.64	58.08	6.56	140	10	2639	736	113	147
2012	1986.42	121.31	8.86	142	7	2739	737	113	147
2013	1987.2	126.25	10.85	157	10	3030	817	113	147
2014	1987.98	47.11	12.04	157	11	3014	818	114	147
2015	1988.76	137.54	7.32	141	10	2725	736	114	147
2016	1989.54	102.62	10.98	140	10	2721	738	114	147
2017	1990.32	85.94	11.11	156	11	2985	818	114	147
2018	1991.1	134.89	8.1	126	9	2306	643	114	147
2019	1991.88	139.85	5.69	129	7	2293	625	114	148
2020	1992.66	80.45	8.98	159	10	2863	782	114	148
2021	1993.44	45.29	7.63	158	9	2863	782	114	148
2022	1994.22	32.18	5.56	140	8	2581	703	114	148
2023	1995	52.5	5.47	125	8	2295	625	115	148
2024	1995.78	41.44	4.68	125	7	2295	625	115	148
2025	1996.56	44.3	3.9	130	5	2307	625	115	148
2026	1997.34	36.4	4.1	145	3	2739	737	115	148
2027	1998.12	40.9	7.3	150	5	2639	782	115	148
2028	1998.9	90.3	9.76	157	8	2873	782	115	148
2029	1999.68	99.12	9.25	156	8	2869	782	115	148
2030	2000.46	54.9	9.01	140	8	2594	703	115	148
2031	2001.24	67.65	10.7	156	8	2873	782	115	148
2032	2002.02	11.49	7.15	156	8	2849	782	116	148
2033	2002.8	117.33	2.56	125	6	2285	625	116	148
2034	2003.58	127.48	6.98	141	7	2568	703	116	149
2035	2004.36	67.14	7.76	140	8	2572	703	116	149
2036	2005.14	38.71	9.04	156	9	2858	782	116	149
2037	2005.92	21.85	7.52	156	8	2848	782	116	149
2038	2006.7	17.89	4.38	156	8	2849	783	116	149
2039	2007.48	83.54	7.31	146	7	2851	784	116	149
2040	2008.26	42.11	3.62	156	8	2857	787	116	149
2041	2009.04	14.87	7.28	156	9	2839	788	116	149
2042	2009.82	8.75	6.23	125	7	2273	629	116	149
2043	2010.6	3.94	3.43	94	5	1711	472	116	149
2044	2011.38	69.7	6.81	109	6	1996	550	116	149
2045	2012.16	15.6	5.72	31	1	572	159	116	149
2046	2012.94	12.8	4.23	15	1	286	79	117	149
2047	2013.72	29.38	4.96	140	8	2581	718	117	149
2048	2014.5	65.64	4.57	157	8	2878	802	117	149
2049	2015.28	78.02	6.39	141	7	2590	721	117	149
2050	2016.06	49.44	8.28	156	9	2866	802	117	149
2051	2016.84	25.27	6.78	155	10	2867	801	117	149
2052	2017.62	23.21	7.51	155	10	2858	802	117	149
2053	2018.4	16.28	6.12	154	11	2845	802	118	149
2054	2019.18	26.66	5.38	155	10	2836	801	118	149
2055	2019.96	26.49	6.06	155	9	2846	801	118	149
2056	2020.74	18.46	6.82	155	8	2856	802	118	149
2057	2021.52	16.73	7.21	156	8	2852	802	118	149
2058	2022.3	19.99	5.86	155	9	2868	802	118	149
2059	2023.08	36.42	6.54	155	9	2871	802	119	149
2060	2023.86	29.43	6.68	139	8	2575	721	119	149
2061	2024.64	40.47	5.44	140	8	2585	721	119	149
2062	2025.42	37.95	9.05	155	9	2875	802	119	149
2063	2026.2	18.6	6.36	156	9	2866	802	119	149
2064	2026.98	28.69	9.06	155	10	2869	802	119	149
2065	2027.76	83.1	8.88	139	8	2587	721	119	149
2066	2028.54	37.48	5.52	138	9	2581	721	119	149
2067	2029.32	100.94	7.1	154	9	2873	802	119	149
2068	2030.1	39.17	10.4	139	9	2585	721	119	149
2069	2030.88	16.77	8.24	140	7	2582	730	119	149
2070	2031.66	61.14	6.8	154	9	2863	814	119	150
2071	2032.44	48.81	10.1	155	9	2865	817	119	150
2072	2033.22	103.27	19.71	158	9	2848	815	119	150
2073	2034	35.1	19.61	154	9	2861	817	120	150
2074	2034.78	17.81	17.33	152	9	2844	817	120	150
2075	2035.56	29.29	17.38	152	9	2825	817	120	150
2076	2036.34	47.6	17.72	136	8	2551	735	120	150
2077	2037.12	15.81	10.12	155	5	1418	408	120	150
2078	2037.9	14.9	9.2	140	7	2861	817	120	150
2079	2038.68	9.43	8.97	154	9	1130	326	121	150
2080	2039.46	26.04	16.05	151	8	2840	817	121	150
2081	2040.24	12.06	17.32	151	8	2838	817	121	150
2082	2041.02	19.24	17.36	151	8	2836	817	121	150
2083	2041.8	32.08	17.89	151	9	2840	817	121	150
2084	2042.58	41.34	18.21	150	7	2845	817	121	150
2085	2043.36	46.04	19.21	150	6	2853	817	122	150
2086	2044.14	31.96	20.56	151	8	2853	817	122	150
2087	2044.92	31.7	18.71	151	8	2856	817	122	150
2088	2045.7	23.86	16.38	152	9	2852	817	122	150
2089	2046.48	25.94	17.89	151	6	2854	817	122	150
2090	2047.26	24.85	18.57	151	5	2857	817	122	150
2091	2048.04	19.13	19.04	151	5	2849	817	122	150
2092	2048.82	19.19	18.74	152	9	2846	817	122	150
2093	2049.6	24.64	17.02	151	7	2849	817	122	150
2094	2050.38	15.7	17.88	152	5	2846	817	122	150
2095	2051.16	17.33	17.11	152	9	2835	817	122	150
2096	2051.94	18.16	15.62	137	8	2554	735	122	150
2097	2052.72	33.39	13.85	153	9	2775	817	122	150
2098	2053.5	36.39	17.66	153	9	2764	817	122	150
2099	2054.28	33.73	14.13	152	8	2772	817	122	150
2100	2055.06	16.76	15.89	149	9	2787	817	122	150
2101	2055.84	34.54	17.34	133	9	2510	735	122	150
2102	2056.62	63.77	23.1	145	6	2771	817	122	150
2103	2057.4	77.44	19.84	130	6	2512	735	122	150
2104	2058.18	54.14	21.15	147	4	2770	817	122	150
2105	2058.96	36.63	19.97	146	5	2906	826	122	150
2106	2059.74	59.74	16.16	101	9	2219	604	123	150
2107	2060.52	103.81	19.84	130	6	2866	776	123	150
2108	2061.3	107.86	18.86	116	4	2553	690	123	150
2109	2062.08	13.33	15.39	102	8	2240	603	123	150
2110	2062.86	82.38	23.15	130	5	2868	776	123	150
2111	2063.64	56.05	22.34	131	6	2869	776	123	150
2112	2064.42	90.54	22.15	130	6	2864	776	123	150
2113	2065.2	57.29	10.34	144	8	3170	862	123	150
2114	2065.98	56.03	2.65	146	7	3181	863	123	150
2115	2066.76	43.92	2.14	130	5	2870	874	123	150
2116	2067.54	88.38	7.28	114	6	2541	693	124	150
2117	2068.32	103.9	7.86	119	5	2534	693	124	150
2118	2069.1	50.74	10.32	151	8	3174	867	124	150
2119	2069.88	38.82	9.5	135	8	2863	780	124	150
2120	2070.66	46.92	5.63	151	7	3187	868	124	150
2121	2071.44	27.83	7.47	152	5	3176	867	124	150
2122	2072.22	38.12	5.3	136	5	2877	780	124	150
2123	2073	31.07	6.64	151	6	3191	867	125	150
2124	2073.78	42.9	8.35	135	4	2875	781	125	150
2125	2074.56	36.54	7.14	151	4	3172	861	125	150
2126	2075.34	28.21	12.12	153	6	3134	844	125	150
2127	2076.12	32.21	14.02	152	8	3137	844	125	150
2128	2076.9	37.89	11.52	151	6	3121	844	125	150
2129	2077.68	32.32	10.74	151	5	3118	842	125	150
2130	2078.46	28.48	10.3	135	7	2813	757	125	150
2131	2079.24	29.28	11.37	152	6	3114	842	125	150
2132	2080.02	35.46	10.5	152	5	3100	842	125	150
2133	2080.8	31.38	13.66	153	9	3108	842	125	150
2134	2081.58	26.78	9.61	153	9	3107	842	125	150
2135	2082.36	21.16	12.18	153	9	3106	842	125	150
2136	2083.14	25.63	11.3	153	9	3100	842	125	150
2137	2083.92	93.46	12.92	152	8	3101	842	125	150
2138	2084.7	27.94	10.46	122	8	2479	673	125	150
2139	2085.48	34.27	11.91	137	8	2792	757	125	150
2140	2086.26	22.66	10.93	152	7	3100	842	125	150
2141	2087.04	61.64	13.06	153	8	3104	842	125	150
2142	2087.82	25.67	11.66	153	9	3104	842	125	150
2143	2088.6	30.85	11.89	153	9	3101	842	125	150
2144	2089.38	48.37	15.47	152	9	3090	842	125	150
2145	2090.16	89.95	9.07	108	7	2163	596	125	150
2146	2090.94	102.39	12.61	139	9	2779	774	125	150
2147	2091.72	72.06	12.31	123	7	2461	688	125	150
2148	2092.5	43.87	14.18	153	9	3070	860	125	150
2149	2093.28	47.87	12.57	153	8	3077	860	125	150
2150	2094.06	55.91	16.22	153	5	3080	860	125	150
2151	2094.84	27.33	9.36	153	7	3086	860	125	150
2152	2095.62	29.9	11.85	152	7	3092	860	125	150
2153	2096.4	29.66	11.82	153	7	3079	860	125	150
2154	2097.18	35.86	8.86	139	9	2837	778	126	150
2155	2097.96	43.54	10.74	154	8	3159	865	126	150
2156	2098.74	17.62	8.14	154	9	3160	865	126	150
2157	2099.52	37.47	8.63	153	7	3160	865	126	150
2158	2100.3	40.26	11.59	152	8	3165	865	126	150
2159	2101.08	70.14	14.68	152	8	3174	865	126	150
2160	2101.86	51.73	9.09	153	9	3203	864	126	150
2161	2102.64	99.93	7.37	153	9	3249	863	126	150
2162	2103.42	60.35	6.02	155	6	3269	802	126	150
2163	2104.2	62.38	5.36	155	7	3258	802	126	150
2164	2104.98	59.87	4.26	156	8	3256	801	126	150
2165	2105.76	56.32	3.36	157	5	3125	800	126	150
2166	2106.54	63.57	4.36	152	5	3125	801	126	150
2167	2107.32	64.28	4.23	152	6	3260	803	126	150
2168	2108.1	52.3	11.55	153	6	3260	863	127	150
2169	2108.88	46.53	10.7	153	6	3268	863	127	150
2170	2109.66	78.84	5.83	153	6	3234	862	127	150
2171	2098.9	129.66	6.67	123	8	2560	690	126	151
2172	2099.51	120.15	2.22	154	10	3156	856	126	151
2173	2100.1	130.34	2.96	111	6	1934	561	126	151
2174	2100.69	109.15	9.5	157	11	2766	802	126	151
2175	2101.28	101.79	9.68	121	10	2221	641	126	151
2176	2101.87	78.26	8.47	151	12	2771	801	126	150
2177	2102.46	112.63	5.21	153	12	2770	801	126	150
2178	2103.05	57.4	4.42	153	12	2766	801	126	150
2179	2103.64	64.08	5.01	138	9	2484	721	126	150
2180	2104.23	55.06	12.11	153	12	2782	801	126	150
2181	2104.82	26.99	13.54	153	11	2795	801	126	149
2182	2105.41	25.63	11.02	153	10	3183	845	126	149
2183	2106	121.58	5.48	137	10	2806	750	126	149
2184	2106.59	136.87	8.57	121	10	2486	667	126	149
2185	2107.18	18.89	6.49	120	7	2459	759	126	149
2186	2107.78	18.89	6.32	120	6	2658	763	126	149
2187	2108.37	32.48	2.89	150	5	2569	255	126	149
2188	2108.96	23.29	11.36	150	12	3047	853	126	149
2189	2109.55	31.86	5.34	121	9	2441	682	126	149
2190	2110.14	20.07	7.59	151	11	3042	853	126	149
2191	2110.73	25.89	11.45	152	11	3051	853	126	149
2192	2111.32	13.58	10.06	136	10	2742	767	126	149
2193	2111.91	95.72	8.39	121	9	2441	682	126	149
2194	2112.5	25.78	9.45	151	11	3048	853	126	148
2195	2113.09	87.78	7.52	136	10	2742	767	126	148
2196	2113.68	32.91	8.91	136	10	2745	767	126	148
2197	2114.27	20.74	8.79	136	10	2749	767	126	148
2198	2114.86	61.94	9.11	135	11	2754	767	126	148
2199	2115.45	61.12	3.11	121	8	2441	682	126	148
2200	2116.02	186.18	3.62	137	8	2747	767	126	148
2201	2116.57	108.76	5.57	121	9	2445	682	126	148
2202	2117.13	59	8.84	136	10	2757	767	126	148
2203	2117.68	53.34	8.61	152	10	3076	853	126	148
2204	2118.23	47.32	8.26	137	9	2777	767	126	148
2205	2118.78	35.32	8.94	137	9	2756	767	126	148
2206	2119.33	16.84	10.02	152	10	3066	853	126	148
2207	2119.88	178.69	7.85	137	9	2748	767	126	148
2208	2120.43	51.08	6.52	121	8	2440	682	126	148
2209	2120.98	47	9.37	152	10	3113	853	126	148
2210	2121.53	35.08	6.06	153	9	3071	853	126	148
2211	2122.08	10.21	4.59	153	9	3059	853	126	148
2212	2122.64	18.77	6.84	154	9	3054	848	126	147
2213	2123.19	43.24	7.83	155	11	3068	842	126	147
2214	2123.74	79.64	10.44	154	13	3119	840	126	147
2215	2124.29	65.68	8.19	138	12	2796	756	126	147
2216	2124.84	117.76	8.9	151	13	3097	840	126	147
2217	2125.39	60.28	11.13	150	12	3101	840	126	147
2218	2125.94	87.45	8.16	119	11	2477	672	126	147
2219	2126.49	51.1	11.44	136	10	2789	756	126	147
2220	2127.04	46.75	10.3	152	11	3111	840	126	147
2221	2127.59	50.29	11.34	137	9	2786	756	126	147
2222	2128.15	73.73	10.99	121	9	2482	672	126	147
2223	2128.7	111.66	9.21	138	8	2785	756	126	147
2224	2129.25	44.98	8.33	153	9	3102	840	126	147
2225	2129.8	55.41	8.82	153	9	3119	840	126	147
2226	2130.35	55	7.37	152	10	3128	840	126	147
2227	2130.9	35.51	8.97	152	11	3134	840	126	147
2228	2131.45	35.47	9.49	153	10	3138	840	126	147
2229	2131.98	38.48	12.86	152	12	3119	840	126	147
2230	2132.48	49.49	7.17	152	10	3109	840	126	147
2231	2132.98	58.48	4.43	107	6	2165	588	126	147
2232	2133.48	118.39	3.98	154	9	3090	840	126	147
2233	2133.98	73.02	5.43	154	9	3081	840	126	147
2234	2134.48	67.96	7.09	152	11	3076	840	126	147
2235	2134.98	58.17	9.62	153	10	3077	841	126	147
2236	2135.48	30.58	9.53	153	10	3080	840	126	147
2237	2135.98	58.38	12.16	152	11	3092	840	126	147
2238	2136.49	51.6	12.27	151	11	3116	840	126	147
2239	2136.99	45.25	10.04	146	10	3113	838	126	147
2240	2137.49	20.81	4.43	139	8	2843	745	126	147
2241	2137.99	90.78	5.02	154	10	3166	822	126	147
2242	2138.49	60.55	9.21	153	11	3161	825	126	147
2243	2138.99	69.86	7.65	153	12	3144	822	125	147
2244	2139.49	97.79	6.51	153	11	3160	825	125	147
2245	2139.99	108.36	8.04	137	11	2840	741	125	147
2246	2140.49	100.16	8.21	153	11	3149	825	125	147
2247	2141	91.67	8.4	152	12	3156	823	125	147
2248	2141.5	125.57	7.5	121	10	2527	657	125	147
2249	2142	58.47	6.36	137	11	2835	739	125	147
2250	2142.5	79.5	6.38	137	11	2833	739	125	147
2251	2143	87.47	7.77	151	13	3140	822	125	147
2252	2143.5	91.61	7.63	136	11	2823	739	125	147
2253	2144	63.09	7.43	152	12	3142	822	125	147
2254	2144.5	130.15	7.52	137	10	2826	739	125	147
2255	2145	83.04	5.14	137	10	2823	739	125	147
2256	2145.5	74.52	6.38	107	8	2197	575	125	147
2257	2145.98	123.22	7.1	153	11	3143	822	125	147
2258	2146.44	75.03	6.65	153	11	3147	831	125	147
2259	2146.89	125.75	6.65	154	10	3141	836	125	147
2260	2147.35	77.91	9.35	153	11	3125	840	125	147
2261	2147.8	71.86	7.52	138	10	2798	754	125	147
2262	2148.26	69.82	7.78	123	8	2458	672	125	147
2263	2148.71	102.08	7.23	153	11	3127	840	125	147
2264	2149.17	103.89	4.89	122	9	2515	672	125	147
2265	2149.62	139.62	4.04	123	7	1887	504	125	147
2266	2150.08	116.98	5.84	135	10	2804	756	125	147
2267	2150.53	124.34	5.28	146	9	3082	834	125	147
2268	2150.99	117.12	6.19	147	11	3049	824	125	147
2269	2151.44	108.62	11.38	145	12	3041	820	125	147
2270	2151.9	103.41	4.18	138	9	2785	756	125	147
2271	2152.35	43.78	6.13	145	11	3010	820	124	147
2272	2152.81	45.24	7.4	143	13	3007	820	124	147
2273	2153.26	35.9	8.45	130	11	2710	738	124	147
2274	2153.72	43.98	10.72	144	12	2991	820	124	147
2275	2154.17	56.3	8.02	144	12	3023	820	124	147
2276	2154.63	56.9	7.04	145	12	3054	820	124	147
2277	2155.08	80.2	6.12	145	11	3069	820	123	147
2278	2155.54	35.76	9.43	144	13	3033	820	123	147
2279	2155.99	38.11	5.72	130	11	2765	738	123	147
2280	2156.45	77.14	6.74	129	12	2727	738	123	147
2281	2156.9	37.49	9.16	130	11	2733	738	123	147
2282	2157.36	40.08	6.41	144	13	3034	820	123	147
2283	2157.81	26.73	7.66	130	11	2738	738	123	147
2284	2158.27	85.6	6.01	144	13	3032	820	124	147
2285	2158.73	47.37	6.91	131	9	2729	738	124	147
2286	2159.16	64.71	6.32	145	11	3025	820	124	147
2287	2159.57	40.74	9.21	145	11	3033	823	124	147
2288	2159.98	55.06	6.39	146	10	3003	835	124	147
2289	2160.39	67.89	9.47	146	10	2988	837	124	148
2290	2160.8	36.55	2.92	146	10	2989	837	124	148
2291	2161.22	11.46	6.84	132	9	2701	753	124	148
2292	2161.63	64.54	5.61	132	9	2712	753	124	148
2293	2162.04	27.02	5.09	146	10	3009	837	124	148
2294	2162.45	52.83	4.1	145	11	3000	837	124	148
2295	2162.86	31.82	6	146	10	3009	837	124	148
2296	2163.28	31.25	3.67	146	10	2990	837	124	148
2297	2163.69	43.17	3.83	143	10	3020	837	124	148
2298	2164.1	22.76	4.71	121	9	2536	672	124	148
2299	2164.51	51	5.59	157	12	3248	850	124	148
2300	2164.92	28.73	4.9	156	11	3223	859	124	148
2301	2165.33	19.84	3.31	155	11	3224	859	124	148
2302	2165.75	32.87	5.55	155	12	3204	859	124	148
2303	2166.16	66.93	2.85	155	11	3190	859	124	148
2304	2166.57	6.31	2.41	155	10	3203	858	124	148
2305	2166.98	22.29	2.74	155	11	3183	858	124	148
2306	2167.39	15.69	2.67	155	10	3169	841	124	148
2307	2167.81	24.08	3.45	155	12	3193	841	124	148
2308	2168.22	14.7	1.68	155	11	3180	841	124	148
2309	2168.63	22.32	4.37	155	12	3216	842	124	149
2310	2169.04	19.71	2.45	153	13	3198	844	124	149
2311	2169.45	26.37	5.14	155	11	3202	851	124	149
2312	2169.86	24.01	3.62	156	11	3205	859	124	149
2313	2170.25	16.88	3.46	155	11	3207	859	124	149
2314	2170.62	26.72	4.33	155	12	3204	860	124	149
2315	2170.99	15.33	2.27	155	10	3183	860	124	149
2316	2171.35	11.71	2.71	155	10	3186	860	124	149
2317	2171.72	17.28	4.1	157	11	3177	859	124	149
2318	2172.09	33.69	2.74	159	12	3157	858	124	150
2319	2172.45	16.02	6.18	158	12	3151	858	124	150
2320	2172.82	15.13	1.89	158	12	3149	858	124	150
2321	2173.19	13.41	4.51	157	12	3170	858	124	150
2322	2173.55	15.11	3.9	142	11	3149	856	124	150
2323	2173.92	15.9	3.45	153	12	3191	859	124	150
2324	2174.29	16.68	5.25	153	12	3192	860	124	150
2325	2174.65	8.55	3.63	137	10	2869	768	124	150
2326	2175.02	22.13	2.14	151	12	3245	850	124	150
2327	2175.39	9.2	2.56	152	12	3212	850	124	150
2328	2175.76	18.58	6.09	152	12	3255	849	124	151
2329	2176.12	17.15	4.8	152	11	3224	849	124	151
2330	2176.49	21.41	2.39	152	11	3246	849	124	151
2331	2176.86	18.7	5.87	152	12	3229	849	124	151
2332	2177.22	21.67	6.27	152	12	3203	849	124	151
2333	2177.59	22.25	4.25	151	12	3240	849	124	151
2334	2177.96	22.17	7.99	151	13	3218	849	124	151
2335	2178.32	22.23	8.11	151	12	3211	850	124	151
2336	2178.69	13.63	6.75	152	12	3220	849	124	151
2337	2179.06	11.52	4.18	151	12	3235	850	124	151
2338	2179.42	14.49	3.59	151	12	3262	850	124	151
2339	2179.79	13.57	4.38	151	12	3243	850	124	152
2340	2180.16	24.26	7.35	135	11	2918	764	124	153
2341	2180.52	28.87	7.32	136	10	2940	761	124	153
2341	2180.52	28.87	7.32	136	10	2940	761	124	153
2342	2180.87	41.3	5.73	151	12	3229	842	124	153
2343	2181.18	32.23	7.13	136	11	2911	757	124	153
2344	2181.5	28.38	9.04	151	13	3263	842	124	153
2345	2181.82	34.09	4.08	150	14	3217	842	124	153
2346	2182.14	22.64	7.43	135	12	2905	757	124	153
2347	2182.46	42.01	8.27	150	13	3035	942	124	153
2348	2182.78	28.77	8.46	135	12	2904	766	124	153
2349	2183.1	21.7	4.44	147	12	3217	850	124	153
2350	2183.42	32.46	6.47	132	11	2941	765	124	154
2351	2183.74	20.25	3.58	116	9	2589	680	124	154
2352	2184.05	32.13	3.62	87	6	1948	506	124	154
2353	2184.37	42.2	2.62	73	5	1633	421	124	154
2354	2184.69	43.27	2.74	150	11	3268	836	124	154
2355	2185.01	20.59	3.24	157	12	3288	835	124	154
2356	2185.33	22.41	7.33	155	13	3231	838	124	154
2357	2185.65	17.91	3.97	154	12	3295	858	124	154
2358	2185.97	11.07	1.78	154	13	3292	858	124	154
2359	2186.29	12.68	1.98	154	12	3286	858	124	154
2360	2186.61	7.42	3.34	109	7	2306	600	124	154
2361	2186.93	71.39	2.03	155	11	3298	858	124	155
2362	2187.24	27.67	6.71	153	13	3279	858	124	155
2363	2187.56	28.54	7.08	153	14	3266	858	124	155
2364	2187.88	42.11	8.14	153	13	3271	858	124	155
2365	2188.2	23.09	8.58	154	13	3258	858	124	155
2366	2188.52	15.7	8.61	154	13	3264	858	124	155
2367	2188.84	12.14	5.53	155	12	3252	858	124	155
2368	2189.16	17.2	8.29	155	11	3254	858	124	155
2369	2189.48	15.93	4.32	154	12	3263	858	124	155
2370	2189.8	18.35	7.65	154	12	3276	858	124	155
2371	2190.12	15.78	4.33	154	11	3279	600	124	155
2372	2190.44	13.74	4.25	154	10	3266	858	124	155
2373	2190.76	19.39	6.01	154	12	3271	858	124	155
2374	2191.08	12.19	5.86	154	10	3258	858	124	155
2375	2191.4	12.52	3.59	154	11	3264	858	124	155
2376	2191.72	11.26	4.3	154	10	3252	858	124	155
2377	2192.04	13.26	4.74	154	12	3254	858	124	156
2378	2192.36	22.52	7.14	154	11	3332	858	124	156
2379	2192.68	21.26	6.76	154	12	3274	858	124	156
2380	2192.45	22.52	11.42	154	12	3317	858	124	156
2381	2192.72	29.83	9.49	152	10	2981	759	124	156
2382	2192.99	21.5	7.49	152	13	3332	842	124	156
2383	2193.26	21.57	5.15	154	12	3274	842	124	156
2384	2193.53	42.94	9.18	156	13	3317	842	124	156
2385	2193.8	27.21	5.89	155	14	3346	842	124	156
2386	2194.07	42.74	7.73	154	14	3329	842	124	156
2387	2194.34	77.69	2.74	155	14	3337	842	124	156
2388	2194.61	60.75	6.45	154	14	3307	842	124	156
2389	2194.88	79.19	4.85	124	10	2592	673	124	156
2390	2195.15	53.71	3.52	140	10	2920	757	124	156
2391	2195.42	43.71	4.53	109	8	2273	589	124	156
2392	2195.69	55.01	3.8	124	10	2611	673	124	156
2393	2195.96	55.36	3.69	125	0	2695	639	124	156
2394	2196.23	64.03	6.66	149	11	3177	850	124	156
2395	2196.5	30.06	7.56	133	10	2853	765	124	156
2396	2196.77	69.36	8.94	147	12	3170	850	124	156
2397	2197.04	56.45	8.56	147	12	3168	850	124	156
2398	2197.28	53.57	9.82	148	11	3164	850	124	156
2399	2197.52	27.57	8.7	133	10	2852	765	124	156
2400	2197.76	19.68	9.74	130	11	2853	765	124	156
2401	2198	26.61	6.28	143	12	3171	850	124	156
2402	2198.24	27.84	9.25	144	11	3175	850	124	156
2403	2198.48	38.98	6.47	144	11	3174	850	124	156
2404	2198.72	25.42	8.61	144	11	3174	850	124	157
2405	2198.96	34.79	5.05	144	11	3183	850	124	157
2406	2199.2	52.61	8.33	145	11	3179	850	124	157
2407	2199.44	52.36	7.35	130	10	2862	765	124	157
2408	2199.68	69.02	6.78	146	11	3182	849	124	157
2409	2199.92	22.82	7.26	132	10	2867	762	124	157
2410	2200.16	71.87	9.51	150	11	3197	843	124	158
2411	2200.4	31.34	11.18	135	11	2868	756	124	158
2412	2200.64	54.1	9.48	134	12	2864	756	124	158
2413	2200.88	36.64	8.11	150	12	3182	841	124	159
2414	2201.12	96.9	7.06	150	12	3175	840	124	159
2415	2201.36	92.63	8.14	150	12	3170	840	124	159
2416	2201.6	71.1	8.41	150	12	3170	840	124	159
2417	2201.84	100.78	11.86	150	12	3167	840	124	159
2418	2202.08	122.25	7.73	135	11	2844	756	124	159
2419	2202.32	71.64	7.26	135	10	2849	756	124	159
2420	2202.56	17.61	6.32	151	11	3175	841	124	159
2421	2202.8	19.58	5.87	151	10	3176	840	124	159
2422	2203.04	84.45	6.1	135	10	2867	757	124	159
2423	2203.28	59.48	4.98	135	10	2863	756	125	159
2424	2203.52	40.88	3.87	120	9	2547	673	125	159
2425	2203.76	99.66	5.12	135	11	2871	757	125	159
2426	2204	115.62	4.58	150	11	3180	841	125	159
2427	2204.24	74.01	3.36	150	12	3157	839	125	159
2428	2204.48	29.84	4.61	150	11	3132	839	125	159
2429	2204.72	26.96	2.52	150	11	3123	839	125	159
2430	2204.96	12.09	3.18	120	9	2519	672	125	159
2431	2205.2	11.19	7.32	151	10	3145	840	125	159
2432	2205.44	49.65	6.94	151	10	3143	840	125	159
2433	2205.68	34.62	6.76	136	9	2826	756	125	159
2434	2205.92	64.33	8.83	151	10	3140	840	125	159
2435	2206.16	25.59	4.71	151	10	3141	840	125	159
2436	2206.4	43.5	2.41	150	11	3153	841	125	160
2437	2206.64	46.24	5.82	151	11	3154	840	125	160
2438	2206.88	21.15	8.32	151	11	3158	840	125	160
2439	2207.12	23.08	5.02	136	9	2844	757	125	160
2440	2207.36	24.51	7.09	151	11	3167	840	125	160
2441	2207.6	50.15	4.96	154	7	2864	756	125	160
2442	2207.84	41.3	7.5	154	10	3182	841	125	160
2443	2208.08	24.65	5.6	155	9	3175	840	125	160
2444	2208.32	29.6	6.21	155	9	3170	840	125	160
2445	2208.56	24.3	4.78	154	8	3170	840	125	160
2446	2208.8	19.6	5.63	154	8	3167	840	125	160
2447	2209.04	16.72	6.14	154	8	2844	756	125	160
2448	2209.28	19.7	7.1	135	7	2849	756	125	160
2449	2209.52	22.4	6.2	151	9	3175	841	125	160
2450	2209.76	21.8	3.81	151	9	3176	840	125	160
2451	2210	37.9	5.69	135	10	2867	757	125	160
2452	2210.24	19.81	7.21	135	11	2863	756	125	160
2453	2210.48	15.21	6.52	120	12	3206	846	125	160
2454	2210.72	12.35	6.1	135	11	3210	846	125	160
2455	2210.96	11.4	5.9	150	10	3209	846	125	160
2456	2211.2	13.7	5.42	150	9	3208	846	125	160
2457	2211.44	15.6	4.32	150	9	3210	847	125	160
2458	2211.68	16.4	4.51	150	10	3260	852	125	160
2459	2211.92	10.93	6.31	120	11	3254	851	125	160
2460	2212.16	14	4.79	151	11	3220	846	125	160
2461	2212.4	16.67	7.7	151	11	3206	846	125	161
2462	2212.64	31.64	9.19	136	12	3210	846	125	161
2463	2212.88	31.18	6.8	155	12	3209	846	125	161
2464	2213.12	30.09	7.54	154	12	3208	846	125	161
2465	2213.36	35.01	10.25	148	13	3210	847	125	161
2466	2213.6	35.58	9.97	145	15	3260	852	125	161
2467	2213.84	35.27	7.8	146	13	3254	851	125	161
2468	2214.08	27.54	8.52	145	14	3264	852	125	161
2469	2214.32	25.31	5.32	145	15	3262	852	125	161
2470	2214.56	23.07	4.24	145	14	3267	852	125	161
2471	2214.8	28.63	9.09	146	13	3274	852	125	161
2472	2215.04	35.84	8.83	145	14	3261	852	125	161
2473	2215.28	41.95	10.12	145	14	3264	852	125	161
2474	2215.52	33.55	9.89	145	15	3262	852	125	161
2475	2215.76	33.97	11.7	145	14	3267	852	125	161
2476	2216	22.85	7.83	146	13	3274	852	125	161
2477	2216.24	32	7.87	146	13	3280	852	125	161
2478	2216.48	31.27	8.54	145	14	3285	852	125	161
2479	2216.72	27.59	10.68	145	14	3284	852	125	161
2480	2216.96	29.28	11.05	145	14	3280	852	125	161
2481	2217.2	36.56	8.68	145	15	3284	852	125	161
2482	2217.44	33.39	10	145	15	3286	852	125	161
2483	2217.68	34.65	11.94	145	14	3290	852	125	161
2484	2217.92	30.7	9.95	145	14	3290	852	125	161
2485	2218.16	36.01	10.3	145	14	3293	852	125	161
2486	2218.4	36.33	7.82	145	14	3300	852	125	161
2487	2218.64	31.5	6.16	131	11	2971	761	125	161
2488	2218.88	37.79	5.25	131	10	2970	757	125	161
2489	2219.12	29.39	4.51	102	7	2310	589	125	161
2490	2219.36	51.09	6.42	145	12	3297	842	125	161
2491	2219.6	35.17	10.6	128	13	2959	757	125	161
2492	2219.84	27.09	7.53	113	12	2627	673	125	161
2493	2220.08	32.35	7.05	141	15	3280	841	125	161
2494	2220.02	37.51	5.7	148	13	3266	805	105	144
2495	2220.11	29.2	6.33	148	14	3283	802	105	144
2496	2220.2	44.29	7.65	146	15	3288	802	105	144
2497	2220.29	28.86	6.72	147	14	3274	802	105	144
2498	2220.38	32.51	7.82	147	14	3281	802	105	144
2499	2220.47	31.05	6.26	148	14	3284	802	105	144
2500	2220.56	30.1	7.09	148	14	3286	802	105	144
2501	2220.65	32.71	8.37	148	14	3282	802	105	144
2502	2220.74	37.37	8.31	146	15	3279	802	105	144
2503	2220.83	34.72	6.97	146	15	3284	802	105	144
2504	2220.92	34.33	7.05	146	15	3286	802	105	144
2505	2221.01	27.59	6.94	149	13	3282	802	105	144
2506	2221.1	23.11	7.65	148	14	3279	802	105	144
2507	2221.19	59.44	7.28	151	12	3265	802	105	145
2508	2221.28	32.28	6.95	150	13	3276	802	105	145
2509	2221.37	39.75	6.41	148	14	3280	802	105	145
2510	2221.46	29.42	8.1	148	13	3266	802	105	145
2511	2221.55	28.48	6.07	148	14	3298	802	106	145
2512	2221.64	30.53	8.3	147	14	3316	802	106	145
2513	2221.73	32.52	8.26	144	14	3336	802	106	145
2514	2221.82	20.07	7.15	146	13	3328	802	106	145
2515	2221.91	15.8	5.61	146	12	3322	802	106	145
2516	2222	12.1	5.97	148	11	3314	802	106	145
2517	2224.26	12.26	5.69	140	12	3293	802	106	145
2518	2224.49	13.72	3.07	46	6	2308	561	106	145
2519	2224.72	55.7	5.77	111	9	3284	814	106	145
2520	2224.95	16.3	2.52	148	12	3282	819	106	145
2521	2225.18	13.21	3.82	148	12	3283	820	106	145
2522	2225.41	18.1	5.03	148	12	3291	820	106	146
2523	2225.64	18.39	5.95	147	12	3280	819	106	146
2524	2225.87	23.24	6.64	147	13	3275	819	106	146
2525	2226.1	33.28	6.09	131	12	2965	737	106	146
2526	2226.33	47	4.71	146	13	3300	820	106	146
2527	2226.56	38.39	5.43	143	15	3300	820	106	146
2528	2226.79	29.25	4.66	131	12	2968	738	106	146
2529	2227.02	26.56	5.35	130	13	2973	738	106	146
2530	2227.25	58.46	6.7	129	13	2969	738	106	146
2531	2227.48	20.67	5.64	130	12	2962	738	107	147
2532	2227.71	61.12	6.28	141	16	3284	820	107	147
2533	2227.94	26.32	6.11	143	15	3295	819	107	147
2534	2228.17	31.91	5.59	143	15	3289	820	107	148
2535	2228.4	56.55	6.99	145	14	3293	820	107	148
2536	2228.63	14.79	6.19	132	11	2972	738	107	148
2537	2228.86	13.37	7.06	148	12	3302	820	107	149
2538	2229.09	22.63	5.91	145	14	3296	820	107	148
2539	2229.32	14.34	6.12	147	12	3274	818	107	149
2540	2229.55	20.91	7.03	145	14	3238	817	107	149
2541	2229.78	9.29	3.86	148	12	3291	820	107	149
2542	2230.01	17.16	6.71	146	13	3288	820	107	150
2543	2230.24	15.88	6.71	146	13	3282	820	107	150
2544	2230.47	28.21	6.99	145	13	3297	820	107	150
2545	2230.7	32.54	8.42	145	14	3301	820	107	150
2546	2230.93	15.17	7.21	146	13	3303	820	107	151
2547	2231.16	24.02	4.85	147	13	3215	807	107	151
2548	2231.39	53.22	6.86	145	17	3168	800	107	151
2549	2231.62	35.36	7.27	146	16	3168	800	107	151
2550	2231.85	57.25	8.93	142	19	3168	800	107	151
2551	2232.08	48.2	7.88	143	19	3170	800	107	151
2552	2232.31	39.5	6.91	145	17	3166	800	107	151
2553	2232.54	40.71	6.76	144	17	3162	800	107	151
2554	2232.77	48.94	9.46	140	21	3164	800	107	151
2555	2233	52.26	8.04	143	18	3163	800	107	151
2556	2233.23	53.45	8.79	141	20	3152	799	107	151
2557	2233.46	35.24	6.51	146	15	3162	800	107	151
2558	2233.69	57.86	9.06	143	18	3163	800	107	151
2559	2233.92	52.64	8.51	142	19	3159	800	107	151
2560	2234.15	36.45	5.51	143	17	3160	800	107	151
2561	2234.38	42.77	7.08	143	18	3152	799	107	151
2562	2234.61	56.88	9.27	141	20	3161	800	107	151
2563	2234.84	51.22	8.51	143	18	3158	800	107	151
2564	2235.03	46.9	7.74	143	18	3154	799	107	151
2565	2235.22	40.84	8.54	144	18	3161	800	107	151
2566	2235.41	44.92	8.06	141	19	3168	800	107	151
2567	2235.6	36.23	7.22	143	18	3167	799	107	151
2568	2235.79	54.33	6.98	142	18	3165	800	107	151
2569	2235.98	30.73	6.57	144	17	3164	800	107	152
2570	2236.17	45.61	8.04	143	18	3168	800	107	152
2571	2236.36	44.2	8.25	142	18	3168	800	107	152
2572	2236.55	47.72	7.62	144	18	3176	800	107	152
2573	2236.74	56.24	8.34	143	18	3166	799	107	152
2574	2236.93	27.66	3.83	143	13	3225	800	107	152
2575	2237.12	30.53	5.21	151	14	3287	801	108	152
2576	2237.31	78.81	7.98	149	15	3272	808	108	152
2577	2237.5	81.26	9.15	146	18	3299	817	108	152
2578	2237.69	43.3	6.97	148	16	3304	817	108	152
2579	2237.88	75.24	8.25	148	17	3307	817	108	152
2580	2238.07	52.99	10.47	147	17	3312	817	108	152
2581	2238.26	42.82	7.75	148	16	3305	817	108	152
2582	2238.45	64.47	8.58	147	17	3304	817	108	152
2583	2238.64	49.81	8.51	147	18	3207	817	108	153
2584	2238.83	22.53	5.77	149	15	3202	817	108	153
2585	2239.02	40.37	8.09	145	17	3204	817	108	153
2586	2239.21	35.16	7.4	148	15	3202	817	108	153
2587	2239.4	37.45	8.12	146	17	3208	817	108	153
2588	2239.59	35.52	7.16	146	17	3212	817	109	153
2589	2239.78	56.12	8.74	146	17	3202	817	109	153
2590	2239.97	57.03	8.39	144	18	3212	817	109	153
2591	2240.16	77.36	9.51	143	19	3208	817	109	153
2592	2240.39	99.3	7.88	148	15	3210	817	109	153
2593	2240.62	34.6	6.91	148	15	3219	817	109	153
2594	2240.85	37.6	7.56	148	8	3221	817	109	153
2595	2241.08	29.21	7.69	147	8	3233	817	109	154
2596	2241.31	48.41	8.03	147	8	3230	817	109	154
2597	2241.54	60.19	8.38	129	8	2908	735	109	154
2598	2241.77	49.45	7.57	145	9	3232	817	109	154
2599	2242	47.59	7.95	145	8	3243	817	109	154
2600	2242.23	44.28	7.05	145	8	3227	817	109	154
2601	2242.46	37.34	5.6	133	7	2909	735	109	154
2602	2242.69	114.41	9.13	132	9	3244	797	110	154
2603	2242.92	95.31	10.03	128	8	2951	722	110	154
2604	2243.15	57.46	8.71	144	9	3307	800	110	154
2605	2243.38	66.62	11.1	142	9	3309	800	110	154
2606	2243.61	71.13	10.18	142	9	3316	800	110	154
2607	2243.84	75.87	11.46	140	9	3314	801	110	154
2608	2244.07	51.38	9.97	142	9	3310	800	110	154
2609	2244.3	47.34	10.15	143	9	3313	800	110	154
2610	2244.53	57.24	10.38	142	9	3310	800	111	154
2611	2244.76	77.95	8.9	144	9	3303	800	111	154
2612	2244.99	82.87	10.01	143	9	3306	801	111	155
2613	2245.22	53.98	10.59	143	9	3309	800	111	155
2614	2245.45	54.4	9.82	142	9	3310	800	111	155
2615	2245.68	60.91	9.47	143	9	3310	801	111	155
2616	2245.91	83.09	6.95	146	8	3479	818	111	155
2617	2246.14	76.18	8.22	144	8	3365	801	111	155
2618	2246.37	79.49	10.74	141	9	3364	801	111	155
2619	2246.6	65.23	9.44	145	8	3362	801	111	155
2620	2246.83	67.75	9.7	142	9	3371	801	111	155
2621	2247.06	62.62	10.01	145	9	3367	800	111	155
2622	2247.32	48.01	8.48	142	9	3374	801	112	155
2623	2247.58	51.51	8.85	144	8	3372	801	112	155
2624	2247.84	35.38	10.45	143	9	3374	801	112	155
2625	2248.1	33.02	8.13	146	8	3370	801	112	155
2626	2248.36	65.86	8.56	145	8	3388	801	112	155
2627	2248.62	57.24	8.86	143	9	3391	801	112	155
2628	2248.88	66.38	9.89	142	9	3397	801	112	155
2629	2249.14	72.31	10.63	143	9	3394	801	112	155
2630	2249.4	65.32	8.4	145	8	3402	803	112	155
2631	2249.66	90.32	7.6	153	8	3462	819	112	155
2632	2249.92	70.63	9.45	143	8	3391	818	113	155
2633	2250.18	88.95	10.56	141	9	3395	814	113	155
2634	2250.44	103.41	10.1	126	8	3048	738	113	155
2635	2250.7	102.25	8.82	128	8	3053	738	113	155
2636	2250.96	85.14	9.59	143	9	3391	820	113	155
2637	2251.22	42.1	8.17	145	8	3388	820	113	155
2638	2251.48	42.48	8.44	144	8	3384	820	114	156
2639	2251.74	87.09	8.88	144	8	3390	820	114	156
2640	2252	53.89	8.83	144	9	3384	820	114	156
2641	2252.26	31.62	7.75	145	8	3372	819	114	156
2642	2252.52	58.83	8.53	130	8	3034	737	114	156
2643	2252.78	77.5	8.89	131	7	3038	738	114	156
2644	2253.04	103.35	9.79	145	8	3378	820	114	156
2645	2253.3	60.39	8.33	144	8	3262	800	114	156
2646	2253.56	47.76	10.09	144	8	3252	800	114	156
2647	2253.82	86.58	7.91	116	7	2599	640	114	156
2648	2254.08	81.72	8.46	147	8	3246	800	114	156
2649	2254.34	38.93	8.18	146	8	3249	800	114	156
2650	2254.57	74.06	8.41	146	8	3250	800	114	156
2651	2254.8	36.98	8.58	145	8	3250	800	115	156
2652	2255.03	69.61	9.78	145	8	3252	800	115	156
2653	2255.26	30.46	8.42	146	8	3250	800	115	156
2654	2255.49	70.08	8.57	130	7	2928	720	115	156
2655	2255.72	36.53	8.78	146	8	3245	800	115	156
2656	2255.95	28.6	8.11	145	8	3253	800	116	156
2657	2256.18	80.65	8.96	145	8	3257	800	116	156
2658	2256.41	30.01	8.22	146	8	3255	800	116	156
2659	2256.64	37.6	8.85	145	8	3254	800	116	156
2660	2256.87	60.21	6.41	147	8	3250	800	116	156
2661	2257.1	55.89	6.66	139	8	3274	797	116	156
2662	2257.33	85.82	9.21	92	7	2297	557	116	156
2663	2257.56	88.65	7.5	95	6	2200	500	116	156
2664	2257.79	98	5.22	87	5	1976	478	116	156
2665	2258.02	48.51	8.39	145	8	3311	797	116	156
2666	2258.25	69.86	8.73	145	8	3336	797	116	156
2667	2258.48	82.44	7.04	146	8	3334	797	116	156
2668	2258.71	52.62	9.04	142	9	3343	797	116	156
2669	2258.94	54.74	9.96	142	9	3355	797	116	156
2670	2259.17	56.27	11.02	140	9	3359	797	116	156
2671	2259.4	65.26	10.25	143	9	3365	797	116	156
2672	2259.63	63.62	7.39	147	8	3365	797	116	156
2673	2259.86	82.35	11.03	141	9	3374	797	116	156
2674	2260.09	52.06	11.55	141	9	3378	797	116	156
2675	2260.32	66.71	8.2	146	8	3370	797	116	156
2676	2260.55	63.54	7.76	148	8	3371	797	116	156
2677	2260.78	51.46	7.98	129	8	3039	717	116	156
2678	2261.01	58.59	9.15	130	8	3039	717	116	156
2679	2261.24	75.9	9	148	8	3369	797	116	156
2680	2261.47	19.41	7.56	149	8	3377	797	116	156
2681	2261.7	17.26	7.22	148	8	3367	797	116	156
2682	2261.93	31.47	9.41	145	8	3384	797	116	156
2683	2262.16	62.83	8.11	146	8	3413	797	116	156
2684	2262.39	92.23	10.02	143	9	3413	797	116	156
2685	2262.62	72.33	7.53	148	8	3408	797	116	156
2686	2262.85	34.55	7.63	147	8	3402	797	116	156
2687	2263.08	42.25	5.89	134	7	3060	717	116	156
2688	2263.31	34.24	6.49	151	8	3445	804	116	156
2689	2263.54	27.14	8.22	152	8	3454	805	116	156
2690	2263.77	28.26	8.72	151	8	3447	805	116	156
2691	2264	22.93	7	137	7	3107	724	116	156
2692	2264.23	36.18	9.31	151	8	3457	805	116	156
2693	2264.46	23.78	7.64	152	8	3453	805	116	156
2694	2264.69	36.69	8.16	151	8	3455	805	116	156
2695	2264.92	26.65	9.23	151	8	3448	805	116	156
2696	2265.15	23.86	6.98	148	8	3448	805	116	156
2697	2265.38	26.82	8.41	148	8	3447	805	116	156
2698	2265.61	41.43	9.9	145	9	3456	805	116	156
2699	2265.84	28.7	9.02	134	7	3103	724	116	156
2700	2266.07	31.02	8.89	133	7	3093	724	116	156
2701	2266.3	40.88	9.24	148	8	3439	805	116	156
2702	2266.53	43.8	10.47	146	9	3443	807	116	156
2703	2266.76	34.75	8.51	148	8	3433	817	116	156
2704	2266.99	49.83	9.21	148	8	3432	817	116	156
2705	2267.2	40.69	8.37	147	9	3419	817	116	156
2706	2267.41	75.13	10.92	145	9	3429	817	116	156
2707	2267.62	35.02	9.5	145	9	3429	817	116	156
2708	2267.83	37.64	9.74	146	9	3427	817	116	156
2709	2268.04	38.93	10.51	144	9	3433	817	116	156
2710	2268.25	27.94	9.75	132	8	3087	735	116	156
2711	2268.46	31.21	10.21	145	9	3426	817	116	156
2712	2268.67	39.47	8.21	131	8	3089	735	116	156
2713	2268.88	25.08	8.54	146	9	3436	817	116	156
2714	2269.09	28.5	7.78	118	7	2749	653	116	156
2715	2269.3	23.19	9.53	148	8	3429	817	116	155
2716	2269.51	19.44	7.65	119	6	2752	653	116	155
2717	2269.72	13.83	3.03	107	5	2423	571	116	155
2718	2269.93	16.02	4.77	135	6	3119	718	116	155
2719	2270.14	51	9.94	131	8	3091	706	116	155
2720	2270.35	75.61	9.26	130	8	3093	706	116	155
2721	2270.56	38.81	9.67	133	8	3094	706	116	155
2722	2270.77	52.41	8.32	132	8	3091	706	116	155
2723	2270.98	14.69	7.89	150	8	3427	785	116	156
2724	2271.19	19.6	7.17	120	6	2741	628	116	156
2725	2271.4	13.9	7.77	134	7	3077	706	116	156
2726	2271.61	24.37	7.64	119	6	2723	628	116	156
2727	2271.82	21.15	6.65	103	6	2382	549	116	156
2728	2272.03	20.47	8.65	147	8	3407	785	116	156
2729	2272.24	19.01	8.61	150	8	3410	785	116	156
2730	2272.45	19.66	9.1	149	8	3407	785	117	156
2731	2272.66	13.43	8.23	151	8	3404	785	117	156
2732	2272.87	17.09	7.68	150	8	3404	785	117	156
2733	2273.1	14.52	7.96	150	8	3407	785	117	156
2734	2273.32	25.4	8.7	147	9	3409	785	117	156
2735	2273.54	19.36	7.76	134	7	3068	706	117	156
2736	2273.76	21.8	8.6	134	7	3070	706	117	156
2737	2273.98	21.51	8.25	150	8	3408	785	117	156
2738	2274.2	21.27	8.41	134	7	3078	706	117	156
2739	2274.42	28.93	9.81	149	8	3420	785	117	156
2740	2274.64	22.72	8.33	133	7	3081	706	117	156
2741	2274.86	27.72	8.79	148	8	3420	785	117	156
2742	2275.08	27.8	8.49	147	8	3420	785	117	156
2743	2275.3	28.7	8.26	147	8	3411	785	117	156
2744	2275.52	21.37	6.63	133	7	3058	704	117	156
2745	2275.74	11.82	1.97	107	5	2380	547	117	156
2746	2275.96	31.75	3.13	104	5	2389	551	117	156
2747	2276.18	27.59	7.55	145	9	3455	800	117	156
2748	2276.4	31.15	7.26	147	8	3457	800	117	156
2749	2276.62	12.3	6.12	149	8	3465	800	117	156
2750	2276.84	12.97	7.13	148	8	3467	800	117	156
2751	2277.06	24.73	7.07	146	8	3474	800	117	156
2752	2277.28	15.75	5.64	148	8	3476	800	117	156
2753	2277.5	22.35	6.94	132	7	3132	720	117	156
2754	2277.72	26.48	8.43	147	8	3477	800	117	156
2755	2277.94	26.49	6.51	147	8	3481	800	117	156
2756	2278.16	16.09	6.67	148	8	3483	800	117	156
2757	2278.38	10.48	5.49	133	7	3132	721	117	156
2758	2278.6	14.53	6.2	149	8	3480	801	117	156
2759	2278.82	18.45	5.06	117	6	2774	640	117	156
2760	2279.04	23.49	6.09	116	7	2767	641	117	156
2761	2279.26	22.41	7.68	131	7	3120	720	118	156
2762	2279.5	17.9	7.74	147	8	3456	800	118	156
2763	2279.74	21.93	7.24	146	8	3455	800	118	156
2764	2279.98	19.25	7.73	145	8	3451	800	118	156
2765	2280.22	21.17	6.67	131	7	3109	720	118	156
2766	2280.46	24.92	8.06	147	8	3453	801	118	156
2767	2280.7	20.25	7.22	147	8	3457	800	118	156
2768	2280.94	10.84	5.69	133	7	3112	720	118	156
2769	2281.18	18.87	7.29	147	8	3463	800	118	156
2770	2281.42	30.92	8.61	144	9	3470	801	118	156
2771	2281.66	29.73	9.29	144	9	3470	800	118	156
2772	2281.9	36.28	7.54	129	8	3120	721	118	156
2773	2282.14	79.81	5.18	146	7	3400	800	118	156
2774	2282.38	49.72	6.95	141	8	3473	800	118	156
2775	2282.62	27.02	6.74	141	8	3480	800	118	156
2776	2282.86	26.12	7.46	141	9	3486	800	118	156
2777	2283.1	33.55	7.53	139	9	3484	800	118	156
2778	2283.34	26.49	7.93	142	8	3478	800	118	156
2779	2283.58	31.46	6.54	140	8	3479	800	118	156
2780	2283.82	37.5	6.95	142	8	3481	800	118	156
2781	2284.06	26.23	7.27	140	9	3475	800	118	156
2782	2284.3	21.94	6.77	140	8	3475	800	118	156
2783	2284.54	30.69	7.97	141	8	3462	800	118	156
2784	2284.78	25.59	7.25	140	8	3463	800	118	156
2785	2285.02	20.83	7.74	141	8	3460	800	118	156
2786	2285.26	33.35	8.12	141	8	3451	800	118	156
2787	2285.5	23.22	7.13	142	8	3444	800	118	156
2788	2285.74	22.66	6.53	142	8	3444	800	118	156
2789	2285.98	21.19	6.97	128	7	3091	720	118	156
2790	2286.22	20.44	7.04	142	8	3432	800	118	156
2791	2286.46	15.41	5.65	143	8	3435	800	118	156
2792	2286.7	16.14	6.47	143	8	3435	800	118	156
2793	2286.94	19.37	6.36	127	7	3091	720	118	156
2794	2287.18	17.32	6.91	142	8	3437	800	118	156
2795	2287.42	15.53	7.17	143	8	3433	800	118	156
2796	2287.66	14.47	5.72	143	8	3428	800	118	156
2797	2287.9	19.94	7.13	142	8	3430	800	118	156
2798	2288.14	18.3	6.28	142	8	3430	800	118	156
2799	2288.38	18.96	5.53	143	8	3424	800	118	156
2800	2288.62	13.97	5.79	143	8	3423	800	118	157
2801	2288.86	10.83	7.23	142	8	3434	800	118	157
2802	2289.1	12.68	5.23	143	6	3505	817	118	157
2803	2289.34	22.98	4.32	143	5	3496	817	118	157
2804	2289.58	31.54	8.16	142	9	3505	817	118	157
2805	2289.82	20.56	6.48	152	8	3496	817	118	157
2806	2290.06	25.72	7.19	152	8	3493	817	118	157
2807	2290.3	17.98	6.84	152	8	3500	817	118	157
2808	2290.54	36.77	7.08	152	8	3504	817	118	157
2809	2290.78	31.75	7.61	152	8	3500	817	118	157
2810	2291.02	31.84	6.73	151	8	3503	817	118	157
2811	2291.26	28.05	8.29	152	8	3511	817	118	157
2812	2291.5	25.33	7.56	151	8	3517	817	118	157
2813	2291.74	32.71	8.87	151	8	3507	817	118	157
2814	2291.98	19.51	8.8	152	8	3503	817	118	157
2815	2292.22	24.61	8.77	151	7	3502	817	118	157
2816	2292.46	21.04	7.06	151	7	3504	818	118	157
2817	2292.7	23.34	3.68	152	7	3500	817	118	157
2818	2292.94	15.86	5.94	152	7	3504	817	118	157
2819	2293.18	32.56	5.32	152	8	3500	817	118	157
2820	2293.42	24.53	4.6	152	8	3503	817	118	157
2821	2293.66	26.35	6.1	152	8	3511	817	118	157
2822	2293.9	29.87	5.3	151	8	3517	817	118	157
2823	2294.14	15.62	4.6	152	8	3507	817	118	157
2824	2294.38	14.38	5.6	151	8	3503	817	118	157
2825	2294.62	19.87	4.8	151	8	3502	817	118	157
2826	2294.86	26.87	3.39	152	7	3504	818	118	157
2827	2295.1	15.86	5.39	153	8	3483	817	118	157
2828	2295.34	20.11	7.08	152	8	3492	817	118	157
2829	2295.58	14.48	6.51	138	7	3149	735	118	157
2830	2294.8	20.5	6.13	108	5	2465	572	119	158
2831	2295.1	26.49	10.27	133	7	3166	735	119	158
2832	2295.38	41.19	12.68	145	9	3415	817	119	158
2833	2295.61	32.28	11.41	147	8	3414	817	119	158
2834	2295.83	59.45	14.28	143	9	3423	817	119	158
2835	2296.06	49.3	10.44	141	10	3425	817	119	158
2836	2296.29	53.35	6.61	143	9	3418	817	119	158
2837	2296.51	36.66	6.05	144	9	3417	817	119	158
2838	2296.74	60.33	6.34	144	9	3419	817	119	158
2839	2296.9	18.84	5.83	133	7	3072	735	119	158
2840	2297.19	95.53	7.2	146	9	3417	817	119	158
2841	2297.39	28.11	5.19	119	6	2732	653	119	158
2842	2297.71	98.44	5.84	132	8	3071	735	119	158
2843	2297.87	76.7	7.51	145	9	3408	817	119	158
2844	2298	103.31	7.26	129	8	3072	735	119	158
2845	2298.32	83.31	5.57	146	8	3408	817	119	158
2846	2298.54	84.98	7.3	143	9	3404	817	119	158
2847	2298.77	45.04	7.51	146	8	3415	817	119	158
2848	2298.99	73.81	5.47	148	8	3405	817	119	158
2849	2299.22	77.3	7.59	147	8	3412	817	119	158
2850	2299.45	84.87	4.03	120	6	2726	653	119	158
2851	2299.67	61.04	5.5	147	9	3413	817	119	158
2852	2299.89	32.55	5.3	134	7	3071	735	119	158
2853	2300.1	67.1	5.34	132	8	3076	735	119	158
2854	2300.35	39.6	6.09	147	9	3418	817	119	158
2855	2300.54	33.38	4.87	133	7	3077	735	119	158
2856	2300.8	107.79	6.47	142	8	3416	793	119	158
2857	2301.03	28.27	5.23	139	9	3426	792	119	158
2858	2301.25	43.57	4.91	141	8	3356	778	119	158
2859	2301.48	104.56	3.74	149	8	3291	771	119	158
2860	2301.78	111.57	2.39	134	7	3015	699	119	158
2861	2301.95	63.92	4.65	136	8	2966	696	119	158
2862	2302.16	32.08	4.91	150	9	3291	773	119	158
2863	2302.38	29.5	4.95	152	8	3277	773	119	158
2864	2302.61	56.36	7.08	148	9	3286	774	119	158
2865	2302.83	50.26	5.86	149	9	3278	774	119	158
2866	2303.06	42.1	3.62	152	8	3265	773	119	158
2867	2303.29	23.44	4.01	152	8	3268	774	119	158
2868	2303.51	28.09	9.13	152	8	3260	774	119	158
2869	2303.74	30.57	9.31	151	8	3263	774	119	158
2870	2303.96	29.36	8.79	151	9	3268	773	119	158
2871	2304.19	32.18	8.08	151	8	3266	773	119	158
2872	2304.49	33.79	8.12	137	7	2940	696	119	158
2873	2304.64	69.46	8.69	151	8	3269	774	119	158
2874	2304.89	55.34	7.44	138	7	2940	696	119	158
2875	2305.09	54.89	9.47	152	8	3269	774	119	158
2876	2305.32	39.7	9.51	150	9	3270	773	119	158
2877	2305.54	71.26	8.12	154	8	3270	774	119	158
2878	2305.77	37.96	7.88	152	8	3269	774	119	158
2879	2305.99	79.72	8.87	150	8	3269	773	119	158
2880	2306.3	85.44	5.74	106	6	2293	541	119	158
2881	2306.45	95.78	10.67	148	9	3274	773	119	158
2882	2306.67	53.04	10.06	147	9	3272	774	119	158
2883	2306.98	107.64	7.26	121	7	2614	619	119	158
2884	2307.23	89.22	9.87	133	8	2941	696	119	158
2885	2307.61	96.26	9.85	136	7	2932	696	119	158
2886	2307.78	109.25	7.46	135	8	2936	696	119	158
2887	2307.8	30.59	9.22	153	8	3248	770	119	158
2888	2308.03	61.33	9.41	150	9	3253	776	119	158
2889	2308.25	69.24	10.28	147	9	3297	780	119	158
2890	2308.48	55.89	9.72	149	9	3294	780	119	158
2891	2308.7	42.03	9.41	148	9	3297	781	119	158
2892	2308.93	37.99	10.47	148	9	3300	780	119	158
2893	2309.16	33.97	9.97	149	9	3290	780	119	158
2894	2309.38	37.9	10.49	149	9	3295	781	119	158
2895	2309.61	49.15	12.21	148	9	3299	780	119	158
2896	2309.83	53.19	10.02	148	9	3299	781	119	158
2897	2310.06	59.57	10.62	148	9	3284	779	119	158
2898	2310.28	60.55	11.03	146	10	3277	779	119	158
2899	2310.45	37.92	8.82	117	7	2629	624	119	158
2900	2310.68	56.69	11.4	131	9	2955	702	119	158
2901	2310.98	90.27	9.96	131	8	2956	701	119	158
2902	2311.19	102.31	12.08	146	10	3289	780	119	158
2903	2311.45	109.72	10.76	132	9	2961	703	119	158
2904	2311.75	114.48	9.25	119	7	2638	624	119	158
2905	2311.94	116.88	10.25	134	8	2969	703	119	158
2906	2312.25	105.39	9.99	132	8	2976	703	119	158
2907	2312.53	102.85	10.37	134	8	2979	702	119	158
2908	2312.87	105.75	7.83	120	7	2644	625	119	158
2909	2313.15	106.14	8.82	120	7	2645	624	119	158
2910	2313.45	74.24	7.85	120	7	2647	624	119	158
2911	2313.78	106.29	8.32	120	7	2649	624	119	158
2912	2313.97	101.19	9.41	135	8	2969	701	119	158
2913	2314.1	91.02	8.35	136	8	2972	702	119	158
2914	2314.3	90.62	9.3	135	8	2979	703	119	158
2915	2314.4	107.32	7.66	120	7	2649	624	119	158
2916	2314.6	107.13	11.22	133	8	2986	703	119	158
2917	2314.78	106.51	10.79	134	8	2987	703	119	158
2918	2314.98	69.72	5.64	117	7	2660	624	119	158
2919	2315.03	45.22	9.24	142	8	3320	772	119	158
2920	2315.25	34.15	8	144	8	3306	770	119	158
2921	2315.48	26.03	10.2	143	8	3320	771	119	158
2922	2315.7	66.98	12.51	142	9	3323	771	119	158
2923	2315.98	37.11	8.08	127	8	2989	694	119	158
2924	2316.16	45.32	9.07	145	8	3313	771	119	158
2925	2316.38	23.21	9.14	144	8	3320	772	119	158
2926	2316.61	28.82	9.23	141	8	3321	772	119	158
2927	2316.83	26.61	8.04	143	8	3324	772	119	158
2928	2316.99	18.09	7.99	129	8	2988	694	119	158
2929	2317.28	17.88	9.75	144	8	3321	771	119	158
2930	2317.52	46.06	9.6	126	8	2988	694	119	158
2931	2317.74	70.56	10.56	142	9	3329	772	119	158
2932	2317.96	51.33	8.55	144	8	3320	772	119	158
2933	2318.19	80.97	10.43	140	9	3315	772	119	158
2934	2086.56	52.64	11.24	125	9	2980	694	119	158
2935	2318.64	109.18	10.36	141	9	3316	772	119	158
2936	2318.87	76.6	9.78	142	9	3317	771	119	158
2937	2319.17	73.59	8.43	127	8	2990	694	119	158
2938	2319.45	88.57	7.88	112	7	2661	617	119	158
2939	2319.74	54.2	8.25	130	7	2986	694	119	158
2940	2319.98	68.75	5.74	100	6	2320	540	119	158
2941	2320.1	105.48	7.35	115	7	2653	617	119	158
2942	2320.17	68.49	8.67	128	8	2988	694	119	158
2943	2320.25	89.21	7.48	115	7	2656	617	119	158
2944	2320.3	62.3	6.35	130	7	2989	695	119	158
2945	2320.36	35.42	5.65	147	8	3323	777	119	158
2946	2320.36	43.46	8.46	142	9	3319	777	119	158
2947	2320.59	31.41	7.07	144	9	3312	777	119	159
2948	2320.81	43.73	7.85	142	9	3314	777	119	159
2949	2321.04	32.17	8.6	144	9	3312	777	119	159
2950	2321.26	25.3	8.09	144	9	3309	777	119	159
2951	2321.49	25.33	7.69	145	8	3316	777	119	159
2952	2321.71	28.29	7.03	144	8	3320	777	119	159
2953	2321.94	31.99	8.63	144	8	3322	777	119	159
2954	2322.16	38.37	9.06	143	9	3318	777	119	159
2955	2322.39	22.09	8.8	145	9	3318	777	119	159
2956	2322.61	29.55	7.41	144	9	3323	777	119	159
2957	2322.84	27.09	8.25	144	9	3321	777	119	159
2958	2323.06	44.67	9.6	142	9	3320	777	119	159
2959	2323.29	38.59	9.68	143	9	3323	778	119	159
2960	2323.4	48.29	5.88	116	7	2656	621	119	159
2961	2323.68	42.69	7.21	115	7	2655	621	119	159
2962	2323.89	31.31	5.95	117	6	2656	621	119	159
2963	2324.19	20.64	6.57	147	8	3318	777	119	159
2964	2324.3	19.41	5.85	132	7	2988	699	119	159
2965	2324.64	63.3	7.81	141	9	3320	777	119	159
2966	2324.87	84.25	8.13	142	9	3324	777	119	159
2967	2324.98	83.82	4.92	118	6	2652	621	119	159
2968	2325.32	63.13	7.66	146	8	3308	777	119	159
2969	2325.54	32.09	6.74	145	8	3313	777	119	159
2970	2325.77	49.1	5.92	145	8	3306	777	119	159
2971	2325.89	114.43	6.15	138	4	1993	466	119	159
2972	2326.95	114.38	6.28	138	4	1992	466	120	159
2973	2327.18	76.28	5.99	138	5	2353	549	120	159
2974	2327.41	85.32	3.19	138	4	2035	478	120	159
2975	2327.63	112.06	7.33	138	9	3384	797	120	159
2976	2327.86	84.68	6.71	125	9	3028	717	120	159
2977	2328.09	55.83	7.87	127	8	3042	717	120	159
2978	2328.32	42.58	8.67	141	9	3378	797	120	159
2979	2328.54	55.2	7.4	142	9	3378	797	120	159
2980	2328.77	28.24	7	143	9	3374	797	120	159
2981	2329	29.32	6.98	129	7	3037	717	120	159
2982	2329.23	55.38	6.31	114	7	2704	637	120	159
2983	2329.45	104.22	6.68	114	7	2705	637	120	159
2984	2329.68	110.06	6.95	114	7	2703	637	120	159
2985	2329.91	36.39	5.35	101	6	2357	557	120	159
2986	2330.14	104.38	6.45	113	7	2706	637	120	159
2987	2330.36	102.54	5.49	115	7	2697	636	120	159
2988	2330.59	100.49	5.19	100	6	2356	553	120	159
2989	2330.82	135.3	5.44	100	6	2363	550	120	159
2990	2331.15	34.34	6.28	144	8	3378	787	120	159
2991	2331.28	23.09	6.86	144	9	3378	787	120	159
2992	2331.51	22.34	5.73	129	8	3044	708	120	159
2993	2331.74	21.55	5.76	144	9	3377	786	120	159
2994	2331.97	20.42	5.5	129	8	3042	703	120	160
2995	2332.2	40.86	6.4	129	7	3044	703	120	160
2996	2332.44	18.16	6.12	145	8	3377	782	120	160
2997	2332.67	15.43	6.53	145	8	3386	780	120	160
2998	2332.9	21.33	6.32	145	8	3388	780	120	160
2999	2333.13	21.28	6.21	146	8	3382	780	120	160
3000	2333.36	21.82	6.33	145	8	3376	780	120	160
3001	2333.59	21.34	5.13	145	8	3381	780	120	160
3002	2333.83	22.14	6.94	145	8	3390	780	120	160
3003	2334.06	23.95	7	148	9	3477	782	120	160
3004	2334.29	33.3	8.67	147	9	3483	782	120	160
3005	2334.52	25.05	6.79	150	8	3486	782	120	160
3006	2334.75	10.04	5.72	136	7	3140	703	120	160
3007	2334.99	11.91	5.5	152	8	3489	782	120	160
3008	2335.22	13.21	5.96	153	8	3483	782	120	160
3009	2335.45	14.61	5.89	152	8	3484	782	120	160
3010	2335.68	21.89	8.3	151	8	3480	782	120	160
3011	2335.91	21.15	9.08	149	9	3484	782	120	160
3012	2336.14	22.47	7.33	150	9	3483	782	120	160
3013	2336.38	21.03	7.02	149	9	3488	782	120	160
3014	2336.61	24.02	8.36	149	9	3484	782	120	160
3015	2336.84	20.89	6.78	135	7	3140	703	120	160
3016	2337.07	19.54	6.13	149	8	3483	782	120	160
3017	2337.3	24.55	6.54	149	9	3479	782	120	160
3018	2337.53	27.28	7	149	8	3480	782	120	160
3019	2337.87	22.71	7.47	134	8	3137	703	120	160
3020	2337.9	22.03	7.36	149	9	3488	782	120	160
3021	2337.26	26.24	7.58	149	9	3486	782	120	160
3022	2103.74	23.66	7.71	134	8	3141	703	120	160
3023	2337.71	40.95	7.68	148	9	3492	782	120	160
3024	2337.93	27.62	8.13	149	9	3491	782	120	160
3025	2338.16	28.77	7.23	149	9	3487	782	120	160
3026	2338.38	22.37	5.67	151	8	3486	782	120	160
3027	2339.61	10.22	1.62	61	3	1402	312	121	161
3028	2339.84	12.13	1.44	61	3	1400	312	121	161
3029	2340.07	11.18	1.24	46	2	1050	234	121	161
3030	2340.3	13.24	1.12	76	4	1747	391	121	161
3031	2340.53	21.67	4.1	135	7	3148	703	121	161
3032	2340.76	30.64	5.46	134	7	3148	704	121	161
3033	2340.99	12.33	4.22	119	7	2797	626	121	161
3034	2341.22	22.78	7.13	133	8	3148	704	121	161
3035	2341.45	25.28	7.36	148	9	3491	782	121	161
3036	2341.68	18.34	6.04	118	7	2804	627	121	161
3037	2341.91	12.13	4.22	89	5	2098	470	121	161
3038	2342.14	29.22	6.65	102	6	2447	548	121	161
3039	2342.37	16.95	4.91	102	6	2449	547	121	161
3040	2342.6	27.24	7.38	146	9	3499	783	121	161
3041	2342.83	22.71	6.18	148	9	3500	783	121	161
3042	2343.06	25.93	7.54	146	9	3502	784	121	161
3043	2343.29	35.76	6.97	143	9	3504	784	121	161
3044	2343.53	38.21	9.54	144	10	3505	784	121	161
3045	2343.76	32.34	8.82	145	9	3503	783	121	161
3046	2343.99	32.56	9.27	144	9	3504	782	121	161
3047	2344.22	20.27	6.81	148	9	3511	782	121	161
3048	2344.45	16.46	5.68	148	8	3510	783	121	161
3049	2344.68	22.31	6.19	148	8	3512	784	121	161
3050	2344.9	18.06	6.07	148	8	3511	782	121	161
3051	2345.13	10.73	5.52	151	8	3514	782	121	161
3052	2345.36	12.31	5.46	151	8	3508	783	121	161
3053	2345.59	12.16	5.89	150	8	3505	783	121	161
3054	2345.81	11.56	4.62	150	8	3506	784	121	161
3055	2346.04	10.34	5.24	150	8	3498	782	121	161
3056	2346.27	18.22	5.6	151	8	3497	782	121	161
3057	2346.5	22.86	7.18	147	9	3496	782	121	161
3058	2346.72	14.63	5.03	134	8	3499	784	121	161
3059	2346.95	12.51	6.72	149	9	3514	786	121	161
3060	2347.18	32.49	7.85	146	9	3547	800	121	161
3061	2347.41	32.42	8.1	148	9	3548	800	121	161
3062	2347.63	20.58	7.88	148	9	3522	798	121	161
3063	2347.86	45.25	7.55	133	8	3159	712	121	161
3064	2348.09	46.38	8.04	149	9	3521	787	121	161
3065	2348.32	23.62	7.69	134	8	3175	705	121	161
3066	2348.54	30.12	7.75	148	9	3548	782	121	161
3067	2348.77	27.85	9.24	148	9	3552	782	121	161
3068	2349	45.01	7.38	150	9	3552	782	121	161
3069	2349.23	16.53	6.73	135	8	3205	703	121	161
3070	2349.45	19.19	8.5	150	9	3549	782	121	161
3071	2349.68	31.97	8.08	148	9	3537	782	121	161
3072	2349.91	59.35	7.52	150	9	3528	781	121	161
3073	2350.14	20.44	6.74	151	8	3542	782	121	161
3074	2350.36	11.02	6.45	152	8	3548	782	121	161
3075	2350.59	23.12	7.33	151	9	3548	782	121	161
3076	2350.82	16.78	7.3	150	9	3552	781	121	161
3077	2350.99	25.51	8.23	150	9	3539	781	121	161
3078	2350.69	18.41	7.07	149	9	3530	513	121	161
3079	2350.92	35.07	8.71	147	9	3525	675	121	161
3080	2351.16	24.22	8.47	146	9	3520	675	121	161
3081	2351.39	21.81	7.82	146	9	3522	480	123	162
3082	2351.62	30.21	8.79	145	9	3517	418	123	162
3083	2351.86	33.01	8.25	147	9	3521	486	123	162
3084	2352.09	24.86	8.84	146	9	3513	424	123	162
3085	2352.32	26.24	6.86	147	9	3514	669	123	162
3086	2352.56	17.72	6.06	117	7	2818	628	123	162
3087	2352.87	8.01	5.65	139	5	2138	471	123	162
3088	2353.04	28.8	7.37	142	9	3400	785	123	162
3089	2353.26	43.35	10.76	141	10	3400	784	123	162
3090	2353.49	33.91	8.42	142	9	3400	782	123	162
3091	2353.73	34.86	9.02	142	9	3400	782	123	162
3092	2353.96	43.83	10.11	143	9	3400	782	123	162
3093	2354.2	31.64	9.9	141	9	3420	782	123	162
3094	2354.43	73.22	10.39	139	10	3420	782	123	162
3095	2354.66	23.66	7.76	143	9	3420	782	123	162
3096	2354.81	15.34	7.53	146	9	3420	782	123	162
3097	2354.69	26.02	8.54	143	9	3420	782	123	162
3098	2354.92	14.71	7	145	10	3400	782	123	162
3099	2355.15	15.56	7.5	145	10	3400	782	123	162
3100	2356.34	20.79	7.48	143	10	3400	782	121	162
3101	2356.57	19.01	7.2	144	10	3400	782	121	162
3102	2356.8	19.46	8.08	144	9	3400	781	121	162
3103	2357.03	25.61	7.25	144	9	3410	781	121	162
3104	2357.26	22.39	7.96	144	11	3410	782	121	162
3105	2357.49	22.74	8.43	143	11	3410	782	121	162
3106	2357.72	22.45	8.32	143	11	3410	782	121	162
3107	2357.95	27.57	9.86	144	11	3410	782	121	162
3108	2358.18	29.43	9.55	143	10	3400	782	121	162
3109	2358.41	26.98	9.21	143	10	3400	782	121	162
3110	2358.64	41.04	9.26	143	10	3400	782	121	162
3111	2358.87	27.9	8.74	143	9	3400	782	121	162
3112	2359.1	34.16	9.51	143	9	3400	782	121	162
3113	2359.33	29.2	7.87	144	10	3400	782	121	162
3114	2359.56	18	5.9	121	10	3400	625	121	162
3115	2359.79	26.3	6.54	150	9	3400	782	121	162
3116	2360.26	16.91	3.27	122	6	2858	625	121	162
3117	2360.48	102.88	11.45	123	9	3152	702	121	162
3118	2360.69	75.29	10.88	123	9	3139	702	121	162
3119	2360.9	24.55	7.71	150	9	3488	780	121	162
3120	2361.12	21.16	8.3	150	9	3453	780	121	162
3121	2361.33	27.72	9.74	151	8	3391	780	121	162
3122	2361.55	18.59	9.23	133	8	3060	702	121	162
3123	2361.76	46.43	8.22	135	8	3058	702	121	162
3124	2361.98	127	9.11	149	9	3401	780	121	162
3125	2362.19	85.35	9.96	133	8	3062	702	121	162
3126	2362.4	88.95	7.64	136	8	3065	702	121	162
3127	2362.62	64.85	9.68	150	9	3403	780	121	162
3128	2362.83	53.08	10.48	150	9	3405	780	121	162
3129	2363.05	44.8	9.47	150	9	3488	780	121	163
3130	2363.26	8.56	11.81	150	9	3453	780	121	163
3131	2363.48	24.27	12.87	151	8	3391	780	121	163
3132	2363.69	85.68	9.18	133	8	3060	702	121	163
3133	2363.9	23.29	8.72	135	8	3058	702	121	163
3134	2364.02	3.88	6.22	149	9	3401	780	121	163
3135	236.35	30.57	10.7	133	8	3062	702	121	163
3136	2363.6	11.98	10.02	136	8	3065	702	121	163
3137	2363.83	55.06	8.62	150	9	3403	780	121	163
3138	2364.05	16.46	8.81	151	8	3406	780	121	163
3139	2364.28	64.97	9.12	151	8	3409	780	121	163
3140	2364.51	45.28	8.88	152	8	3412	780	121	163
3141	2364.78	12.54	7.02	137	7	3065	702	121	163
3142	2364.97	71.43	6.96	152	8	3406	780	121	163
3143	2365.2	39.94	7.09	152	8	3408	780	121	163
3144	2365.62	10.95	5.21	106	6	2387	546	121	163
3145	2365.86	8.75	1.98	106	7	1708	390	121	163
3146	2365.99	85.18	10.54	131	9	3137	687	121	163
3147	2366.11	21.97	6.42	152	8	3455	773	121	163
3148	2366.34	45.73	8.68	152	8	3421	777	121	163
3149	2366.57	34.64	9.22	152	9	3417	777	121	163
3150	2366.8	71.88	11.01	152	8	3411	777	121	163
3151	2367	41.84	9.52	122	6	2729	621	121	163
3152	2367.25	49.68	12.85	152	8	3413	777	121	163
3153	2367.48	28.12	11.41	152	8	3416	777	121	163
3154	2367.69	27.54	9.04	137	7	3099	699	121	163
3155	2367.9	32.13	9.83	149	9	3452	777	121	163
3156	2368.11	21.64	10.01	150	9	3388	775	121	163
3157	2368.32	33.17	9.07	134	8	3025	697	121	163
3158	2368.53	52.77	7.48	135	8	3028	697	121	163
3159	2368.95	36.08	6.51	136	8	3029	697	121	163
3160	2369.05	31.12	9.08	152	9	3368	775	121	163
3161	2370.53	31.49	9.61	152	8	3361	775	121	163
3162	2370.76	13.72	7.53	151	8	3365	775	121	163
3163	2370.99	17.76	9.18	151	9	3378	775	121	163
3164	2371.22	12.17	7.97	152	8	3376	775	121	163
3165	2371.45	12.97	7.31	152	9	3380	775	121	163
3166	2371.68	44.88	7.22	152	8	3379	775	121	163
3167	2371.91	14.49	8.38	151	9	3378	775	121	163
3168	2372.14	21.24	7.05	152	9	3381	775	121	163
3169	2372.37	18.56	7.54	152	8	3388	775	121	163
3170	2372.6	38.2	11.21	130	8	3048	697	121	163
3171	2372.83	85.78	15.77	140	9	3381	775	121	163
3172	2373.06	78.6	13.82	129	8	3386	772	121	163
3173	2373.29	41.93	16.05	138	9	3443	761	121	163
3174	2373.52	21.58	15.06	140	8	3433	761	121	163
3175	2373.75	16.73	8.08	97	6	2407	535	121	163
3176	2373.98	20.02	10.39	97	6	2416	536	121	163
3177	2374.21	87.61	10.54	97	6	2417	536	121	163
3178	2374.44	50.6	15.12	125	8	3100	690	121	163
3179	2374.67	13.71	15.69	138	9	3441	767	121	163
3180	2374.9	19.2	12.77	111	7	2748	613	121	163
3181	2375.13	20.5	11.5	111	7	2748	613	121	163
3182	2375.36	15.99	11.26	96	6	2399	536	121	163
3183	2375.59	13.85	17.35	144	8	3417	766	121	163
3184	2375.82	23.48	16.32	142	9	3402	766	121	163
3185	2376.05	22.78	14.6	139	10	3410	767	121	163
3186	2376.28	9.9	11.57	143	11	3406	767	121	163
3187	2376.51	66.31	12.51	143	12	3407	767	121	163
3188	2376.74	51.93	12.21	142	12	3420	767	121	163
3189	2376.97	46.61	11.86	143	12	3426	767	121	163
3190	2377.2	52.87	14.39	142	12	3418	767	121	163
3191	2377.43	30.58	12.73	143	12	3425	767	121	163
3192	2377.66	8.11	10.93	146	11	3429	766	121	163
3193	2377.89	12.33	11.07	146	11	3413	766	121	163
3194	2378.12	10.22	11.23	147	11	3422	766	121	163
3195	2378.35	13.73	11.46	145	11	3407	766	121	163
3196	2378.58	17.3	11.67	146	11	3402	766	121	163
3197	2378.81	11.95	11.19	140	11	3407	766	121	163
3198	2379.04	12.2	10.34	137	11	3415	767	121	163
3199	2379.27	9.29	10.79	137	11	3415	767	121	163
3200	2379.5	6.93	7.65	112	10	2632	608	121	163
3201	2379.73	5.85	6.23	99	10	2289	532	121	163
3202	2379.96	8.35	9.29	141	11	3275	760	121	163
3203	2380.19	92.74	12.43	145	11	3359	760	121	163
3204	2380.42	48.52	11.2	146	11	3387	760	121	163
3205	2380.65	22.34	10.6	146	11	3384	760	121	163
3206	2380.88	16.79	9.29	146	11	3397	761	121	163
3207	2381.11	9.46	9.58	146	11	3412	761	121	163
3208	2381.34	17.7	9.26	146	11	3420	760	121	163
3209	2381.57	16.78	10.2	146	11	3410	760	121	163
3210	2381.8	26.57	11.65	146	11	3397	760	121	163
3211	2382.03	32.74	13.13	145	11	3393	760	121	163
3212	2382.26	11.91	11.1	146	11	3390	760	121	163
3213	2382.49	31.61	12.33	146	11	3394	760	121	163
3214	2382.72	10.95	12.05	146	11	3381	760	121	163
3215	2382.95	13.25	11.73	146	11	3367	760	121	163
3216	2383.18	26.09	12.53	146	11	3365	760	121	163
3217	2383.41	25.11	12.05	145	11	3369	760	121	163
3218	2383.64	37.2	11.11	145	11	3368	760	121	163
3219	2383.87	34.53	12.79	145	11	3355	760	121	163
3220	2384.1	43.12	9.29	115	10	2680	608	121	163
3221	2384.33	78.8	7.51	116	10	2680	608	121	163
3222	2384.56	99.73	10.53	145	11	3358	760	121	163
3223	2384.79	37.84	12.06	141	12	3279	740	121	163
3224	2385.02	28.28	8.85	142	11	3285	740	121	163
3225	2385.25	15.99	8.97	143	11	3288	741	121	163
3226	2385.48	14.89	9.07	145	11	2952	666	121	163
3227	2385.71	17.15	6.4	146	11	2297	518	121	163
3228	2385.94	23.17	7.12	146	11	2630	592	121	163
3229	2386.17	21.53	5.23	146	11	2952	666	121	163
3230	2386.4	18.35	6.21	146	11	2297	518	121	163
