~VERSION INFORMATION 
 VERS. 2.0: CWLS LOG ASCII STANDARD -VERSION 2.0 
 WRAP.  No: SINGLE LINE PER DEPTH STEP
~WELL INFORMATION BLOCK 
#MNEM.UNIT			     DATA			   DESCRIPTION OF MNEMONIC
#----------------------------------------------------------------------
 STRT.m                       1640.00                  : Start Depth
 STOP.m                       2307.00                  : Stop  Depth
 STEP.m                       0.25                     : Step  Depth
 NULL.                   -999.25                       : Null value
 COMP.                   PEAK PETROLEUM                : Company Name
 WELL.                   BILABRI D2                    : Well Name
 PATH.                   Original Path                 : Path Name
 FLD.                    BILABRI                       : Field Name
 LOC.                    B. DOLPHIN                    : Location
 PROV.                   Unused                        : Province
 SRVC.                   BAKER HUGHES INTEQ            : Service Company Name
 Date.DD/MM/YYYY         21/08/2006                    : Date
 UWI.                                                  : Unique Well ID
 TIMEZONE.Hrs            0                   : Time zone difference from GMT 
~CURVE INFORMATION
#MNEM.UNIT                 CURVE INFORMATION
#
#----------------------------------------------------------------------
DEPTH.m                                      :   0 Depth Hole
ROP_AVG.m/hr                                 :   1 Depth Averaged ROP
GR1AX.API                                    :   2 Gamma Ray - Apparent - Detector 1
RACLX.ohm.m                                  :   3 Resistivity Attenuation - Corrected - 400kHz
RPCHX.ohm.m                                  :   4 Resistivity Phase - Corrected - 2MHz
NPLX.pu                                      :   5 Neutron Porosity (Limestone)
BDCX.g/cc                                    :   6 Bulk Density - Compensated
DRHX.g/cc                                    :   7 Delta Rho
DAPX.psi                                     :   8 Annular Pressure
ACTECDX.ppg                                  :   9 Actual ECD
TCDX.degF                                    :   10 Downhole Temperature
TVD.m                                        :   11 Vertical Depth
#----------------------------------------------------------------------
~O
Disclaimer
Baker Hughes INTEQ does not guarantee the accuracy  or correctness
of  interpretations  provided  in  or  from this  data. Since  all
interpretations  are  opinions based on measurements, Baker Hughes
INTEQ  shall  under no  circumstances   be  held  responsible  for
consequential damages or any other loss, costs, damages or expenses
incurred  or  sustained  in  connection  with  the use of any such
interpretations. Baker  Hughes INTEQ  disclaims  all expressed and
implied  warranties  related to  its  service which is governed by
Baker Hughes INTEQ's standard terms and conditions.
#----------------------------------------------------------------------
~A
  1640.00        -999.25      -999.25         -999.25       -999.25      -999.25       -999.25       -999.25     -999.25         -999.25      -999.25        1639.90 
  1640.25          14.68      -999.25         -999.25       -999.25      -999.25       -999.25       -999.25     -999.25         -999.25      -999.25        1640.15 
  1640.50           6.39      -999.25           0.258         3.983      -999.25          2.31          0.09     -999.25         -999.25        126.3        1640.40 
  1640.75           5.22        380.8           0.480         2.340      -999.25          2.30          0.09     -999.25         -999.25        190.3        1640.65 
  1641.00           4.76        234.9           0.703         0.697        47.45          2.30          0.08     -999.25         -999.25        254.3        1640.90 
  1641.25           5.50         89.1           0.696         0.729        57.27          2.30          0.08     -999.25         -999.25        318.4        1641.15 
  1641.50           5.72         83.4           0.688         0.762        55.79          2.30          0.08     -999.25         -999.25        382.4        1641.40 
  1641.75           5.94         83.9           0.633         0.780        53.01          2.30          0.08     -999.25         -999.25        254.3        1641.65 
  1642.00           8.63         84.4           0.616         0.746        52.06          2.30          0.07     -999.25         -999.25        126.3        1641.90 
  1642.25           9.82         84.9           0.600         0.713        51.11          2.30          0.07     -999.25         -999.25        126.3        1642.15 
  1642.50          13.22         83.0           0.587         0.689        50.16          2.30          0.06     -999.25         -999.25        126.3        1642.40 
  1642.75          13.74         81.1           0.574         0.666        49.21          2.30          0.06     -999.25         -999.25        126.3        1642.65 
  1643.00          15.43         83.6           0.546         0.530        51.45          2.30          0.01     -999.25         -999.25        126.3        1642.90 
  1643.25          17.12         86.2           0.519         0.394        53.69          2.30         -0.04     -999.25         -999.25        126.3        1643.15 
  1643.50          19.43         88.7           0.491         0.258        52.91          2.31          0.02     -999.25         -999.25        126.3        1643.40 
  1643.75          32.53         91.3           0.492         0.597        52.14          2.33          0.07     -999.25         -999.25        126.3        1643.65 
  1644.00          46.76         93.8           0.493         0.937        51.36          2.32          0.07     -999.25         -999.25        126.3        1643.90 
  1644.25          41.59         92.6           0.505         0.854        50.59          2.31          0.07     -999.25         -999.25        126.3        1644.15 
  1644.50          36.41         91.5           0.517         0.771        49.82          2.30          0.07     -999.25         -999.25        126.3        1644.40 
  1644.75          32.67         90.2           0.516         0.742        59.79          2.29          0.07     -999.25         -999.25        126.3        1644.65 
  1645.00          30.16         88.9           0.515         0.713        69.76          2.29          0.07     -999.25         -999.25        126.3        1644.90 
  1645.25          27.89         87.7           0.541         0.732        59.79          2.29          0.07     -999.25         -999.25        126.3        1645.15 
  1645.50          27.48         91.0           0.567         0.751        49.82          2.29          0.07     -999.25         -999.25        126.3        1645.40 
  1645.75          27.18         91.8           0.593         0.771        46.49          2.29          0.07     -999.25         -999.25        126.3        1645.65 
  1646.00          26.87         92.6           0.659         0.754        43.16          2.29          0.07     -999.25         -999.25        126.3        1645.90 
  1646.25          26.40         93.5           0.684         0.767        59.61          2.29          0.07     -999.25         -999.25        126.3        1646.15 
  1646.50          25.86         94.3           0.710         0.780        49.82          2.29          0.06     -999.25         -999.25        126.3        1646.40 
  1646.75          25.71         92.9           0.717         0.784        53.92          2.30          0.06     -999.25         -999.25        126.3        1646.65 
  1647.00          25.59         91.5           0.725         0.789        58.02          2.30          0.07     -999.25         -999.25        126.3        1646.90 
  1647.25          25.48         92.9           0.755         0.790        62.12          2.31          0.09     -999.25         -999.25        126.3        1647.15 
  1647.50          25.42         94.3           0.784         0.791        71.94          2.32          0.09     -999.25         -999.25        126.3        1647.40 
  1647.75          25.35         77.3           0.813         0.792        66.11          2.33          0.09     -999.25         -999.25        126.3        1647.65 
  1648.00          25.09         86.3           0.843         0.793        60.28          2.31          0.08     -999.25         -999.25        126.3        1647.90 
  1648.25          24.56         86.1           0.872         0.794        54.44          2.29          0.07     -999.25         -999.25        126.3        1648.14 
  1648.50          24.56         86.0           0.902         0.796        48.61          2.30          0.07     -999.25         -999.25        126.3        1648.39 
  1648.75          24.55         85.8           0.931         0.797        44.67          2.32          0.07     -999.25         -999.25        126.3        1648.64 
  1649.00          25.66         85.6           0.961         0.798        40.72          2.32          0.08     -999.25         -999.25        126.3        1648.89 
  1649.25          12.03         85.5           0.760         0.745        47.20          2.33          0.09     -999.25         -999.25        126.3        1649.14 
  1649.50          12.29         85.3           0.849         0.767        53.69          2.31          0.08     -999.25         -999.25        126.3        1649.39 
  1649.75          13.52         85.2           0.937         0.789        55.79          2.30          0.07     -999.25         -999.25        126.3        1649.64 
  1650.00          14.75         85.0           0.944         0.789        57.27          2.30          0.07     -999.25         -999.25        126.3        1649.89 
  1650.25          15.94         84.9           0.951         0.789        53.54          2.31          0.07     -999.25         -999.25        126.3        1650.14 
  1650.50          15.71         85.8           0.958         0.789        49.82          2.32          0.07     -999.25         -999.25        126.3        1650.39 
  1650.75          15.80         86.7           0.965         0.789        55.97          2.31          0.06     -999.25         -999.25        126.3        1650.64 
  1651.00          15.14         87.7           0.972         0.789        62.12          2.30          0.06     -999.25         -999.25        126.3        1650.89 
  1651.25          15.25         85.2           0.970         0.780        58.96          2.30          0.06     -999.25         -999.25        126.3        1651.14 
  1651.50          15.35         82.7           0.968         0.771        55.79          2.30          0.07     -999.25         -999.25        126.3        1651.39 
  1651.75          14.36         80.3           0.956         0.764        54.30          2.30          0.07     -999.25         -999.25        126.8        1651.64 
  1652.00          12.82         77.8           0.944         0.757        52.81          2.29          0.07     -999.25         -999.25        127.4        1651.89 
  1652.25          13.56         78.7           0.932         0.750        51.31          2.29          0.07     -999.25         -999.25        127.9        1652.14 
  1652.50          13.78         79.7           0.919         0.743        49.82          2.30          0.08     -999.25         -999.25        128.5        1652.39 
  1652.75          13.99         80.6           0.907         0.737        62.03          2.31          0.09     -999.25         -999.25        129.0        1652.64 
  1653.00          12.78         81.6           0.788         0.754        74.24          2.33          0.10     -999.25         -999.25        136.3        1652.89 
  1653.25          13.33         82.5           0.799         0.754        71.00          2.31          0.09     -999.25         -999.25        143.5        1653.14 
  1653.50          14.21         84.0           0.811         0.754        67.75          2.29          0.07     -999.25         -999.25        150.8        1653.39 
  1653.75          15.34         85.6           0.822         0.754        64.51          2.29          0.07     -999.25         -999.25        158.1        1653.64 
  1654.00          14.69         87.1           0.834         0.754        61.26          2.29          0.07     -999.25         -999.25        165.3        1653.89 
  1654.25          14.05         88.6           1.044         0.754        61.69          2.29          0.07     -999.25         -999.25        172.6        1654.14 
  1654.50          16.26         87.7           1.255         0.754        62.12          2.30          0.07     -999.25         -999.25        179.9        1654.39 
  1654.75          16.79         89.3           1.465         0.754        61.49          2.29          0.06     -999.25         -999.25        187.1        1654.64 
  1655.00          18.85         90.8           1.121         0.745        60.87          2.28          0.05     -999.25         -999.25        194.4        1654.89 
  1655.25          11.22         92.4           0.777         0.737        60.24          2.27          0.04     -999.25         -999.25        160.3        1655.14 
  1655.50          36.80         89.3           0.775         0.737        59.61          2.28          0.05     -999.25         -999.25        126.3        1655.39 
  1655.75          62.38         86.3           0.773         0.737        71.94          2.29          0.05     -999.25         -999.25        126.4        1655.64 
  1656.00          53.43         88.5           0.769         0.737        69.87          2.30          0.06     -999.25         -999.25        126.5        1655.89 
  1656.25          95.28         90.7           0.760         0.745        67.81          2.29          0.05     -999.25         -999.25        126.6        1656.14 
  1656.50         130.57         92.9           0.762         0.741        65.74          2.27          0.04     -999.25         -999.25        126.7        1656.39 
  1656.75         141.37         89.4           0.763         0.737        61.51          2.28          0.05     -999.25         -999.25        126.8        1656.64 
  1657.00         152.18         86.0           0.763         0.737        57.27          2.28          0.06     -999.25         -999.25        126.8        1656.89 
  1657.25           4.06         82.5           0.763         0.737        60.58          2.28          0.06     -999.25         -999.25        126.9        1657.14 
  1657.50          13.02         85.3           0.762         0.737        63.89          2.29          0.07     -999.25         -999.25        127.0        1657.39 
  1657.75         114.06         85.4           0.762         0.737        73.07          2.28          0.06     -999.25         -999.25        127.1        1657.64 
  1658.00          35.40         85.5           0.762         0.737        68.71          2.27          0.06     -999.25         -999.25        127.2        1657.89 
  1658.25          53.26         85.5           0.761         0.737        64.99          2.28          0.07     -999.25         -999.25        127.3        1658.14 
  1658.50          71.13         85.6           0.761         0.737        61.26          2.28          0.06     -999.25         -999.25        127.4        1658.39 
  1658.75          58.50         85.7           0.759         0.728        61.26          2.29          0.06     -999.25         -999.25        127.5        1658.64 
  1659.00          30.12         85.7           0.760         0.728        59.61          2.29          0.06     -999.25         -999.25        127.6        1658.89 
  1659.25          17.53         85.8           0.760         0.737        65.22          2.30          0.06     -999.25         -999.25        127.7        1659.14 
  1659.50          20.42         82.0           0.760         0.745        70.83          2.27          0.06     -999.25         -999.25        127.8        1659.39 
  1659.75          23.32         84.5           0.761         0.754        69.40          2.27          0.07     -999.25         -999.25        127.9        1659.64 
  1660.00          26.51         87.1           0.920         0.771        67.97          2.27          0.09     -999.25         -999.25        128.0        1659.89 
  1660.25          31.30         89.6           0.756         0.737        66.55          2.27          0.09     -999.25         -999.25        128.1        1660.14 
  1660.50          29.92         82.5           0.759         0.745        65.12          2.27          0.09     -999.25         -999.25        128.2        1660.39 
  1660.75          26.37         81.6           0.762         0.754        63.69          2.27          0.07     -999.25         -999.25        128.3        1660.64 
  1661.00          27.71         80.6           0.763         0.754        62.26          2.27          0.06     -999.25         -999.25        128.4        1660.89 
  1661.25          29.05         79.7           0.764         0.754        60.83          2.28          0.06     -999.25         -999.25        128.4        1661.14 
  1661.50          32.92         78.7           0.763         0.737        59.40          2.29          0.06     -999.25         -999.25        128.5        1661.39 
  1661.75          27.86         97.1           0.764         0.732        57.97          2.29          0.06     -999.25         -999.25        128.6        1661.64 
  1662.00          30.52         93.5           0.764         0.728        56.54          2.29          0.06     -999.25         -999.25        128.7        1661.88 
  1662.25          29.62         89.9           0.770         1.139        55.12          2.29          0.06     -999.25         -999.25        128.8        1662.13 
  1662.50          28.71         86.3           0.776         0.745        53.69          2.29          0.06     -999.25         -999.25        128.9        1662.38 
  1662.75          34.63         92.6           0.794         0.771        58.36          2.30          0.06     -999.25         -999.25        129.0        1662.63 
  1663.00          34.28         99.0           0.759         0.767        63.03          2.29          0.06     -999.25         -999.25        129.1        1662.88 
  1663.25          30.74         97.8           0.808         0.762        67.70          2.29          0.06     -999.25         -999.25        129.2        1663.13 
  1663.50          18.90         96.6           0.848         0.799        65.17          2.29          0.06     -999.25         -999.25        129.3        1663.38 
  1663.75          16.14        101.8           0.887         0.835        62.65          2.28          0.06     -999.25         -999.25        129.4        1663.63 
  1664.00          13.39         94.7           0.927         0.885        60.13          2.28          0.06     -999.25         -999.25        129.5        1663.88 
  1664.25          14.31         94.7           1.110         1.113        57.60          2.28          0.06     -999.25         -999.25        129.6        1664.13 
  1664.50           0.00         94.7           1.011         1.039        55.08          2.27          0.06     -999.25         -999.25        129.7        1664.38 
  1664.75           5.27         94.7           1.070         1.165        48.61          2.29          0.07     -999.25         -999.25        129.8        1664.63 
  1665.00           8.54         91.0           1.122         1.139        46.29          2.30          0.09     -999.25         -999.25        129.9        1664.88 
  1665.25          11.31         94.7           1.113         1.089        43.97          2.31          0.10     -999.25         -999.25        129.9        1665.13 
  1665.50          14.08         98.5           1.103         1.039        41.65          2.32          0.12     -999.25         -999.25        130.0        1665.38 
  1665.75          17.66         97.8           1.093         1.051        39.33          2.32          0.12     -999.25         -999.25        130.1        1665.63 
  1666.00          29.97         97.1           1.092         1.047        43.97          2.32          0.11     -999.25         -999.25        130.2        1665.88 
  1666.25          51.98         96.4           1.091         1.043        48.61          2.32          0.11     -999.25         -999.25        130.3        1666.13 
  1666.50          59.30         95.7           1.091         1.039        47.32          2.33          0.10     -999.25         -999.25        130.4        1666.38 
  1666.75          66.63         91.7           1.090         1.051        46.04          2.90          0.08     -999.25         -999.25        130.5        1666.63 
  1667.00          44.47         87.7           1.089         1.064        44.75          2.32          0.06     -999.25         -999.25        130.6        1666.88 
  1667.25          27.70         89.2           1.089         1.076        43.46          2.32          0.06     -999.25         -999.25        130.7        1667.13 
  1667.50          12.59         90.7           1.091         1.088        42.17          2.32          0.06     -999.25         -999.25        130.8        1667.38 
  1667.75          14.44         92.2           1.094         1.088        40.52          2.33          0.06     -999.25         -999.25        130.9        1667.63 
  1668.00          13.34         93.6           1.097         1.088        38.88          2.32          0.06     -999.25         -999.25        131.0        1667.88 
  1668.25          12.24         95.1           1.103         1.082        41.07          2.32          0.07     -999.25         -999.25        131.1        1668.13 
  1668.50          11.89         96.6           1.109         1.076        43.26          2.32          0.07     -999.25         -999.25        131.2        1668.38 
  1668.75          12.79         95.1           1.116         1.101        45.44          2.32          0.07     -999.25         -999.25        131.3        1668.63 
  1669.00          13.20         93.6           1.123         1.126        47.63          2.32          0.07     -999.25         -999.25        131.4        1668.88 
  1669.25          13.01         92.0           1.128         1.126        49.82          2.32          0.07     -999.25         -999.25        131.5        1669.13 
  1669.50          12.82         90.5           1.133         1.126        47.54          2.33          0.07     -999.25         -999.25        131.5        1669.38 
  1669.75          11.31         90.5           1.131         1.152        45.27          2.33          0.07     -999.25         -999.25        131.6        1669.63 
  1670.00          10.76         90.5           1.129         1.139        43.00          2.34          0.06     -999.25         -999.25        131.7        1669.88 
  1670.25          11.06         83.0           1.120         1.132        40.72          2.35          0.06     -999.25         -999.25        131.7        1670.13 
  1670.50          11.44         75.4           1.111         1.126        39.81          2.34          0.06     -999.25         -999.25        131.7        1670.38 
  1670.75          11.52         83.4           1.101         1.095        38.90          2.34          0.06     -999.25         -999.25        131.7        1670.63 
  1671.00          11.61         91.5           1.091         1.063        38.00          2.33          0.06     -999.25         -999.25        131.7        1670.88 
  1671.25          11.89         89.8           1.086         1.057        42.16          2.33          0.06     -999.25         -999.25        131.7        1671.13 
  1671.50          12.67         88.2           1.080         1.051        46.33          2.33          0.06     -999.25         -999.25        131.7        1671.38 
  1671.75          13.36         85.3           1.079         1.057        48.00          2.34          0.06     -999.25         -999.25        131.7        1671.63 
  1672.00          12.67         82.5           1.078         1.063        49.67          2.34          0.07     -999.25         -999.25        131.7        1671.88 
  1672.25          11.99         87.7           1.077         1.057        51.34          2.35          0.07     -999.25         -999.25        131.7        1672.12 
  1672.50          11.45         92.9           1.077         1.051        53.01          2.34          0.07     -999.25         -999.25        131.7        1672.37 
  1672.75          11.67         96.9           1.065         1.063        50.18          2.34          0.07     -999.25         -999.25        131.7        1672.62 
  1673.00          10.33        100.9           1.073         1.051        47.34          2.33          0.07     -999.25         -999.25        131.7        1672.87 
  1673.25           9.61         93.8           1.081         1.039        44.51          2.33          0.07     -999.25         -999.25        131.7        1673.12 
  1673.50          10.36         89.8           1.082         1.042        41.68          2.33          0.07     -999.25         -999.25        131.7        1673.37 
  1673.75          11.10         85.8           1.082         1.044        42.57          2.33          0.07     -999.25         -999.25        131.7        1673.62 
  1674.00          12.62         87.7           1.082         1.046        43.46          2.33          0.07     -999.25         -999.25        131.7        1673.87 
  1674.25          15.88         89.6           1.083         1.049        44.35          2.33          0.07     -999.25         -999.25        131.7        1674.12 
  1674.50          17.96         91.5           1.083         1.051        45.24          2.33          0.07     -999.25         -999.25        131.7        1674.37 
  1674.75          17.97         89.4           1.074         1.037        46.35          2.33          0.07     -999.25         -999.25        131.7        1674.62 
  1675.00          17.97         87.3           1.065         1.023        47.45          2.32          0.07     -999.25         -999.25        131.7        1674.87 
  1675.25          18.28         85.3           1.057         1.009        47.17          2.32          0.06     -999.25         -999.25        131.7        1675.12 
  1675.50          18.19         83.2           1.048         0.995        46.89          2.32          0.06     -999.25         -999.25        131.7        1675.37 
  1675.75          18.19         81.1           1.039         0.981        44.77          2.31          0.05     -999.25         -999.25        131.7        1675.62 
  1676.00          17.81         79.1           1.033         0.968        42.66          2.31          0.05     -999.25         -999.25        131.7        1675.87 
  1676.25          17.25         77.0           1.026         0.954        42.91          2.30          0.04     -999.25         -999.25        131.7        1676.12 
  1676.50          16.70         75.0           1.020         0.940        43.16          2.30          0.04     -999.25         -999.25        131.7        1676.37 
  1676.75          14.98         79.7           1.014         0.926        45.55          2.31          0.05     -999.25         -999.25        131.7        1676.62 
  1677.00          13.68         84.4           1.003         0.923        47.93          2.33          0.06     -999.25         -999.25        131.9        1676.87 
  1677.25          12.39         89.1           0.992         0.919        50.31          2.36          0.09     -999.25         -999.25        132.1        1677.12 
  1677.50          11.41         86.9           0.981         0.916        52.69          2.32          0.06     -999.25         -999.25        132.2        1677.37 
  1677.75          11.84         84.8           0.984         0.926        55.08          2.32          0.06     -999.25         -999.25        132.4        1677.62 
  1678.00          12.27         82.6           0.988         0.937        38.88          2.32          0.07     -999.25         -999.25        132.5        1677.87 
  1678.25          12.43         80.4           0.993         0.948        43.17          2.32          0.07     -999.25         -999.25        132.7        1678.12 
  1678.50          14.02         78.3           0.998         0.959        47.45          2.33          0.06     -999.25         -999.25        132.9        1678.37 
  1678.75          13.60         77.5           0.984         0.970        51.06          2.34          0.06     -999.25         -999.25        133.0        1678.62 
  1679.00          13.45         76.8           0.977         0.916        48.43          2.33          0.06     -999.25         -999.25        133.2        1678.87 
  1679.25          13.30         79.2           0.965         0.905        45.79          2.32          0.06     -999.25         -999.25        133.3        1679.12 
  1679.50          10.45         81.6           0.954         0.895        43.16          2.31          0.06     -999.25         -999.25        133.5        1679.37 
  1679.75          10.97         83.9           0.942         0.885        51.06          2.31          0.06     -999.25         -999.25        133.7        1679.62 
  1680.00          11.98         84.9           0.938         0.895        52.37          2.31          0.06     -999.25         -999.25        133.8        1679.87 
  1680.25          11.92         85.8           0.934         0.905        53.69          2.31          0.06     -999.25         -999.25        134.0        1680.12 
  1680.50          12.03         85.3           0.928         0.885        54.03          2.33          0.07     -999.25         -999.25        134.1        1680.37 
  1680.75          12.13         84.9           0.922         0.865        54.38          2.32          0.07     -999.25         -999.25        134.3        1680.62 
  1681.00           6.07         84.4           0.916         0.865        52.94          2.32          0.07     -999.25         -999.25        134.5        1680.86 
  1681.25           0.00         83.9           0.909         0.865        51.50          2.31          0.07     -999.25         -999.25        134.1        1681.11 
  1681.50           0.00         83.4           0.903         0.865        50.05          2.31          0.07     -999.25         -999.25        133.8        1681.36 
  1681.75           0.00         83.0           1.076         1.063        48.61          2.29          0.06     -999.25         -999.25        133.4        1681.61 
  1682.00           0.00         82.5           0.975         0.954        47.45          2.29          0.06     -999.25         -999.25        133.1        1681.86 
  1682.25          13.02         81.4           0.874         0.845        48.04          2.30          0.06     -999.25         -999.25        132.8        1682.11 
  1682.50          65.25         80.2           1.088         0.855        48.62          2.29          0.05     -999.25         -999.25        132.4        1682.36 
  1682.75         104.51         79.1           1.025         0.838        49.21          2.29          0.04     -999.25         -999.25        132.1        1682.61 
  1683.00         573.82         78.0           0.962         0.822        49.82          2.29          0.05     -999.25         -999.25        131.7        1682.86 
  1683.25        1043.13         76.8           0.899         0.805        50.43          2.30          0.06     -999.25         -999.25        131.7        1683.11 
  1683.50        1512.43         80.0           0.837         0.789        51.98          2.31          0.07     -999.25         -999.25        131.7        1683.36 
  1683.75        1189.91         83.1           0.831         0.769        53.53          2.29          0.06     -999.25         -999.25        131.7        1683.61 
  1684.00         726.69         86.3           0.826         0.748        55.08          2.29          0.06     -999.25         -999.25        131.7        1683.86 
  1684.25         273.46         99.9           0.820         0.728        64.80          2.30          0.07     -999.25         -999.25        131.9        1684.11 
  1684.50         143.71        113.6           0.819         0.798        61.80          2.30          0.07     -999.25         -999.25        132.0        1684.36 
  1684.75          13.96        105.4           0.823         0.805        58.80          2.30          0.06     -999.25         -999.25        132.1        1684.61 
  1685.00          18.80         97.3           0.827         0.812        55.79          2.30          0.06     -999.25         -999.25        132.3        1684.86 
  1685.25          19.73         89.1           0.825         0.819        49.23          2.29          0.06     -999.25         -999.25        132.4        1685.11 
  1685.50          23.08         88.1           0.823         0.826        42.66          2.29          0.06     -999.25         -999.25        132.5        1685.36 
  1685.75          23.18         87.0           0.817         0.803        43.31          2.29          0.06     -999.25         -999.25        132.7        1685.61 
  1686.00          23.16         86.0           0.811         0.780        43.95          2.29          0.06     -999.25         -999.25        132.8        1685.86 
  1686.25          23.13         84.9           0.834         0.885        44.60          2.29          0.06     -999.25         -999.25        133.0        1686.11 
  1686.50          21.11         83.9           0.824         0.837        45.24          2.30          0.06     -999.25         -999.25        133.1        1686.36 
  1686.75          18.04         85.0           0.815         0.789        46.15          2.30          0.06     -999.25         -999.25        133.2        1686.61 
  1687.00          14.68         86.1           0.813         0.792        47.05          2.30          0.06     -999.25         -999.25        133.4        1686.86 
  1687.25          13.13         87.2           0.811         0.795        47.96          2.29          0.06     -999.25         -999.25        133.5        1687.11 
  1687.50          13.50         86.7           0.809         0.798        48.86          2.27          0.06     -999.25         -999.25        133.6        1687.36 
  1687.75          13.87         86.3           0.801         0.910        49.77          2.27          0.06     -999.25         -999.25        133.8        1687.61 
  1688.00          14.43         85.8           0.792         1.023        50.67          2.27          0.06     -999.25         -999.25        133.9        1687.86 
  1688.25          16.38         85.3           0.797         1.135        51.58          2.27          0.06     -999.25         -999.25        134.0        1688.11 
  1688.50          17.11         84.9           0.801         1.247        52.48          2.27          0.06     -999.25         -999.25        134.2        1688.36 
  1688.75          17.63         87.0           0.800         0.780        53.39          2.27          0.06     -999.25         -999.25        134.3        1688.61 
  1689.00          18.15         89.1           0.790         0.771        54.29          2.28          0.06     -999.25         -999.25        134.5        1688.86 
  1689.25          19.63         77.8           0.921         0.875        55.20          2.28          0.06     -999.25         -999.25        134.6        1689.11 
  1689.50          21.65         79.2           0.786         0.816        56.10          2.28          0.06     -999.25         -999.25        134.7        1689.36 
  1689.75          22.38         80.8           0.792         0.780        57.01          2.28          0.06     -999.25         -999.25        134.9        1689.61 
  1690.00          20.76         82.5           0.794         0.775        57.91          2.28          0.06     -999.25         -999.25        135.0        1689.85 
  1690.25          20.33         86.0           0.796         0.771        58.82          2.28          0.06     -999.25         -999.25        135.1        1690.10 
  1690.50          19.91         89.6           0.808         0.762        50.43          2.28          0.06     -999.25         -999.25        135.3        1690.35 
  1690.75          20.66         89.4           0.810         0.777        53.01          2.28          0.07     -999.25         -999.25        135.4        1690.60 
  1691.00          22.14         89.2           0.812         0.792        57.91          2.28          0.07     -999.25         -999.25        135.5        1690.85 
  1691.25          22.95         89.0           0.814         0.807        62.80          2.28          0.07     -999.25         -999.25        135.7        1691.10 
  1691.50          23.17         88.8           0.812         0.785        67.70          2.28          0.07     -999.25         -999.25        135.8        1691.35 
  1691.75          23.39         88.6           0.810         0.762        65.48          2.28          0.07     -999.25         -999.25        136.0        1691.60 
  1692.00          24.34         86.0           0.817         0.807        63.26          2.28          0.07     -999.25         -999.25        136.1        1691.85 
  1692.25          22.36         83.4           0.820         0.826        61.04          2.28          0.07     -999.25         -999.25        136.2        1692.10 
  1692.50          19.01         84.9           0.825         0.807        58.82          2.29          0.07     -999.25         -999.25        136.4        1692.35 
  1692.75          20.08         87.7           0.821         0.826        58.06          2.29          0.06     -999.25         -999.25        136.5        1692.60 
  1693.00          16.82         90.5           0.822         0.826        57.31          2.29          0.06     -999.25         -999.25        136.6        1692.85 
  1693.25          13.55         87.2           0.822         0.831        56.55          2.29          0.06     -999.25         -999.25        136.8        1693.10 
  1693.50          13.23         83.9           0.823         0.835        55.79          2.30          0.06     -999.25         -999.25        136.9        1693.35 
  1693.75          13.82         86.0           0.804         1.139        53.75          2.30          0.06     -999.25         -999.25        137.0        1693.60 
  1694.00          16.53         88.2           0.801         0.946        51.70          2.30          0.06     -999.25         -999.25        137.2        1693.85 
  1694.25          18.04         90.0           0.798         0.754        56.91          2.30          0.07     -999.25         -999.25        137.3        1694.10 
  1694.50          19.55         90.3           0.795         0.762        62.12          2.30          0.07     -999.25         -999.25        137.5        1694.35 
  1694.75          21.28         90.5           0.794         0.948        45.24          2.31          0.07     -999.25         -999.25        137.6        1694.60 
  1695.00          22.22         90.3           0.793         1.134        49.77          2.31          0.07     -999.25         -999.25        137.7        1694.85 
  1695.25          22.61         90.0           0.792         1.319        54.29          2.31          0.07     -999.25         -999.25        137.9        1695.10 
  1695.50          23.07         89.8           0.791         1.050        58.82          2.31          0.07     -999.25         -999.25        138.0        1695.35 
  1695.75          23.06         89.6           0.790         0.780        58.43          2.31          0.07     -999.25         -999.25        138.1        1695.60 
  1696.00          23.06         86.7           0.782         0.754        58.05          2.31          0.06     -999.25         -999.25        138.3        1695.85 
  1696.25          21.47         85.7           0.780         0.749        57.66          2.31          0.06     -999.25         -999.25        138.4        1696.10 
  1696.50          20.09         84.8           0.777         0.745        57.27          2.31          0.06     -999.25         -999.25        138.5        1696.35 
  1696.75          18.26         83.9           0.769         0.745        56.34          2.29          0.06     -999.25         -999.25        138.7        1696.60 
  1697.00          15.11         83.0           0.768         0.745        55.41          2.29          0.06     -999.25         -999.25        138.8        1696.85 
  1697.25          11.96         83.0           0.768         0.745        54.49          2.29          0.06     -999.25         -999.25        139.0        1697.10 
  1697.50           9.48         85.1           0.765         0.745        53.56          2.29          0.07     -999.25         -999.25        139.1        1697.35 
  1697.75           8.79         87.3           0.763         0.741        52.63          2.29          0.07     -999.25         -999.25        139.2        1697.60 
  1698.00           9.94         89.4           0.762         0.737        51.70          2.29          0.07     -999.25         -999.25        139.4        1697.85 
  1698.25          11.72         88.0           0.761         0.728        58.72          2.29          0.06     -999.25         -999.25        139.5        1698.10 
  1698.50          12.41         86.7           0.760         0.348        65.74          2.29          0.06     -999.25         -999.25        139.6        1698.35 
  1698.75          13.10         86.7           0.760         0.542        63.82          2.29          0.06     -999.25         -999.25        139.8        1698.60 
  1699.00          12.73         86.7           0.761         0.737        61.89          2.30          0.06     -999.25         -999.25        139.9        1698.84 
  1699.25          13.22         84.8           0.763         0.737        59.96          2.31          0.06     -999.25         -999.25        140.1        1699.09 
  1699.50          12.56         83.0           0.765         0.737        58.04          2.31          0.07     -999.25         -999.25        140.2        1699.34 
  1699.75          13.38         83.1           0.768         0.737        58.04          2.32          0.07     -999.25         -999.25        140.4        1699.59 
  1700.00          13.35         83.2           0.772         0.737        58.04          2.33          0.07     -999.25         -999.25        140.5        1699.84 
  1700.25          13.32         83.3           0.773         0.745        58.04          2.31          0.06     -999.25         -999.25        140.7        1700.09 
  1700.50          10.40         83.4           0.774         0.754        59.28          2.29          0.06     -999.25         -999.25        140.9        1700.34 
  1700.75          10.30         86.3           0.774         0.798        60.51          2.29          0.06     -999.25         -999.25        141.0        1700.59 
  1701.00          10.51         81.3           0.774         0.939        61.75          2.29          0.06     -999.25         -999.25        141.2        1700.84 
  1701.25          10.83         76.4           0.774         1.080        62.99          2.29          0.07     -999.25         -999.25        141.3        1701.09 
  1701.50          11.15         77.8           0.773         1.221        58.60          2.30          0.07     -999.25         -999.25        141.5        1701.34 
  1701.75          11.78         79.3           0.773         1.362        54.21          2.29          0.07     -999.25         -999.25        141.7        1701.59 
  1702.00           9.85         80.7           0.773         1.503        49.82          2.29          0.06     -999.25         -999.25        141.8        1701.84 
  1702.25           9.67         82.2           0.773         1.644        51.57          2.29          0.06     -999.25         -999.25        142.0        1702.09 
  1702.50           9.93         83.6           0.773         1.350        53.32          2.29          0.06     -999.25         -999.25        142.1        1702.34 
  1702.75          10.38         85.1           0.772         1.056        55.08          2.30          0.06     -999.25         -999.25        142.3        1702.59 
  1703.00          10.83         86.5           0.772         0.762        55.81          2.31          0.06     -999.25         -999.25        142.5        1702.84 
  1703.25          10.43         88.0           0.772         0.760        56.54          2.32          0.06     -999.25         -999.25        142.6        1703.09 
  1703.50          11.50         89.4           0.772         0.758        57.27          2.31          0.06     -999.25         -999.25        142.6        1703.34 
  1703.75          12.23         90.9           0.771         0.756        57.27          2.31          0.07     -999.25         -999.25        142.6        1703.59 
  1704.00          12.61         92.3           0.771         0.754        57.27          2.31          0.07     -999.25         -999.25        142.6        1703.84 
  1704.25          13.00         93.8           0.772         0.754        57.27          2.32          0.07     -999.25         -999.25        142.6        1704.09 
  1704.50          14.16         95.2           0.768         0.745        57.27          2.33          0.07     -999.25         -999.25        142.6        1704.34 
  1704.75          14.85        124.0           0.777         0.762        57.27          2.35          0.07     -999.25         -999.25        142.6        1704.59 
  1705.00          13.55        103.9           0.775         0.759        57.27          2.34          0.07     -999.25         -999.25        142.6        1704.84 
  1705.25          13.37         83.9           0.774         0.756        55.48          2.33          0.07     -999.25         -999.25        142.6        1705.09 
  1705.50          13.18         85.0           0.773         0.754        53.69          2.32          0.07     -999.25         -999.25        142.6        1705.34 
  1705.75          12.99         86.1           0.771         0.754        46.69          2.31          0.07     -999.25         -999.25        142.6        1705.59 
  1706.00          12.75         87.2           0.769         0.754        39.69          2.30          0.07     -999.25         -999.25        142.6        1705.84 
  1706.25          12.47         88.3           0.776         0.748        32.69          2.29          0.07     -999.25         -999.25        142.6        1706.09 
  1706.50          12.70         89.4           0.782         0.742        36.94          2.28          0.07     -999.25         -999.25        142.6        1706.34 
  1706.75          12.71         88.5           0.789         0.737        41.20          2.27          0.07     -999.25         -999.25        142.6        1706.59 
  1707.00          12.72         87.6           0.841         0.862        46.00          2.26          0.07     -999.25         -999.25        142.6        1706.84 
  1707.25          12.02         86.7           0.892         0.988        50.81          2.28          0.06     -999.25         -999.25        142.6        1707.09 
  1707.50          12.26         87.5           0.944         1.113        55.62          2.30          0.06     -999.25         -999.25        142.6        1707.34 
  1707.75          12.58         88.2           1.001         1.239        60.43          2.31          0.06     -999.25         -999.25        142.6        1707.58 
  1708.00          12.32         89.0           1.059         1.364        57.40          2.32          0.06     -999.25         -999.25        142.6        1707.83 
  1708.25          12.41         89.8           1.017         1.188        54.38          2.33          0.06     -999.25         -999.25        142.4        1708.08 
  1708.50          12.49         90.5           0.975         1.012        53.55          2.33          0.07     -999.25         -999.25        142.2        1708.33 
  1708.75          12.64         89.2           0.932         0.835        52.72          2.33          0.08     -999.25         -999.25        142.0        1708.58 
  1709.00          19.35         87.9           0.878         0.826        51.89          2.34          0.09     -999.25         -999.25        141.9        1708.83 
  1709.25          21.47         86.6           0.860         0.807        51.06          2.34          0.08     -999.25         -999.25        141.7        1709.08 
  1709.50         107.27         85.3           0.841         0.789        60.43          2.34          0.08     -999.25         -999.25        141.5        1709.33 
  1709.75         155.47         89.3           0.823         0.771        58.18          2.34          0.07     -999.25         -999.25        141.3        1709.58 
  1710.00         203.66         93.2           0.820         0.789        55.93          2.34          0.08     -999.25         -999.25        141.1        1709.83 
  1710.25         390.80         97.1           0.817         0.807        53.69          2.34          0.09     -999.25         -999.25        140.9        1710.08 
  1710.50         501.19         97.6           0.814         0.826        56.65          2.32          0.08     -999.25         -999.25        140.7        1710.33 
  1710.75         439.53         98.2           0.824         0.828        59.61          2.30          0.06     -999.25         -999.25        140.5        1710.58 
  1711.00         417.40         98.7           0.834         0.831        50.65          2.28          0.05     -999.25         -999.25        140.3        1710.83 
  1711.25         395.27         99.3           0.843         0.833        41.68          2.26          0.04     -999.25         -999.25        140.1        1711.08 
  1711.50         351.95         99.8           0.853         0.835        53.71          2.27          0.04     -999.25         -999.25        139.9        1711.33 
  1711.75         310.20        100.3           0.883         0.855        65.74          2.27          0.04     -999.25         -999.25        139.9        1711.58 
  1712.00         320.74        100.9           0.913         0.875        60.23          2.27          0.05     -999.25         -999.25        139.9        1711.83 
  1712.25         313.89         96.2           0.921         0.901        54.72          2.27          0.05     -999.25         -999.25        139.9        1712.08 
  1712.50         317.26         91.5           0.928         0.926        49.21          2.26          0.06     -999.25         -999.25        139.9        1712.33 
  1712.75         320.63         92.0           0.932         0.937        55.79          2.31          0.07     -999.25         -999.25        139.9        1712.58 
  1713.00         107.10         92.6           0.935         0.948        46.33          2.30          0.07     -999.25         -999.25        139.9        1712.83 
  1713.25          31.19         93.2           0.918         0.921        48.03          2.29          0.07     -999.25         -999.25        139.9        1713.08 
  1713.50          27.25         93.8           0.901         0.895        49.47          2.29          0.07     -999.25         -999.25        139.9        1713.33 
  1713.75          25.33         93.8           0.884         0.860        50.91          2.28          0.06     -999.25         -999.25        139.9        1713.58 
  1714.00          23.41         93.8           0.867         0.824        52.35          2.27          0.06     -999.25         -999.25        139.9        1713.83 
  1714.25          20.76         93.1           0.850         0.789        50.78          2.28          0.06     -999.25         -999.25        139.9        1714.08 
  1714.50          22.05         92.4           0.812         0.745        49.21          2.29          0.06     -999.25         -999.25        139.9        1714.33 
  1714.75          23.45         91.7           0.773         0.751        52.87          2.28          0.06     -999.25         -999.25        139.9        1714.58 
  1715.00          25.88         91.0           0.783         0.756        56.53          2.27          0.06     -999.25         -999.25        139.9        1714.82 
  1715.25          26.08         92.5           0.794         0.762        53.17          2.26          0.06     -999.25         -999.25        139.9        1715.07 
  1715.50          26.29         93.9           0.786         0.751        49.82          2.26          0.05     -999.25         -999.25        139.9        1715.32 
  1715.75          24.43         95.4           0.777         0.740        50.49          2.26          0.05     -999.25         -999.25        139.9        1715.57 
  1716.00          23.35         96.9           0.769         0.728        51.16          2.26          0.04     -999.25         -999.25        139.9        1715.82 
  1716.25          14.26         98.4           0.776         0.728        51.83          2.26          0.04     -999.25         -999.25        139.9        1716.07 
  1716.50          14.73         99.9           0.800         0.801        52.50          2.29          0.06     -999.25         -999.25        139.9        1716.32 
  1716.75          15.20        101.3           0.824         0.875        53.17          2.30          0.06     -999.25         -999.25        139.9        1716.57 
  1717.00          15.98         93.3           0.779         0.745        53.84          2.31          0.07     -999.25         -999.25        139.9        1716.82 
  1717.25          17.41         85.3           0.789         0.749        54.51          2.33          0.07     -999.25         -999.25        139.9        1717.07 
  1717.50          18.35         98.5           0.799         0.754        55.18          2.32          0.07     -999.25         -999.25        139.9        1717.32 
  1717.75          19.23         96.6           0.810         0.822        55.86          2.31          0.07     -999.25         -999.25        139.9        1717.57 
  1718.00          20.15         94.7           0.821         0.890        56.53          2.31          0.07     -999.25         -999.25        139.9        1717.82 
  1718.25          21.07         92.9           0.832         0.959        56.24          2.30          0.07     -999.25         -999.25        139.9        1718.07 
  1718.50          22.78         91.0           0.843         1.027        55.95          2.30          0.07     -999.25         -999.25        139.9        1718.32 
  1718.75          22.68         89.1           0.821         0.878        55.66          2.29          0.06     -999.25         -999.25        139.9        1718.57 
  1719.00          22.15         87.2           0.799         0.728        55.37          2.29          0.06     -999.25         -999.25        139.9        1718.82 
  1719.25          22.18         88.6           0.794         0.741        55.08          2.28          0.06     -999.25         -999.25        139.9        1719.07 
  1719.50          22.20         90.0           0.788         0.754        55.56          2.27          0.06     -999.25         -999.25        140.0        1719.32 
  1719.75          20.26         91.3           0.785         0.754        56.04          2.27          0.06     -999.25         -999.25        140.1        1719.57 
  1720.00          18.07         92.6           0.785         0.737        56.53          2.26          0.06     -999.25         -999.25        140.2        1719.82 
  1720.25          15.26         93.8           0.785         0.720        48.61          2.27          0.05     -999.25         -999.25        140.3        1720.07 
  1720.50          17.41         94.0           0.828         0.754        56.53          2.27          0.05     -999.25         -999.25        140.4        1720.32 
  1720.75          18.46         94.3           0.821         0.784        62.62          2.27          0.05     -999.25         -999.25        140.5        1720.57 
  1721.00          19.50         97.1           0.814         0.814        68.71          2.27          0.04     -999.25         -999.25        140.7        1720.81 
  1721.25          20.25         99.9           0.846         0.845        68.38          2.27          0.04     -999.25         -999.25        140.8        1721.06 
  1721.50          20.62        102.8          12.889         1.548        68.04          2.28          0.04     -999.25         -999.25        140.9        1721.31 
  1721.75          19.97        105.6           0.877         2.252        67.70          2.28          0.05     -999.25         -999.25        141.0        1721.56 
  1722.00          19.70         98.0           0.870         1.544        65.28          2.28          0.05     -999.25         -999.25        141.1        1721.81 
  1722.25          19.25         90.5           0.864         0.835        62.85          2.29          0.06     -999.25         -999.25        141.2        1722.06 
  1722.50          18.80         91.1           0.845         0.807        60.43          2.26          0.04     -999.25         -999.25        141.3        1722.31 
  1722.75          19.57         91.7           1.235         0.795        54.23          2.27          0.07     -999.25         -999.25        141.4        1722.56 
  1723.00          19.98         92.3           1.624         0.783        48.03          2.29          0.06     -999.25         -999.25        141.5        1722.81 
  1723.25          20.52         92.9           2.014         0.771        50.38          2.30          0.04     -999.25         -999.25        141.6        1723.06 
  1723.50          20.50         92.2           1.622         0.762        52.73          2.29          0.05     -999.25         -999.25        141.7        1723.31 
  1723.75          20.48         91.5           1.231         0.785        55.08          2.27          0.06     -999.25         -999.25        141.8        1723.56 
  1724.00          20.49         90.8           0.839         0.807        54.73          2.27          0.06     -999.25         -999.25        141.9        1723.81 
  1724.25          20.89         90.2           0.899         0.875        54.38          2.27          0.06     -999.25         -999.25        142.0        1724.06 
  1724.50          20.94         89.6           0.902         0.963        54.03          2.27          0.06     -999.25         -999.25        142.1        1724.31 
  1724.75          18.69         84.4           0.904         1.051        53.69          2.26          0.06     -999.25         -999.25        142.3        1724.56 
  1725.00          18.66         84.4           0.912         0.948        53.35          2.24          0.06     -999.25         -999.25        142.4        1724.81 
  1725.25          18.63         84.4           0.904         0.914        53.01          2.25          0.06     -999.25         -999.25        142.5        1725.06 
  1725.50          19.13         84.4           0.896         0.879        57.14          2.26          0.06     -999.25         -999.25        142.6        1725.31 
  1725.75          19.71         85.3           0.908         0.845        61.26          2.27          0.06     -999.25         -999.25        142.7        1725.56 
  1726.00          20.03         86.3           0.911         0.885        49.21          2.29          0.06     -999.25         -999.25        142.8        1725.81 
  1726.25          20.16         87.2           0.912         0.906        44.27          2.30          0.07     -999.25         -999.25        142.9        1726.06 
  1726.50          20.29         88.2           0.912         0.926        39.33          2.29          0.07     -999.25         -999.25        143.0        1726.30 
  1726.75          19.20         90.5           0.912         0.780        42.56          2.29          0.06     -999.25         -999.25        143.1        1726.55 
  1727.00          15.87         92.9           0.948         0.845        45.78          2.28          0.06     -999.25         -999.25        143.2        1726.80 
  1727.25          14.18         91.0           1.006         0.894        46.89          2.27          0.06     -999.25         -999.25        143.3        1727.05 
  1727.50          13.99         88.7           1.065         0.943        46.34          2.29          0.06     -999.25         -999.25        143.4        1727.30 
  1727.75          14.63         86.5           1.123         0.993        45.78          2.30          0.06     -999.25         -999.25        143.5        1727.55 
  1728.00          15.27         84.3           1.181         1.426        42.21          2.32          0.06     -999.25         -999.25        143.6        1727.80 
  1728.25          16.39         82.0           1.222         1.351        38.63          2.34          0.06     -999.25         -999.25        143.8        1728.05 
  1728.50          16.79         90.5           1.263         1.276        35.05          2.29          0.06     -999.25         -999.25        143.9        1728.30 
  1728.75          17.27         90.2           1.303         1.319        36.31          2.34          0.06     -999.25         -999.25        144.0        1728.55 
  1729.00          17.66         89.9           1.360         1.349        37.56          2.32          0.07     -999.25         -999.25        144.1        1728.80 
  1729.25          18.05         89.6           1.456         1.411        38.15          2.32          0.06     -999.25         -999.25        144.2        1729.05 
  1729.50          18.31         84.9           1.408         1.419        38.74          2.33          0.06     -999.25         -999.25        144.3        1729.30 
  1729.75          18.43         93.3           1.361         1.428        39.33          2.30          0.05     -999.25         -999.25        144.4        1729.55 
  1730.00          16.10         93.8           1.314         1.437        37.81          2.27          0.04     -999.25         -999.25        144.5        1729.80 
  1730.25          16.00         94.3           1.267         1.445        36.28          2.23          0.04     -999.25         -999.25        144.6        1730.05 
  1730.50          16.21         94.7           1.220         1.454        34.71          2.18          0.04     -999.25         -999.25        144.7        1730.30 
  1730.75          16.42         95.2           1.173         1.463        33.14          2.20          0.03     -999.25         -999.25        144.8        1730.55 
  1731.00          16.70         95.7           1.125         1.471        31.56          2.21          0.02     -999.25         -999.25        144.9        1730.80 
  1731.25          17.26         96.2           1.078         1.480        31.20          2.19          0.03     -999.25         -999.25        145.0        1731.04 
  1731.50          14.62         96.6           1.031         1.489        30.83          2.16          0.05     -999.25         -999.25        145.1        1731.29 
  1731.75          13.50         97.1           0.984         1.497        29.42          2.13          0.06     -999.25         -999.25        145.2        1731.54 
  1732.00          12.21         97.6           0.937         1.506        28.01          2.11          0.04     -999.25         -999.25        145.4        1731.79 
  1732.25          10.92         98.0           0.890         1.515        31.73          2.08          0.02     -999.25         -999.25        145.4        1732.04 
  1732.50           9.94         96.4           0.843         1.523        35.46          2.10          0.03     -999.25         -999.25        145.4        1732.29 
  1732.75          10.14         94.8           1.184         1.532        34.28          2.12          0.03     -999.25         -999.25        145.4        1732.54 
  1733.00          11.21         93.2           1.525         1.541        33.11          2.14          0.04     -999.25         -999.25        145.4        1732.79 
  1733.25          11.24         91.6           1.552         1.571        31.94          2.15          0.04     -999.25         -999.25        145.4        1733.04 
  1733.50          11.27         90.0           1.580         1.601        32.70          2.21          0.07     -999.25         -999.25        145.4        1733.29 
  1733.75          11.62         89.9           1.607         1.632        33.46          2.11          0.05     -999.25         -999.25        145.4        1733.54 
  1734.00          11.88         89.8           1.635         1.662        32.95          2.00          0.03     -999.25         -999.25        145.4        1733.79 
  1734.25          12.11         89.7           1.701         1.662        32.45          1.89          0.01     -999.25         -999.25        145.4        1734.04 
  1734.50          12.88         89.6           1.740         1.952        31.94          2.17          0.06     -999.25         -999.25        145.4        1734.29 
  1734.75          12.66         90.5           1.755         1.986        45.24          1.41          0.09     -999.25         -999.25        145.4        1734.54 
  1735.00          12.43         81.6           1.770         2.021        30.47          1.79          0.06     -999.25         -999.25        145.4        1734.79 
  1735.25           7.17         83.6           1.785         2.055        32.31          2.17          0.04     -999.25         -999.25        145.4        1735.04 
  1735.50           8.12         85.6           1.810         1.973        33.08          2.20          0.06     -999.25         -999.25        145.4        1735.28 
  1735.75           9.48         87.7           1.836         1.891        33.85          2.23          0.07     -999.25         -999.25        145.4        1735.53 
  1736.00          10.46         83.4           1.912         1.972        29.39          2.22          0.07     -999.25         -999.25        145.4        1735.78 
  1736.25          11.43         79.2           1.972         2.425        35.22          2.20          0.06     -999.25         -999.25        145.4        1736.03 
  1736.50          11.93         75.0           2.033         2.877        41.05          2.18          0.06     -999.25         -999.25        145.4        1736.28 
  1736.75          11.73         78.0           2.025         3.085        46.88          2.15          0.06     -999.25         -999.25        145.4        1736.53 
  1737.00          11.71         81.1           2.018         3.292        52.70          2.19          0.06     -999.25         -999.25        145.4        1736.78 
  1737.25          11.64         81.7           2.003         1.891        58.53          2.18          0.05     -999.25         -999.25        145.4        1737.03 
  1737.50           5.82         82.3           1.903         2.005        64.36          2.16          0.04     -999.25         -999.25        145.4        1737.28 
  1737.75           0.00         83.0           1.804         2.119        70.18          2.14          0.06     -999.25         -999.25        145.4        1737.53 
  1738.00           0.00         88.4           1.768         1.847        76.01          2.06          0.04     -999.25         -999.25        145.4        1737.78 
  1738.25         928.43         93.8           1.733         1.575        81.84          2.08          0.04     -999.25         -999.25        145.4        1738.03 
  1738.50        1271.47         92.3           1.347         1.426        87.66          2.09          0.05     -999.25         -999.25        145.4        1738.28 
  1738.75        1262.21         90.7           1.749         1.792        93.49          2.10          0.05     -999.25         -999.25        145.4        1738.52 
  1739.00        1252.95         89.2           1.797         1.812        99.32          2.11          0.05     -999.25         -999.25        145.4        1738.77 
  1739.25        1243.68         87.7           1.844         1.833        77.50          2.12          0.05     -999.25         -999.25        145.4        1739.02 
  1739.50        1209.05         84.9           1.885         1.976        55.68          2.14          0.06     -999.25         -999.25        145.4        1739.27 
  1739.75         951.35         86.3           1.926         2.119        33.85          2.15          0.06     -999.25         -999.25        145.4        1739.52 
  1740.00         826.07         87.7           2.092         2.141        33.37          2.16          0.06     -999.25         -999.25        145.4        1739.77 
  1740.25         770.44         83.9           2.024         1.911        32.90          2.17          0.07     -999.25         -999.25        145.4        1740.02 
  1740.50         714.81         80.1           1.986         2.587        32.42          2.18          0.07     -999.25         -999.25        145.4        1740.27 
  1740.75         667.96         83.0           2.187         2.768        31.94          2.19          0.07     -999.25         -999.25        145.4        1740.52 
  1741.00         638.94         83.9           1.044         1.524        30.63          2.15          0.06     -999.25         -999.25        145.4        1740.77 
  1741.25         636.49         95.5           2.021         2.690        29.32          2.11          0.06     -999.25         -999.25        145.4        1741.02 
  1741.50         600.27        107.0           1.653         1.852        28.01          2.07          0.05     -999.25         -999.25        144.0        1741.27 
  1741.75         564.05        100.9           1.849         1.754        28.12          2.02          0.04     -999.25         -999.25        142.6        1741.51 
  1742.00         155.01         96.6           1.750         1.972        28.24          2.02          0.02     -999.25         -999.25        142.8        1741.76 
  1742.25          82.79         92.4           1.770         2.003        28.35          2.02          0.03     -999.25         -999.25        142.9        1742.01 
  1742.50          49.22         88.2           1.789         2.034        28.47          2.02          0.04     -999.25         -999.25        143.0        1742.26 
  1742.75          21.68         87.0           1.788         1.973        28.58          2.07          0.05     -999.25         -999.25        143.2        1742.51 
  1743.00          16.75         85.8           1.788         1.911        28.69          2.12          0.06     -999.25         -999.25        143.3        1742.76 
  1743.25          11.83         87.8           1.771         1.813        27.77          2.17          0.06     -999.25         -999.25        143.4        1743.01 
  1743.50          14.91         89.9           1.735         1.765        26.85          2.21          0.07     -999.25         -999.25        143.6        1743.26 
  1743.75          17.49         91.9           1.698         1.717        25.92          2.19          0.06     -999.25         -999.25        143.7        1743.51 
  1744.00          18.73         90.3           1.655         1.726        25.00          2.17          0.06     -999.25         -999.25        143.9        1743.76 
  1744.25          17.70         88.6           1.612         1.735        24.07          2.15          0.05     -999.25         -999.25        144.0        1744.01 
  1744.50          16.93         87.7           1.565         1.627        25.23          2.13          0.04     -999.25         -999.25        144.1        1744.25 
  1744.75          16.16         86.7           1.514         1.488        26.38          2.11          0.03     -999.25         -999.25        144.3        1744.50 
  1745.00          13.51         85.8           1.462         1.349        27.54          2.09          0.02     -999.25         -999.25        144.4        1744.75 
  1745.25          14.66         87.2           1.433         1.412        28.69          2.11          0.03     -999.25         -999.25        144.5        1745.00 
  1745.50          14.48         88.6           1.404         1.474        34.13          2.12          0.03     -999.25         -999.25        144.7        1745.25 
  1745.75          14.82         87.4           1.383         1.364        39.56          2.13          0.03     -999.25         -999.25        144.8        1745.50 
  1746.00          15.17         86.3           1.364         1.403        45.00          2.14          0.04     -999.25         -999.25        144.9        1745.75 
  1746.25          15.14         86.0           1.345         1.442        50.43          2.15          0.04     -999.25         -999.25        145.1        1746.00 
  1746.50          14.78         85.8           1.324         1.491        -4.79          2.17          0.05     -999.25         -999.25        145.2        1746.25 
  1746.75          13.48         87.4           1.251         1.261        33.85          2.19          0.06     -999.25         -999.25        145.4        1746.49 
  1747.00          13.06         88.9           1.797         0.494        34.39          2.21          0.06     -999.25         -999.25        145.4        1746.74 
  1747.25          12.73         90.5           1.205         1.192        34.92          2.23          0.07     -999.25         -999.25        145.4        1746.99 
  1747.50          12.39         90.8           1.187         1.172        35.46          2.22          0.03     -999.25         -999.25        145.4        1747.24 
  1747.75          12.49         91.1           1.169         1.152        32.96          2.21         -0.01     -999.25         -999.25        145.4        1747.49 
  1748.00          12.87         91.4           1.154         1.100        30.47          2.20         -0.05     -999.25         -999.25        145.4        1747.74 
  1748.25          13.44         91.6           1.154         1.094        36.28          2.19         -0.10     -999.25         -999.25        145.4        1747.99 
  1748.50          13.29         91.9           1.155         1.088        35.98          2.18         -0.14     -999.25         -999.25        145.4        1748.24 
  1748.75          13.15         84.9           1.177         1.168        35.67          2.17          0.06     -999.25         -999.25        145.4        1748.49 
  1749.00          13.71         81.6           1.199         1.247        35.36          2.15          0.04     -999.25         -999.25        145.4        1748.73 
  1749.25          11.35         82.3           1.214         1.276        35.05          2.17          0.05     -999.25         -999.25        145.5        1748.98 
  1749.50          11.75         83.0           1.228         1.383        36.57          2.19          0.06     -999.25         -999.25        145.6        1749.23 
  1749.75          13.04         75.9           1.242         1.491        38.09          2.21         -0.14     -999.25         -999.25        145.7        1749.48 
  1750.00          11.96         88.6           1.208         1.290        39.62          2.22         -0.03     -999.25         -999.25        145.8        1749.73 
  1750.25          10.88         88.3           1.186         1.228        41.14          2.23          0.07     -999.25         -999.25        145.8        1749.98 
  1750.50          10.86         88.0           1.163         1.165        42.66          2.24          0.06     -999.25         -999.25        145.9        1750.23 
  1750.75          11.74         87.7           1.164         1.150        43.34          2.27          0.07     -999.25         -999.25        146.0        1750.48 
  1751.00          12.13         87.4           1.164         1.134        44.03          2.29          0.08     -999.25         -999.25        146.1        1750.72 
  1751.25          12.61         87.1           1.165         1.119        44.71          2.32          0.09     -999.25         -999.25        146.2        1750.97 
  1751.50          13.09         86.7           1.165         1.103        42.10          2.30          0.09     -999.25         -999.25        146.3        1751.22 
  1751.75          14.05         88.2           1.165         1.088        39.48          2.29          0.08     -999.25         -999.25        146.3        1751.47 
  1752.00          14.61         89.6           1.166         1.143        36.86          2.28          0.08     -999.25         -999.25        146.4        1751.72 
  1752.25          14.65         91.0           1.166         1.198        34.25          2.27          0.08     -999.25         -999.25        146.5        1751.97 
  1752.50          15.05         90.8           1.167         1.254        42.17          2.25          0.07     -999.25         -999.25        146.6        1752.22 
  1752.75          15.36         90.6           1.167         1.309        37.13          2.27         -0.03     -999.25         -999.25        146.7        1752.46 
  1753.00          15.68         90.4           1.168         1.364        34.65          2.28         -0.13     -999.25         -999.25        146.8        1752.71 
  1753.25          16.17         90.2           1.168         1.419        31.56          2.30         -0.23     -999.25         -999.25        146.8        1752.96 
  1753.50          14.32         90.0           1.169         1.474        42.17          2.29         -0.16     -999.25         -999.25        146.9        1753.21 
  1753.75          11.62         89.8           1.169         1.088        35.60          2.29         -0.09     -999.25         -999.25        147.0        1753.46 
  1754.00          11.07         89.6           1.167         1.103        29.04          2.29         -0.02     -999.25         -999.25        147.1        1753.71 
  1754.25          10.99         90.3           1.165         1.119        43.16          2.29          0.06     -999.25         -999.25        147.2        1753.96 
  1754.50          10.92         91.0           1.163         1.134        47.49          2.35          0.04     -999.25         -999.25        147.3        1754.20 
  1754.75          12.34         91.7           1.161         1.150        51.82          2.29          0.06     -999.25         -999.25        147.3        1754.45 
  1755.00          12.96         92.4           1.159         1.165        56.15          2.23          0.07     -999.25         -999.25        147.4        1754.70 
  1755.25          12.88         93.1           1.220         1.217        60.47          2.20          0.07     -999.25         -999.25        147.5        1754.95 
  1755.50          12.86         93.8           1.281         1.268        64.80          2.17          0.06     -999.25         -999.25        147.6        1755.20 
  1755.75          12.84         93.6           1.342         1.319        52.35          2.13          0.06     -999.25         -999.25        147.7        1755.45 
  1756.00          13.38         93.3           1.528         1.524        38.44          2.17          0.04     -999.25         -999.25        147.7        1755.70 
  1756.25          13.62         93.1           1.714         1.729        17.52          2.21          0.06     -999.25         -999.25        147.8        1755.94 
  1756.50          13.63         92.9           1.899         1.934        19.47          2.75         -0.02     -999.25         -999.25        147.9        1756.19 
  1756.75          13.77         80.7           2.085         2.139        21.41          3.29         -0.09     -999.25         -999.25        148.0        1756.44 
  1757.00          14.02         68.5           2.271         2.344        23.35          3.28         -0.05     -999.25         -999.25        148.1        1756.69 
  1757.25          14.27         56.3           2.749         4.520        25.30          2.71         -0.00     -999.25         -999.25        148.1        1756.94 
  1757.50          10.99         44.2           3.227         6.695        27.24          2.13          0.04     -999.25         -999.25        148.2        1757.19 
  1757.75          10.07         32.0           3.134         8.872        29.19          2.18          0.27     -999.25         -999.25        148.3        1757.43 
  1758.00           9.63         19.8           3.041        11.049        31.13          2.23          0.04     -999.25         -999.25        148.3        1757.68 
  1758.25          11.29         20.4           2.948        13.226        33.08          2.09          0.04     -999.25         -999.25        148.4        1757.93 
  1758.50          12.96         21.0           2.855        15.403        28.42          1.95          0.04     -999.25         -999.25        148.4        1758.18 
  1758.75          17.17         21.6           2.330        10.592        23.76          1.98          0.04     -999.25         -999.25        148.5        1758.43 
  1759.00          26.67         22.2           1.805         5.781        85.03          2.00          0.04     -999.25         -999.25        148.6        1758.68 
  1759.25          48.37         24.4           1.279         0.970        34.65          2.02          0.04     -999.25         -999.25        148.6        1758.92 
  1759.50          77.24         26.7           1.188         0.966        32.90          2.04          0.04     -999.25         -999.25        148.7        1759.17 
  1759.75          89.01         29.0           1.097         0.963        31.15          2.07          0.04     -999.25         -999.25        148.7        1759.42 
  1760.00         100.79         31.2           1.006         0.959        29.39          2.09          0.04     -999.25         -999.25        148.8        1759.67 
  1760.25         110.31         33.5           0.209         1.474        56.46          2.11          0.04     -999.25         -999.25        148.9        1759.92 
  1760.50         108.26         53.1           0.854        13.353        83.52          2.13          0.04     -999.25         -999.25        148.9        1760.17 
  1760.75         104.05         72.8           0.834         0.959        59.69          2.21         -0.02     -999.25         -999.25        149.0        1760.41 
  1761.00         104.46         92.4           0.810         0.888        35.87          2.29         -0.08     -999.25         -999.25        149.0        1760.66 
  1761.25         104.86         31.6           0.786         0.816        35.17          2.35         -0.14     -999.25         -999.25        149.1        1760.91 
  1761.50         109.48         30.1           0.762         0.745        34.47          2.23          0.09     -999.25         -999.25        149.2        1761.16 
  1761.75          53.88         28.5           0.727         0.651        33.77          2.18         -0.08     -999.25         -999.25        149.2        1761.41 
  1762.00          16.90         27.0           0.717       123.224        33.08          2.12         -0.25     -999.25         -999.25        149.3        1761.65 
  1762.25          54.22         25.5           0.707        61.952        31.16          1.92         -0.19     -999.25         -999.25        149.4        1761.90 
  1762.50          73.15         25.2           0.697         0.681        29.24          1.71         -0.12     -999.25         -999.25        149.4        1762.15 
  1762.75          92.08         24.9           0.516         0.632        27.33          1.51         -0.06     -999.25         -999.25        149.5        1762.40 
  1763.00         117.85         24.5           0.335         0.582        16.25          1.31          0.01     -999.25         -999.25        149.5        1762.65 
  1763.25          99.50         65.8           0.181      1018.711         5.18          1.10          0.07     -999.25         -999.25        149.6        1762.89 
  1763.50          65.71        107.2           0.298       509.881        31.19          1.43          0.06     -999.25         -999.25        149.7        1763.14 
  1763.75          49.25        148.5           0.415         1.051        23.38          1.76          0.05     -999.25         -999.25        149.7        1763.39 
  1764.00          32.79        131.0           0.532        50.592        15.57          2.09          0.04     -999.25         -999.25        149.8        1763.64 
  1764.25          18.49         82.7           0.649       100.132        31.19          2.10          0.05     -999.25         -999.25        149.8        1763.89 
  1764.50          25.00         34.4           0.765       149.672        31.57          2.10          0.06     -999.25         -999.25        149.9        1764.13 
  1764.75          37.80         40.1           2.242       135.339        31.94          2.10          0.06     -999.25         -999.25        150.0        1764.38 
  1765.00          36.94         45.7           1.524       121.006        32.31          2.10          0.07     -999.25         -999.25        150.0        1764.63 
  1765.25          35.12        218.4           0.807         0.789        35.87          1.99          0.04     -999.25         -999.25        150.1        1764.88 
  1765.50          33.30        391.2           0.797         0.771        35.33          1.87          0.17     -999.25         -999.25        150.1        1765.13 
  1765.75          28.12        216.8           0.852         0.622        34.79          1.75          0.12     -999.25         -999.25        150.2        1765.37 
  1766.00          25.44         42.4           0.907         1.004        34.25          1.63          0.07     -999.25         -999.25        150.3        1765.62 
  1766.25          24.43         37.5           0.977         1.004        29.80          1.51          0.02     -999.25         -999.25        150.3        1765.87 
  1766.50          25.10         32.5           0.986         1.040        25.35          1.47          0.08     -999.25         -999.25        150.4        1766.12 
  1766.75          25.01         42.0           0.995         1.076        34.65          1.44          0.15     -999.25         -999.25        150.4        1766.36 
  1767.00          24.91         79.8           0.987       121.006        38.55          1.40          0.21     -999.25         -999.25        150.5        1766.61 
  1767.25          23.79        117.6           0.979         1.039        42.44          1.36          0.27     -999.25         -999.25        150.6        1766.86 
  1767.50          22.67        155.4           0.607        15.727        46.34          1.59          0.20     -999.25         -999.25        150.6        1767.11 
  1767.75          29.71        193.2           0.234        30.415        50.24          1.82          0.13     -999.25         -999.25        150.7        1767.35 
  1768.00          35.09         29.2           0.542        15.655        54.14          2.05          0.06     -999.25         -999.25        150.7        1767.60 
  1768.25          40.47        148.0           0.849         0.895        58.04          2.14          0.06     -999.25         -999.25        150.8        1767.85 
  1768.50          28.15        117.1           0.918         0.639        -2.38          2.30          0.17     -999.25         -999.25        150.8        1768.10 
  1768.75          25.54         86.3           0.987         0.382        23.44          2.46          0.18     -999.25         -999.25        150.8        1768.34 
  1769.00          22.05         55.4           0.919         0.524        25.85          2.62          0.19     -999.25         -999.25        150.8        1768.59 
  1769.25         114.82         24.5           0.851         0.665        28.26          2.77          0.19     -999.25         -999.25        150.8        1768.84 
  1769.50         153.67         37.8           0.783         0.807        30.67          2.93          0.20     -999.25         -999.25        150.8        1769.09 
  1769.75         192.52         51.0           0.716         0.807        33.08          3.09          0.21     -999.25         -999.25        150.8        1769.33 
  1770.00         271.71         64.3           0.777         0.880        27.49          3.25          0.22     -999.25         -999.25        150.8        1769.58 
  1770.25         314.36         54.5           0.838         0.954        21.91          3.40          0.23     -999.25         -999.25        150.8        1769.83 
  1770.50         306.45         44.7           0.899         1.027        23.41          3.56          0.23     -999.25         -999.25        150.8        1770.08 
  1770.75         300.70         34.9           0.961         1.100        24.91          2.95          0.19     -999.25         -999.25        150.8        1770.32 
  1771.00         294.94         35.8           2.732         3.356        26.42          2.35          0.15     -999.25         -999.25        150.8        1770.57 
  1771.25         139.23         36.6           0.658         1.993        27.92          1.29          0.06     -999.25         -999.25        150.8        1770.82 
  1771.50         103.40         37.4           0.625         0.629        29.42          1.55          0.06     -999.25         -999.25        150.8        1771.06 
  1771.75          69.14         38.3           0.212         2.488        30.92          1.81          0.06     -999.25         -999.25        150.8        1771.31 
  1772.00          35.14         39.1           0.306         1.532        32.43          2.07          0.06     -999.25         -999.25        150.8        1771.56 
  1772.25          30.45        117.6           0.399         0.576        33.93          2.08          0.06     -999.25         -999.25        150.8        1771.81 
  1772.50          25.77        196.1           0.493         0.330        35.43          2.08          0.07     -999.25         -999.25        150.8        1772.05 
  1772.75          24.35        274.5           0.586         0.609        36.93          2.08          0.08     -999.25         -999.25        150.8        1772.30 
  1773.00          22.55        353.0           0.582         0.489        38.44          2.08          0.08     -999.25         -999.25        150.8        1772.55 
  1773.25          21.41         64.3           0.578         0.369        38.53          2.08          0.09     -999.25         -999.25        150.8        1772.79 
  1773.50          21.24        146.9           0.574         0.248        38.61          2.09          0.09     -999.25         -999.25        150.8        1773.04 
  1773.75          21.07        229.5           0.570         0.329        38.70          2.10          0.08     -999.25         -999.25        150.4        1773.29 
  1774.00          18.72        187.5           0.566         0.409        38.79          2.11          0.08     -999.25         -999.25        150.1        1773.54 
  1774.25          18.71        145.5           0.562         0.490        38.88          2.12          0.08     -999.25         -999.25        149.7        1773.78 
  1774.50          19.04        103.5           0.559         0.571        37.47          2.13          0.08     -999.25         -999.25        149.4        1774.03 
  1774.75          19.83         61.5           0.774         0.651        36.06          2.14          0.07     -999.25         -999.25        149.0        1774.28 
  1775.00          16.98         81.8           0.611        62.216        34.65          2.14          0.07     -999.25         -999.25        148.6        1774.52 
  1775.25          14.13        102.2           0.690         0.658        34.65          2.12          0.07     -999.25         -999.25        148.3        1774.77 
  1775.50          19.37        122.5           0.697         0.707        34.65          2.10          0.06     -999.25         -999.25        147.9        1775.02 
  1775.75          26.20        142.8           0.705         0.757        34.65          2.07          0.06     -999.25         -999.25        147.5        1775.26 
  1776.00          31.99        140.0           0.712         0.806        34.69          2.10          0.06     -999.25         -999.25        147.2        1775.51 
  1776.25          35.41        112.9           0.720         0.855        34.73          2.13          0.07     -999.25         -999.25        146.8        1775.76 
  1776.50          32.49         85.8           0.604         0.739        34.77          2.27          0.08     -999.25         -999.25        146.4        1776.00 
  1776.75          29.57         58.7           0.617         0.622        34.81          2.41          0.08     -999.25         -999.25        146.1        1776.25 
  1777.00          24.62         29.2           0.669         0.666        34.85          2.54          0.08     -999.25         -999.25        145.7        1776.50 
  1777.25          22.80         37.3           0.662         0.697        34.89          2.68          0.09     -999.25         -999.25        145.4        1776.74 
  1777.50          24.23         45.4           0.654        24.854        34.93          2.36          0.09     -999.25         -999.25        143.6        1776.99 
  1777.75          21.25         53.4           0.647        49.012        34.97          2.03          0.08     -999.25         -999.25        141.8        1777.24 
  1778.00          18.26         61.5           0.639         4.295        35.01          2.04          0.08     -999.25         -999.25        140.0        1777.48 
  1778.25          11.25         62.2           0.631        12.363        35.05          2.04          0.08     -999.25         -999.25        138.2        1777.73 
  1778.50          76.09         62.9           0.623        20.431        34.27          2.05          0.08     -999.25         -999.25        136.4        1777.98 
  1778.75         163.88         63.6           0.615        13.824        33.49          2.05          0.07     -999.25         -999.25        134.6        1778.22 
  1779.00         233.06         64.3           0.608         7.216        32.72          2.06          0.07     -999.25         -999.25        132.9        1778.47 
  1779.25         251.51        194.0           0.600         0.609        31.94          2.06          0.07     -999.25         -999.25        131.1        1778.71 
  1779.50         269.96        323.7        9201.736         0.675        32.32          2.07          0.06     -999.25         -999.25        129.3        1778.96 
  1779.75          19.78        453.4       18402.873         0.741        32.71          2.07          0.06     -999.25         -999.25        127.5        1779.21 
  1780.00          19.52        372.5           0.689         0.807        33.10          2.08          0.06     -999.25         -999.25        125.7        1779.45 
  1780.25         256.58        291.6           0.584        51.427        33.49          2.08          0.06     -999.25         -999.25        123.9        1779.70 
  1780.50         247.63        210.7           0.479       102.046        33.87          2.07          0.07     -999.25         -999.25        122.1        1779.95 
  1780.75         238.68        238.7           5.607         0.993        34.26          2.06          0.08     -999.25         -999.25        120.4        1780.19 
  1781.00          18.72        266.7           0.131        30.415        34.65          2.05          0.09     -999.25         -999.25        118.6        1780.44 
  1781.25          24.26        294.7           0.179        20.392        37.13          2.04          0.10     -999.25         -999.25        116.8        1780.68 
  1781.50          35.80        322.7           0.226        10.369        36.65          2.48          0.10     -999.25         -999.25        115.0        1780.93 
  1781.75          44.77        350.7           0.274         0.345        36.17          2.41          0.10     -999.25         -999.25        113.2        1781.18 
  1782.00          46.02        378.7           0.321         0.290        35.69          2.35          0.09     -999.25         -999.25        111.4        1781.42 
  1782.25          47.28        406.7           0.369         0.236        35.20          2.29          0.09     -999.25         -999.25        109.7        1781.67 
  1782.50          49.86        386.0           0.416         0.412        34.72          2.22          0.08     -999.25         -999.25        107.9        1781.91 
  1782.75          46.10        365.2           0.464         0.589        34.24          2.16          0.08     -999.25         -999.25        106.1        1782.16 
  1783.00          36.09        344.5           0.511         0.885        33.76          2.09          0.07     -999.25         -999.25        104.3        1782.41 
  1783.25          32.40        323.8           0.559         1.156        33.28          2.09          0.07     -999.25         -999.25        102.5        1782.65 
  1783.50          28.71        390.2           0.598         1.426        32.79          2.09          0.07     -999.25         -999.25        100.7        1782.90 
  1783.75          22.03        328.2           0.638       105.735        32.31          2.12          0.08     -999.25         -999.25         98.9        1783.14 
  1784.00          18.67        266.1           0.649       920.384        35.12          2.15          0.09     -999.25         -999.25         97.2        1783.39 
  1784.25          22.28        204.1           0.660       460.514        37.92          2.18          0.09     -999.25         -999.25         95.4        1783.64 
  1784.50          21.54        142.0           0.671         0.644        40.72          2.21          0.10     -999.25         -999.25         93.6        1783.88 
  1784.75          22.69         80.0           0.834         0.754        41.47          2.24          0.11     -999.25         -999.25         94.9        1784.13 
  1785.00          23.84         17.9           3.500         0.714        42.22          2.27          0.11     -999.25         -999.25         96.2        1784.37 
  1785.25          22.73        123.0           6.166         0.674        42.97          2.31          0.12     -999.25         -999.25         97.5        1784.62 
  1785.50          23.42         22.2           8.832         0.635        43.71          2.31          0.12     -999.25         -999.25         98.8        1784.86 
  1785.75          24.92        133.9           0.626         0.595        44.46          2.32          0.11     -999.25         -999.25        100.1        1785.11 
  1786.00          26.39        245.5           0.664         0.739        45.21          2.32          0.10     -999.25         -999.25        101.4        1785.35 
  1786.25          27.85        186.6           0.703         0.883        45.96          2.33          0.10     -999.25         -999.25        102.7        1785.60 
  1786.50          28.72        127.7           0.741         1.027        46.71          2.33          0.09     -999.25         -999.25        104.0        1785.85 
  1786.75          28.63         68.8           0.780         0.990        47.45          2.34          0.09     -999.25         -999.25        105.3        1786.09 
  1787.00          27.66         69.3           0.818         0.953        45.06          2.23          0.09     -999.25         -999.25        106.6        1786.34 
  1787.25          27.47         69.8           0.856         0.916        42.66          2.12          0.08     -999.25         -999.25        107.9        1786.58 
  1787.50          29.40         70.2           0.727         0.743        40.27          2.01          0.08     -999.25         -999.25        109.2        1786.83 
  1787.75          31.32         70.7           0.598         0.569        37.87          1.90          0.07     -999.25         -999.25        110.5        1787.07 
  1788.00          37.80         43.9           0.641         0.622        35.47          1.79          0.07     -999.25         -999.25        111.8        1787.32 
  1788.25          40.50         17.0           0.685         0.675        33.08          1.68          0.07     -999.25         -999.25        113.1        1787.56 
  1788.50          45.25         28.8           0.728         0.728        32.94          1.57          0.06     -999.25         -999.25        114.4        1787.81 
  1788.75          47.53         40.6           0.767         0.783        32.81          1.46          0.06     -999.25         -999.25        115.7        1788.05 
  1789.00          48.27         52.5           0.806         0.838        32.67          1.57          0.06     -999.25         -999.25        117.0        1788.30 
  1789.25          49.00         64.3           0.845         0.893        32.54          1.67          0.06     -999.25         -999.25        118.3        1788.54 
  1789.50          58.31         63.8           0.884         0.948        32.40          1.77          0.06     -999.25         -999.25        119.7        1788.79 
  1789.75          70.13         63.4           0.627         0.673        32.27          1.88          0.07     -999.25         -999.25        121.0        1789.03 
  1790.00          82.03         62.9           0.534         0.657        32.14          1.98          0.07     -999.25         -999.25        122.3        1789.28 
  1790.25          85.06         62.4           0.442         0.640        32.00          2.08          0.07     -999.25         -999.25        123.6        1789.52 
  1790.50          88.08         62.0           0.471         0.624        31.87          2.09          0.07     -999.25         -999.25        124.9        1789.77 
  1790.75          95.66         61.5           0.500         0.607        31.73          2.10          0.07     -999.25         -999.25        126.3        1790.01 
  1791.00         102.80         63.6           0.529         0.590        31.60          2.10          0.07     -999.25         -999.25        127.6        1790.26 
  1791.25          79.61         65.7           0.558         0.574        31.46          2.11          0.07     -999.25         -999.25        129.0        1790.50 
  1791.50          63.82         67.8           0.587         0.557        31.33          2.12          0.07     -999.25         -999.25        130.4        1790.75 
  1791.75          57.75         69.9           2.802         0.573        31.19          2.12          0.07     -999.25         -999.25        131.7        1790.99 
  1792.00          51.69         68.5           5.016         0.589        32.05          2.13          0.07     -999.25         -999.25        133.1        1791.24 
  1792.25          47.75         67.1           7.231         0.605        32.90          2.13          0.07     -999.25         -999.25        134.5        1791.48 
  1792.50          50.17         65.7           9.446         0.621        33.75          2.14          0.07     -999.25         -999.25        135.8        1791.73 
  1792.75          49.15         64.3          11.661         0.637        34.60          2.15          0.07     -999.25         -999.25        137.2        1791.97 
  1793.00          55.10         64.6           9.443         0.589        35.46          2.15          0.07     -999.25         -999.25        138.5        1792.22 
  1793.25          61.04         65.0           7.226         0.541        33.48          2.16          0.07     -999.25         -999.25        139.9        1792.46 
  1793.50          68.88         65.3           5.008         0.493        31.50          2.17          0.07     -999.25         -999.25        141.3        1792.71 
  1793.75          81.63         65.7           2.791         0.445        29.52          2.17          0.07     -999.25         -999.25        142.6        1792.95 
  1794.00          90.98         66.0           0.573         0.397        27.54          2.18          0.07     -999.25         -999.25        144.0        1793.20 
  1794.25          91.57         66.4           0.571       116.381        25.56          2.19          0.07     -999.25         -999.25        145.4        1793.44 
  1794.50          89.66         66.7           0.569       232.366        23.58          2.19          0.07     -999.25         -999.25        145.7        1793.69 
  1794.75          87.76         67.1           0.566       348.350        21.61          2.20          0.07     -999.25         -999.25        146.1        1793.93 
  1795.00          48.48         67.2           0.564       464.334        23.08          2.20          0.07     -999.25         -999.25        146.5        1794.17 
  1795.25          37.42         67.3           0.654       580.318        24.55          2.19          0.07     -999.25         -999.25        146.9        1794.42 
  1795.50          39.32         67.4           0.643      1340.939        26.02          2.18          0.07     -999.25         -999.25        147.3        1794.66 
  1795.75          40.21         67.4           0.633      1005.853        27.49          2.17          0.07     -999.25         -999.25        147.7        1794.91 
  1796.00          41.10         67.5           0.622       670.767        28.96          2.15          0.07     -999.25         -999.25        148.1        1795.15 
  1796.25          39.26         67.6           0.611       335.681        30.43          2.14          0.07     -999.25         -999.25        148.1        1795.40 
  1796.50          38.03         67.7           0.600         0.595        31.90          2.13          0.07     -999.25         -999.25        148.1        1795.64 
  1796.75          41.62         67.8           0.759        10.945        33.37          2.11          0.07     -999.25         -999.25        148.1        1795.89 
  1797.00          44.11         67.9           0.919        21.295        34.84          2.09          0.07     -999.25         -999.25        148.1        1796.13 
  1797.25          39.60         67.8           1.078        31.645        36.31          2.07          0.07     -999.25         -999.25        148.1        1796.37 
  1797.50          35.09         67.7           1.238        41.995        37.78          2.04          0.07     -999.25         -999.25        148.1        1796.62 
  1797.75          33.33         67.6           1.397        52.345        39.25          2.02          0.07     -999.25         -999.25        148.1        1796.86 
  1798.00          36.29         67.5           1.557        62.695        40.72          2.00          0.07     -999.25         -999.25        150.4        1797.11 
  1798.25          52.06         67.4           1.716        73.045        42.34          1.98          0.07     -999.25         -999.25        152.8        1797.35 
  1798.50          25.13         67.3           1.876        83.395        43.96          1.95          0.07     -999.25         -999.25        155.2        1797.59 
  1798.75          24.50         67.2           0.550         0.589        45.58          1.93          0.07     -999.25         -999.25        157.5        1797.84 
  1799.00          23.88         67.1           0.550         0.558        47.19          1.91          0.06     -999.25         -999.25        159.9        1798.08 
  1799.25          22.41         67.1           0.550         0.527        48.81          1.88          0.06     -999.25         -999.25        162.3        1798.33 
  1799.50          42.12         67.0           0.551         0.529        50.43          1.86          0.06     -999.25         -999.25        164.7        1798.57 
  1799.75          45.04         67.0           0.551         0.531        48.97          1.84          0.06     -999.25         -999.25        167.0        1798.81 
  1800.00          52.87         66.9           0.551         0.533        47.51          1.81          0.06     -999.25         -999.25        169.4        1799.06 
  1800.25          60.69         67.4           0.551         0.535        46.05          1.88          0.06     -999.25         -999.25        171.8        1799.30 
  1800.50          51.61         67.9           0.551         0.537        44.60          1.94          0.06     -999.25         -999.25        174.1        1799.55 
  1800.75          46.43         68.4           0.551         0.539        43.14          2.01          0.06     -999.25         -999.25        176.5        1799.79 
  1801.00          41.91         68.9           0.551         0.541        41.68          2.07          0.06     -999.25         -999.25        178.9        1800.03 
  1801.25          34.42         69.4           0.551         0.543        40.02          2.13          0.06     -999.25         -999.25        181.2        1800.28 
  1801.50          32.56         69.9           0.550         0.545        38.37          2.13          0.06     -999.25         -999.25        183.6        1800.52 
  1801.75          30.71         69.9           0.550         0.547        36.72          2.12          0.06     -999.25         -999.25        186.0        1800.77 
  1802.00          28.34         69.9           0.550         0.549        35.07          2.11          0.06     -999.25         -999.25        188.3        1801.01 
  1802.25          30.18         69.9           0.549         0.551        33.41          2.11          0.06     -999.25         -999.25        190.7        1801.25 
  1802.50          30.65         69.9           0.549         0.553        31.76          2.10          0.06     -999.25         -999.25        193.1        1801.50 
  1802.75          32.94         69.9           0.549         0.555        30.11          2.09          0.06     -999.25         -999.25        195.4        1801.74 
  1803.00          35.22         69.9           0.549         0.557        30.17          2.08          0.06     -999.25         -999.25        197.8        1801.98 
  1803.25          37.36         69.9           0.551         0.559        30.23          2.09          0.05     -999.25         -999.25        200.2        1802.23 
  1803.50          39.50         69.9           0.553         0.562        30.29          2.09          0.05     -999.25         -999.25        202.5        1802.47 
  1803.75          41.64         69.9           0.555         0.564        30.35          2.09          0.05     -999.25         -999.25        204.9        1802.71 
  1804.00          43.77         69.9           0.557         0.566        30.41          2.10          0.05     -999.25         -999.25        207.3        1802.96 
  1804.25          45.91         69.9           0.560         0.569        30.47          2.10          0.04     -999.25         -999.25        209.6        1803.20 
  1804.50          48.05         69.9           0.562         0.571        18.24          2.10          0.04     -999.25         -999.25        212.0        1803.44 
  1804.75          50.19         69.9           0.564         0.573         6.02          2.10          0.04     -999.25         -999.25        214.4        1803.69 
  1805.00          62.61         69.9           0.566         0.576        -6.20          2.10          0.04     -999.25         -999.25        216.7        1803.93 
  1805.25         101.30         69.9           0.577         0.585        43.67          2.10          0.04     -999.25         -999.25        219.1        1804.17 
  1805.50         120.38         69.9           0.587         0.593        41.32          2.10          0.04     -999.25         -999.25        221.5        1804.42 
  1805.75         139.46         69.9           0.562         0.602        38.96          2.10          0.04     -999.25         -999.25        223.8        1804.66 
  1806.00         170.86         69.9           0.558         0.592        36.60          2.10          0.04     -999.25         -999.25        226.2        1804.90 
  1806.25         159.72         71.3           0.554         0.582        34.25          2.14          0.04     -999.25         -999.25        228.6        1805.15 
  1806.50         123.04         72.7           0.553         0.576        33.74          2.18          0.03     -999.25         -999.25        230.9        1805.39 
  1806.75          28.20         74.1           0.553         0.570        33.23          2.22          0.03     -999.25         -999.25        233.3        1805.63 
  1807.00          26.65         75.5           0.552         0.564        32.72          2.26          0.03     -999.25         -999.25        235.7        1805.88 
  1807.25          25.11         76.6           0.551         0.557        32.21          2.30          0.02     -999.25         -999.25        238.0        1806.12 
  1807.50          28.35         77.7           0.551         0.551        31.70          2.29          0.03     -999.25         -999.25        240.4        1806.36 
  1807.75          38.51         78.8           0.550         0.545        31.19          2.28          0.04     -999.25         -999.25        242.8        1806.60 
  1808.00          44.64         79.9           0.558         0.563        30.74          2.28          0.05     -999.25         -999.25        245.2        1806.85 
  1808.25          45.39         81.1           0.566         0.581        30.29          2.27          0.06     -999.25         -999.25        247.5        1807.09 
  1808.50          46.15         80.6           0.574         0.599        29.84          2.27          0.07     -999.25         -999.25        249.9        1807.33 
  1808.75          43.45         80.0           0.582         0.617        29.39          2.26          0.08     -999.25         -999.25        252.3        1807.58 
  1809.00          46.05         79.5           0.590         0.635        29.79          2.25          0.09     -999.25         -999.25        254.6        1807.82 
  1809.25          46.98         79.0           0.598         0.653        30.18          2.25          0.08     -999.25         -999.25        257.0        1808.06 
  1809.50          47.52         78.5           0.606         0.671        30.57          2.25          0.08     -999.25         -999.25        259.4        1808.30 
  1809.75          48.55         78.0           0.614         0.689        30.96          2.25          0.07     -999.25         -999.25        261.7        1808.55 
  1810.00          49.57         77.5           0.609         0.681        31.36          2.22          0.06     -999.25         -999.25        264.1        1808.79 
  1810.25          60.67         77.0           0.604         0.674        32.22          2.19          0.06     -999.25         -999.25        266.5        1809.03 
  1810.50          75.17         76.5           0.599         0.666        33.08          2.16          0.05     -999.25         -999.25        268.8        1809.28 
  1810.75          94.51         76.0           0.594         0.658        34.89          2.12          0.04     -999.25         -999.25        271.2        1809.52 
  1811.00          96.68         75.5           0.622         0.689        36.71          2.14          0.05     -999.25         -999.25        273.6        1809.76 
  1811.25          99.20         80.6           0.650         0.720        32.80          2.16          0.05     -999.25         -999.25        275.9        1810.00 
  1811.50         101.71         85.8           0.677         0.737        28.90          2.18          0.06     -999.25         -999.25        278.3        1810.25 
  1811.75         110.56         90.0           0.705         0.754        25.00          2.19          0.07     -999.25         -999.25        280.7        1810.49 
  1812.00         117.31         94.3           0.733         0.771        21.09          2.21          0.07     -999.25         -999.25        283.0        1810.73 
  1812.25         122.55         91.6           0.733         0.772        31.14          2.23          0.08     -999.25         -999.25        285.4        1810.97 
  1812.50         123.92         88.8           0.733         0.773        41.20          2.24          0.09     -999.25         -999.25        287.8        1811.22 
  1812.75         125.30         86.1           0.733         0.774        41.20          2.16          0.06     -999.25         -999.25        290.1        1811.46 
  1813.00          92.12         83.4           0.733         0.775        41.20          2.07          0.04     -999.25         -999.25        292.5        1811.70 
  1813.25         101.98         80.7           0.733         0.776        39.73          2.30          0.06     -999.25         -999.25        294.9        1811.94 
  1813.50         116.20         78.0           0.733         0.778        38.26          2.27          0.05     -999.25         -999.25        297.2        1812.18 
  1813.75          21.82         75.2           0.733         0.779        36.79          2.25          0.05     -999.25         -999.25        299.6        1812.43 
  1814.00          19.94         72.5           0.733         0.780        35.32          2.22          0.05     -999.25         -999.25        302.0        1812.67 
  1814.25          18.05         69.8           0.745         0.797        33.85          2.20          0.04     -999.25         -999.25        304.3        1812.91 
  1814.50          40.27         67.1           0.757         0.814        33.09          2.17          0.04     -999.25         -999.25        306.7        1813.15 
  1814.75          65.53         66.8           0.769         0.831        32.33          2.20          0.04     -999.25         -999.25        309.1        1813.39 
  1815.00          36.82         66.5           0.781         0.848        31.56          2.22          0.04     -999.25         -999.25        311.4        1813.64 
  1815.25          36.25         66.1           0.793         0.865        32.54          2.18          0.04     -999.25         -999.25        313.8        1813.88 
  1815.50          35.68         65.8           0.767         0.785        33.51          2.14          0.05     -999.25         -999.25        316.2        1814.12 
  1815.75          47.32         65.5           0.740         0.705        34.48          2.10          0.05     -999.25         -999.25        318.5        1814.36 
  1816.00          33.24         65.2           0.738         0.708        35.46          2.06          0.06     -999.25         -999.25        320.9        1814.60 
  1816.25          52.51         64.9           0.735         0.711        34.84          2.01          0.06     -999.25         -999.25        323.3        1814.85 
  1816.50          75.15         64.6           0.732         0.714        37.05          2.11          0.06     -999.25         -999.25        325.7        1815.09 
  1816.75          88.16         65.3           0.729         0.717        39.26          2.21          0.07     -999.25         -999.25        328.0        1815.33 
  1817.00         101.17         66.0           0.727         0.720        41.46          2.31          0.07     -999.25         -999.25        330.4        1815.57 
  1817.25         113.46         66.7           0.716         0.743        43.67          2.27          0.11     -999.25         -999.25        332.8        1815.81 
  1817.50         118.76         67.4           0.706         0.766        39.33          2.23          0.15     -999.25         -999.25        335.1        1816.05 
  1817.75         118.25         59.6           0.696         0.789        39.79          2.20          0.10     -999.25         -999.25        337.5        1816.30 
  1818.00         105.60         51.7           0.686         0.812        40.25          2.16          0.06     -999.25         -999.25        339.9        1816.54 
  1818.25          92.96         43.9           0.676         0.835        39.60          2.21          0.09     -999.25         -999.25        342.2        1816.78 
  1818.50          73.70         50.7           0.728         0.786        38.95          2.26          0.12     -999.25         -999.25        344.6        1817.02 
  1818.75          61.69         57.5           0.781         0.737        38.30          2.23          0.10     -999.25         -999.25        347.0        1817.26 
  1819.00          33.46         64.3           0.173         5.887        37.64          2.20          0.08     -999.25         -999.25        346.5        1817.50 
  1819.25          55.37         67.8           0.249         3.428        36.99          2.16          0.06     -999.25         -999.25        346.0        1817.75 
  1819.50          70.15         71.2           0.324         0.970        36.34          2.20          0.04     -999.25         -999.25        345.5        1817.99 
  1819.75          84.92         74.7           0.399         0.909        35.69          2.23          0.05     -999.25         -999.25        345.0        1818.23 
  1820.00          82.21         78.2           0.474         0.848        35.03          2.26          0.06     -999.25         -999.25        344.5        1818.47 
  1820.25          60.96         81.7           0.549         0.788        34.38          2.30          0.07     -999.25         -999.25        344.0        1818.71 
  1820.50          48.93         85.1           0.624         0.727        33.73          2.18          0.06     -999.25         -999.25        343.5        1818.95 
  1820.75          50.58         88.6           0.699         0.666        33.08          2.07          0.06     -999.25         -999.25        343.0        1819.19 
  1821.00          52.23         79.4           0.688         0.706        35.23          1.96          0.05     -999.25         -999.25        342.5        1819.43 
  1821.25          64.57         70.2           0.677         0.745        37.38          1.84          0.04     -999.25         -999.25        342.0        1819.67 
  1821.50          79.87         61.1           0.695         0.785        39.53          1.90          0.04     -999.25         -999.25        341.5        1819.92 
  1821.75          78.81         51.9           0.712         0.825        41.68          1.96          0.05     -999.25         -999.25        341.0        1820.16 
  1822.00          84.79         60.0           0.729         0.865        35.05          2.02          0.05     -999.25         -999.25        340.5        1820.40 
  1822.25          78.53         68.2           0.804         0.813        53.69          2.08          0.05     -999.25         -999.25        340.0        1820.64 
  1822.50          72.27         76.4           0.880         0.762        50.72          2.14          0.05     -999.25         -999.25        339.5        1820.88 
  1822.75          55.47         77.4           0.708         0.713        47.75          2.19          0.06     -999.25         -999.25        339.0        1821.12 
  1823.00          41.49         78.4           0.715         0.723        44.78          2.17          0.03     -999.25         -999.25        338.5        1821.36 
  1823.25          34.33         79.4           0.723         0.734        41.81          2.17         -0.00     -999.25         -999.25        338.0        1821.60 
  1823.50          35.66         80.4           0.731         0.745        38.84          2.17         -0.03     -999.25         -999.25        337.5        1821.84 
  1823.75          35.71         81.4           0.706         0.754        35.87          2.17         -0.06     -999.25         -999.25        337.1        1822.08 
  1824.00          35.76         82.4           0.682         0.762        36.29          2.17         -0.09     -999.25         -999.25        336.6        1822.32 
  1824.25          39.89         83.4           0.730         0.762        36.71          2.17          0.20     -999.25         -999.25        336.1        1822.56 
  1824.50          38.45         86.3           0.777         0.762        38.95          2.16          0.06     -999.25         -999.25        335.6        1822.81 
  1824.75          38.88         89.1           0.792         0.780        41.20          2.51          0.06     -999.25         -999.25        335.1        1823.05 
  1825.00          36.95         91.9           0.807         0.798        40.73          2.86          0.06     -999.25         -999.25        334.6        1823.29 
  1825.25          35.03         92.5           0.813         0.814        40.26          2.66          0.06     -999.25         -999.25        334.1        1823.53 
  1825.50          33.00         93.2           0.820         0.829        39.79          2.46          0.07     -999.25         -999.25        333.6        1823.77 
  1825.75          35.25         93.8           0.826         0.845        72.08          2.25          0.07     -999.25         -999.25        333.1        1824.01 
  1826.00          39.81         94.4           0.814         5.623       104.38          2.39          0.07     -999.25         -999.25        332.6        1824.25 
  1826.25          37.46         95.0           0.803         4.024       136.67          2.52          0.07     -999.25         -999.25        332.1        1824.49 
  1826.50          36.43         94.9           0.791         2.425        60.43          2.65          0.06     -999.25         -999.25        331.6        1824.73 
  1826.75          35.40         94.8           0.780         0.826        51.80          2.78          0.06     -999.25         -999.25        331.1        1824.97 
  1827.00          24.69         94.7           0.802         0.794        43.16          2.92          0.06     -999.25         -999.25        330.6        1825.21 
  1827.25          19.10        154.9           0.824         0.762        43.16          2.74          0.10     -999.25         -999.25        156.3        1825.45 
  1827.50          22.74        215.0           0.829         0.775        43.16          2.57          0.14     -999.25         -999.25        156.3        1825.69 
  1827.75          28.43        275.1           0.834         0.789        42.66          2.39          0.10     -999.25         -999.25        156.3        1825.93 
  1828.00          34.13        335.3           0.843         0.814        42.17          2.21          0.06     -999.25         -999.25        156.3        1826.17 
  1828.25          33.97        395.4           0.852         0.839        38.88          2.25         -0.19     -999.25         -999.25        156.3        1826.41 
  1828.50          42.40        295.2           0.861         0.865        37.56          2.28         -0.10     -999.25         -999.25        156.3        1826.65 
  1828.75          24.49        195.0           0.785         0.870        46.32          2.31         -0.02     -999.25         -999.25        156.3        1826.89 
  1829.00          24.43         94.7           0.709         0.875        55.08          2.35          0.06     -999.25         -999.25        156.3        1827.13 
  1829.25          24.63         94.0           0.182         0.836        53.01          1.88          0.06     -999.25         -999.25        156.4        1827.37 
  1829.50          24.83         93.2           0.394         0.798        49.40          2.35          0.06     -999.25         -999.25        156.4        1827.61 
  1829.75          22.80         92.4           0.605         0.789        45.78          2.34          0.05     -999.25         -999.25        156.4        1827.85 
  1830.00          21.56         91.5           0.817         0.780        50.33          2.33          0.04     -999.25         -999.25        156.5        1828.09 
  1830.25          21.75         90.5           0.738         0.715        54.89          2.34          0.07     -999.25         -999.25        156.5        1828.33 
  1830.50          23.00         89.6           0.658         0.651        46.89          2.35          0.12     -999.25         -999.25        156.5        1828.57 
  1830.75          24.26         94.0           0.801         0.754        46.34          2.34          0.06     -999.25         -999.25        156.6        1828.81 
  1831.00          21.16         98.5           0.809         0.835        45.78          2.35          0.06     -999.25         -999.25        156.6        1829.05 
  1831.25          23.99         89.6           0.816         0.916        46.89          2.34          0.06     -999.25         -999.25        156.6        1829.28 
  1831.50          26.29         89.1           0.862         0.905        46.58          2.34          0.06     -999.25         -999.25        156.7        1829.52 
  1831.75          35.00         92.6           0.870         0.892        46.27          2.34          0.06     -999.25         -999.25        156.7        1829.76 
  1832.00          38.46         96.2           0.878         0.878        45.95          2.36          0.06     -999.25         -999.25        156.7        1830.00 
  1832.25          41.91         95.8           0.887         0.865        45.64          2.32          0.06     -999.25         -999.25        156.8        1830.24 
  1832.50          36.21         95.5           0.899        48.752        45.33          2.36          0.07     -999.25         -999.25        156.8        1830.48 
  1832.75          30.03         95.1           0.911        96.640        45.02          2.40          0.08     -999.25         -999.25        156.8        1830.72 
  1833.00          22.63         94.7           0.923       144.527        44.71          2.44          0.09     -999.25         -999.25        156.9        1830.96 
  1833.25          17.66        202.3           0.935       192.414        46.33          2.32          0.04     -999.25         -999.25        156.9        1831.20 
  1833.50          19.44        309.9           0.847       157.239        44.75          2.31          0.06     -999.25         -999.25        156.9        1831.44 
  1833.75          21.22        417.5           0.760       122.064        43.16          2.51          0.05     -999.25         -999.25        157.0        1831.68 
  1834.00          22.52        355.8           0.673        86.889       171.80          2.71          0.03     -999.25         -999.25        157.0        1831.92 
  1834.25          28.31        294.1           0.586        51.713       129.14          2.91          0.02     -999.25         -999.25        157.0        1832.15 
  1834.50          27.69        232.3           0.499        16.538        86.48          3.12          0.01     -999.25         -999.25        157.1        1832.39 
  1834.75          23.88        170.6           0.893         0.835        41.68          3.07          0.00     -999.25         -999.25        157.1        1832.63 
  1835.00          20.06        108.9           1.930         0.274        49.10          3.03         -0.01     -999.25         -999.25        157.1        1832.87 
  1835.25          17.32        142.8           2.966         0.835        56.53          2.99         -0.02     -999.25         -999.25        157.2        1833.11 
  1835.50          23.18        176.7           1.654         2.525        54.38          2.94         -0.03     -999.25         -999.25        157.2        1833.35 
  1835.75          19.22        135.9           0.342         4.215        59.59          2.90         -0.05     -999.25         -999.25        157.2        1833.59 
  1836.00          20.57         95.0           0.664         2.550        64.80          2.86         -0.06     -999.25         -999.25        157.3        1833.83 
  1836.25          20.93        107.9           0.987         0.885        49.82          2.68         -0.01     -999.25         -999.25        157.3        1834.06 
  1836.50          21.28        106.6           0.287         0.900        47.94          2.51          0.04     -999.25         -999.25        157.3        1834.30 
  1836.75          20.27        105.4           0.910         0.916        46.06          2.34          0.09     -999.25         -999.25        157.4        1834.54 
  1837.00          21.27        104.1           0.914         1.414        44.19          2.33          0.08     -999.25         -999.25        157.4        1834.78 
  1837.25          20.99        102.8           0.918         1.911        52.35          2.33          0.07     -999.25         -999.25        157.4        1835.02 
  1837.50          19.80        101.9           0.922         1.408        51.08          2.34          0.07     -999.25         -999.25        157.5        1835.26 
  1837.75          18.61        101.1           0.927         0.905        49.82          2.35          0.06     -999.25         -999.25        157.5        1835.49 
  1838.00          18.49        100.3           0.931         0.880        51.70          2.34          0.06     -999.25         -999.25        157.5        1835.73 
  1838.25          16.55         99.5           0.936         0.855        51.54          2.34          0.07     -999.25         -999.25        157.6        1835.97 
  1838.50          16.67         98.7           1.015         0.872        51.38          2.32          0.07     -999.25         -999.25        157.6        1836.21 
  1838.75          16.34         97.8           1.094         0.888        51.22          2.32          0.07     -999.25         -999.25        157.6        1836.45 
  1839.00          15.76         96.2           1.173         0.905        51.06          2.34          0.07     -999.25         -999.25        157.7        1836.69 
  1839.25          15.17         94.5           1.252         0.888        48.03          1.56          0.07     -999.25         -999.25        157.7        1836.92 
  1839.50          13.54         92.9           1.331         0.872        46.13          1.94          0.06     -999.25         -999.25        157.7        1837.16 
  1839.75          11.39         90.8           1.410         0.855        45.95          2.32          0.06     -999.25         -999.25        157.8        1837.40 
  1840.00          11.76         88.7           1.347         0.232        45.78          2.34          0.06     -999.25         -999.25        157.8        1837.64 
  1840.25          13.36         86.7           1.284         0.456        45.60          2.36          0.07     -999.25         -999.25        157.8        1837.88 
  1840.50          14.96         90.3           1.220         0.679        45.42          2.36          0.07     -999.25         -999.25        157.9        1838.11 
  1840.75          26.24         93.8           1.157         0.902        45.24          2.37          0.09     -999.25         -999.25        157.9        1838.35 
  1841.00          44.78         97.4           1.094         1.126        45.98          2.38          0.10     -999.25         -999.25        157.9        1838.59 
  1841.25          65.64        101.0           1.285         1.101        46.72          2.37          0.12     -999.25         -999.25        158.0        1838.83 
  1841.50          95.81        104.6           1.475         1.076        47.45          2.36          0.14     -999.25         -999.25        158.0        1839.06 
  1841.75         107.29        110.8           1.074         1.051        47.74          2.36          0.15     -999.25         -999.25        158.0        1839.30 
  1842.00         118.78         98.3           1.094         1.139        48.03          2.35          0.14     -999.25         -999.25        158.1        1839.54 
  1842.25         143.25         85.8           1.025         1.100        44.19          2.35          0.12     -999.25         -999.25        158.1        1839.78 
  1842.50         142.44         89.6           1.037         1.008        53.01          2.34          0.10     -999.25         -999.25        158.1        1840.01 
  1842.75         137.14         93.3           1.048         0.916        51.70          2.34          0.09     -999.25         -999.25        158.2        1840.25 
  1843.00          95.54         90.0           0.976         0.905        44.19          1.77          0.09     -999.25         -999.25        158.2        1840.49 
  1843.25          53.94        100.4           0.974         0.885        49.82          1.20          0.09     -999.25         -999.25        158.2        1840.73 
  1843.50          29.21        110.8           0.972         0.937        47.45          1.59          0.09     -999.25         -999.25        158.3        1840.96 
  1843.75          22.82         92.4           0.695         0.916        45.56          1.98          0.09     -999.25         -999.25        158.3        1841.20 
  1844.00          13.88         92.6           0.417        25.597        43.67          2.37          0.09     -999.25         -999.25        158.3        1841.44 
  1844.25          11.33         92.9           0.140        50.279        49.82          1.35          0.08     -999.25         -999.25        158.4        1841.67 
  1844.50          12.47         92.9           0.540        25.671        49.82          1.84          0.07     -999.25         -999.25        158.4        1841.91 
  1844.75          13.61         93.1           1.128         1.063        48.35          2.33          0.06     -999.25         -999.25        158.4        1842.15 
  1845.00          18.72         93.3           1.237         1.319        46.89          2.39          0.07     -999.25         -999.25        158.5        1842.39 
  1845.25          23.99         89.4           1.268         1.334        37.13          2.40          0.08     -999.25         -999.25        158.5        1842.62 
  1845.50          38.35         93.3           2.106       436.857        44.71          2.42          0.09     -999.25         -999.25        158.5        1842.86 
  1845.75          33.76         94.3           2.944       872.379        46.89          2.36          0.07     -999.25         -999.25        158.6        1843.10 
  1846.00          32.82         93.6           3.782      1307.901        42.01          2.32          0.06     -999.25         -999.25        158.6        1843.33 
  1846.25          31.87         92.9           4.619      1046.527        37.13          2.36          0.07     -999.25         -999.25        158.6        1843.57 
  1846.50          30.41         92.2           5.457       785.152        33.85          2.36          0.07     -999.25         -999.25        158.7        1843.81 
  1846.75          31.74         91.5           6.295       523.777        30.83          2.35          0.07     -999.25         -999.25        158.7        1844.04 
  1847.00          25.78         87.0           7.132       262.402        38.44          2.34          0.07     -999.25         -999.25        158.7        1844.28 
  1847.25          23.58         82.5           7.970         1.027        34.65          2.71          0.06     -999.25         -999.25        158.8        1844.52 
  1847.50          21.38        263.4           8.808       148.850        42.54          2.71          0.06     -999.25         -999.25        158.8        1844.75 
  1847.75          22.41         78.7           9.645       296.672        50.43          2.51          0.06     -999.25         -999.25        158.8        1844.99 
  1848.00          29.89         77.9           0.347         1.334        25.03          2.31          0.07     -999.25         -999.25        158.9        1845.22 
  1848.25          20.44         77.2           3.671       208.521        39.59          2.22          0.06     -999.25         -999.25        158.9        1845.46 
  1848.50          37.34         76.4           0.979         0.937        32.31          2.15          0.05     -999.25         -999.25        158.9        1845.70 
  1848.75          37.36         92.9           1.254         1.305        25.03          2.08          0.04     -999.25         -999.25        159.0        1845.93 
  1849.00          37.37         88.6           1.368         1.426        28.35          2.09          0.04     -999.25         -999.25        154.4        1846.17 
  1849.25          36.66         86.7           1.405         1.458        29.34          2.17          0.07     -999.25         -999.25        149.9        1846.41 
  1849.50          40.01         88.6           1.452         1.395        30.33          2.21          0.08     -999.25         -999.25        145.4        1846.64 
  1849.75          35.71         87.7           1.365         1.426        31.32          2.24          0.09     -999.25         -999.25        146.6        1846.88 
  1850.00          34.96         84.1           0.909      1411.718        32.31          2.26          0.07     -999.25         -999.25        147.9        1847.11 
  1850.25          34.22         80.6           0.453        63.832        33.48          2.30          0.07     -999.25         -999.25        149.1        1847.35 
  1850.50          28.16         84.1           1.558        33.065        34.65          2.34          0.09     -999.25         -999.25        150.4        1847.58 
  1850.75          37.55         87.5           1.729         2.298        29.52          2.31          0.08     -999.25         -999.25        151.6        1847.82 
  1851.00          18.31         91.0           1.866         2.013        24.39          2.27          0.07     -999.25         -999.25        152.9        1848.06 
  1851.25          11.43         85.3           1.821         2.275        30.11          2.30          0.07     -999.25         -999.25        154.2        1848.29 
  1851.50          10.77         85.3           1.314         1.319        26.99          2.22          0.06     -999.25         -999.25        155.4        1848.53 
  1851.75          10.12         84.9           1.581         1.730        29.84          2.22          0.06     -999.25         -999.25        156.7        1848.76 
  1852.00           9.46         81.3           1.848         2.141        32.69          2.22          0.06     -999.25         -999.25        157.9        1849.00 
  1852.25          10.07         77.8           1.763         1.992        29.55          3.06          0.07     -999.25         -999.25        159.2        1849.23 
  1852.50           9.12         77.8           1.678         1.852        26.40          2.25          0.09     -999.25         -999.25        160.4        1849.47 
  1852.75           8.55         81.1           1.678         1.852        23.26          1.75          0.11     -999.25         -999.25        161.7        1849.70 
  1853.00           7.98         83.0           1.670         1.698        20.12          1.25          0.14     -999.25         -999.25        161.5        1849.94 
  1853.25           6.93         84.9           0.257         1.972        31.19          1.60          0.12     -999.25         -999.25        161.2        1850.17 
  1853.50           4.06         85.9           0.955         1.782        17.52          1.94          0.10     -999.25         -999.25        161.0        1850.41 
  1853.75         250.25         87.0           1.654         1.592        13.64          2.29          0.09     -999.25         -999.25        160.7        1850.64 
  1854.00         533.35         88.0           1.718         1.717         9.76          2.29          0.09     -999.25         -999.25        160.5        1850.88 
  1854.25         610.66         89.1           1.849         2.252        28.14          2.27          0.07     -999.25         -999.25        160.2        1851.11 
  1854.50         687.97         80.1           2.002         2.252        42.46          2.25          0.05     -999.25         -999.25        160.0        1851.35 
  1854.75         590.85         90.0           2.121         2.082        28.14          2.24          0.03     -999.25         -999.25        159.7        1851.58 
  1855.00         464.85         80.1           2.239         1.911        33.85          2.22          0.01     -999.25         -999.25        159.5        1851.82 
  1855.25         338.64         81.2           2.276         1.966        19.82          2.25          0.07     -999.25         -999.25        159.2        1852.05 
  1855.50         217.47         82.2           2.312         2.021        19.82          1.79          0.01     -999.25         -999.25        159.0        1852.29 
  1855.75         216.43         83.3           2.348         2.076        19.82          2.04          0.03     -999.25         -999.25        159.0        1852.52 
  1856.00         215.40         84.3           3.269         2.768        27.80          2.29          0.06     -999.25         -999.25        183.5        1852.76 
  1856.25         212.81         85.3           4.528         5.728        29.39          1.83          0.02     -999.25         -999.25        208.0        1852.99 
  1856.50         206.69         80.6           5.377         7.753        29.39          1.88         -0.17     -999.25         -999.25        232.5        1853.22 
  1856.75         202.96         78.3           6.259        11.881        22.00          1.93         -0.06     -999.25         -999.25        257.1        1853.46 
  1857.00         157.51         87.7           7.502        17.137        16.64          1.97          0.04     -999.25         -999.25        281.6        1853.69 
  1857.25         112.06         92.2           8.336        19.729        11.27          1.82          0.01     -999.25         -999.25        306.1        1853.93 
  1857.50          48.39         91.5           9.190        22.450        18.45          1.93          0.04     -999.25         -999.25        161.7        1854.16 
  1857.75           7.74         86.1          10.044        25.171        15.80          1.90          0.03     -999.25         -999.25        161.7        1854.40 
  1858.00          12.49         80.8          10.816        30.677        13.14          1.92          0.02     -999.25         -999.25        161.7        1854.63 
  1858.25          16.87         75.5          11.503        34.167        10.49          1.93          0.01     -999.25         -999.25        161.7        1854.86 
  1858.50          21.45         53.1          12.189        37.657        17.31          1.87          0.01     -999.25         -999.25        161.7        1855.10 
  1858.75          26.04         41.9          12.571        33.715        31.73          1.81          0.01     -999.25         -999.25        161.7        1855.33 
  1859.00          21.03         30.7          12.952        29.773        12.38          1.95          0.01     -999.25         -999.25        161.7        1855.56 
  1859.25          17.98         55.6          13.471        25.831        10.79          2.00          0.04     -999.25         -999.25        161.7        1855.80 
  1859.50          15.42         51.7          13.817        29.390         9.20          2.05          0.07     -999.25         -999.25        161.7        1856.03 
  1859.75          15.31         47.8          14.035        34.876        10.23          1.83          0.01     -999.25         -999.25        161.7        1856.26 
  1860.00          15.19         43.9          14.373        28.889        10.23          1.87          0.01     -999.25         -999.25        161.7        1856.50 
  1860.25          21.96         21.7          14.451        34.579        10.28          2.34          0.00     -999.25         -999.25        161.7        1856.73 
  1860.50          29.72         48.6          14.648        51.577         8.72          2.81          0.00     -999.25         -999.25        161.7        1856.97 
  1860.75          32.66         28.3          15.234        63.832         7.17          2.83         -0.00     -999.25         -999.25        161.7        1857.20 
  1861.00          29.50         26.9           9.698        69.547         8.54          2.85         -0.00     -999.25         -999.25        161.7        1857.43 
  1861.25          26.59         20.3          15.321        72.604         9.91          1.96         -0.01     -999.25         -999.25        161.7        1857.66 
  1861.50          23.69         17.9          15.454        67.200        11.28          1.87         -0.01     -999.25         -999.25        161.7        1857.90 
  1861.75          24.27         35.4          15.300        76.494        12.65          1.86         -0.00     -999.25         -999.25        161.7        1858.13 
  1862.00          26.86         51.9          15.146        85.789        10.41          1.85          0.00     -999.25         -999.25        161.7        1858.36 
  1862.25          19.97         45.0          14.334        95.083         8.18          1.84          0.01     -999.25         -999.25        158.5        1858.60 
  1862.50          20.47         38.2          13.332        52.463         8.89          2.71          0.01     -999.25         -999.25        155.3        1858.83 
  1862.75          20.97         42.9          12.329        27.674         9.61          1.89          0.02     -999.25         -999.25        152.0        1859.06 
  1863.00          17.09         47.5          14.608        31.476        10.32          1.92          0.02     -999.25         -999.25        148.8        1859.29 
  1863.25          14.79         25.0          14.569        47.375        11.04          1.94          0.02     -999.25         -999.25        145.6        1859.53 
  1863.50          15.55         21.0          13.370        36.086        11.75          1.73          0.02     -999.25         -999.25        142.4        1859.76 
  1863.75          16.58         17.0          13.776        54.977        12.47          1.52          0.01     -999.25         -999.25        139.2        1859.99 
  1864.00          15.93         42.4          14.183        73.867        13.18          1.30          0.01     -999.25         -999.25        135.9        1860.23 
  1864.25          15.27         42.4          14.183        73.867        13.73          1.88         -0.02     -999.25         -999.25        132.7        1860.46 
  1864.50          10.18         36.8          12.889        46.973        14.28          1.91         -0.01     -999.25         -999.25        129.5        1860.69 
  1864.75           7.40         84.1           8.522         6.107        14.82          1.93          0.00     -999.25         -999.25        126.3        1860.92 
  1865.00           6.76        131.5          12.647        31.475        15.37          1.95          0.02     -999.25         -999.25        129.0        1861.15 
  1865.25           6.92         88.2          14.145        59.614        15.92          1.98          0.03     -999.25         -999.25        131.7        1861.39 
  1865.50           7.08         25.9          11.015        25.171        16.46          2.00          0.04     -999.25         -999.25        134.5        1861.62 
  1865.75           7.97         37.0        9206.944        13.757        16.07          2.02          0.06     -999.25         -999.25        137.2        1861.85 
  1866.00           9.84         48.1       18402.873         2.344        15.68          2.00          0.05     -999.25         -999.25        139.9        1862.08 
  1866.25           8.72         40.2           9.229        16.247        15.29          1.98          0.05     -999.25         -999.25        142.6        1862.31 
  1866.50           9.70         32.4           4.775        34.133        14.90          1.96          0.04     -999.25         -999.25        145.4        1862.55 
  1866.75           9.59         24.5           0.321        52.018        14.50          1.94          0.04     -999.25         -999.25        148.1        1862.78 
  1867.00           9.47         26.4          15.018        49.012        14.11          1.92          0.03     -999.25         -999.25        150.8        1863.01 
  1867.25           9.67         26.9          14.296        46.974        13.72          1.89          0.03     -999.25         -999.25        153.5        1863.24 
  1867.50          10.02         68.8           0.115         7.824        13.99          1.87          0.02     -999.25         -999.25        156.3        1863.47 
  1867.75          10.44         29.7           6.019         9.306        14.26          1.87          0.03     -999.25         -999.25        159.0        1863.70 
  1868.00           9.79        325.2           0.122         9.308        14.54          1.86          0.03     -999.25         -999.25        153.5        1863.94 
  1868.25           9.67         82.5           5.126         9.310        14.81          1.86          0.03     -999.25         -999.25        151.1        1864.17 
  1868.50           9.55        173.7          10.581        43.887        15.08          1.85          0.03     -999.25         -999.25        148.8        1864.40 
  1868.75           7.71        264.9          10.322        27.937        15.93          1.84          0.04     -999.25         -999.25        146.4        1864.63 
  1869.00           7.81        231.7          10.063        11.988        16.79          1.84          0.04     -999.25         -999.25        144.0        1864.86 
  1869.25           6.69        198.6          10.063        58.606        17.64          1.83          0.04     -999.25         -999.25        141.6        1865.09 
  1869.50           6.72        165.4          12.920         9.917        18.49          1.88          0.03     -999.25         -999.25        139.2        1865.32 
  1869.75           6.76        132.3          10.224        11.285        19.35          1.92          0.02     -999.25         -999.25        136.8        1865.55 
  1870.00           8.68         99.1           7.528        12.653        20.20          1.96          0.02     -999.25         -999.25        134.5        1865.78 
  1870.25           8.68         66.0           4.832         5.833        19.18          2.00          0.01     -999.25         -999.25        161.7        1866.02 
  1870.50          11.65         69.6           2.848         3.334        18.16          1.98          0.01     -999.25         -999.25        158.4        1866.25 
  1870.75          10.98         73.2           0.865         0.835        19.61          1.96          0.01     -999.25         -999.25        155.0        1866.48 
  1871.00          10.49         76.8          10.971        26.055        20.20          1.94          0.01     -999.25         -999.25        151.7        1866.71 
  1871.25          10.00         75.4           3.254         4.136        20.79          1.91          0.02     -999.25         -999.25        148.4        1866.94 
  1871.50          10.51         74.0           6.274         9.306        19.05          1.89          0.02     -999.25         -999.25        145.1        1867.17 
  1871.75          13.49         72.6           4.914         7.210        17.31          1.87          0.02     -999.25         -999.25        141.7        1867.40 
  1872.00          12.36         57.1           3.554         5.115        24.18          1.84          0.02     -999.25         -999.25        138.4        1867.63 
  1872.25          13.39         80.6           2.195         3.020        22.00          1.85          0.02     -999.25         -999.25        135.1        1867.86 
  1872.50          14.43         78.4           3.098         2.368        23.06          1.85          0.02     -999.25         -999.25        131.7        1868.09 
  1872.75          16.14         76.1           4.001         1.717        24.12          1.90          0.02     -999.25         -999.25        131.6        1868.32 
  1873.00          40.92         73.9           3.681         4.255        25.17          1.84          0.01     -999.25         -999.25        131.4        1868.55 
  1873.25          18.33         71.7           3.268         4.177        26.23          1.89          0.04     -999.25         -999.25        131.2        1868.78 
  1873.50          17.33        268.6           2.855         4.099        27.29          1.94          0.04     -999.25         -999.25        131.0        1869.01 
  1873.75          24.61        220.2           2.442         4.021        28.35          2.02          0.06     -999.25         -999.25        130.8        1869.24 
  1874.00          31.89        171.8           1.809         0.826        27.83          2.05          0.06     -999.25         -999.25        130.6        1869.47 
  1874.25          22.14        123.4           3.830         3.587        27.31          2.08          0.06     -999.25         -999.25        130.5        1869.70 
  1874.50          17.88         75.0           0.842         0.895        26.78          1.86          0.06     -999.25         -999.25        130.3        1869.93 
  1874.75          18.09         83.0           0.982         0.780        26.26          1.63          0.07     -999.25         -999.25        130.1        1870.16 
  1875.00          19.62         91.0           0.214         2.715        25.74          1.68          0.07     -999.25         -999.25        129.9        1870.39 
  1875.25          21.15         96.9           0.935         0.789        25.22          1.72          0.06     -999.25         -999.25        129.7        1870.62 
  1875.50          19.08        102.8           0.911       120.936        24.70          1.76          0.05     -999.25         -999.25        129.6        1870.85 
  1875.75          14.77        102.8           0.888       241.083        24.18          1.81          0.05     -999.25         -999.25        129.4        1871.08 
  1876.00          14.07         82.5           0.864       120.999        25.16          1.85          0.04     -999.25         -999.25        129.2        1871.31 
  1876.25          13.91         85.0           0.841         0.916        26.14          1.92          0.05     -999.25         -999.25        129.0        1871.53 
  1876.50          12.14         87.5           0.838         0.913        27.12          1.98          0.05     -999.25         -999.25        134.1        1871.76 
  1876.75          10.37         90.0           0.836         0.910        25.17          2.04          0.06     -999.25         -999.25        139.1        1871.99 
  1877.00          12.14         80.8           0.833         0.907        23.23          1.96          0.06     -999.25         -999.25        144.2        1872.22 
  1877.25          15.10         71.7           0.831         0.904        25.28          1.88          0.06     -999.25         -999.25        149.2        1872.45 
  1877.50          24.78         73.0           0.828         0.901        27.32          1.79          0.06     -999.25         -999.25        154.3        1872.68 
  1877.75          33.01         74.3           0.826         0.898        29.37          2.07          0.06     -999.25         -999.25        159.4        1872.91 
  1878.00          38.13         75.6           0.823         0.895        31.41          2.07          0.06     -999.25         -999.25        164.4        1873.14 
  1878.25          43.24         76.9           0.808         0.866        33.45          2.07          0.07     -999.25         -999.25        164.3        1873.37 
  1878.50          67.72         78.3           0.792         0.837        35.50          2.07          0.07     -999.25         -999.25        164.1        1873.60 
  1878.75          65.83         77.9           0.777         0.807        37.54          2.11          0.06     -999.25         -999.25        163.9        1873.82 
  1879.00          62.94         77.5           0.762         0.778        39.59          2.14          0.06     -999.25         -999.25        163.8        1874.05 
  1879.25          55.30         77.1           0.747         0.749        38.82          2.14          0.07     -999.25         -999.25        163.6        1874.28 
  1879.50          47.66         76.7           0.731         0.720        38.04          2.14          0.08     -999.25         -999.25        163.5        1874.51 
  1879.75          31.44         76.4           0.728         0.749        37.27          2.14          0.09     -999.25         -999.25        163.3        1874.74 
  1880.00          33.61         76.0           0.726         0.778        36.50          2.14          0.10     -999.25         -999.25        163.1        1874.97 
  1880.25          25.30         75.6           0.723         0.807        36.72          2.14          0.10     -999.25         -999.25        163.0        1875.20 
  1880.50          28.34         75.2           0.719         0.792        36.93          2.11          0.10     -999.25         -999.25        162.8        1875.42 
  1880.75          26.03         74.9           0.716         0.776        37.15          2.08          0.09     -999.25         -999.25        162.7        1875.65 
  1881.00          23.73         74.5           0.712         0.760        37.36          2.05          0.08     -999.25         -999.25        162.5        1875.88 
  1881.25          27.69         71.7           0.708         0.745        37.58          2.02          0.07     -999.25         -999.25        162.3        1876.11 
  1881.50          28.90         68.8           0.714         0.754        37.79          2.00          0.07     -999.25         -999.25        162.2        1876.34 
  1881.75          34.30         66.0           0.721         0.762        37.04          1.98          0.06     -999.25         -999.25        162.0        1876.56 
  1882.00          33.96         68.2           0.727         0.771        36.29          1.96          0.06     -999.25         -999.25        161.9        1876.79 
  1882.25          33.63         70.4           0.733         0.780        35.54          1.96          0.05     -999.25         -999.25        161.7        1877.02 
  1882.50          32.35         72.5           0.739         0.789        34.79          1.96          0.05     -999.25         -999.25        161.3        1877.25 
  1882.75          15.66         74.7           0.741         0.792        34.04          1.96          0.05     -999.25         -999.25        160.8        1877.48 
  1883.00          22.86         76.9           0.744         0.795        34.24          1.96          0.05     -999.25         -999.25        160.4        1877.70 
  1883.25          80.27         79.1           0.746         0.798        34.45          1.96          0.04     -999.25         -999.25        160.0        1877.93 
  1883.50         107.70         81.3           0.759         0.820        34.65          1.96          0.04     -999.25         -999.25        159.5        1878.16 
  1883.75         135.13         83.4           0.772         0.842        34.88          1.98          0.05     -999.25         -999.25        159.1        1878.39 
  1884.00         181.42         77.9           0.785         0.865        35.10          1.99          0.05     -999.25         -999.25        158.6        1878.61 
  1884.25         150.27         72.4           0.801         0.875        35.33          2.00          0.06     -999.25         -999.25        158.2        1878.84 
  1884.50          95.93         66.9           0.807         0.855        35.56          2.02          0.06     -999.25         -999.25        157.8        1879.07 
  1884.75          58.59         74.0           0.828         0.959        35.79          2.03          0.07     -999.25         -999.25        157.3        1879.30 
  1885.00          21.25         74.0           0.804         0.826        36.01          2.04          0.07     -999.25         -999.25        156.9        1879.52 
  1885.25          17.91         66.0           0.778         0.737        36.24          2.05          0.06     -999.25         -999.25        156.5        1879.75 
  1885.50          16.36         69.8           0.776         0.771        36.47          2.06          0.05     -999.25         -999.25        156.0        1879.98 
  1885.75          40.80         71.2           0.785         0.771        36.70          2.06          0.04     -999.25         -999.25        155.6        1880.21 
  1886.00          67.08         69.5           0.795         0.754        36.93          2.05          0.06     -999.25         -999.25        155.2        1880.43 
  1886.25          56.17         67.9           0.805         0.789        36.51          2.03          0.07     -999.25         -999.25        154.7        1880.66 
  1886.50          45.26         75.9           0.811         0.865        36.09          2.01          0.09     -999.25         -999.25        154.3        1880.89 
  1886.75          37.11         71.9           0.815         0.867        35.68          2.01          0.09     -999.25         -999.25        153.9        1881.11 
  1887.00          32.88         67.9           0.819         0.869        35.26          2.01          0.09     -999.25         -999.25        153.4        1881.34 
  1887.25           0.00         67.2           0.822         0.871        34.84          2.01          0.09     -999.25         -999.25        153.0        1881.57 
  1887.50           3.95         66.5           0.826         0.873        34.44          2.01          0.09     -999.25         -999.25        152.5        1881.79 
  1887.75           7.89         65.8           0.829         0.875        33.57          2.00          0.09     -999.25         -999.25        152.1        1882.02 
  1888.00          14.98         65.1           0.826         0.876        32.70          2.02          0.08     -999.25         -999.25        151.7        1882.25 
  1888.25          22.57         65.9           0.823         0.878        31.83          2.04          0.08     -999.25         -999.25        151.2        1882.47 
  1888.50          28.96         66.8           0.820         0.880        30.96          2.06          0.07     -999.25         -999.25        150.8        1882.70 
  1888.75          28.00         67.7           0.817         0.881        30.09          2.08          0.06     -999.25         -999.25        150.4        1882.93 
  1889.00          19.46         68.5           0.813         0.883        29.22          2.09          0.06     -999.25         -999.25        149.9        1883.15 
  1889.25          10.92         69.4           0.809         0.885        28.35          2.07          0.06     -999.25         -999.25        149.5        1883.38 
  1889.50           9.46         70.2           0.815         0.845        28.09          2.05          0.06     -999.25         -999.25        149.1        1883.60 
  1889.75          18.51         71.8           0.815         0.839        27.84          2.06          0.06     -999.25         -999.25        148.6        1883.83 
  1890.00          26.38         73.4           0.815         0.832        27.58          2.07          0.06     -999.25         -999.25        148.2        1884.06 
  1890.25          39.21         75.0           0.815         0.826        27.33          2.08          0.06     -999.25         -999.25        147.8        1884.28 
  1890.50          48.30         75.4           0.815         0.826        28.72          2.08          0.06     -999.25         -999.25        147.3        1884.51 
  1890.75          57.39         75.9           0.815         0.826        30.11          2.09          0.06     -999.25         -999.25        146.9        1884.73 
  1891.00          48.90         76.4           0.813         0.812        28.96          2.10          0.06     -999.25         -999.25        146.4        1884.96 
  1891.25          43.65         76.8           0.811         0.798        27.81          2.10          0.06     -999.25         -999.25        146.0        1885.19 
  1891.50          33.56         77.5           0.819         0.804        26.66          2.08          0.05     -999.25         -999.25        145.6        1885.41 
  1891.75          32.51         78.1           0.826         0.810        27.25          2.05          0.04     -999.25         -999.25        145.1        1885.64 
  1892.00          31.46         78.7           0.834         0.816        27.85          2.03          0.03     -999.25         -999.25        144.7        1885.86 
  1892.25          28.28         76.9           0.851         0.856        28.45          2.00          0.02     -999.25         -999.25        144.3        1886.09 
  1892.50          20.87         75.1           0.869         0.895        29.04          2.00          0.03     -999.25         -999.25        143.8        1886.31 
  1892.75          11.42         73.4           0.876         0.955        27.18          1.99          0.03     -999.25         -999.25        143.4        1886.54 
  1893.00           5.19         71.6           0.884         1.016        25.31          1.98          0.04     -999.25         -999.25        143.0        1886.76 
  1893.25           5.20         69.8           0.865         0.950        23.44          1.98          0.04     -999.25         -999.25        142.5        1886.99 
  1893.50           5.21         65.5           0.846         0.885        25.47          1.97          0.04     -999.25         -999.25        142.1        1887.21 
  1893.75           6.17         40.1           0.826         0.819        27.50          1.99          0.04     -999.25         -999.25        141.6        1887.44 
  1894.00           6.67         65.1           0.807         0.754        29.53          2.00          0.04     -999.25         -999.25        141.2        1887.66 
  1894.25           6.69         59.7           0.785         0.785        31.56          2.02          0.04     -999.25         -999.25        140.8        1887.89 
  1894.50           7.05         54.4           0.762         0.816        31.94          2.03          0.04     -999.25         -999.25        140.3        1888.11 
  1894.75           7.41         49.0           0.892         0.792        32.31          2.04          0.04     -999.25         -999.25        139.9        1888.34 
  1895.00           8.33         43.7           1.021         0.768        31.94          2.05          0.04     -999.25         -999.25        140.2        1888.56 
  1895.25         265.32         38.4           1.151         0.745        31.56          2.05          0.04     -999.25         -999.25        140.4        1888.79 
  1895.50         625.96         33.0           1.281         0.721        34.25          2.07          0.04     -999.25         -999.25        140.6        1889.01 
  1895.75          18.32         38.1           1.410         0.697        34.25          2.08          0.05     -999.25         -999.25        140.9        1889.24 
  1896.00          25.29         43.2           1.277         0.676        34.25          2.09          0.05     -999.25         -999.25        141.1        1889.46 
  1896.25          32.27         48.3           1.144         0.656        34.25          2.10          0.05     -999.25         -999.25        141.4        1889.69 
  1896.50         233.66         53.4           1.011         0.636        34.25          2.11          0.06     -999.25         -999.25        141.6        1889.91 
  1896.75         382.99         58.5           0.878         0.616        34.25          2.10          0.06     -999.25         -999.25        141.9        1890.13 
  1897.00         571.09         61.1           0.745         0.595        34.66          2.09          0.06     -999.25         -999.25        142.1        1890.36 
  1897.25         569.17         63.7           0.611         0.658        35.07          1.23          0.07     -999.25         -999.25        142.4        1890.58 
  1897.50         567.24         66.4           0.649         0.629        35.48          2.10          0.07     -999.25         -999.25        142.6        1890.81 
  1897.75         516.76         69.0           0.631         0.611        35.89          2.13          0.07     -999.25         -999.25        142.7        1891.03 
  1898.00         444.40         71.7           0.613         0.593        36.30          2.15          0.08     -999.25         -999.25        142.7        1891.25 
  1898.25          45.95         69.2           0.595         0.575        36.71          2.17          0.08     -999.25         -999.25        142.8        1891.48 
  1898.50          36.26         66.8           0.577         0.557        36.55          2.19          0.08     -999.25         -999.25        142.8        1891.70 
  1898.75          30.74         64.3           0.662         0.647        36.39          2.22          0.08     -999.25         -999.25        142.9        1891.93 
  1899.00          25.22         61.9           0.747         0.736        36.24          2.24          0.08     -999.25         -999.25        142.9        1892.15 
  1899.25          14.67         59.4           0.832         0.826        36.08          2.26          0.09     -999.25         -999.25        143.0        1892.37 
  1899.50          17.97         59.0           0.755         0.745        35.93          2.29          0.09     -999.25         -999.25        143.0        1892.60 
  1899.75          19.72         58.6           0.679         0.663        35.77          2.22          0.08     -999.25         -999.25        143.1        1892.82 
  1900.00          32.61         58.2           0.602         0.582        35.61          2.16          0.07     -999.25         -999.25        143.1        1893.04 
  1900.25          35.82         57.8           0.636         0.644        35.46          2.10          0.06     -999.25         -999.25        143.2        1893.27 
  1900.50          39.03         57.4           0.646         0.628        35.46          2.11          0.06     -999.25         -999.25        143.2        1893.49 
  1900.75          26.17         57.1           0.657         0.611        35.46          2.12          0.06     -999.25         -999.25        143.3        1893.71 
  1901.00          21.24         60.3           0.667         0.595        35.46          2.13          0.06     -999.25         -999.25        143.3        1893.94 
  1901.25          21.31         63.6           0.678         0.670        35.46          2.14          0.06     -999.25         -999.25        143.4        1894.16 
  1901.50          21.69         66.9           0.688         0.745        35.22          2.15          0.06     -999.25         -999.25        143.4        1894.38 
  1901.75          22.07         70.2           0.698         0.750        34.97          2.16          0.06     -999.25         -999.25        143.5        1894.61 
  1902.00          27.62         69.3           0.707         0.755        34.73          2.17          0.06     -999.25         -999.25        143.5        1894.83 
  1902.25          27.15         68.4           0.717         0.761        34.49          2.18          0.06     -999.25         -999.25        143.6        1895.05 
  1902.50          50.16         67.4           0.727         0.766        34.25          2.21          0.06     -999.25         -999.25        143.6        1895.27 
  1902.75          35.37         66.5           0.737         0.771        34.41          2.24          0.07     -999.25         -999.25        143.7        1895.50 
  1903.00          44.94         65.5           0.732         0.757        34.57          2.27          0.08     -999.25         -999.25        143.7        1895.72 
  1903.25          54.51         64.6           0.727         0.742        34.73          2.30          0.09     -999.25         -999.25        143.8        1895.94 
  1903.50          52.34         61.0           0.722         0.728        34.89          2.25          0.08     -999.25         -999.25        143.8        1896.16 
  1903.75          42.84         57.4           0.724         0.708        35.05          2.21          0.07     -999.25         -999.25        143.9        1896.39 
  1904.00          35.06         53.8           0.725         0.689        35.73          2.17          0.06     -999.25         -999.25        143.9        1896.61 
  1904.25          36.40         60.7           0.760         0.745        36.40          2.18          0.06     -999.25         -999.25        144.0        1896.83 
  1904.50          37.74         67.7           0.778         0.772        37.08          2.18          0.06     -999.25         -999.25        144.0        1897.05 
  1904.75          32.35         74.6           0.795         0.799        37.76          2.18          0.06     -999.25         -999.25        144.1        1897.28 
  1905.00          29.87         81.6           0.813         0.826        38.44          2.18          0.06     -999.25         -999.25        144.1        1897.50 
  1905.25          26.95         83.7           0.832         0.866        41.84          2.18          0.07     -999.25         -999.25        144.2        1897.72 
  1905.50          25.89         85.8           0.851         0.905        45.24          2.18          0.07     -999.25         -999.25        144.2        1897.94 
  1905.75          28.48         85.0           0.871         0.826        43.04          2.18          0.07     -999.25         -999.25        144.3        1898.16 
  1906.00          31.06         84.2           0.873         0.842        40.84          2.20          0.07     -999.25         -999.25        144.3        1898.39 
  1906.25          43.01         83.4           0.875         0.858        38.65          2.22          0.07     -999.25         -999.25        144.4        1898.61 
  1906.50          38.19         84.0           0.878         0.875        36.45          2.24          0.07     -999.25         -999.25        144.4        1898.83 
  1906.75          32.70         84.6           0.884         0.881        34.25          2.25          0.07     -999.25         -999.25        144.5        1899.05 
  1907.00          33.62         85.2           0.891         0.888        37.49          2.24          0.07     -999.25         -999.25        144.5        1899.27 
  1907.25          34.54         85.8           0.898         0.895        40.72          2.23          0.07     -999.25         -999.25        144.6        1899.49 
  1907.50          36.92         84.9           0.907         0.905        41.44          2.22          0.07     -999.25         -999.25        144.6        1899.71 
  1907.75          35.12         84.1           0.916         0.916        42.17          2.21          0.06     -999.25         -999.25        144.7        1899.94 
  1908.00          37.69         83.3           1.009         1.027        33.46          2.23          0.06     -999.25         -999.25        144.7        1900.16 
  1908.25          35.72         82.4           0.927         0.926        34.73          2.25          0.06     -999.25         -999.25        144.8        1900.38 
  1908.50          29.76         81.6           0.927         0.921        35.99          2.27          0.07     -999.25         -999.25        144.8        1900.60 
  1908.75          23.80         84.9           0.927         0.916        37.26          2.29          0.07     -999.25         -999.25        144.9        1900.82 
  1909.00          24.43         84.9           0.927         0.911        38.52          2.30          0.07     -999.25         -999.25        145.0        1901.04 
  1909.25          25.76         84.9           0.928         0.905        39.79          2.31          0.07     -999.25         -999.25        145.0        1901.26 
  1909.50          24.85         84.9           0.930         0.948        40.17          2.30          0.07     -999.25         -999.25        145.1        1901.48 
  1909.75          22.78         84.9           0.930         0.942        40.55          2.29          0.07     -999.25         -999.25        145.1        1901.70 
  1910.00          20.72         85.8           0.931         0.935        40.92          2.29          0.07     -999.25         -999.25        145.2        1901.92 
  1910.25          20.48         86.5           0.931         0.929        41.30          2.30          0.08     -999.25         -999.25        145.2        1902.14 
  1910.50          20.49         87.2           0.932         0.922        41.68          2.32          0.09     -999.25         -999.25        145.3        1902.37 
  1910.75          22.65         87.9           0.932         0.916        41.56          2.33          0.10     -999.25         -999.25        145.3        1902.59 
  1911.00          16.41         88.6           0.932         0.912        41.44          2.35          0.10     -999.25         -999.25        145.4        1902.81 
  1911.25          16.47         89.3           0.933         0.909        41.32          2.34          0.10     -999.25         -999.25        145.4        1903.03 
  1911.50          16.53         90.0           0.933         0.905        41.20          2.34          0.09     -999.25         -999.25        145.5        1903.25 
  1911.75          17.91         90.7           0.943         0.912        41.79          2.34          0.09     -999.25         -999.25        145.6        1903.47 
  1912.00          19.23         91.5           0.952         0.919        42.39          2.33          0.08     -999.25         -999.25        145.7        1903.69 
  1912.25          18.91         91.2           0.962         0.926        42.99          2.33          0.08     -999.25         -999.25        145.8        1903.91 
  1912.50          16.50         90.9           0.965         0.924        43.59          2.33          0.07     -999.25         -999.25        145.9        1904.13 
  1912.75          15.68         90.6           0.968         0.921        44.19          2.34          0.08     -999.25         -999.25        146.0        1904.35 
  1913.00          14.86         90.3           0.970         0.919        50.43          2.35          0.08     -999.25         -999.25        146.1        1904.57 
  1913.25          15.19         90.0           0.973         0.916        48.18          2.37          0.09     -999.25         -999.25        146.2        1904.79 
  1913.50          17.69         91.4           0.976         0.913        45.92          2.37          0.09     -999.25         -999.25        146.3        1905.01 
  1913.75          14.14         92.7           0.979         0.911        43.67          2.38          0.10     -999.25         -999.25        146.4        1905.23 
  1914.00          14.53         94.0           0.982         0.908        43.17          2.38          0.10     -999.25         -999.25        146.5        1905.45 
  1914.25          14.91         95.3           0.984         0.905        42.67          2.39          0.10     -999.25         -999.25        146.6        1905.66 
  1914.50          17.43         96.6           0.978         0.921        42.17          2.40          0.10     -999.25         -999.25        146.7        1905.88 
  1914.75          24.60         97.3           0.971         0.937        43.97          2.39          0.10     -999.25         -999.25        146.8        1906.10 
  1915.00          20.20         97.9           0.991         0.937        45.78          2.38          0.10     -999.25         -999.25        146.9        1906.32 
  1915.25          21.43         98.5           0.953         0.937        45.08          2.37          0.09     -999.25         -999.25        147.0        1906.54 
  1915.50          22.05         96.6           0.982         0.959        44.37          2.36          0.09     -999.25         -999.25        147.0        1906.76 
  1915.75          22.67         94.7           1.012         0.981        43.67          2.36          0.06     -999.25         -999.25        147.1        1906.98 
  1916.00           0.00        100.4           2.340         3.726        45.36          2.36          0.07     -999.25         -999.25        147.2        1907.20 
  1916.25           1.45         98.0           1.673         2.354        47.05          2.37          0.08     -999.25         -999.25        147.3        1907.42 
  1916.50           3.73         95.7           1.006         0.981        48.74          2.38          0.09     -999.25         -999.25        147.4        1907.64 
  1916.75           1.87         95.8           1.006         0.987        50.43          2.38          0.09     -999.25         -999.25        147.5        1907.86 
  1917.00           0.00         95.9           1.006         0.993        41.20          2.39          0.09     -999.25         -999.25        147.6        1908.07 
  1917.25          13.33         96.0           0.994        17.137        43.09          2.39          0.09     -999.25         -999.25        147.7        1908.29 
  1917.50          12.95         96.1           0.982        11.730        44.99          2.39          0.09     -999.25         -999.25        147.8        1908.51 
  1917.75          12.95         96.2           0.970         6.323        46.89          2.40          0.09     -999.25         -999.25        147.9        1908.73 
  1918.00           8.64         95.9           0.957         0.916        48.61          2.59          0.09     -999.25         -999.25        148.0        1908.95 
  1918.25           4.32         95.7           0.960         0.927        44.17          2.78          0.08     -999.25         -999.25        148.1        1909.17 
  1918.50           0.00         95.5           0.962         0.937        39.72          2.65          0.08     -999.25         -999.25        148.2        1909.39 
  1918.75           4.78         95.2           0.964         0.948        35.28          2.52          0.08     -999.25         -999.25        148.3        1909.60 
  1919.00          14.52         93.5           0.966         0.959        30.83          2.39          0.07     -999.25         -999.25        148.4        1909.82 
  1919.25          23.51         91.8           0.989         0.993        21.61          2.39          0.07     -999.25         -999.25        148.5        1910.04 
  1919.50          30.41         90.0           1.011         1.027        23.64          2.40          0.07     -999.25         -999.25        148.5        1910.26 
  1919.75          37.31         93.0           1.041         1.010        25.67          2.41          0.07     -999.25         -999.25        148.6        1910.48 
  1920.00          30.25         95.9           1.071         0.993        25.84          2.22          0.06     -999.25         -999.25        148.7        1910.70 
  1920.25          26.13         98.8           1.175         1.000        26.00          2.18          0.05     -999.25         -999.25        148.8        1910.91 
  1920.50          22.80        101.7           1.278         1.008        32.69          2.13          0.05     -999.25         -999.25        148.9        1911.13 
  1920.75          20.52        104.6           1.382         1.016        22.21          2.09          0.04     -999.25         -999.25        149.0        1911.35 
  1921.00          18.24         73.8           1.763         2.675        23.23          2.04          0.04     -999.25         -999.25        149.1        1911.57 
  1921.25          15.96         42.9           2.143         4.335        24.26          2.04          0.04     -999.25         -999.25        149.2        1911.79 
  1921.50          13.68         34.7           1.866       110.042        25.28          2.09          0.05     -999.25         -999.25        149.3        1912.00 
  1921.75          11.40         26.4           1.588       215.750        26.30          2.13          0.06     -999.25         -999.25        149.4        1912.22 
  1922.00           9.12         27.1           1.311       321.457        27.33          2.17          0.07     -999.25         -999.25        149.5        1912.44 
  1922.25           6.84         27.7           2.355         8.573        28.99          2.19          0.07     -999.25         -999.25        149.6        1912.66 
  1922.50           4.56         28.4           1.788         5.940        30.65          2.20          0.07     -999.25         -999.25        149.7        1912.88 
  1922.75           2.28         29.1           1.220         3.307        32.31          2.17          0.07     -999.25         -999.25        149.8        1913.09 
  1923.00           0.00         29.7           0.653         0.673        27.26          2.21          0.07     -999.25         -999.25        149.9        1913.31 
  1923.25           3.19         28.3           1.479         1.952        22.21          2.20          0.06     -999.25         -999.25        150.0        1913.53 
  1923.50           6.61         26.9           1.283         1.484        22.37          2.19          0.06     -999.25         -999.25        150.1        1913.75 
  1923.75           8.94         25.5           1.087         1.016        22.52          2.18          0.05     -999.25         -999.25        150.1        1913.96 
  1924.00          11.28         24.1           0.891         0.852        22.67          2.16          0.04     -999.25         -999.25        150.2        1914.18 
  1924.25          13.71         22.7           0.695         0.689        22.83          2.26          0.04     -999.25         -999.25        150.3        1914.40 
  1924.50          19.76         20.5           0.683         0.676        22.98          2.24          0.06     -999.25         -999.25        150.4        1914.62 
  1924.75          18.19         18.3           0.670         0.663        23.14          2.22          0.08     -999.25         -999.25        150.5        1914.83 
  1925.00          22.03         16.1           0.658         0.650        23.29          2.20          0.10     -999.25         -999.25        150.6        1915.05 
  1925.25          21.66         19.4           0.645         0.637        23.45          2.17          0.06     -999.25         -999.25        150.7        1915.27 
  1925.50          21.28         22.7           0.676         0.705        23.60          2.18          0.06     -999.25         -999.25        150.8        1915.48 
  1925.75          20.93         25.9           0.683         0.710        23.76          2.18          0.06     -999.25         -999.25        150.8        1915.70 
  1926.00          23.35         29.2           0.691         0.715        27.33          2.18          0.06     -999.25         -999.25        150.8        1915.92 
  1926.25          22.02         33.4           0.698         0.721        28.02          2.18          0.06     -999.25         -999.25        150.8        1916.13 
  1926.50          20.81         37.5           0.705         0.726        28.71          2.18          0.06     -999.25         -999.25        150.8        1916.35 
  1926.75          19.61         41.6           0.713         0.731        29.39          2.18          0.06     -999.25         -999.25        150.8        1916.57 
  1927.00          21.35         45.7           0.720         0.737        26.99          2.18          0.06     -999.25         -999.25        150.8        1916.78 
  1927.25          27.24         49.8           0.752         0.978        21.85          2.18          0.06     -999.25         -999.25        150.8        1917.00 
  1927.50          24.09         53.9           0.784         1.220        16.71          2.31          0.06     -999.25         -999.25        150.8        1917.22 
  1927.75          20.65         58.0           0.793         1.088        11.56          2.27          0.05     -999.25         -999.25        150.8        1917.43 
  1928.00          21.77         46.2           0.792         0.957         6.42          2.23          0.05     -999.25         -999.25        150.8        1917.65 
  1928.25          22.90         34.4           0.792         0.826        18.67          2.19          0.04     -999.25         -999.25        150.8        1917.87 
  1928.50          23.11         33.5           0.792        10.106        30.91          2.19          0.06     -999.25         -999.25        150.8        1918.08 
  1928.75          24.20         32.5           0.793        19.386        43.16          2.19          0.07     -999.25         -999.25        150.8        1918.30 
  1929.00          22.01         32.2           0.794         0.720        31.19          2.20          0.07     -999.25         -999.25        150.8        1918.52 
  1929.25          20.60         31.8           0.800         0.745        30.57          2.20          0.07     -999.25         -999.25        150.8        1918.73 
  1929.50          19.18         31.5           0.806         0.771        29.94          2.20          0.06     -999.25         -999.25        150.8        1918.95 
  1929.75          14.80         31.1           0.828         0.895        29.32          2.19          0.06     -999.25         -999.25        150.8        1919.17 
  1930.00          13.38         34.6           0.822         0.871        28.69          2.19          0.05     -999.25         -999.25        150.8        1919.38 
  1930.25          32.48         38.0           0.816         0.846        23.13          2.18          0.05     -999.25         -999.25        150.8        1919.60 
  1930.50          27.96         41.5           0.810         0.822        23.76          2.18          0.04     -999.25         -999.25        150.8        1919.81 
  1930.75          28.82         37.1           0.804         0.798        24.39          2.17          0.04     -999.25         -999.25        150.8        1920.03 
  1931.00          29.68         32.8           0.787         0.762        25.03          2.21          0.06     -999.25         -999.25        150.8        1920.25 
  1931.25          32.04         28.4           0.768         0.768        23.44          2.21          0.06     -999.25         -999.25        150.8        1920.46 
  1931.50          30.20         24.1           0.749         0.774        24.07          2.21          0.06     -999.25         -999.25        150.8        1920.68 
  1931.75          32.14         23.1           0.749         0.780        29.39          2.21          0.06     -999.25         -999.25        150.8        1920.89 
  1932.00          29.36         22.2           0.751         0.783        29.90          2.21          0.06     -999.25         -999.25        150.8        1921.11 
  1932.25          26.58         22.4           0.752         0.786        29.63          2.22          0.06     -999.25         -999.25        150.8        1921.32 
  1932.50          28.89         22.7           0.754         0.789        29.37          2.23          0.06     -999.25         -999.25        150.8        1921.54 
  1932.75          24.63         22.9           0.763         0.798        29.10          2.21          0.06     -999.25         -999.25        150.8        1921.76 
  1933.00          25.45         23.1           0.770         0.812        28.83          2.18          0.06     -999.25         -999.25        150.8        1921.97 
  1933.25          36.56         22.4           0.777         0.826        27.90          2.19          0.06     -999.25         -999.25        150.8        1922.19 
  1933.50          26.67         21.7           0.778         0.826        26.97          2.19          0.07     -999.25         -999.25        150.8        1922.40 
  1933.75          16.77         22.2           0.786         0.816        26.04          2.20          0.07     -999.25         -999.25        150.9        1922.62 
  1934.00          13.34         22.7           0.781         0.840        25.11          2.23          0.06     -999.25         -999.25        151.0        1922.83 
  1934.25          18.87         24.1           0.776         0.865        24.18          2.22          0.06     -999.25         -999.25        151.1        1923.05 
  1934.50          35.97         31.6           0.763         0.780        25.48          2.21          0.06     -999.25         -999.25        151.2        1923.26 
  1934.75          49.07         25.5           0.781         0.826        26.78          2.20          0.06     -999.25         -999.25        151.3        1923.48 
  1935.00          52.62        440.2           0.783         0.821        25.96          2.19          0.06     -999.25         -999.25        151.4        1923.69 
  1935.25          56.16        335.8           0.784         0.816        25.14          2.20          0.06     -999.25         -999.25        151.5        1923.91 
  1935.50          50.35        231.4           0.784         0.845        25.67          2.21          0.06     -999.25         -999.25        151.6        1924.12 
  1935.75          29.78        127.0           0.783         0.875        26.20          2.22          0.07     -999.25         -999.25        151.7        1924.34 
  1936.00          19.60         22.7           0.770         0.789        26.73          2.23          0.07     -999.25         -999.25        151.8        1924.55 
  1936.25          19.81         24.5           0.755         0.803        27.26          2.24          0.07     -999.25         -999.25        151.9        1924.77 
  1936.50          20.03         24.2           0.741         0.816        27.80          2.24          0.07     -999.25         -999.25        152.0        1924.98 
  1936.75          16.05         23.8           0.739         0.798        27.55          2.24          0.06     -999.25         -999.25        152.1        1925.20 
  1937.00          18.86         23.4           0.737         0.780        27.29          2.23          0.06     -999.25         -999.25        152.2        1925.41 
  1937.25          20.41         23.0           0.752         0.811        27.04          2.23          0.06     -999.25         -999.25        152.3        1925.63 
  1937.50          21.17         22.7           0.766         0.843        26.79          2.22          0.06     -999.25         -999.25        152.4        1925.84 
  1937.75          18.97         24.3           0.781         0.875        26.54          2.22          0.06     -999.25         -999.25        152.5        1926.05 
  1938.00          16.78         25.9           0.724        66.731        26.29          2.22          0.06     -999.25         -999.25        152.6        1926.27 
  1938.25          18.02         25.8           0.668       132.587        26.04          2.21          0.06     -999.25         -999.25        152.7        1926.48 
  1938.50          20.30         25.7           0.611       198.443        25.79          2.21          0.06     -999.25         -999.25        152.7        1926.70 
  1938.75           6.27         25.6           0.555       264.300        23.83          2.20          0.06     -999.25         -999.25        152.8        1926.91 
  1939.00           6.40         25.5           0.498       330.156        21.87          2.20          0.06     -999.25         -999.25        152.9        1927.13 
  1939.25           6.52         26.4           0.442       396.012        19.90          2.20          0.06     -999.25         -999.25        153.0        1927.34 
  1939.50          12.01         27.4           0.385       461.868        21.33          2.19          0.06     -999.25         -999.25        153.1        1927.55 
  1939.75          18.00         28.3           0.721         0.720        22.75          2.19          0.06     -999.25         -999.25        153.2        1927.77 
  1940.00          14.44         25.5           0.720         0.728        24.18          2.18          0.06     -999.25         -999.25        153.3        1927.98 
  1940.25          12.41         22.7           0.726         0.750        24.67          2.20          0.06     -999.25         -999.25        153.4        1928.20 
  1940.50          11.43         21.5           0.731         0.771        25.17          2.21          0.06     -999.25         -999.25        153.5        1928.41 
  1940.75          10.46         20.3           0.742         0.826        25.67          2.20          0.06     -999.25         -999.25        153.5        1928.62 
  1941.00          10.52         25.5           0.745         0.737        26.17          2.18          0.06     -999.25         -999.25        153.5        1928.84 
  1941.25          11.36         24.7           0.751        32.186        26.67          2.16          0.06     -999.25         -999.25        153.5        1929.05 
  1941.50          10.97         23.9           0.757        63.635        27.17          2.19          0.06     -999.25         -999.25        153.5        1929.26 
  1941.75          10.98         23.1           0.763        95.084        27.67          2.21          0.07     -999.25         -999.25        153.5        1929.48 
  1942.00          10.99         23.2           0.767         0.771        28.08          2.23          0.07     -999.25         -999.25        153.5        1929.69 
  1942.25          12.09         23.4           0.686         0.745        28.50          2.23          0.07     -999.25         -999.25        153.5        1929.91 
  1942.50          11.69         23.5           0.710         0.725        28.92          2.23          0.07     -999.25         -999.25        153.5        1930.12 
  1942.75           8.68         23.6           0.734         0.705        29.33          2.23          0.07     -999.25         -999.25        153.5        1930.33 
  1943.00          11.75         24.8           0.715         0.745        29.75          2.23          0.07     -999.25         -999.25        153.5        1930.55 
  1943.25          14.08         25.9           0.701         0.720        28.57          2.22          0.07     -999.25         -999.25        153.5        1930.76 
  1943.50          16.42         23.8           0.681         0.644        27.39          2.23          0.06     -999.25         -999.25        153.5        1930.97 
  1943.75          22.54         21.7           0.684         0.686        26.21          2.23          0.06     -999.25         -999.25        153.5        1931.18 
  1944.00          21.88         22.4           0.686         0.728        25.03          2.22          0.06     -999.25         -999.25        153.5        1931.40 
  1944.25          17.68         23.1           0.677         0.728        24.39          2.21          0.06     -999.25         -999.25        153.5        1931.61 
  1944.50          15.21         22.2           0.676         0.629        23.76          2.20          0.06     -999.25         -999.25        153.5        1931.82 
  1944.75          16.30         21.5           0.679         0.687        24.39          2.19          0.06     -999.25         -999.25        153.5        1932.04 
  1945.00          17.40         20.8           0.682         0.745        25.03          2.18          0.06     -999.25         -999.25        154.1        1932.25 
  1945.25          17.63         20.8           0.691         0.789        25.67          2.17          0.05     -999.25         -999.25        154.6        1932.46 
  1945.50          10.85         20.8           0.695         0.745        26.45          2.15          0.05     -999.25         -999.25        155.2        1932.67 
  1945.75          16.66         22.2           0.700         0.705        27.23          2.13          0.04     -999.25         -999.25        155.7        1932.89 
  1946.00          15.64         19.8           0.699         0.723        28.01          2.11          0.04     -999.25         -999.25        156.3        1933.10 
  1946.25          14.63         20.3           0.697         0.742        27.56          2.16          0.05     -999.25         -999.25        156.3        1933.31 
  1946.50          22.96         20.5           0.696         0.761        27.11          2.21          0.06     -999.25         -999.25        156.3        1933.52 
  1946.75          35.72         20.8           0.695         0.779        26.66          2.22          0.06     -999.25         -999.25        156.3        1933.74 
  1947.00          49.60         21.0           0.694         0.798        26.58          2.22          0.07     -999.25         -999.25        156.3        1933.95 
  1947.25          62.45         21.2           0.693         0.988        26.49          2.22          0.07     -999.25         -999.25        156.3        1934.16 
  1947.50          59.85         21.5           0.692         1.179        26.41          2.22          0.07     -999.25         -999.25        156.3        1934.37 
  1947.75          57.25         21.7           0.691         1.070        26.33          2.22          0.07     -999.25         -999.25        156.3        1934.59 
  1948.00          51.49         21.9           0.691         0.962        26.25          2.22          0.07     -999.25         -999.25        156.3        1934.80 
  1948.25          33.15         22.2           0.690         0.853        26.16          2.23          0.08     -999.25         -999.25        156.3        1935.01 
  1948.50          19.58         22.2           0.690         0.745        26.08          2.23          0.08     -999.25         -999.25        156.3        1935.22 
  1948.75          15.19         22.2           0.686         0.726        26.00          2.23          0.09     -999.25         -999.25        156.3        1935.43 
  1949.00          10.80         22.2           0.682         0.708        26.90          2.23          0.09     -999.25         -999.25        156.3        1935.64 
  1949.25           9.78         20.7           0.679         0.689        27.80          2.22          0.09     -999.25         -999.25        156.3        1935.86 
  1949.50          11.22         19.2           0.678         0.698        28.69          2.22          0.09     -999.25         -999.25        156.3        1936.07 
  1949.75          11.98         17.8           0.678         0.708        28.52          2.21          0.09     -999.25         -999.25        156.3        1936.28 
  1950.00          10.89         16.3           0.677         0.717        28.35          2.21          0.09     -999.25         -999.25        156.3        1936.49 
  1950.25          11.74         14.8           0.677         0.727        28.18          2.20          0.09     -999.25         -999.25        156.3        1936.70 
  1950.50          12.59         13.3           0.676         0.737        28.01          2.20          0.09     -999.25         -999.25        156.3        1936.91 
  1950.75          12.90         11.9           0.627         0.741        27.92          2.19          0.09     -999.25         -999.25        156.3        1937.12 
  1951.00          13.21         10.4           0.578         0.745        27.84          2.20          0.08     -999.25         -999.25        156.3        1937.33 
  1951.25          12.20         12.5           0.529         0.749        27.75          2.20          0.07     -999.25         -999.25        156.3        1937.55 
  1951.50           8.14         14.6           0.579         0.754        27.67          2.20          0.06     -999.25         -999.25        156.3        1937.76 
  1951.75           4.07         16.8           0.629         0.758        28.24          1.38          0.06     -999.25         -999.25        156.3        1937.97 
  1952.00           0.00         18.9           0.679         0.762        28.82          1.70          0.07     -999.25         -999.25        156.3        1938.18 
  1952.25           2.07         21.0           0.701         0.729        29.39          2.01          0.08     -999.25         -999.25        156.3        1938.39 
  1952.50           5.61         23.1           0.722         0.697        29.69          2.33          0.09     -999.25         -999.25        156.3        1938.60 
  1952.75           9.58         22.8           0.741         0.729        29.99          2.31          0.08     -999.25         -999.25        156.3        1938.81 
  1953.00          10.20         22.5           0.761         0.762        30.29          2.30          0.08     -999.25         -999.25        156.3        1939.02 
  1953.25          10.83         22.2           0.843         0.789        30.58          2.29          0.08     -999.25         -999.25        156.3        1939.23 
  1953.50           9.44         24.2           0.896         0.888        30.88          2.27          0.07     -999.25         -999.25        156.3        1939.44 
  1953.75           8.40         26.3           0.950         0.988        31.18          2.27          0.08     -999.25         -999.25        156.3        1939.65 
  1954.00           0.70         28.3           1.003         1.088        31.48          2.26          0.09     -999.25         -999.25        156.3        1939.86 
  1954.25           3.64         46.7           1.025         1.156        31.77          2.25          0.10     -999.25         -999.25        156.3        1940.07 
  1954.50           6.58         65.1           1.046         1.223        32.07          2.25          0.10     -999.25         -999.25        156.4        1940.28 
  1954.75          14.66         83.4           1.067         1.291        32.37          2.24          0.10     -999.25         -999.25        156.5        1940.49 
  1955.00          23.08         96.2           1.088         1.359        32.66          2.24          0.10     -999.25         -999.25        156.6        1940.70 
  1955.25          24.93         84.2           1.109         1.426        32.96          2.23          0.10     -999.25         -999.25        156.7        1940.91 
  1955.50          23.62         72.3           1.006         1.198        33.26          2.23          0.10     -999.25         -999.25        156.8        1941.12 
  1955.75          23.96         60.3           0.903         0.970        33.56          2.22          0.10     -999.25         -999.25        156.9        1941.33 
  1956.00          24.29         55.3           0.858         0.814        33.85          2.22          0.10     -999.25         -999.25        157.0        1941.54 
  1956.25          24.94         50.2           0.814         0.658        38.26          2.21          0.10     -999.25         -999.25        157.1        1941.75 
  1956.50          26.95         45.1           0.782         0.699        42.66          2.21          0.10     -999.25         -999.25        157.2        1941.96 
  1956.75          28.13         40.0           0.751         0.739        43.70          2.20          0.10     -999.25         -999.25        157.3        1942.17 
  1957.00          27.28         34.9           0.720         0.780        44.74          2.20          0.10     -999.25         -999.25        157.4        1942.38 
  1957.25          26.77         30.7           0.708         0.753        45.78          2.19          0.10     -999.25         -999.25        157.5        1942.59 
  1957.50          26.27         26.4           0.695         0.727        35.56          2.19          0.10     -999.25         -999.25        157.6        1942.80 
  1957.75          25.88         22.2           0.683         0.700        25.35          2.18          0.10     -999.25         -999.25        157.7        1943.01 
  1958.00          22.65         23.1           0.670         0.673        26.02          2.17          0.10     -999.25         -999.25        157.8        1943.21 
  1958.25          19.41         24.1           0.663         0.666        26.70          2.17          0.10     -999.25         -999.25        157.8        1943.42 
  1958.50          16.18         25.0           0.657         0.658        27.37          2.17          0.09     -999.25         -999.25        157.9        1943.63 
  1958.75          12.94         24.1           0.646         0.658        28.05          2.17          0.09     -999.25         -999.25        158.0        1943.84 
  1959.00           9.71         23.1           0.636         0.658        28.72          2.16          0.06     -999.25         -999.25        158.1        1944.05 
  1959.25           6.47         22.9           0.645         0.602        29.39          2.15          0.04     -999.25         -999.25        158.2        1944.26 
  1959.50           3.24         22.7           0.650         0.650        29.48          2.14          0.06     -999.25         -999.25        158.3        1944.47 
  1959.75           0.00         22.4           0.655         0.697        29.57          2.15          0.06     -999.25         -999.25        158.4        1944.68 
  1960.00           3.06         22.2           0.660         0.745        29.66          2.16          0.06     -999.25         -999.25        158.5        1944.88 
  1960.25           6.12         21.0           0.661         0.726        29.75          2.17          0.06     -999.25         -999.25        158.6        1945.09 
  1960.50           7.96         19.8           0.663         0.708        28.76          2.18          0.07     -999.25         -999.25        158.7        1945.30 
  1960.75           0.00         19.4           0.665         0.689        27.77          2.19          0.07     -999.25         -999.25        158.8        1945.51 
  1961.00           0.84         19.0           0.653         0.677        26.78          2.20          0.07     -999.25         -999.25        158.9        1945.72 
  1961.25           2.21         18.6           0.641         0.665        24.07          2.21          0.07     -999.25         -999.25        159.0        1945.92 
  1961.50           3.59         18.2           0.629         0.653        25.04          2.21          0.07     -999.25         -999.25        159.1        1946.13 
  1961.75           8.19         17.8           0.617         0.641        26.02          2.20          0.07     -999.25         -999.25        159.1        1946.34 
  1962.00          13.37         17.3           0.605         0.629        26.99          2.20          0.07     -999.25         -999.25        159.2        1946.55 
  1962.25          15.91         16.9           0.606         0.627        27.16          2.19          0.07     -999.25         -999.25        159.3        1946.76 
  1962.50          15.89         16.5           0.606         0.625        27.33          2.18          0.07     -999.25         -999.25        159.4        1946.96 
  1962.75          17.68         18.3           0.606         0.622        29.04          2.17          0.06     -999.25         -999.25        159.5        1947.17 
  1963.00          19.47         20.0           0.672        13.513        23.03          2.16          0.06     -999.25         -999.25        159.5        1947.38 
  1963.25          22.64         21.7           0.646        26.403        17.01          2.14          0.06     -999.25         -999.25        159.6        1947.59 
  1963.50          23.34         21.6           0.619        39.294        10.99          2.15          0.06     -999.25         -999.25        159.7        1947.79 
  1963.75          18.75         21.5           0.623         0.637         4.98          2.16          0.07     -999.25         -999.25        159.8        1948.00 
  1964.00          20.31         21.4           0.620         0.637        -1.04          2.16          0.07     -999.25         -999.25        159.9        1948.21 
  1964.25          21.86         21.3           0.617         0.637        35.05          2.16          0.07     -999.25         -999.25        159.9        1948.41 
  1964.50          26.45         21.2           0.614         0.637        33.20          2.16          0.07     -999.25         -999.25        160.0        1948.62 
  1964.75          27.99         21.9           0.610         0.637        31.36          2.16          0.06     -999.25         -999.25        160.1        1948.83 
  1965.00          28.02         22.5           0.610         0.608        29.51          2.16          0.04     -999.25         -999.25        160.2        1949.04 
  1965.25          24.43         23.1           0.610         0.580        27.67          2.17          0.04     -999.25         -999.25        160.3        1949.24 
  1965.50          24.53        104.7           0.610         0.551        27.01          2.17          0.04     -999.25         -999.25        160.3        1949.45 
  1965.75          24.63        186.4           0.621         0.583        26.35          2.18          0.04     -999.25         -999.25        160.4        1949.66 
  1966.00          23.79        268.0           0.631         0.616        25.69          2.18          0.04     -999.25         -999.25        160.5        1949.86 
  1966.25          20.45        349.6           0.624         1.127        25.03          2.18          0.04     -999.25         -999.25        160.6        1950.07 
  1966.50          16.31        431.2           0.616         1.639        28.01          2.18          0.05     -999.25         -999.25        160.7        1950.28 
  1966.75          14.13        402.0           0.609         2.151        27.01          2.18          0.06     -999.25         -999.25        160.7        1950.48 
  1967.00          14.10        372.8           0.602         2.663        26.02          2.17          0.06     -999.25         -999.25        160.8        1950.69 
  1967.25          14.07        343.6           0.594         3.174        25.03          2.17          0.07     -999.25         -999.25        160.9        1950.89 
  1967.50          13.63        314.3           0.587         3.686        28.67          2.17          0.06     -999.25         -999.25        161.0        1951.10 
  1967.75          16.14        285.1           0.580         4.198        32.31          2.16          0.05     -999.25         -999.25        161.1        1951.31 
  1968.00          17.49        255.9           0.572         4.710        30.85          2.16          0.04     -999.25         -999.25        161.1        1951.51 
  1968.25          17.92        226.7           0.565         5.222        29.39          2.15          0.02     -999.25         -999.25        161.2        1951.72 
  1968.50          18.34        197.5           0.558         5.733        28.98          2.20          0.07     -999.25         -999.25        161.3        1951.92 
  1968.75          20.41        168.3           0.550         6.245        28.57          2.20          0.06     -999.25         -999.25        161.4        1952.13 
  1969.00          22.26        139.0           0.543         6.757        28.15          2.20          0.06     -999.25         -999.25        161.5        1952.33 
  1969.25          21.92        109.8           0.536         0.637        27.74          2.20          0.05     -999.25         -999.25        161.5        1952.54 
  1969.50          24.00         80.6           0.576         0.637        27.33          2.19          0.05     -999.25         -999.25        161.6        1952.75 
  1969.75          24.23         51.4           0.616         0.637        27.67          2.18          0.05     -999.25         -999.25        161.7        1952.95 
  1970.00          24.47         22.2           0.656         0.637        28.01          2.17          0.04     -999.25         -999.25        161.7        1953.16 
  1970.25          23.87         22.4           0.654         0.623        28.35          2.16          0.04     -999.25         -999.25        161.7        1953.36 
  1970.50          23.32         22.7           0.653         0.609        27.87          2.17          0.05     -999.25         -999.25        161.7        1953.57 
  1970.75          22.23         21.7           0.651         0.599        27.40          2.18          0.06     -999.25         -999.25        161.7        1953.77 
  1971.00          22.22         20.8           0.649         0.589        26.92          2.18          0.05     -999.25         -999.25        161.7        1953.98 
  1971.25          22.22         19.8           0.646         0.594        26.45          2.18          0.05     -999.25         -999.25        161.7        1954.18 
  1971.50          22.32         18.9           0.643         0.600        25.97          2.18          0.04     -999.25         -999.25        161.7        1954.39 
  1971.75          23.51         17.9           0.639         0.606        25.50          2.20          0.06     -999.25         -999.25        161.7        1954.59 
  1972.00          22.36         18.2           0.636         0.611        25.02          2.22          0.08     -999.25         -999.25        161.7        1954.80 
  1972.25          20.76         18.5           0.632         0.617        24.55          2.23          0.10     -999.25         -999.25        161.7        1955.00 
  1972.50          20.91         18.8           0.629         0.622        24.07          2.22          0.10     -999.25         -999.25        161.7        1955.21 
  1972.75          21.05         19.1           0.626       122.588        26.62          2.21          0.09     -999.25         -999.25        161.7        1955.41 
  1973.00          21.61         19.4           0.622       244.553        29.16          2.20          0.08     -999.25         -999.25        161.7        1955.61 
  1973.25          21.76         18.3           0.619       366.518        31.70          2.19          0.08     -999.25         -999.25        161.7        1955.82 
  1973.50          21.89         17.2           0.616         0.563        34.25          2.18          0.07     -999.25         -999.25        161.7        1956.02 
  1973.75          22.07         16.2           0.618         0.595        32.75          2.17          0.06     -999.25         -999.25        161.7        1956.23 
  1974.00          22.26         15.1           0.619         0.627        31.25          2.16          0.05     -999.25         -999.25        161.7        1956.43 
  1974.25          24.31         15.8           0.621         0.658        29.75          2.15          0.05     -999.25         -999.25        161.7        1956.64 
  1974.50          13.19         16.5           0.230        80.546        29.61          2.14          0.04     -999.25         -999.25        161.7        1956.84 
  1974.75           8.66         17.2           0.431        40.610        29.47          2.14          0.05     -999.25         -999.25        161.7        1957.04 
  1975.00           9.04         17.9           0.633         0.673        29.33          2.13          0.06     -999.25         -999.25        161.7        1957.25 
  1975.25          16.48         50.9           0.637         0.713        29.18          2.13          0.06     -999.25         -999.25        161.7        1957.45 
  1975.50          23.93         83.9           0.637         0.715        29.04          2.12          0.07     -999.25         -999.25        161.7        1957.65 
  1975.75          41.15        125.9           0.637         0.718        29.22          2.14          0.07     -999.25         -999.25        161.7        1957.86 
  1976.00          60.58         17.9           0.637         0.720        29.40          2.16          0.06     -999.25         -999.25        161.7        1958.06 
  1976.25          88.23         19.2           0.617         0.644        29.57          2.18          0.06     -999.25         -999.25        161.7        1958.26 
  1976.50          81.75         20.5           0.639         0.720        29.75          2.19          0.06     -999.25         -999.25        161.7        1958.47 
  1976.75          75.27         21.8           0.634         0.644        29.93          2.19          0.06     -999.25         -999.25        161.7        1958.67 
  1977.00          87.93         23.1           0.629         0.644        30.11          2.19          0.06     -999.25         -999.25        161.7        1958.88 
  1977.25          75.45         21.4           0.624         0.644        29.08          2.18          0.06     -999.25         -999.25        161.6        1959.08 
  1977.50          57.59         19.6           0.623         0.656        28.05          2.17          0.05     -999.25         -999.25        161.4        1959.28 
  1977.75          40.64         17.8           0.622         0.669        27.03          2.16          0.05     -999.25         -999.25        161.3        1959.48 
  1978.00          31.54         16.1           0.622         0.681        26.00          2.15          0.05     -999.25         -999.25        161.2        1959.69 
  1978.25          22.44         15.6           0.611         0.616        26.62          2.13          0.05     -999.25         -999.25        161.1        1959.89 
  1978.50          23.20         18.1           0.600         0.551        27.25          2.12          0.04     -999.25         -999.25        160.9        1960.09 
  1978.75          16.15         20.5           0.593         0.564        27.87          2.11          0.04     -999.25         -999.25        160.8        1960.30 
  1979.00          14.53         23.0           0.586         0.576        28.50          2.09          0.04     -999.25         -999.25        160.7        1960.50 
  1979.25          13.24         25.5           0.579         0.589        29.12          2.12          0.05     -999.25         -999.25        160.5        1960.70 
  1979.50          13.06         23.9           0.577         0.489        29.75          2.15          0.06     -999.25         -999.25        160.4        1960.90 
  1979.75          12.87         22.4           0.581         0.532        28.71          2.17          0.07     -999.25         -999.25        160.3        1961.11 
  1980.00          14.63         20.9           0.585         0.576        27.67          2.13          0.06     -999.25         -999.25        160.1        1961.31 
  1980.25          20.50         19.4           0.579         0.576        31.19          2.09          0.04     -999.25         -999.25        160.0        1961.51 
  1980.50          33.71         14.6           0.580         0.689        30.83          2.15          0.06     -999.25         -999.25        159.9        1961.71 
  1980.75          30.31         17.2           0.577         0.648        30.83          2.21          0.07     -999.25         -999.25        159.8        1961.92 
  1981.00          26.92         19.8           0.574         0.608        30.83          2.19          0.07     -999.25         -999.25        159.6        1962.12 
  1981.25          29.29         19.1           0.570         0.568        30.83          2.17          0.07     -999.25         -999.25        159.5        1962.32 
  1981.50          30.54         18.3           0.567         0.527        30.83          2.14          0.07     -999.25         -999.25        159.4        1962.52 
  1981.75          30.77         17.6           0.562         0.537        30.83          2.13          0.06     -999.25         -999.25        159.2        1962.72 
  1982.00          29.30         16.8           0.558         0.547        30.83          2.12          0.06     -999.25         -999.25        159.1        1962.93 
  1982.25          28.01         16.1           0.553         0.557        30.83          2.11          0.05     -999.25         -999.25        159.0        1963.13 
  1982.50          26.71         15.5           0.552         0.529        29.42          2.10          0.04     -999.25         -999.25        159.0        1963.33 
  1982.75          21.55         14.9           0.550         0.501        28.01          2.12          0.05     -999.25         -999.25        159.0        1963.53 
  1983.00          16.95         14.4           0.548         0.474        27.67          2.14          0.06     -999.25         -999.25        159.0        1963.73 
  1983.25          17.30         13.8           0.551         0.515        29.75          2.15          0.07     -999.25         -999.25        159.0        1963.94 
  1983.50          16.97         13.2           0.554         0.557        31.61          2.15          0.07     -999.25         -999.25        159.1        1964.14 
  1983.75          16.64         14.6           0.560         0.570        33.46          2.15          0.06     -999.25         -999.25        159.2        1964.34 
  1984.00          17.94         16.1           0.566         0.583        30.65          2.15          0.06     -999.25         -999.25        159.2        1964.54 
  1984.25          20.35         17.5           0.573         0.595        27.84          2.15          0.06     -999.25         -999.25        159.3        1964.74 
  1984.50          21.74         16.7           0.573         0.597        25.03          2.15          0.06     -999.25         -999.25        159.4        1964.94 
  1984.75          13.08         15.9           0.574         0.599        28.48          2.15          0.06     -999.25         -999.25        159.4        1965.14 
  1985.00          12.14         15.0           0.574         0.600        31.94          2.13          0.06     -999.25         -999.25        159.5        1965.34 
  1985.25          11.21         14.2           0.574         0.602        31.84          2.10          0.06     -999.25         -999.25        159.6        1965.55 
  1985.50          48.10         13.4           0.565         0.580        31.75          2.11          0.06     -999.25         -999.25        159.6        1965.75 
  1985.75          44.16         12.6           0.556         0.557        31.66          2.12          0.07     -999.25         -999.25        159.7        1965.95 
  1986.00          42.62         11.8           0.556         0.551        31.56          2.12          0.07     -999.25         -999.25        159.8        1966.15 
  1986.25          40.09         13.9           0.557         0.545        31.38          2.12          0.07     -999.25         -999.25        159.8        1966.35 
  1986.50          37.55         16.1           0.557         0.539        31.19          2.12          0.07     -999.25         -999.25        159.9        1966.55 
  1986.75          42.27         18.2           0.557         0.533        29.77          2.13          0.07     -999.25         -999.25        160.0        1966.75 
  1987.00          39.79         20.3           0.554         0.535        28.35          2.13          0.07     -999.25         -999.25        160.0        1966.95 
  1987.25          37.56         21.2           0.551         0.537        35.87          2.11          0.07     -999.25         -999.25        160.1        1967.15 
  1987.50          33.98         21.0           0.548         0.539        35.70          2.09          0.06     -999.25         -999.25        160.2        1967.35 
  1987.75          29.90         20.8           0.548         0.551        35.53          2.07          0.06     -999.25         -999.25        160.2        1967.55 
  1988.00          25.81         20.5           0.547         0.547        35.36          2.11          0.06     -999.25         -999.25        160.3        1967.75 
  1988.25          17.86         20.3           0.546         0.543        35.19          2.11          0.06     -999.25         -999.25        160.4        1967.95 
  1988.50          11.89         20.4           0.545         0.539        35.01          2.11          0.07     -999.25         -999.25        160.4        1968.15 
  1988.75          10.94         20.5           0.544         0.533        34.84          2.11          0.07     -999.25         -999.25        160.5        1968.35 
  1989.00          11.82         20.6           0.543         0.528        34.67          2.11          0.07     -999.25         -999.25        160.6        1968.55 
  1989.25          13.87         20.8           0.542         0.522        34.50          2.11          0.08     -999.25         -999.25        160.6        1968.75 
  1989.50          15.91         21.9           0.542         0.516        34.33          2.11          0.08     -999.25         -999.25        160.7        1968.95 
  1989.75          24.58         23.0           0.540         0.522        34.16          2.11          0.09     -999.25         -999.25        160.8        1969.15 
  1990.00          30.45         24.1           0.539         0.527        33.99          2.11          0.09     -999.25         -999.25        160.8        1969.35 
  1990.25          25.73         25.2           0.591         0.530        33.82          2.12          0.09     -999.25         -999.25        160.9        1969.55 
  1990.50          26.38         26.3           0.575         0.533        33.65          2.12          0.09     -999.25         -999.25        161.0        1969.75 
  1990.75          27.04         27.4           0.559         0.536        33.48          2.12          0.09     -999.25         -999.25        161.0        1969.95 
  1991.00          29.77         28.7           0.544         0.539        33.30          2.12          0.08     -999.25         -999.25        161.1        1970.15 
  1991.25          23.12         30.0           0.553         0.539        33.13          2.12          0.08     -999.25         -999.25        161.2        1970.35 
  1991.50          23.10         31.3           0.563         0.539        32.96          2.12          0.08     -999.25         -999.25        161.2        1970.55 
  1991.75          23.78         32.5           0.573         0.539        32.79          2.12          0.08     -999.25         -999.25        161.3        1970.75 
  1992.00          23.36         38.4           0.582         0.539        32.62          2.12          0.08     -999.25         -999.25        161.4        1970.95 
  1992.25          22.95         44.2           0.602         0.602        32.45          2.12          0.08     -999.25         -999.25        161.4        1971.15 
  1992.50          27.18         50.0           0.621         0.666        32.28          2.12          0.08     -999.25         -999.25        161.5        1971.34 
  1992.75          33.27         55.8           0.619         0.664        32.11          2.12          0.08     -999.25         -999.25        161.6        1971.54 
  1993.00          40.64         61.6           0.617         0.662        31.94          2.12          0.08     -999.25         -999.25        161.6        1971.74 
  1993.25          41.70         67.4           0.615         0.660        32.98          2.12          0.08     -999.25         -999.25        161.7        1971.94 
  1993.50          42.77         58.7           0.613         0.658        34.01          2.12          0.08     -999.25         -999.25        161.8        1972.14 
  1993.75          44.37         50.0           0.417         0.379        35.05          2.12          0.08     -999.25         -999.25        161.8        1972.34 
  1994.00          47.05         41.3           0.479         0.439        36.09          2.12          0.08     -999.25         -999.25        161.9        1972.54 
  1994.25          47.75         32.5           0.541         0.500        37.13          2.12          0.07     -999.25         -999.25        162.0        1972.74 
  1994.50          49.70         34.5           0.576         0.557        36.24          2.12          0.07     -999.25         -999.25        162.0        1972.93 
  1994.75          44.91         36.4           0.538         0.505        35.36          2.12          0.07     -999.25         -999.25        162.1        1973.13 
  1995.00          40.12         38.4           0.566         0.531        34.47          2.12          0.07     -999.25         -999.25        162.2        1973.33 
  1995.25          34.05         40.3           0.594         0.556        33.58          2.12          0.07     -999.25         -999.25        162.2        1973.53 
  1995.50          30.24         42.3           0.622         0.582        32.69          2.12          0.07     -999.25         -999.25        162.3        1973.73 
  1995.75          26.37         44.2           0.625         0.584        32.32          2.11          0.06     -999.25         -999.25        162.4        1973.93 
  1996.00          23.47         46.2           0.627         0.587        31.94          2.11          0.06     -999.25         -999.25        162.4        1974.12 
  1996.25          20.56         48.1           0.630         0.589        31.57          2.10          0.06     -999.25         -999.25        162.5        1974.32 
  1996.50          17.34         47.2           0.632         0.616        31.19          2.10          0.06     -999.25         -999.25        162.6        1974.52 
  1996.75          19.84         46.2           0.651         0.689        30.92          2.10          0.06     -999.25         -999.25        162.6        1974.72 
  1997.00          22.22         32.3           0.654         0.659        30.65          2.09          0.07     -999.25         -999.25        162.7        1974.91 
  1997.25          25.08         18.4           0.658         0.629        30.38          2.09          0.07     -999.25         -999.25        162.8        1975.11 
  1997.50          26.39         62.7           0.603         0.551        30.11          2.08          0.07     -999.25         -999.25        162.8        1975.31 
  1997.75          27.70        116.9           0.639         0.609        33.83          2.08          0.07     -999.25         -999.25        162.9        1975.51 
  1998.00          28.53         82.3           0.628         0.629        37.56          2.08          0.07     -999.25         -999.25        163.0        1975.70 
  1998.25          29.69         47.8           0.615         0.644        34.84          2.08          0.07     -999.25         -999.25        163.0        1975.90 
  1998.50          28.12         13.2           0.601         0.658        32.12          2.08          0.07     -999.25         -999.25        163.1        1976.10 
  1998.75          27.77         12.5           0.597         0.611        29.39          2.10          0.06     -999.25         -999.25        163.2        1976.30 
  1999.00          27.41         11.8           0.593         0.563        32.02          2.11          0.06     -999.25         -999.25        163.2        1976.49 
  1999.25          26.68         11.7           0.587         0.545        34.65          2.13          0.05     -999.25         -999.25        163.3        1976.69 
  1999.50          26.56         11.6           0.592         0.527        33.13          2.14          0.04     -999.25         -999.25        163.4        1976.89 
  1999.75          24.35         11.5           0.588         0.565        31.62          2.24          0.07     -999.25         -999.25        163.4        1977.08 
  2000.00          26.02         11.3           0.584         0.602        30.11          2.22          0.07     -999.25         -999.25        163.5        1977.28 
  2000.25          27.17         11.6           0.515         0.588        29.57          2.19          0.07     -999.25         -999.25        163.6        1977.48 
  2000.50          28.32         11.9           0.445         0.573        29.04          2.20          0.06     -999.25         -999.25        163.6        1977.67 
  2000.75          29.24         12.1           0.376         0.559        30.96          2.21          0.06     -999.25         -999.25        163.7        1977.87 
  2001.00          29.79         12.4           0.306         0.545        32.87          2.20          0.06     -999.25         -999.25        163.8        1978.07 
  2001.25          30.34         12.7           0.375         0.568        34.79          2.18          0.07     -999.25         -999.25        163.8        1978.26 
  2001.50          28.95         13.0           0.444         0.590        36.71          2.17          0.08     -999.25         -999.25        163.9        1978.46 
  2001.75          27.80         13.2           0.513         0.613        35.03          2.15          0.08     -999.25         -999.25        164.0        1978.66 
  2002.00          26.64         10.9           0.582         0.636        33.36          2.13          0.09     -999.25         -999.25        164.0        1978.85 
  2002.25          26.14          9.7           0.652         0.658        31.69          2.14          0.08     -999.25         -999.25        164.1        1979.05 
  2002.50          24.70          8.5           0.630         0.401        30.02          2.15          0.08     -999.25         -999.25        164.2        1979.25 
  2002.75          15.25          8.7           0.627         0.420        28.35          2.16          0.07     -999.25         -999.25        164.2        1979.44 
  2003.00          12.34          8.9           0.624         0.439        28.07          2.17          0.07     -999.25         -999.25        164.3        1979.64 
  2003.25           9.44          9.0           0.621         0.457        27.79          2.18          0.07     -999.25         -999.25        164.4        1979.83 
  2003.50           8.37          9.2           0.618         0.476        27.50          2.19          0.06     -999.25         -999.25        164.4        1980.03 
  2003.75          12.00          9.4           0.615         0.495        27.22          2.20          0.06     -999.25         -999.25        164.5        1980.22 
  2004.00          18.09          9.6           0.612         0.513        26.94          2.21          0.07     -999.25         -999.25        164.6        1980.42 
  2004.25          21.28          9.8           0.609         0.532        26.66          2.19          0.06     -999.25         -999.25        164.7        1980.62 
  2004.50          19.57          9.9           0.606         0.551        26.81          2.17          0.04     -999.25         -999.25        164.8        1980.81 
  2004.75          17.86         10.1           0.603         0.569        26.96          2.19          0.05     -999.25         -999.25        164.9        1981.01 
  2005.00          13.89         10.3           0.601         0.588        27.11          2.20          0.06     -999.25         -999.25        164.9        1981.20 
  2005.25          11.41         10.5           0.598         0.606        27.26          2.21          0.07     -999.25         -999.25        165.0        1981.40 
  2005.50          14.13         10.6           0.595         0.625        27.41          2.22          0.07     -999.25         -999.25        165.1        1981.59 
  2005.75          13.95         10.8           0.592         0.644        27.56          2.22          0.07     -999.25         -999.25        165.2        1981.79 
  2006.00          13.78         11.0           0.585         0.658        27.71          2.22          0.07     -999.25         -999.25        165.3        1981.98 
  2006.25          15.65         11.2           0.587         0.660        27.86          2.22          0.07     -999.25         -999.25        165.4        1982.18 
  2006.50          16.21         11.3           0.588         0.662        28.01          2.22          0.07     -999.25         -999.25        165.4        1982.37 
  2006.75          14.31         11.1           0.589         0.664        28.01          2.22          0.07     -999.25         -999.25        165.5        1982.56 
  2007.00          14.03         10.8           0.590         0.666        35.87          2.22          0.07     -999.25         -999.25        165.6        1982.76 
  2007.25          13.39         10.5           0.598         0.659        26.99          2.22          0.07     -999.25         -999.25        165.7        1982.95 
  2007.50          12.74         10.2           0.606         0.651        27.08          2.22          0.07     -999.25         -999.25        165.8        1983.15 
  2007.75          20.57          9.9           0.614         0.644        27.16          2.22          0.07     -999.25         -999.25        165.9        1983.34 
  2008.00          16.86         11.1           0.622         0.637        27.24          2.22          0.07     -999.25         -999.25        166.0        1983.54 
  2008.25          20.46         12.3           0.630         0.629        27.33          2.22          0.07     -999.25         -999.25        166.0        1983.73 
  2008.50          45.84         13.5           0.638         0.658        26.34          2.22          0.07     -999.25         -999.25        166.1        1983.92 
  2008.75          71.22         14.6           0.636         0.651        25.35          2.23          0.08     -999.25         -999.25        166.2        1984.12 
  2009.00         132.21         13.2           0.634         0.644        23.76          2.23          0.09     -999.25         -999.25        166.3        1984.31 
  2009.25         202.44         11.8           0.632         0.637        27.66          2.24          0.07     -999.25         -999.25        166.4        1984.50 
  2009.50         235.30         11.9           0.630         0.630        31.56          2.50          0.12     -999.25         -999.25        166.5        1984.70 
  2009.75         236.70         12.0           0.628         0.623        30.72          2.75          0.17     -999.25         -999.25        166.6        1984.89 
  2010.00         235.61         12.1           0.626         0.616        29.88          3.01          0.22     -999.25         -999.25        166.6        1985.08 
  2010.25         234.52         12.2           0.589         0.533        29.04          2.19          0.06     -999.25         -999.25        166.7        1985.28 
  2010.50         233.89         12.3           0.592         0.542        29.75          2.21          0.06     -999.25         -999.25        166.8        1985.47 
  2010.75         226.09         12.8           0.596         0.551        28.72          2.22          0.06     -999.25         -999.25        166.9        1985.66 
  2011.00         225.82         13.2           0.599         0.507        27.69          2.21          0.07     -999.25         -999.25        167.0        1985.86 
  2011.25         132.10         13.7           0.602         0.464        26.66          2.19          0.09     -999.25         -999.25        167.1        1986.05 
  2011.50          38.37         13.7           0.604         0.487        28.38          2.16          0.09     -999.25         -999.25        167.1        1986.24 
  2011.75          29.65         13.7           0.606         0.510        30.11          2.17          0.09     -999.25         -999.25        166.1        1986.43 
  2012.00          21.24         13.7           0.609         0.533        28.13          2.18          0.09     -999.25         -999.25        165.0        1986.63 
  2012.25          13.85         13.3           0.619         0.644        26.16          2.19          0.09     -999.25         -999.25        163.9        1986.82 
  2012.50          36.76         13.0           0.620         0.628        24.19          2.19          0.09     -999.25         -999.25        162.9        1987.01 
  2012.75          45.71         12.6           0.621         0.611        22.21          2.21          0.06     -999.25         -999.25        161.8        1987.20 
  2013.00          54.67         12.3           0.622         0.595        22.38          2.21          0.06     -999.25         -999.25        160.7        1987.40 
  2013.25          86.44         14.0           0.605         0.586        22.55          2.21          0.06     -999.25         -999.25        159.7        1987.59 
  2013.50          37.98         15.7           0.587         0.577        22.73          2.20          0.06     -999.25         -999.25        158.6        1987.78 
  2013.75          34.09         17.5           0.570         0.567        22.90          2.19          0.06     -999.25         -999.25        157.5        1987.97 
  2014.00          30.56         16.4           0.553         0.558        23.07          2.17          0.06     -999.25         -999.25        156.5        1988.16 
  2014.25          32.89         15.4           0.443         0.548        23.24          2.16          0.06     -999.25         -999.25        155.4        1988.36 
  2014.50          35.22         14.4           0.333         0.539        23.41          2.14          0.06     -999.25         -999.25        154.3        1988.55 
  2014.75          37.12         13.3           0.543         0.527        23.58          2.12          0.06     -999.25         -999.25        153.3        1988.74 
  2015.00          31.86         12.3           0.539         0.529        23.76          2.12          0.05     -999.25         -999.25        152.2        1988.93 
  2015.25          34.01         18.6           0.535         0.530        30.23          2.11          0.05     -999.25         -999.25        151.1        1989.12 
  2015.50          34.57         24.9           0.531         0.532        36.71          2.10          0.05     -999.25         -999.25        150.1        1989.31 
  2015.75          35.12         31.1           0.527         0.533        35.87          2.09          0.05     -999.25         -999.25        149.0        1989.50 
  2016.00          34.25         30.9           0.530         0.539        35.03          2.08          0.05     -999.25         -999.25        147.9        1989.70 
  2016.25          37.19         30.7           0.534         0.545        34.19          2.07          0.04     -999.25         -999.25        146.9        1989.89 
  2016.50          26.41         30.2           0.537         0.551        33.35          2.06          0.04     -999.25         -999.25        145.8        1990.08 
  2016.75          25.51         29.7           0.616         0.602        32.51          2.05          0.04     -999.25         -999.25        144.7        1990.27 
  2017.00          26.48         29.2           0.609         0.597        31.67          2.06          0.05     -999.25         -999.25        143.7        1990.46 
  2017.25          27.44         28.8           0.601         0.591        30.83          2.07          0.05     -999.25         -999.25        142.6        1990.65 
  2017.50          26.70         28.3           0.593         0.586        30.47          2.07          0.06     -999.25         -999.25        141.5        1990.84 
  2017.75          35.49         27.8           0.586         0.581        30.11          2.08          0.06     -999.25         -999.25        140.5        1991.03 
  2018.00          39.61         27.5           0.578         0.576        29.75          2.09          0.06     -999.25         -999.25        139.4        1991.22 
  2018.25          31.62         27.2           0.571         0.570        30.06          2.10          0.06     -999.25         -999.25        138.3        1991.41 
  2018.50          23.64         26.9           0.563         0.565        30.37          2.10          0.06     -999.25         -999.25        137.3        1991.60 
  2018.75          18.56         26.6           0.556         0.560        30.68          2.11          0.06     -999.25         -999.25        136.2        1991.79 
  2019.00          19.16         26.3           0.548         0.555        30.99          2.12          0.06     -999.25         -999.25        135.1        1991.98 
  2019.25          20.02         25.9           0.541         0.550        31.30          2.12          0.06     -999.25         -999.25        134.1        1992.17 
  2019.50          16.48         25.6           0.533         0.544        31.61          2.13          0.06     -999.25         -999.25        133.0        1992.36 
  2019.75          20.75         25.3           0.526         0.539        31.92          2.14          0.06     -999.25         -999.25        131.9        1992.55 
  2020.00          25.02         25.0           0.564         0.595        32.22          2.14          0.06     -999.25         -999.25        130.8        1992.74 
  2020.25          16.84         24.5           0.603         0.651        32.53          2.15          0.06     -999.25         -999.25        129.8        1992.93 
  2020.50          16.84         24.1           0.611         0.673        32.84          2.16          0.06     -999.25         -999.25        128.7        1993.12 
  2020.75          16.51         30.2           0.625         0.673        33.15          2.17          0.06     -999.25         -999.25        127.6        1993.31 
  2021.00          17.50         36.3           0.313         0.762        33.46          2.17          0.06     -999.25         -999.25        126.6        1993.50 
  2021.25          18.50         39.6           0.244        89.988        32.79          2.16          0.06     -999.25         -999.25        125.5        1993.69 
  2021.50          21.74         36.0           0.175       179.214        32.12          2.16          0.06     -999.25         -999.25        124.4        1993.87 
  2021.75          28.58         32.4           0.106       268.440        31.45          2.15          0.06     -999.25         -999.25        123.4        1994.06 
  2022.00          25.56         28.8           0.364       134.525        30.78          2.14          0.06     -999.25         -999.25        122.3        1994.25 
  2022.25          35.86         29.4           0.621         0.609        30.11          2.14          0.06     -999.25         -999.25        121.2        1994.44 
  2022.50          33.45         30.0           7.675         0.713        34.49          2.13          0.06     -999.25         -999.25        120.2        1994.63 
  2022.75          31.04         30.5           0.697         0.789        38.88          2.12          0.06     -999.25         -999.25        119.1        1994.82 
  2023.00          31.23         31.1           0.729         0.720        37.88          2.13          0.06     -999.25         -999.25        118.0        1995.01 
  2023.25          34.36         29.2           0.815         0.916        36.87          2.14          0.06     -999.25         -999.25        117.0        1995.19 
  2023.50          34.37         28.6           0.838         0.892        35.87          2.15          0.06     -999.25         -999.25        115.9        1995.38 
  2023.75          31.76         27.9           0.861         0.869        34.86          2.16          0.07     -999.25         -999.25        114.8        1995.57 
  2024.00          28.74         27.3           0.883         0.845        33.85          2.17          0.07     -999.25         -999.25        113.8        1995.76 
  2024.25          25.72         26.6           0.952         0.798        30.91          2.18          0.07     -999.25         -999.25        112.7        1995.95 
  2024.50          22.32         25.9           0.659         0.609        27.97          2.19          0.07     -999.25         -999.25        111.6        1996.13 
  2024.75          22.04         50.9           0.983         0.937        25.03          2.20          0.08     -999.25         -999.25        110.6        1996.32 
  2025.00          19.86         48.6           0.941         1.813        25.21          2.20          0.08     -999.25         -999.25        109.5        1996.51 
  2025.25          20.85         46.2           0.914         1.544        25.40          2.20          0.08     -999.25         -999.25        108.4        1996.70 
  2025.50          21.84         43.9           0.888         1.274        25.58          2.21          0.08     -999.25         -999.25        107.4        1996.89 
  2025.75          21.05         41.5           0.861         1.004        25.77          2.21          0.09     -999.25         -999.25        106.3        1997.07 
  2026.00          83.74         35.4           0.829         0.924        25.96          2.21          0.09     -999.25         -999.25        105.2        1997.26 
  2026.25         160.25         29.2           0.797         0.843        26.14          2.21          0.08     -999.25         -999.25        104.2        1997.45 
  2026.50         237.66         23.1           0.765         0.763        26.33          2.20          0.07     -999.25         -999.25        103.1        1997.63 
  2026.75         249.99         22.4           0.733         0.682        25.92          2.20          0.07     -999.25         -999.25        102.0        1997.82 
  2027.00         262.32         21.6           0.701         0.602        25.52          2.19          0.07     -999.25         -999.25        101.0        1998.01 
  2027.25         248.40         20.9           0.683         0.561        25.11          2.19          0.07     -999.25         -999.25         99.9        1998.19 
  2027.50         229.01         20.1           0.664         0.520        24.71          2.18          0.07     -999.25         -999.25         98.8        1998.38 
  2027.75         215.11         19.4           0.646         0.479        25.08          2.17          0.07     -999.25         -999.25         97.8        1998.57 
  2028.00         188.92         19.8           0.645         0.516        25.45          2.17          0.07     -999.25         -999.25         96.7        1998.75 
  2028.25         162.73         20.3           0.645         0.554        25.83          2.16          0.07     -999.25         -999.25         95.6        1998.94 
  2028.50          94.77         20.8           0.644         0.591        26.20          2.15          0.07     -999.25         -999.25         94.5        1999.13 
  2028.75          25.16         21.6           0.643         0.628        26.58          2.19          0.07     -999.25         -999.25         93.5        1999.31 
  2029.00          15.86         22.4           0.642         0.666        26.95          2.23          0.07     -999.25         -999.25         92.4        1999.50 
  2029.25          10.81         23.2           0.666         0.666        27.33          2.27          0.07     -999.25         -999.25         91.3        1999.69 
  2029.50           9.64         24.1           0.690         0.666        26.50          2.26          0.07     -999.25         -999.25         90.3        1999.87 
  2029.75           8.47         64.2           0.702         0.652        25.67          2.25          0.07     -999.25         -999.25         89.2        2000.06 
  2030.00          11.98        104.4           0.714         0.637        24.25          2.24          0.07     -999.25         -999.25         88.1        2000.24 
  2030.25          15.67        144.5           0.725         0.623        22.82          2.22          0.06     -999.25         -999.25        114.5        2000.43 
  2030.50          16.83        184.7           0.737         0.609        23.59          2.21          0.06     -999.25         -999.25        140.8        2000.61 
  2030.75          12.19        224.9           0.726         0.666        24.36          2.20          0.06     -999.25         -999.25        167.1        2000.80 
  2031.00           7.55        265.0           0.714         0.723        25.12          2.18          0.06     -999.25         -999.25        167.1        2000.98 
  2031.25           7.22        305.2           0.703         0.780        25.89          2.19          0.06     -999.25         -999.25        167.1        2001.17 
  2031.50          13.10        345.3           0.681         0.734        26.66          2.19          0.06     -999.25         -999.25        167.1        2001.36 
  2031.75          17.46        385.5           0.658         0.689        25.62          2.19          0.07     -999.25         -999.25        167.1        2001.54 
  2032.00          21.16         22.2           0.649         0.583        24.59          2.19          0.07     -999.25         -999.25        167.1        2001.73 
  2032.25          17.39         17.0           0.640         0.476        23.55          2.19          0.07     -999.25         -999.25        167.1        2001.91 
  2032.50          13.61         19.3           0.630         0.370        22.52          2.18          0.07     -999.25         -999.25        167.1        2002.10 
  2032.75          12.16         21.6           0.621         0.264        23.64          2.18          0.07     -999.25         -999.25        167.1        2002.28 
  2033.00          16.34         23.9           0.611         0.350        24.75          2.17          0.07     -999.25         -999.25        167.1        2002.46 
  2033.25          16.34         26.2           0.602         0.436        25.87          2.16          0.07     -999.25         -999.25        167.1        2002.65 
  2033.50          16.35         28.4           0.592         0.522        26.99          2.13          0.06     -999.25         -999.25        167.1        2002.83 
  2033.75          16.35         30.7           0.583         0.609        24.75          2.15          0.06     -999.25         -999.25        167.1        2003.02 
  2034.00          24.04         33.0           0.591         0.617        22.52          2.17          0.06     -999.25         -999.25        167.1        2003.20 
  2034.25          20.92         25.5           0.599         0.625        22.78          2.19          0.07     -999.25         -999.25        167.1        2003.39 
  2034.50          24.46         17.9           0.608         0.633        23.03          2.21          0.07     -999.25         -999.25        167.1        2003.57 
  2034.75          32.77         15.6           0.616         0.641        23.29          2.22          0.07     -999.25         -999.25        167.1        2003.76 
  2035.00          36.01         15.7           0.624         0.650        23.55          2.23          0.07     -999.25         -999.25        167.1        2003.94 
  2035.25          39.25         15.9           0.633         0.658        23.81          2.24          0.07     -999.25         -999.25        167.1        2004.12 
  2035.50          39.63         16.1           0.641         0.666        24.07          2.23          0.06     -999.25         -999.25        167.1        2004.31 
  2035.75          40.67         16.2           0.647         0.682        24.60          2.21          0.06     -999.25         -999.25        167.1        2004.49 
  2036.00          49.76         16.4           0.652         0.697        25.14          2.19          0.05     -999.25         -999.25        167.1        2004.67 
  2036.25          37.48         16.5           0.657         0.713        25.67          2.17          0.04     -999.25         -999.25        167.1        2004.86 
  2036.50          36.43         16.4           0.663         0.729        25.89          2.19          0.05     -999.25         -999.25        167.1        2005.04 
  2036.75          35.38         16.4           0.668         0.745        26.11          2.21          0.07     -999.25         -999.25        167.1        2005.22 
  2037.00          41.66         16.3           0.688         0.658        26.33          2.22          0.08     -999.25         -999.25        167.1        2005.41 
  2037.25          55.48         16.2           0.695         0.720        26.66          2.24          0.09     -999.25         -999.25        167.1        2005.59 
  2037.50          22.57         16.1           0.691         0.715        26.99          2.25          0.10     -999.25         -999.25        167.1        2005.77 
  2037.75          20.36         16.1           0.687         0.710        26.55          2.19          0.08     -999.25         -999.25        167.1        2005.96 
  2038.00          18.15         16.7           0.684         0.705        26.11          2.12          0.06     -999.25         -999.25        167.1        2006.14 
  2038.25          26.07         17.3           0.680         0.699        25.67          2.13          0.06     -999.25         -999.25        167.1        2006.32 
  2038.50          35.16         17.9           0.677         0.694        25.51          2.14          0.06     -999.25         -999.25        167.1        2006.51 
  2038.75          42.19         17.4           0.673         0.689        25.35          2.15          0.06     -999.25         -999.25        167.1        2006.69 
  2039.00          58.54         16.9           0.667         0.702        25.73          2.15          0.06     -999.25         -999.25        166.2        2006.87 
  2039.25          56.61         16.3           0.661         0.715        26.12          2.18          0.07     -999.25         -999.25        165.3        2007.05 
  2039.50          54.68         15.8           0.654         0.728        26.51          2.20          0.09     -999.25         -999.25        164.4        2007.24 
  2039.75          32.08         15.2           0.645         0.695        26.89          2.21          0.09     -999.25         -999.25        164.4        2007.42 
  2040.00          28.83         14.7           0.635         0.662        27.28          2.21          0.09     -999.25         -999.25        164.4        2007.60 
  2040.25          20.10         14.2           0.625         0.629        27.67          2.21          0.08     -999.25         -999.25        164.4        2007.78 
  2040.50          19.18         15.2           0.616         0.595        28.10          2.22          0.08     -999.25         -999.25        164.4        2007.97 
  2040.75          18.26         16.3           0.613         0.593        28.53          2.22          0.08     -999.25         -999.25        164.4        2008.15 
  2041.00          42.79         17.3           0.610         0.591        28.96          2.22          0.08     -999.25         -999.25        164.4        2008.33 
  2041.25         104.65         18.4           0.607         0.589        29.39          2.23          0.08     -999.25         -999.25        164.4        2008.51 
  2041.50         176.94         17.9           0.613         0.574        28.26          2.23          0.08     -999.25         -999.25        164.4        2008.69 
  2041.75         245.81         17.5           0.619         0.560        27.13          2.23          0.07     -999.25         -999.25        164.4        2008.87 
  2042.00         162.01         17.0           0.625         0.545        26.00          2.23          0.07     -999.25         -999.25        164.4        2009.06 
  2042.25          78.21         16.5           0.632         0.601        24.83          2.21          0.07     -999.25         -999.25        164.5        2009.24 
  2042.50          55.58         16.1           0.638         0.658        23.65          2.22          0.07     -999.25         -999.25        164.5        2009.42 
  2042.75          35.69         15.6           0.644         0.714        22.48          2.22          0.06     -999.25         -999.25        164.6        2009.60 
  2043.00          33.20         15.6           0.650         0.771        21.30          2.22          0.06     -999.25         -999.25        164.6        2009.78 
  2043.25          40.61         15.6           0.665         0.771        23.98          2.22          0.06     -999.25         -999.25        164.7        2009.96 
  2043.50          48.01         15.6           0.678         0.759        26.66          2.22          0.06     -999.25         -999.25        164.7        2010.14 
  2043.75          47.78         15.6           0.692         0.748        22.52          2.22          0.06     -999.25         -999.25        164.8        2010.32 
  2044.00          48.31         15.6           0.705         0.737        23.76          2.21          0.06     -999.25         -999.25        164.8        2010.51 
  2044.25          53.80         16.8           0.703         0.731        23.13          2.23          0.07     -999.25         -999.25        164.9        2010.69 
  2044.50          39.48         17.9           0.702         0.725        27.91          2.24          0.08     -999.25         -999.25        164.9        2010.87 
  2044.75          32.41         19.2           0.700         0.720        32.69          2.26          0.09     -999.25         -999.25        165.0        2011.05 
  2045.00          25.34         20.5           0.674         0.673        24.07          2.27          0.10     -999.25         -999.25        165.1        2011.23 
  2045.25          41.53         21.8           0.649         0.627        24.98          2.22          0.09     -999.25         -999.25        165.1        2011.41 
  2045.50          29.16         23.1           0.623         0.580        25.90          2.17          0.07     -999.25         -999.25        165.2        2011.59 
  2045.75          32.61         25.7           0.598         0.533        26.81          2.12          0.06     -999.25         -999.25        165.2        2011.77 
  2046.00          35.02         28.3           0.583         0.533        27.72          2.07          0.06     -999.25         -999.25        165.3        2011.95 
  2046.25          30.56         30.9           0.568         0.533        28.64          2.10          0.07     -999.25         -999.25        165.3        2012.13 
  2046.50          26.10         33.5           0.553         0.533        29.55          2.10          0.09     -999.25         -999.25        165.4        2012.31 
  2046.75          20.97         34.9           0.564         0.539        30.47          2.09          0.07     -999.25         -999.25        165.4        2012.49 
  2047.00          18.57         36.3           0.575         0.545        29.39          2.10          0.09     -999.25         -999.25        165.5        2012.67 
  2047.25          21.78         37.7           0.586         0.551        31.82          2.10          0.09     -999.25         -999.25        165.5        2012.85 
  2047.50          25.05         41.6           0.598         0.557        34.25          2.09          0.08     -999.25         -999.25        165.6        2013.03 
  2047.75          28.33         45.5           0.609         0.563        34.40          2.09          0.08     -999.25         -999.25        165.6        2013.21 
  2048.00          34.55         49.3           0.697         0.681        34.55          2.08          0.08     -999.25         -999.25        165.7        2013.39 
  2048.25          33.58         53.2           0.697         0.838        34.70          2.08          0.08     -999.25         -999.25        165.7        2013.57 
  2048.50          27.81         57.1           0.696         0.995        34.85          2.07          0.07     -999.25         -999.25        165.8        2013.75 
  2048.75          23.26         58.0           0.696         1.152        35.00          2.12          0.07     -999.25         -999.25        165.8        2013.93 
  2049.00          22.41         58.3           0.695         1.008        35.16          2.17          0.07     -999.25         -999.25        165.9        2014.10 
  2049.25          21.56         58.6           0.693         0.864        35.31          2.21          0.07     -999.25         -999.25        165.9        2014.28 
  2049.50          28.44         58.9           0.691         0.720        35.46          2.09          0.07     -999.25         -999.25        166.0        2014.46 
  2049.75          25.13         48.8           0.686         0.658        34.60          2.09          0.07     -999.25         -999.25        166.0        2014.64 
  2050.00          32.30         38.7           0.663         0.622        33.75          2.09          0.07     -999.25         -999.25        166.1        2014.82 
  2050.25          31.03         40.4           0.663         0.587        32.90          2.09          0.07     -999.25         -999.25        166.2        2015.00 
  2050.50          29.76         42.2           0.662         0.551        32.05          2.09          0.07     -999.25         -999.25        166.2        2015.18 
  2050.75          34.11         44.0           0.695         0.666        31.19          2.09          0.07     -999.25         -999.25        166.3        2015.36 
  2051.00          35.34         45.7           0.722         0.767        31.38          2.09          0.07     -999.25         -999.25        166.3        2015.53 
  2051.25          35.29         54.7           0.748         0.869        31.57          2.09          0.07     -999.25         -999.25        166.4        2015.71 
  2051.50          31.58         63.6           0.775         0.970        31.75          2.09          0.07     -999.25         -999.25        166.4        2015.89 
  2051.75          28.13         67.1           0.800         0.980        31.94          2.12          0.07     -999.25         -999.25        166.5        2016.07 
  2052.00          24.67         70.5           0.825         0.990        32.13          2.14          0.07     -999.25         -999.25        166.5        2016.25 
  2052.25          34.20         73.9           0.850         1.000        32.31          2.17          0.07     -999.25         -999.25        166.6        2016.42 
  2052.50          28.00         77.4           0.875         1.011        33.73          2.19          0.07     -999.25         -999.25        166.6        2016.60 
  2052.75          26.87         80.8           0.900         1.021        35.15          2.22          0.08     -999.25         -999.25        166.7        2016.78 
  2053.00          30.02         84.2           0.925         1.031        36.58          2.25          0.08     -999.25         -999.25        166.7        2016.96 
  2053.25          33.16         87.6           0.950         1.041        38.00          2.27          0.09     -999.25         -999.25        166.8        2017.14 
  2053.50          26.77         91.1           0.975         1.051        38.26          2.30          0.09     -999.25         -999.25        166.8        2017.31 
  2053.75          25.83         94.5           0.796         0.851        38.53          2.32          0.10     -999.25         -999.25        166.9        2017.49 
  2054.00          25.36         97.9           0.616         0.651        38.80          2.35          0.10     -999.25         -999.25        166.9        2017.67 
  2054.25          23.09        101.3           0.844         0.978        39.07          2.38          0.10     -999.25         -999.25        167.0        2017.85 
  2054.50          20.12        100.7           1.073         1.305        39.33          2.38          0.10     -999.25         -999.25        167.0        2018.02 
  2054.75          17.15        100.1           1.089         1.414        39.00          2.38          0.10     -999.25         -999.25        167.1        2018.20 
  2055.00          15.83         99.5           1.106         1.524        38.66          2.38          0.10     -999.25         -999.25        167.1        2018.38 
  2055.25          16.26         92.1           1.068         1.524        38.33          2.38          0.09     -999.25         -999.25        167.2        2018.55 
  2055.50          22.55         84.7           1.031         1.524        38.00          2.39          0.09     -999.25         -999.25        167.3        2018.73 
  2055.75          28.22         77.3           0.946         1.409        36.21          2.32          0.08     -999.25         -999.25        167.3        2018.91 
  2056.00          33.89         64.7           0.861         1.294        34.42          2.25          0.08     -999.25         -999.25        167.4        2019.08 
  2056.25          35.09         52.1           0.775         1.179        32.62          2.18          0.08     -999.25         -999.25        167.4        2019.26 
  2056.50          27.53         39.5           0.727         0.969        30.83          2.11          0.07     -999.25         -999.25        167.5        2019.44 
  2056.75          24.63         26.9           0.679         0.760        29.04          2.10          0.07     -999.25         -999.25        167.5        2019.61 
  2057.00          17.67         32.2           0.631         0.551        30.26          2.08          0.07     -999.25         -999.25        167.6        2019.79 
  2057.25          17.60         37.5           0.581         0.464        31.48          2.07          0.07     -999.25         -999.25        167.6        2019.97 
  2057.50          17.53         42.8           0.552         0.533        32.69          2.05          0.07     -999.25         -999.25        167.7        2020.14 
  2057.75          17.28         48.1           0.543         0.557        30.87          2.06          0.08     -999.25         -999.25        167.7        2020.32 
  2058.00          17.49         45.3           0.555         0.557        29.04          2.07          0.08     -999.25         -999.25        167.8        2020.49 
  2058.25          16.74         36.8           0.562         0.539        29.28          2.08          0.08     -999.25         -999.25        167.8        2020.67 
  2058.50          16.86         34.0           0.571         0.551        29.51          2.09          0.09     -999.25         -999.25        167.9        2020.85 
  2058.75          16.90         39.1           0.580         0.563        29.75          2.09          0.09     -999.25         -999.25        167.9        2021.02 
  2059.00          16.95         43.6           0.569         0.553        32.60          2.14          0.08     -999.25         -999.25        168.0        2021.20 
  2059.25          15.96         48.1           0.559         0.543        35.46          2.18          0.08     -999.25         -999.25        168.0        2021.37 
  2059.50          17.75         45.9           0.548         0.533        36.28          2.22          0.07     -999.25         -999.25        168.1        2021.55 
  2059.75           7.50         43.7           0.585         0.576        31.64          2.22          0.08     -999.25         -999.25        168.1        2021.72 
  2060.00          13.64         41.5           0.579         0.560        26.99          2.22          0.08     -999.25         -999.25        168.2        2021.90 
  2060.25          19.79         42.8           0.572         0.545        31.94          2.21          0.08     -999.25         -999.25        168.2        2022.07 
  2060.50          75.67         44.0           0.578         0.560        29.80          2.21          0.09     -999.25         -999.25        168.3        2022.25 
  2060.75         143.85         45.3           0.584         0.574        27.67          2.20          0.09     -999.25         -999.25        168.4        2022.42 
  2061.00         196.41         46.5           0.589         0.589        27.67          2.16          0.07     -999.25         -999.25        168.4        2022.60 
  2061.25         213.57         47.8           0.582         0.580        27.67          2.12          0.06     -999.25         -999.25        168.5        2022.77 
  2061.50         171.09         49.0           0.574         0.572        28.18          2.12          0.06     -999.25         -999.25        168.5        2022.95 
  2061.75         128.60         44.5           0.566         0.563        28.69          2.12          0.06     -999.25         -999.25        168.6        2023.12 
  2062.00          70.44         39.9           0.571         0.570        30.13          2.11          0.06     -999.25         -999.25        168.6        2023.30 
  2062.25          29.73         35.3           0.575         0.576        31.56          2.11          0.06     -999.25         -999.25        168.7        2023.47 
  2062.50          26.19         30.7           0.579         0.582        29.45          2.18          0.07     -999.25         -999.25        168.7        2023.65 
  2062.75          25.61         26.2           0.584         0.589        27.33          2.15          0.06     -999.25         -999.25        168.8        2023.82 
  2063.00          25.03         21.6           0.575         0.578        29.39          2.12          0.06     -999.25         -999.25        168.8        2024.00 
  2063.25          22.01         17.0           0.567         0.568        28.82          2.11          0.06     -999.25         -999.25        168.9        2024.17 
  2063.50          19.18         17.5           0.558         0.557        28.24          2.10          0.06     -999.25         -999.25        168.9        2024.34 
  2063.75          17.39         17.9           0.593         0.602        27.67          2.09          0.07     -999.25         -999.25        169.0        2024.52 
  2064.00          15.40         18.4           0.583         0.589        28.01          2.09          0.07     -999.25         -999.25        169.0        2024.69 
  2064.25          17.55         18.9           0.573         0.576        29.37          2.08          0.07     -999.25         -999.25        169.1        2024.87 
  2064.50          19.70         19.4           0.563         0.564        30.73          2.08          0.08     -999.25         -999.25        169.1        2025.04 
  2064.75          17.43         19.8           0.552         0.551        32.10          2.08          0.08     -999.25         -999.25        169.2        2025.21 
  2065.00          23.73         20.3           0.554         0.537        33.46          2.08          0.09     -999.25         -999.25        169.2        2025.39 
  2065.25          20.78         20.8           0.556         0.524        32.51          2.09          0.09     -999.25         -999.25        169.3        2025.56 
  2065.50          18.76         21.2           0.557         0.511        31.56          2.10          0.06     -999.25         -999.25        169.3        2025.73 
  2065.75          16.75         21.7           0.557         0.509        34.65          2.10          0.04     -999.25         -999.25        169.4        2025.91 
  2066.00          13.16         22.2           0.557         0.508        31.56          2.13          0.06     -999.25         -999.25        169.5        2026.08 
  2066.25           7.01         22.7           0.557         0.506        28.24          2.15          0.07     -999.25         -999.25        169.5        2026.25 
  2066.50           6.56         17.5           0.557         0.505        24.92          2.16          0.07     -999.25         -999.25        169.6        2026.43 
  2066.75           7.34         19.5           0.561         0.522        21.61          2.16          0.07     -999.25         -999.25        169.6        2026.60 
  2067.00           7.65         21.6           0.566         0.540        27.33          2.16          0.07     -999.25         -999.25        169.7        2026.77 
  2067.25           7.96         23.6           0.570         0.557        23.13          2.19          0.07     -999.25         -999.25        169.7        2026.95 
  2067.50         119.17         22.9           0.582         0.566        28.01          2.22          0.07     -999.25         -999.25        169.8        2027.12 
  2067.75         222.60         22.3           0.594         0.576        26.20          2.24          0.07     -999.25         -999.25        169.8        2027.29 
  2068.00         331.76         21.6           0.602         0.610        24.39          2.15          0.04     -999.25         -999.25        169.9        2027.46 
  2068.25         422.65         21.0           0.610         0.644        22.52          2.17          0.05     -999.25         -999.25        169.9        2027.64 
  2068.50         417.05         20.3           0.618         0.678        26.33          2.19          0.05     -999.25         -999.25        169.9        2027.81 
  2068.75         411.44         18.9           0.626         0.713        24.71          2.21          0.06     -999.25         -999.25        169.9        2027.98 
  2069.00         370.29         17.5           0.635         0.667        24.39          2.23          0.07     -999.25         -999.25        169.9        2028.15 
  2069.25         113.31         16.1           0.644         0.621        24.07          2.22          0.06     -999.25         -999.25        169.9        2028.33 
  2069.50          71.77         16.0           0.654         0.576        26.33          2.21          0.06     -999.25         -999.25        169.9        2028.50 
  2069.75          62.00         15.9           0.661         0.592        26.25          2.22          0.06     -999.25         -999.25        169.9        2028.67 
  2070.00          52.22         15.8           0.668         0.609        26.16          2.23          0.06     -999.25         -999.25        169.9        2028.84 
  2070.25          27.07         15.7           0.666         0.619        26.08          1.00         -0.25     -999.25         -999.25        169.9        2029.01 
  2070.50          20.13         15.7           0.664         0.630        26.00          2.20          0.06     -999.25         -999.25        169.9        2029.19 
  2070.75          27.29         15.6           0.663         0.640        25.49          2.20          0.06     -999.25         -999.25        169.9        2029.36 
  2071.00          21.60         16.1           0.667         0.651        24.98          2.19          0.07     -999.25         -999.25        170.0        2029.53 
  2071.25          23.32         16.5           0.665         0.651        24.47          2.17          0.06     -999.25         -999.25        170.0        2029.70 
  2071.50          25.04         17.0           0.662         0.651        23.95          2.18          0.07     -999.25         -999.25        170.1        2029.87 
  2071.75          25.87         16.9           0.656         0.589        23.44          2.17          0.06     -999.25         -999.25        170.1        2030.04 
  2072.00          25.14         16.8           0.649         0.527        23.76          2.16          0.06     -999.25         -999.25        170.1        2030.22 
  2072.25          26.57         16.7           0.644         0.546        24.07          2.15          0.05     -999.25         -999.25        170.2        2030.39 
  2072.50          30.04         16.6           0.640         0.564        24.39          2.14          0.04     -999.25         -999.25        170.2        2030.56 
  2072.75          33.51         16.5           0.635         0.582        25.69          2.15          0.04     -999.25         -999.25        170.3        2030.73 
  2073.00          36.50         11.3           0.632         0.569        26.99          2.16          0.05     -999.25         -999.25        170.3        2030.90 
  2073.25          49.54         13.0           0.629         0.563        29.04          2.16          0.05     -999.25         -999.25        170.4        2031.07 
  2073.50          40.33         14.6           0.626         0.557        25.35          2.17          0.05     -999.25         -999.25        170.4        2031.24 
  2073.75          33.58         16.3           0.619         0.609        25.24          2.17          0.06     -999.25         -999.25        170.5        2031.41 
  2074.00          31.68         17.9           0.643         0.622        25.13          2.17          0.06     -999.25         -999.25        170.5        2031.58 
  2074.25          29.77         18.4           0.645         0.609        25.03          2.17          0.06     -999.25         -999.25        170.6        2031.75 
  2074.50          31.34         27.4           0.664         0.629        27.75          2.16          0.06     -999.25         -999.25        170.6        2031.93 
  2074.75          29.37         36.3           0.662         0.754        30.47          2.18          0.06     -999.25         -999.25        170.6        2032.10 
  2075.00          32.05         45.3           0.660         0.780        30.25          2.19          0.07     -999.25         -999.25        170.7        2032.27 
  2075.25          31.10         58.9           0.657         0.807        30.04          2.18          0.07     -999.25         -999.25        170.7        2032.44 
  2075.50          30.14         55.6           0.649         0.831        29.82          2.16          0.06     -999.25         -999.25        170.8        2032.61 
  2075.75          27.60         52.3           0.641         0.855        29.61          2.14          0.06     -999.25         -999.25        170.8        2032.78 
  2076.00          23.26         49.0           0.633         0.796        29.39          2.16          0.07     -999.25         -999.25        170.9        2032.95 
  2076.25          22.63         45.7           0.625         0.737        30.51          2.17          0.08     -999.25         -999.25        170.9        2033.12 
  2076.50          20.75         40.2           0.619         0.622        31.62          2.18          0.09     -999.25         -999.25        171.0        2033.29 
  2076.75          20.57         34.7           0.586         0.551        32.74          2.08          0.07     -999.25         -999.25        171.0        2033.46 
  2077.00          20.38         29.2           0.578         0.516        33.85          2.08          0.07     -999.25         -999.25        171.1        2033.63 
  2077.25          21.10         36.3           0.571         0.540        33.10          2.08          0.07     -999.25         -999.25        171.1        2033.80 
  2077.50          23.14         34.1           0.565         0.563        32.35          2.07          0.07     -999.25         -999.25        171.1        2033.97 
  2077.75          23.81         31.9           0.561         0.557        31.60          2.07          0.07     -999.25         -999.25        171.2        2034.13 
  2078.00          23.22         29.7           0.556         0.569        30.86          2.06          0.07     -999.25         -999.25        171.2        2034.30 
  2078.25          22.63         25.0           0.557         0.563        30.11          2.08          0.07     -999.25         -999.25        171.3        2034.47 
  2078.50          24.79         18.9           0.556         0.563        27.25          2.10          0.06     -999.25         -999.25        171.3        2034.64 
  2078.75          23.12         21.2           0.555         0.563        24.39          2.12          0.06     -999.25         -999.25        171.4        2034.81 
  2079.00          22.76         20.4           0.555         0.582        25.22          2.13          0.06     -999.25         -999.25        171.4        2034.98 
  2079.25          19.02         19.6           0.555         0.576        26.06          2.13          0.06     -999.25         -999.25        171.5        2035.15 
  2079.50          19.11         18.8           0.556         0.569        26.89          2.12          0.06     -999.25         -999.25        171.5        2035.32 
  2079.75          19.19         17.9           0.558         0.539        27.73          2.12          0.07     -999.25         -999.25        171.6        2035.49 
  2080.00          23.97         18.9           0.554         0.545        28.56          2.11          0.07     -999.25         -999.25        171.6        2035.66 
  2080.25          22.32         18.9           0.547         0.500        29.39          2.10          0.07     -999.25         -999.25        171.6        2035.82 
  2080.50          21.93         18.9           0.549         0.522        31.19          2.09          0.06     -999.25         -999.25        171.7        2035.99 
  2080.75          17.24         18.9           0.549         0.563        31.19          2.08          0.06     -999.25         -999.25        171.7        2036.16 
  2081.00          16.31         19.4           0.540         0.522        31.19          2.08          0.06     -999.25         -999.25        171.8        2036.33 
  2081.25          15.39         37.7           0.542         0.533        30.92          2.08          0.06     -999.25         -999.25        171.8        2036.50 
  2081.50          15.31         43.4           0.552         0.522        30.65          2.08          0.06     -999.25         -999.25        171.9        2036.67 
  2081.75          16.43         40.6           0.559         0.569        30.38          2.08          0.07     -999.25         -999.25        171.9        2036.83 
  2082.00          12.46         44.6           0.560         0.539        30.11          2.08          0.07     -999.25         -999.25        172.0        2037.00 
  2082.25          11.41         48.6           0.561         0.551        31.49          2.07          0.07     -999.25         -999.25        172.0        2037.17 
  2082.50          10.37         51.2           0.563         0.629        32.87          2.08          0.07     -999.25         -999.25        172.1        2037.34 
  2082.75          12.00         53.8           0.557         0.576        34.25          2.08          0.07     -999.25         -999.25        172.1        2037.51 
  2083.00          12.59         57.5           0.560         0.563        34.17          2.08          0.07     -999.25         -999.25        172.1        2037.67 
  2083.25          13.09         48.3           0.554         0.545        34.09          2.08          0.07     -999.25         -999.25        172.2        2037.84 
  2083.50          11.83         39.1           0.547         0.644        34.01          2.08          0.07     -999.25         -999.25        172.2        2038.01 
  2083.75          11.76         36.3           0.547         0.539        33.93          2.07          0.06     -999.25         -999.25        172.3        2038.18 
  2084.00          11.68         37.4           0.548         0.525        33.85          2.06          0.06     -999.25         -999.25        172.3        2038.34 
  2084.25          11.85         38.5           0.549         0.511        33.85          2.08          0.07     -999.25         -999.25        172.4        2038.51 
  2084.50          12.01         39.6           0.552         0.528        31.27          2.09          0.08     -999.25         -999.25        172.4        2038.68 
  2084.75          11.56         39.4           0.556         0.545        28.69          2.10          0.09     -999.25         -999.25        172.5        2038.85 
  2085.00          10.81         39.1           0.553         0.539        29.53          2.10          0.09     -999.25         -999.25        172.5        2039.01 
  2085.25          10.06         38.9           0.550         0.533        30.36          2.10          0.08     -999.25         -999.25        172.6        2039.18 
  2085.50           9.33         38.7           0.547         0.528        31.19          2.09          0.08     -999.25         -999.25        172.6        2039.35 
  2085.75           9.26         46.0           0.544         0.522        31.69          2.09          0.08     -999.25         -999.25        172.8        2039.51 
  2086.00           9.45         53.3           0.544         0.539        32.19          2.08          0.07     -999.25         -999.25        173.1        2039.68 
  2086.25           7.06         37.3           0.544         0.447        32.69          2.07          0.06     -999.25         -999.25        173.3        2039.85 
  2086.50           8.85         41.0           0.544         0.355        32.26          2.08          0.06     -999.25         -999.25        173.6        2040.01 
  2086.75          10.63         47.9           0.541         0.438        31.83          2.08          0.06     -999.25         -999.25        173.8        2040.18 
  2087.00          13.34         54.7           0.539         0.522        31.40          2.08          0.06     -999.25         -999.25        174.1        2040.35 
  2087.25          15.88         53.0           0.546         0.522        30.97          2.08          0.06     -999.25         -999.25        174.3        2040.51 
  2087.50          16.34         51.2           0.547         0.533        30.54          2.08          0.06     -999.25         -999.25        174.6        2040.68 
  2087.75          13.91         49.5           0.548         0.545        30.11          2.08          0.06     -999.25         -999.25        174.8        2040.84 
  2088.00          11.48         44.6           0.548         0.557        30.65          2.08          0.06     -999.25         -999.25        175.1        2041.01 
  2088.25           7.93         39.6           0.549         0.474        31.19          2.08          0.07     -999.25         -999.25        175.3        2041.18 
  2088.50           5.81         47.2           0.556         0.505        32.33          2.08          0.07     -999.25         -999.25        175.3        2041.34 
  2088.75           6.60         44.9           0.555         0.502        33.46          2.09          0.06     -999.25         -999.25        175.3        2041.51 
  2089.00           6.99         42.6           0.555         0.500        32.11          2.09          0.06     -999.25         -999.25        175.3        2041.67 
  2089.25           7.12         40.4           0.556         0.502        30.75          2.09          0.06     -999.25         -999.25        175.3        2041.84 
  2089.50           7.26         38.1           0.558         0.504        29.39          2.09          0.07     -999.25         -999.25        175.3        2042.00 
  2089.75           7.86         35.8           0.560         0.506        31.01          2.08          0.07     -999.25         -999.25        175.3        2042.17 
  2090.00           7.95         36.3           0.562         0.508        32.63          2.09          0.06     -999.25         -999.25        175.3        2042.34 
  2090.25           7.49         36.8           0.564         0.511        34.25          2.09          0.06     -999.25         -999.25        175.3        2042.50 
  2090.50           7.70         37.3           0.568         0.530        35.87          2.26          0.12     -999.25         -999.25        175.3        2042.67 
  2090.75           7.74         37.7           0.572         0.550        34.09          2.17          0.09     -999.25         -999.25        175.3        2042.83 
  2091.00           7.79         39.5           0.577         0.569        32.31          2.07          0.06     -999.25         -999.25        175.3        2043.00 
  2091.25           8.36         41.2           0.582         0.589        33.10          2.08          0.06     -999.25         -999.25        175.3        2043.16 
  2091.50           8.01         42.9           0.587         0.609        33.89          2.09          0.07     -999.25         -999.25        175.3        2043.33 
  2091.75           8.18         44.6           0.603         0.599        34.67          2.13          0.07     -999.25         -999.25        175.3        2043.49 
  2092.00           9.45         46.4           0.618         0.589        35.46          2.16          0.07     -999.25         -999.25        175.3        2043.66 
  2092.25          10.72         48.1           0.635         0.598        31.19          2.19          0.07     -999.25         -999.25        175.3        2043.82 
  2092.50          14.49         47.2           0.653         0.607        31.19          2.22          0.07     -999.25         -999.25        175.3        2043.99 
  2092.75          17.72         46.2           0.670         0.616        31.19          2.20          0.07     -999.25         -999.25        175.3        2044.15 
  2093.00          22.28         52.0           0.690         0.707        31.19          2.18          0.07     -999.25         -999.25        175.3        2044.31 
  2093.25          28.11         57.7           0.711         0.798        31.19          2.15          0.07     -999.25         -999.25        175.3        2044.48 
  2093.50          28.66         63.5           0.734         0.802        35.26          2.18          0.08     -999.25         -999.25        175.3        2044.64 
  2093.75          29.21         69.2           0.757         0.807        39.33          2.20          0.09     -999.25         -999.25        175.3        2044.81 
  2094.00          26.02         75.0           0.781         0.812        37.81          2.22          0.10     -999.25         -999.25        175.3        2044.97 
  2094.25          20.17         73.7           0.804         0.816        36.28          2.33          0.14     -999.25         -999.25        175.3        2045.13 
  2094.50          16.27         72.4           0.831         0.853        35.96          2.31          0.12     -999.25         -999.25        175.3        2045.30 
  2094.75          15.41         71.1           0.859         0.890        35.64          2.30          0.11     -999.25         -999.25        175.3        2045.46 
  2095.00          14.55         69.8           0.886         0.926        35.32          2.28          0.10     -999.25         -999.25        175.3        2045.63 
  2095.25          13.48         72.8           0.921         0.959        35.00          2.26          0.09     -999.25         -999.25        175.3        2045.79 
  2095.50          11.64         75.9           0.934         1.010        34.68          2.25          0.09     -999.25         -999.25        175.3        2045.95 
  2095.75          14.11         79.0           0.946         1.062        34.36          2.24          0.09     -999.25         -999.25        175.3        2046.12 
  2096.00          24.34         82.0           0.958         1.113        34.04          2.28          0.09     -999.25         -999.25        175.3        2046.28 
  2096.25          33.12         77.8           0.972         1.117        33.72          2.32          0.09     -999.25         -999.25        175.3        2046.44 
  2096.50          41.90         73.5           0.986         1.122        33.40          2.31          0.09     -999.25         -999.25        175.3        2046.61 
  2096.75         109.40         73.5           1.001         1.126        33.08          2.31          0.09     -999.25         -999.25        175.3        2046.77 
  2097.00         155.07         73.4           1.019         1.105        32.79          2.31          0.09     -999.25         -999.25        175.3        2046.93 
  2097.25          41.13         73.3           1.038         1.084        32.51          2.30          0.09     -999.25         -999.25        175.3        2047.10 
  2097.50          42.03         73.2           1.057         1.063        32.22          2.30          0.09     -999.25         -999.25        175.3        2047.26 
  2097.75          42.94         73.2           1.071         1.165        31.94          2.30          0.09     -999.25         -999.25        175.3        2047.42 
  2098.00          52.39         73.1           1.090         1.206        32.92          2.29          0.09     -999.25         -999.25        175.3        2047.59 
  2098.25          38.36         73.5           1.110         1.247        33.90          2.29          0.09     -999.25         -999.25        175.3        2047.75 
  2098.50          34.51         74.0           1.138         1.161        34.89          2.29          0.09     -999.25         -999.25        175.3        2047.91 
  2098.75          31.26         74.5           1.167         1.076        35.87          2.29          0.09     -999.25         -999.25        175.3        2048.07 
  2099.00          29.06         82.0           1.194         1.290        34.94          2.29          0.09     -999.25         -999.25        175.3        2048.24 
  2099.25          26.87         89.6           1.182         1.290        34.01          2.30          0.10     -999.25         -999.25        175.3        2048.40 
  2099.50          26.04         88.0           1.170         1.290        33.08          2.30          0.10     -999.25         -999.25        175.3        2048.56 
  2099.75          28.09         86.4           1.189         1.320        34.09          2.31          0.10     -999.25         -999.25        175.3        2048.72 
  2100.00          25.49         84.8           1.207         1.349        35.10          2.32          0.10     -999.25         -999.25        175.3        2048.88 
  2100.25          23.02         83.2           1.182         1.380        36.12          2.33          0.10     -999.25         -999.25        175.3        2049.05 
  2100.50          20.54         81.6           1.179         1.364        37.13          2.34          0.10     -999.25         -999.25        175.3        2049.21 
  2100.75          18.48         81.6           1.176         1.349        33.46          2.35          0.10     -999.25         -999.25        175.3        2049.37 
  2101.00          19.60         82.2           1.193         1.113        33.86          2.36          0.11     -999.25         -999.25        175.3        2049.53 
  2101.25          21.62         82.8           1.194         1.166        34.25          2.37          0.11     -999.25         -999.25        175.3        2049.69 
  2101.50          23.52         83.4           1.196         1.220        34.12          2.38          0.12     -999.25         -999.25        175.3        2049.86 
  2101.75          23.29         85.3           1.201         1.258        33.99          2.39          0.12     -999.25         -999.25        175.3        2050.02 
  2102.00          23.05         87.2           1.207         1.296        33.85          2.37          0.11     -999.25         -999.25        175.3        2050.18 
  2102.25          25.10         89.1           1.213         1.334        35.23          2.35          0.10     -999.25         -999.25        175.3        2050.34 
  2102.50          26.82         91.0           1.219         1.344        36.60          2.33          0.10     -999.25         -999.25        175.3        2050.50 
  2102.75          27.81         89.6           1.224         1.354        37.97          2.32          0.09     -999.25         -999.25        175.3        2050.66 
  2103.00          23.81         91.6           1.230         1.364        39.35          2.33          0.08     -999.25         -999.25        175.3        2050.82 
  2103.25          21.53         93.6           1.245         1.442        40.72          2.34          0.07     -999.25         -999.25        175.3        2050.98 
  2103.50          19.25         95.7           1.248         1.442        39.98          2.34          0.08     -999.25         -999.25        175.3        2051.15 
  2103.75          18.16         93.3           1.251         1.442        39.24          2.34          0.08     -999.25         -999.25        175.3        2051.31 
  2104.00          19.36         91.0           1.259         1.442        38.50          2.34          0.09     -999.25         -999.25        175.3        2051.47 
  2104.25          20.52         88.6           1.267         1.442        37.76          2.36          0.09     -999.25         -999.25        175.3        2051.63 
  2104.50          21.50         88.6           1.275         1.442        37.02          2.35          0.09     -999.25         -999.25        175.3        2051.79 
  2104.75          22.47         88.6           1.284         1.426        36.28          2.35          0.09     -999.25         -999.25        175.3        2051.95 
  2105.00          20.12         88.6           1.294         1.411        36.18          2.34          0.09     -999.25         -999.25        175.3        2052.11 
  2105.25          20.33         88.5           1.282         1.458        36.08          2.34          0.09     -999.25         -999.25        175.3        2052.27 
  2105.50          16.59         88.4           1.266         1.453        35.97          2.33          0.09     -999.25         -999.25        175.3        2052.43 
  2105.75          15.08         88.3           1.251         1.448        35.87          2.33          0.09     -999.25         -999.25        175.3        2052.59 
  2106.00          14.14         88.2           1.235         1.442        35.62          2.32          0.09     -999.25         -999.25        175.3        2052.75 
  2106.25          13.19         88.2           1.239         1.338        35.38          2.32          0.09     -999.25         -999.25        175.3        2052.91 
  2106.50          11.22         88.0           1.243         1.233        35.14          2.35          0.09     -999.25         -999.25        175.3        2053.07 
  2106.75          10.04         87.8           1.239         1.243        34.89          2.36          0.09     -999.25         -999.25        175.3        2053.23 
  2107.00          11.20         87.7           1.234         1.252        34.65          2.37          0.09     -999.25         -999.25        175.3        2053.39 
  2107.25          12.58         90.0           1.229         1.261        36.99          2.38          0.09     -999.25         -999.25        175.3        2053.55 
  2107.50          13.96         92.4           1.222         1.344        39.33          2.40          0.09     -999.25         -999.25        175.3        2053.71 
  2107.75          17.70         94.7           1.214         1.426        39.68          2.39          0.09     -999.25         -999.25        175.3        2053.87 
  2108.00          16.50         91.9           1.217         1.402        40.03          2.39          0.09     -999.25         -999.25        175.3        2054.03 
  2108.25          16.12         89.1           1.220         1.378        40.37          2.38          0.09     -999.25         -999.25        175.3        2054.19 
  2108.50          13.44         92.4           1.226         1.353        40.72          2.38          0.09     -999.25         -999.25        175.3        2054.35 
  2108.75          12.88         95.7           1.232         1.329        38.56          2.37          0.09     -999.25         -999.25        175.3        2054.51 
  2109.00          12.32         89.1           1.238         1.305        36.41          2.37          0.09     -999.25         -999.25        175.3        2054.67 
  2109.25          12.78         90.3           1.234         1.329        34.25          2.35          0.09     -999.25         -999.25        175.3        2054.82 
  2109.50          14.03         91.5           1.230         1.353        35.79          2.33          0.09     -999.25         -999.25        175.3        2054.98 
  2109.75          14.29         92.6           1.226         1.377        37.34          2.32          0.09     -999.25         -999.25        175.3        2055.14 
  2110.00          17.70         93.8           1.222         1.402        38.88          2.33          0.08     -999.25         -999.25        175.3        2055.30 
  2110.25          21.10         93.5           1.218         1.426        40.04          2.34          0.08     -999.25         -999.25        175.3        2055.46 
  2110.50          13.98         93.2           1.214         1.450        41.20          2.35          0.08     -999.25         -999.25        175.3        2055.62 
  2110.75          13.77         92.9           1.211         1.474        42.21          2.36          0.07     -999.25         -999.25        175.3        2055.78 
  2111.00          16.37         92.6           1.213         1.439        43.22          2.36          0.08     -999.25         -999.25        175.3        2055.94 
  2111.25          15.71         92.2           1.214         1.404        44.23          2.37          0.09     -999.25         -999.25        175.3        2056.09 
  2111.50          16.06         91.9           1.216         1.369        45.24          2.37          0.09     -999.25         -999.25        175.3        2056.25 
  2111.75          16.42         91.8           1.218         1.334        47.84          2.37          0.09     -999.25         -999.25        175.3        2056.41 
  2112.00          18.70         91.7           1.208         1.396        50.43          2.38          0.09     -999.25         -999.25        175.3        2056.57 
  2112.25          22.68         91.6           1.197         1.458        44.43          2.37          0.08     -999.25         -999.25        175.3        2056.73 
  2112.50          20.82         91.5           1.206         1.396        38.44          2.37          0.07     -999.25         -999.25        175.3        2056.88 
  2112.75          20.92         91.5           1.216         1.334        38.55          2.47          0.08     -999.25         -999.25        175.3        2057.04 
  2113.00          20.39         91.1           1.240         1.396        38.66          2.57          0.08     -999.25         -999.25        175.3        2057.20 
  2113.25          19.86         90.7           1.264         1.458        38.77          2.67          0.08     -999.25         -999.25        175.3        2057.36 
  2113.50          18.26         90.4           1.216         1.305        38.88          2.78          0.09     -999.25         -999.25        175.3        2057.52 
  2113.75          28.89         90.0           1.205         1.382        40.31          2.37          0.09     -999.25         -999.25        175.3        2057.67 
  2114.00          16.88         89.7           1.194         1.458        41.74          2.37          0.10     -999.25         -999.25        175.3        2057.83 
  2114.25          14.77         89.3           1.211         0.831        43.16          2.38          0.10     -999.25         -999.25        175.3        2057.99 
  2114.50          12.65         89.0           1.228         0.204        52.35          2.38          0.11     -999.25         -999.25        175.3        2058.15 
  2114.75           9.13         88.6           1.230         0.831        46.77          2.39          0.12     -999.25         -999.25        175.3        2058.30 
  2115.00          11.59         89.3           1.232         1.458        41.20          2.38          0.12     -999.25         -999.25        175.2        2058.46 
  2115.25          14.91         90.0           1.234         1.458        44.04          2.37          0.11     -999.25         -999.25        175.1        2058.62 
  2115.50          15.59         90.3           1.258         3.324        46.89          2.37          0.10     -999.25         -999.25        175.0        2058.77 
  2115.75          15.80         90.5           1.263         2.853        46.89          2.37          0.11     -999.25         -999.25        175.0        2058.93 
  2116.00          16.02         90.7           1.268         2.383        46.89          2.38          0.12     -999.25         -999.25        174.9        2059.09 
  2116.25          13.72         91.0           1.273         1.913        46.89          2.39          0.12     -999.25         -999.25        174.8        2059.24 
  2116.50          12.07         91.7           1.278         1.442        46.89          2.36          0.07     -999.25         -999.25        174.8        2059.40 
  2116.75          15.68         92.3           1.275         1.434        18.66          2.37          0.08     -999.25         -999.25        174.7        2059.56 
  2117.00          22.01         93.0           1.272         1.426        27.70          2.38          0.08     -999.25         -999.25        174.6        2059.71 
  2117.25          28.34         93.7           1.269         1.419        36.74          2.40          0.09     -999.25         -999.25        174.6        2059.87 
  2117.50          36.58         94.4           1.267         1.411        45.78          2.37          0.09     -999.25         -999.25        174.5        2060.02 
  2117.75          48.56         95.1           1.268         1.437        47.80          2.37          0.09     -999.25         -999.25        174.4        2060.18 
  2118.00          56.13         95.7           1.269         1.463        49.82          2.38          0.09     -999.25         -999.25        174.3        2060.34 
  2118.25          64.43         96.4           1.270         1.489        51.31          2.38          0.09     -999.25         -999.25        174.3        2060.49 
  2118.50          63.23         97.1           1.271         1.515        52.80          2.39          0.09     -999.25         -999.25        174.2        2060.65 
  2118.75          62.03         96.8           1.272         1.541        54.29          2.40          0.09     -999.25         -999.25        174.1        2060.80 
  2119.00          56.01         96.4           1.272         1.524        55.78          2.40          0.09     -999.25         -999.25        174.1        2060.96 
  2119.25          47.80         96.0           1.272         1.508        57.27          2.40          0.09     -999.25         -999.25        174.0        2061.11 
  2119.50          41.36         95.7           1.272         1.491        49.82          2.41          0.09     -999.25         -999.25        173.9        2061.27 
  2119.75          38.56         94.7           1.272         1.474        38.88          2.39          0.08     -999.25         -999.25        173.9        2061.42 
  2120.00          35.77         93.8           1.261         1.443        42.61          2.38          0.07     -999.25         -999.25        173.8        2061.58 
  2120.25          26.21         92.9           1.250         1.411        46.33          2.38          0.08     -999.25         -999.25        173.7        2061.73 
  2120.50          27.46         91.9           1.251         1.416        44.78          2.39          0.09     -999.25         -999.25        173.6        2061.89 
  2120.75          19.90         91.0           1.252         1.421        43.23          2.40          0.10     -999.25         -999.25        173.6        2062.04 
  2121.00          21.11         98.0           1.254         1.426        41.68          2.41          0.11     -999.25         -999.25        173.5        2062.20 
  2121.25          22.55         95.9           1.249         1.475        41.68          2.42          0.12     -999.25         -999.25        173.4        2062.35 
  2121.50          23.99         93.8           1.245         1.524        41.68          2.37          0.09     -999.25         -999.25        173.4        2062.51 
  2121.75          23.57         93.7           1.256         1.499        43.73          2.41          0.09     -999.25         -999.25        173.3        2062.66 
  2122.00          24.96         93.6           1.267         1.474        45.78          2.40          0.10     -999.25         -999.25        173.2        2062.81 
  2122.25          23.98         93.5           1.281         1.491        49.82          2.40          0.12     -999.25         -999.25        173.2        2062.97 
  2122.50          23.16         93.3           1.294         1.507        40.72          2.40          0.11     -999.25         -999.25        173.1        2063.12 
  2122.75          22.33         98.8           1.293         1.565        41.20          2.40          0.10     -999.25         -999.25        173.0        2063.28 
  2123.00          20.96        104.2           1.292         1.623        41.68          2.41          0.09     -999.25         -999.25        172.9        2063.43 
  2123.25          18.91        102.8           1.290         1.680        50.43          2.38          0.07     -999.25         -999.25        172.9        2063.58 
  2123.50          20.45        102.1           1.320         1.524        45.34          2.36          0.06     -999.25         -999.25        172.8        2063.74 
  2123.75          24.34        101.5           1.319         1.558        40.25          2.36          0.06     -999.25         -999.25        172.7        2063.89 
  2124.00          24.45        100.9           1.317         1.592        43.16          2.37          0.07     -999.25         -999.25        172.7        2064.04 
  2124.25          24.55         99.9           1.317         1.609        45.30          2.38          0.07     -999.25         -999.25        172.6        2064.20 
  2124.50          12.27         99.0           1.319         1.618        47.43          2.38          0.07     -999.25         -999.25        174.0        2064.35 
  2124.75           0.00         97.2           1.321         1.627        49.56          2.38          0.07     -999.25         -999.25        175.3        2064.50 
  2125.00           1.23         95.5           1.321         1.639        51.70          2.38          0.07     -999.25         -999.25        175.3        2064.66 
  2125.25           4.37         93.7           1.320         1.650        49.86          2.38          0.08     -999.25         -999.25        175.3        2064.81 
  2125.50           7.07         91.9           1.319         1.662        48.03          2.38          0.08     -999.25         -999.25        175.3        2064.96 
  2125.75           9.77         99.7           1.319         1.680        47.54          2.39          0.09     -999.25         -999.25        175.3        2065.11 
  2126.00          35.43        107.5           1.325         1.627        47.05          2.37          0.07     -999.25         -999.25        175.3        2065.27 
  2126.25          29.75        104.2           1.331         1.575        46.57          2.36          0.06     -999.25         -999.25        175.3        2065.42 
  2126.50          32.68        100.9           1.329         1.588        46.08          2.36          0.06     -999.25         -999.25        175.3        2065.57 
  2126.75          35.06         97.6           1.327         1.601        45.59          2.37          0.07     -999.25         -999.25        175.3        2065.72 
  2127.00          37.43         95.0           1.340         1.614        45.10          2.38          0.07     -999.25         -999.25        175.3        2065.88 
  2127.25          35.93         92.4           1.353         1.627        44.61          2.39          0.09     -999.25         -999.25        175.3        2066.03 
  2127.50          31.98         95.1           1.355         1.663        44.13          2.40          0.10     -999.25         -999.25        175.3        2066.18 
  2127.75          30.74         97.8           1.357         1.698        43.64          2.39          0.10     -999.25         -999.25        175.3        2066.33 
  2128.00          32.00        100.5           1.366         1.698        43.15          2.39          0.09     -999.25         -999.25        175.3        2066.48 
  2128.25          32.52        103.2           1.374         1.698        42.66          2.38          0.09     -999.25         -999.25        175.3        2066.63 
  2128.50          33.03        110.8           1.383         1.792        42.17          2.38          0.08     -999.25         -999.25        175.3        2066.78 
  2128.75          26.81        100.9           1.398         1.662        41.68          2.37          0.07     -999.25         -999.25        175.3        2066.94 
  2129.00          24.42         91.0           1.407         1.773        41.20          2.37          0.07     -999.25         -999.25        175.3        2067.09 
  2129.25          21.49         92.9           1.404         1.782        43.22          2.36          0.06     -999.25         -999.25        175.3        2067.24 
  2129.50          19.95         94.7           1.401         1.792        45.24          2.36          0.06     -999.25         -999.25        175.3        2067.39 
  2129.75          18.40         95.5           1.396         1.812        44.60          2.36          0.06     -999.25         -999.25        175.3        2067.54 
  2130.00          17.10         96.3           1.391         1.833        43.95          2.37          0.07     -999.25         -999.25        175.3        2067.69 
  2130.25          22.78         97.0           1.331     97543.422        43.31          2.37          0.08     -999.25         -999.25        175.3        2067.84 
  2130.50          24.55         97.8           1.397         1.662        42.66          2.38          0.08     -999.25         -999.25        175.3        2067.99 
  2130.75          21.81         98.5           1.386         1.735        43.56          2.38          0.09     -999.25         -999.25        175.3        2068.14 
  2131.00          22.46         99.6           1.368         1.792        44.45          2.39          0.10     -999.25         -999.25        175.3        2068.29 
  2131.25          23.11        100.7           1.367         1.709        45.34          2.40          0.10     -999.25         -999.25        175.3        2068.44 
  2131.50          23.03        101.8           1.366         1.627        46.24          2.39          0.07     -999.25         -999.25        175.3        2068.59 
  2131.75          19.56         96.6           1.358         1.618        47.13          2.39          0.07     -999.25         -999.25        175.3        2068.74 
  2132.00          17.43         91.5           1.351         1.609        48.03          2.39          0.07     -999.25         -999.25        175.3        2068.89 
  2132.25          16.86         95.6           1.337         1.672        48.42          2.39          0.07     -999.25         -999.25        175.3        2069.04 
  2132.50          16.29         99.7           1.323         1.735        48.82          2.40          0.07     -999.25         -999.25        175.3        2069.19 
  2132.75          13.32        103.8           1.325         1.664        49.21          2.40          0.08     -999.25         -999.25        175.3        2069.34 
  2133.00          10.24        107.9           1.327         1.592        42.13          2.40          0.08     -999.25         -999.25        175.5        2069.49 
  2133.25          12.14        103.2           1.317         1.644        35.05          2.40          0.08     -999.25         -999.25        175.6        2069.64 
  2133.50          15.25         98.5           1.305         1.717        35.91          2.40          0.08     -999.25         -999.25        175.7        2069.79 
  2133.75          14.10        100.4           1.284         1.773        36.76          2.40          0.09     -999.25         -999.25        175.8        2069.94 
  2134.00          12.96         99.0           1.297         1.644        37.62          2.41          0.09     -999.25         -999.25        176.0        2070.09 
  2134.25          17.42         97.6           1.287         1.690        38.48          2.40          0.09     -999.25         -999.25        176.1        2070.24 
  2134.50          23.12         97.1           1.276         1.735        39.33          2.39          0.09     -999.25         -999.25        176.2        2070.39 
  2134.75          16.24         96.6           1.282         1.646        44.58          2.39          0.09     -999.25         -999.25        176.4        2070.53 
  2135.00          19.87         96.2           1.288         1.558        49.83          2.40          0.09     -999.25         -999.25        176.5        2070.68 
  2135.25          19.69         95.9           1.642         1.698        55.08          2.41          0.10     -999.25         -999.25        176.6        2070.83 
  2135.50          19.50         95.7           1.265         1.735        53.79          2.42          0.10     -999.25         -999.25        176.7        2070.98 
  2135.75          20.50         98.8           1.272         1.627        52.49          2.41          0.10     -999.25         -999.25        176.9        2071.13 
  2136.00          22.89        101.8           1.281         1.524        51.20          2.41          0.09     -999.25         -999.25        177.0        2071.28 
  2136.25          18.02        100.4           1.257         1.575        49.91          2.41          0.08     -999.25         -999.25        177.1        2071.42 
  2136.50          15.86         98.0           1.267         1.627        48.61          2.41          0.07     -999.25         -999.25        177.3        2071.57 
  2136.75          13.70         93.8           1.260         1.681        50.77          2.41          0.08     -999.25         -999.25        177.4        2071.72 
  2137.00          13.70         92.2           1.253         1.735        52.92          2.41          0.08     -999.25         -999.25        177.5        2071.87 
  2137.25          12.05         90.5           1.257         1.717        55.08          2.41          0.08     -999.25         -999.25        177.7        2072.02 
  2137.50          12.61         94.3           1.370         1.717        54.10          2.41          0.09     -999.25         -999.25        177.8        2072.16 
  2137.75          12.93         98.0           1.274         1.491        53.12          2.40          0.09     -999.25         -999.25        177.9        2072.31 
  2138.00          12.73        101.8           1.241         1.627        52.14          2.40          0.10     -999.25         -999.25        178.0        2072.46 
  2138.25          12.54        105.6           1.257         1.584        51.17          2.39          0.10     -999.25         -999.25        178.0        2072.61 
  2138.50          13.60        102.0           1.274         1.541        50.19          2.39          0.10     -999.25         -999.25        178.0        2072.75 
  2138.75          10.25         98.4           1.122         1.891        49.21          2.38          0.10     -999.25         -999.25        178.0        2072.90 
  2139.00          11.06         94.7           1.075         1.750        45.69          2.37          0.09     -999.25         -999.25        178.0        2073.05 
  2139.25          12.32         92.6           1.027         1.609        42.17          2.37          0.09     -999.25         -999.25        178.0        2073.19 
  2139.50          13.58         90.5           1.006         1.513        45.99          2.38          0.09     -999.25         -999.25        178.0        2073.34 
  2139.75          18.66         88.5           0.985         1.417        49.82          2.38          0.09     -999.25         -999.25        178.0        2073.49 
  2140.00          21.58         86.5           0.963         1.321        52.56          2.38          0.10     -999.25         -999.25        178.0        2073.63 
  2140.25          17.89         84.4           0.942         1.225        55.30          2.38          0.10     -999.25         -999.25        178.0        2073.78 
  2140.50          20.15         82.4           0.921         1.129        58.04          2.38          0.10     -999.25         -999.25        178.0        2073.92 
  2140.75          20.01         80.4           0.899         1.033        49.82          2.39          0.10     -999.25         -999.25        178.0        2074.07 
  2141.00          19.87         78.4           0.878         0.937        48.47          2.38          0.10     -999.25         -999.25        178.0        2074.22 
  2141.25          17.72         76.4           0.857         0.841        47.13          2.38          0.10     -999.25         -999.25        178.0        2074.36 
  2141.50          14.84         74.4           0.835         0.745        45.78          2.37          0.09     -999.25         -999.25        178.0        2074.51 
  2141.75          10.25         72.3           1.010         1.442        43.25          2.37          0.09     -999.25         -999.25        178.0        2074.65 
  2142.00           9.90         70.3           0.998         1.289        40.72          2.34          0.09     -999.25         -999.25        178.0        2074.80 
  2142.25           9.54         68.3           0.986         1.135        36.71          2.31          0.09     -999.25         -999.25        178.0        2074.95 
  2142.50          10.15         66.3           0.966         0.981        32.69          2.29          0.09     -999.25         -999.25        178.0        2075.09 
  2142.75           9.55         64.3           0.947         0.827        33.46          2.20          0.07     -999.25         -999.25        178.0        2075.24 
  2143.00          10.27         62.2           0.927         0.673        42.17          2.12          0.06     -999.25         -999.25        178.0        2075.38 
  2143.25          10.59         63.6           0.860         0.769        36.71          2.13          0.07     -999.25         -999.25        178.0        2075.53 
  2143.50          11.27         65.1           0.792         0.865        35.87          2.14          0.09     -999.25         -999.25        178.0        2075.67 
  2143.75          11.95         65.4           0.764         0.745        35.87          2.12          0.08     -999.25         -999.25        178.0        2075.82 
  2144.00          11.97         65.8           0.394         6.946        34.65          2.10          0.07     -999.25         -999.25        178.0        2075.96 
  2144.25           9.59         66.1           0.693         0.807        36.28          2.12          0.08     -999.25         -999.25        178.0        2076.10 
  2144.50           8.24         66.5           0.740         0.802        37.56          2.13          0.09     -999.25         -999.25        178.0        2076.25 
  2144.75           8.39         59.4           0.787         0.798        38.44          2.08          0.07     -999.25         -999.25        178.0        2076.39 
  2145.00           8.55         65.9           0.834         0.793        35.05          2.06          0.07     -999.25         -999.25        178.0        2076.54 
  2145.25           8.48         72.4           0.881         0.789        32.69          2.05          0.07     -999.25         -999.25        178.0        2076.68 
  2145.50           9.87         78.9           0.928         0.784        35.13          2.05          0.07     -999.25         -999.25        178.0        2076.83 
  2145.75          11.16         85.4           0.975         0.780        37.56          2.11          0.09     -999.25         -999.25        178.0        2076.97 
  2146.00          12.44         91.9           0.892         0.723        34.94          2.09          0.07     -999.25         -999.25        178.0        2077.11 
  2146.25          11.74         53.8           0.810         0.665        32.31          2.11          0.09     -999.25         -999.25        178.0        2077.26 
  2146.50          11.04         71.7           0.727         0.608        32.89          2.14          0.10     -999.25         -999.25        178.0        2077.40 
  2146.75           9.95         66.0           0.644         0.551        33.46          2.13          0.10     -999.25         -999.25        177.9        2077.54 
  2147.00           9.53         74.5           0.635         0.520        33.08          2.11          0.09     -999.25         -999.25        177.8        2077.69 
  2147.25          12.01         83.0           0.626         0.489        32.70          2.11          0.09     -999.25         -999.25        177.7        2077.83 
  2147.50          12.97         82.0           0.624         0.436        32.32          2.10          0.08     -999.25         -999.25        177.6        2077.97 
  2147.75          17.16         81.1           0.622         0.382        31.94          2.08          0.07     -999.25         -999.25        177.5        2078.12 
  2148.00          21.35         80.1           0.624         0.484        31.56          2.09          0.09     -999.25         -999.25        177.4        2078.26 
  2148.25          49.92         79.2           0.626         0.587        33.08          2.10          0.10     -999.25         -999.25        177.3        2078.40 
  2148.50          82.75         78.3           0.628         0.689        32.24          2.10          0.09     -999.25         -999.25        177.2        2078.55 
  2148.75         118.67         76.4           0.626         0.681        31.41          2.09          0.07     -999.25         -999.25        177.1        2078.69 
  2149.00         127.11         74.5           0.624         0.674        30.58          2.09          0.07     -999.25         -999.25        177.0        2078.83 
  2149.25         135.55         69.3           0.622         0.666        29.75          2.09          0.07     -999.25         -999.25        176.9        2078.97 
  2149.50          98.10         64.1           0.622         0.641        29.57          2.09          0.07     -999.25         -999.25        176.8        2079.12 
  2149.75          73.32         58.9           0.622         0.616        29.39          2.09          0.07     -999.25         -999.25        176.7        2079.26 
  2150.00          38.23         53.8           0.617         0.590        30.62          2.08          0.07     -999.25         -999.25        176.6        2079.40 
  2150.25          46.21         48.6           0.612         0.565        31.85          2.10          0.10     -999.25         -999.25        176.5        2079.54 
  2150.50          41.89         43.4           0.607         0.539        33.08          2.10          0.10     -999.25         -999.25        176.4        2079.68 
  2150.75          37.56         46.5           0.574         0.266        32.88          2.10          0.09     -999.25         -999.25        176.3        2079.82 
  2151.00          32.72         49.7           0.579         0.434        32.69          2.10          0.08     -999.25         -999.25        176.2        2079.97 
  2151.25          28.75         52.8           0.584         0.602        32.44          2.09          0.07     -999.25         -999.25        176.1        2080.11 
  2151.50          21.70         50.5           0.583         0.626        32.19          2.09          0.07     -999.25         -999.25        176.0        2080.25 
  2151.75          19.74         48.3           0.581         0.650        31.94          2.09          0.07     -999.25         -999.25        175.8        2080.39 
  2152.00          17.78         46.0           0.579         0.673        31.94          2.09          0.07     -999.25         -999.25        175.7        2080.53 
  2152.25          16.86         43.7           0.580         0.652        31.94          2.09          0.07     -999.25         -999.25        175.6        2080.67 
  2152.50          15.09         41.4           0.581         0.630        32.13          2.09          0.07     -999.25         -999.25        175.5        2080.81 
  2152.75          14.25         39.1           0.582         0.609        32.31          2.09          0.07     -999.25         -999.25        175.4        2080.95 
  2153.00          18.87         42.8           0.581         0.611        32.50          2.10          0.07     -999.25         -999.25        175.3        2081.10 
  2153.25          64.80         46.4           0.579         0.613        32.69          2.09          0.07     -999.25         -999.25        175.3        2081.24 
  2153.50         110.73         50.0           0.578         0.616        33.85          2.08          0.06     -999.25         -999.25        175.4        2081.38 
  2153.75         175.51         45.7           0.578         0.612        31.98          2.06          0.06     -999.25         -999.25        175.4        2081.52 
  2154.00          15.88         41.5           0.578         0.609        30.11          2.07          0.06     -999.25         -999.25        175.5        2081.66 
  2154.25          41.85         37.3           0.576         0.586        29.04          2.07          0.07     -999.25         -999.25        175.5        2081.80 
  2154.50          78.26         33.0           0.573         0.563        30.65          2.09          0.09     -999.25         -999.25        175.6        2081.94 
  2154.75         114.68         32.3           0.568         0.582        32.25          1.89          0.08     -999.25         -999.25        175.7        2082.08 
  2155.00          21.65         31.6           0.566         0.579        33.85          1.68          0.07     -999.25         -999.25        175.7        2082.22 
  2155.25          20.24         31.0           0.565         0.576        35.46          1.88          0.07     -999.25         -999.25        175.8        2082.36 
  2155.50          20.41         30.3           0.561         0.563        32.78          2.08          0.07     -999.25         -999.25        175.8        2082.50 
  2155.75          24.80         29.7           0.558         0.569        30.11          2.08          0.07     -999.25         -999.25        175.9        2082.64 
  2156.00          23.60         30.2           0.554         0.539        29.04          2.09          0.07     -999.25         -999.25        175.9        2082.77 
  2156.25          22.41         32.8           0.556         0.545        38.00          2.10          0.07     -999.25         -999.25        176.0        2082.91 
  2156.50          26.16         35.4           0.558         0.551        36.45          2.10          0.07     -999.25         -999.25        176.0        2083.05 
  2156.75          20.95         34.9           0.555         0.494        34.90          2.10          0.07     -999.25         -999.25        176.1        2083.19 
  2157.00          25.61         36.3           0.554         0.484        33.35          2.10          0.07     -999.25         -999.25        176.2        2083.33 
  2157.25          29.87         32.1           0.562         0.551        31.80          2.09          0.07     -999.25         -999.25        176.2        2083.47 
  2157.50          27.27         27.8           0.562         0.527        30.25          2.08          0.07     -999.25         -999.25        176.3        2083.61 
  2157.75          24.67         34.4           0.568         0.545        28.69          2.07          0.07     -999.25         -999.25        176.3        2083.75 
  2158.00          27.28         42.4           0.574         0.563        29.12          2.11          0.07     -999.25         -999.25        176.4        2083.88 
  2158.25          22.64         44.3           0.579         0.557        29.55          2.08          0.07     -999.25         -999.25        176.4        2084.02 
  2158.50          22.26         41.0           0.583         0.582        29.97          2.08          0.07     -999.25         -999.25        176.5        2084.16 
  2158.75          22.40         40.1           0.586         0.576        30.40          2.08          0.07     -999.25         -999.25        176.5        2084.30 
  2159.00          22.54         41.5           0.587         0.582        30.82          2.08          0.07     -999.25         -999.25        176.6        2084.44 
  2159.25          24.96         41.5           0.588         0.616        31.25          2.08          0.07     -999.25         -999.25        176.7        2084.58 
  2159.50          22.80         36.3           0.590         0.577        31.67          2.08          0.07     -999.25         -999.25        176.7        2084.71 
  2159.75          25.59         40.6           0.591         0.539        32.10          2.08          0.07     -999.25         -999.25        176.8        2084.85 
  2160.00          28.84         42.0           0.595         0.570        32.52          2.08          0.07     -999.25         -999.25        176.8        2084.99 
  2160.25          28.97         43.4           0.598         0.602        32.95          2.08          0.07     -999.25         -999.25        176.9        2085.13 
  2160.50          29.10         43.6           0.600         0.583        33.37          2.08          0.07     -999.25         -999.25        176.9        2085.26 
  2160.75          24.89         43.9           0.601         0.563        33.80          2.08          0.07     -999.25         -999.25        177.0        2085.40 
  2161.00          21.10         45.3           0.600         0.588        34.22          2.08          0.07     -999.25         -999.25        177.0        2085.54 
  2161.25          21.18         46.7           0.599         0.612        34.65          2.08          0.07     -999.25         -999.25        177.1        2085.67 
  2161.50          21.58         48.1           0.597         0.637        33.48          2.07          0.07     -999.25         -999.25        177.2        2085.81 
  2161.75          21.99         49.5           0.596         0.673        32.31          2.07          0.07     -999.25         -999.25        177.2        2085.95 
  2162.00          22.00         50.9           0.592         0.641        30.33          2.07          0.07     -999.25         -999.25        177.3        2086.08 
  2162.25          17.55         47.2           0.588         0.609        28.35          2.07          0.07     -999.25         -999.25        177.3        2086.22 
  2162.50          17.55         43.6           0.588         0.592        28.55          2.07          0.07     -999.25         -999.25        177.4        2086.36 
  2162.75          13.77         39.9           0.588         0.576        28.75          2.07          0.07     -999.25         -999.25        177.4        2086.49 
  2163.00          13.22         36.2           0.583         0.563        28.95          2.07          0.07     -999.25         -999.25        177.5        2086.63 
  2163.25          12.66         32.5           0.579         0.551        29.15          2.06          0.07     -999.25         -999.25        177.5        2086.77 
  2163.50          12.36         31.8           0.574         0.548        29.35          2.06          0.06     -999.25         -999.25        177.6        2086.90 
  2163.75          11.63         31.0           0.570         0.545        29.55          2.06          0.06     -999.25         -999.25        177.7        2087.04 
  2164.00          10.38         30.2           0.571         0.551        29.75          2.08          0.06     -999.25         -999.25        177.7        2087.17 
  2164.25          10.38         25.7           0.570         0.570        30.70          2.09          0.07     -999.25         -999.25        177.8        2087.31 
  2164.50          10.38         21.2           0.569         0.589        31.65          2.09          0.07     -999.25         -999.25        177.8        2087.44 
  2164.75           8.41         20.5           0.657         0.595        32.60          2.09          0.07     -999.25         -999.25        177.9        2087.58 
  2165.00           7.44         19.8           0.565         0.589        33.55          2.08          0.07     -999.25         -999.25        177.9        2087.71 
  2165.25           6.24         19.4           0.565         0.590        34.51          2.08          0.07     -999.25         -999.25        178.0        2087.85 
  2165.50           4.51         18.9           0.564         0.591        35.46          2.07          0.07     -999.25         -999.25        178.0        2087.99 
  2165.75           4.25         20.6           0.564         0.593        33.44          2.07          0.07     -999.25         -999.25        178.7        2088.12 
  2166.00           3.99         22.3           0.562         0.594        31.42          2.06          0.07     -999.25         -999.25        179.4        2088.25 
  2166.25           2.96         24.1           0.561         0.595        29.39          2.06          0.07     -999.25         -999.25        180.1        2088.39 
  2166.50           2.34         26.7           0.566         0.587        30.61          2.06          0.07     -999.25         -999.25        180.8        2088.52 
  2166.75           2.73         29.3           0.572         0.578        31.82          2.06          0.06     -999.25         -999.25        180.8        2088.66 
  2167.00           3.14         32.0           0.577         0.569        33.04          2.06          0.06     -999.25         -999.25        180.8        2088.79 
  2167.25           3.56         34.6           0.580         0.539        34.25          2.06          0.06     -999.25         -999.25        180.8        2088.93 
  2167.50           4.51         37.3           0.580         0.564        35.48          2.05          0.06     -999.25         -999.25        180.8        2089.06 
  2167.75           8.16         43.4           0.580         0.589        36.71          2.07          0.07     -999.25         -999.25        180.8        2089.20 
  2168.00           8.55         41.5           0.574         0.582        29.75          2.08          0.08     -999.25         -999.25        180.8        2089.33 
  2168.25          11.28         39.6           0.568         0.557        30.30          2.09          0.09     -999.25         -999.25        180.8        2089.46 
  2168.50          12.14         37.7           0.586         0.422        30.86          2.09          0.09     -999.25         -999.25        180.8        2089.60 
  2168.75          13.01         35.8           0.582         0.486        31.41          2.09          0.09     -999.25         -999.25        180.8        2089.73 
  2169.00          15.16         35.4           0.577         0.551        31.97          2.09          0.09     -999.25         -999.25        180.8        2089.86 
  2169.25          17.45         34.9           0.585         0.557        32.52          2.08          0.09     -999.25         -999.25        180.8        2090.00 
  2169.50          17.85         34.4           0.603         0.539        33.08          2.08          0.09     -999.25         -999.25        180.8        2090.13 
  2169.75          16.16         34.0           0.613         0.554        33.47          2.07          0.09     -999.25         -999.25        180.8        2090.26 
  2170.00          14.08         43.4           0.623         0.569        33.86          2.06          0.09     -999.25         -999.25        180.8        2090.40 
  2170.25          12.00         32.5           0.615         0.567        34.25          2.07          0.09     -999.25         -999.25        180.8        2090.53 
  2170.50          14.46         34.6           0.607         0.565        33.73          2.07          0.09     -999.25         -999.25        180.8        2090.66 
  2170.75          15.95         36.7           0.599         0.563        33.21          2.07          0.09     -999.25         -999.25        180.8        2090.79 
  2171.00          15.48         38.8           0.591         0.561        32.69          2.07          0.09     -999.25         -999.25        180.8        2090.93 
  2171.25          17.18         40.8           0.583         0.559        32.44          2.08          0.09     -999.25         -999.25        180.8        2091.06 
  2171.50          18.88         42.9           0.575         0.557        32.19          2.08          0.09     -999.25         -999.25        180.8        2091.19 
  2171.75          19.64         37.0           0.578         0.556        31.94          2.08          0.09     -999.25         -999.25        180.8        2091.32 
  2172.00          17.00         31.1           0.582         0.555        32.84          2.08          0.09     -999.25         -999.25        180.8        2091.46 
  2172.25          15.33         33.2           0.585         0.554        33.74          2.08          0.09     -999.25         -999.25        180.8        2091.59 
  2172.50          14.45         35.3           0.589         0.553        34.65          2.08          0.09     -999.25         -999.25        180.8        2091.72 
  2172.75          14.95         37.3           0.593         0.552        36.32          2.08          0.08     -999.25         -999.25        180.8        2091.85 
  2173.00          15.44         39.4           0.596         0.551        38.00          2.07          0.07     -999.25         -999.25        180.8        2091.99 
  2173.25          11.06         41.4           0.602         0.561        36.78          2.09          0.08     -999.25         -999.25        180.8        2092.12 
  2173.50          14.30         43.5           0.608         0.571        35.57          2.11          0.08     -999.25         -999.25        180.8        2092.25 
  2173.75          16.28         45.6           0.615         0.582        34.36          2.12          0.09     -999.25         -999.25        180.8        2092.38 
  2174.00          16.12         47.6           0.632         0.592        33.15          2.13          0.09     -999.25         -999.25        180.8        2092.51 
  2174.25          15.97         51.7           0.649         0.602        31.94          2.14          0.09     -999.25         -999.25        180.8        2092.65 
  2174.50          18.39         55.8           0.658         0.661        32.69          2.15          0.09     -999.25         -999.25        180.8        2092.78 
  2174.75          17.66         59.9           0.666         0.721        32.53          2.16          0.09     -999.25         -999.25        180.8        2092.91 
  2175.00          17.25         58.1           0.674         0.780        32.37          2.18          0.09     -999.25         -999.25        180.8        2093.04 
  2175.25          12.76         56.3           0.679         0.777        32.21          2.06          0.06     -999.25         -999.25        180.5        2093.18 
  2175.50          12.31         54.6           0.685         0.774        32.05          2.08          0.06     -999.25         -999.25        180.2        2093.31 
  2175.75          11.86         52.8           0.690         0.771        31.89          2.09          0.06     -999.25         -999.25        179.9        2093.44 
  2176.00          12.84         89.1           0.689         0.785        31.73          2.11          0.07     -999.25         -999.25        179.6        2093.57 
  2176.25          13.90         58.0           0.689         0.798        31.56          2.12          0.07     -999.25         -999.25        179.3        2093.70 
  2176.50          11.52         58.9           0.688         0.812        31.69          2.10          0.08     -999.25         -999.25        179.1        2093.84 
  2176.75           5.76         59.9           0.688         0.826        31.81          2.08          0.09     -999.25         -999.25        178.8        2093.97 
  2177.00           0.00         60.8           0.681         0.784        31.94          2.09          0.09     -999.25         -999.25        178.5        2094.10 
  2177.25           3.49         61.8           0.675         0.742        31.68          2.09          0.09     -999.25         -999.25        178.2        2094.23 
  2177.50           6.45         62.7           0.668         0.700        31.41          2.09          0.09     -999.25         -999.25        177.9        2094.36 
  2177.75           8.81         59.4           0.661         0.658        31.15          2.09          0.09     -999.25         -999.25        177.6        2094.50 
  2178.00          10.31         56.1           0.655         0.616        30.89          2.09          0.09     -999.25         -999.25        177.3        2094.63 
  2178.25           9.31         52.8           0.637         0.586        30.63          2.09          0.08     -999.25         -999.25        177.0        2094.76 
  2178.50           8.31         49.5           0.618         0.557        30.37          2.09          0.08     -999.25         -999.25        176.8        2094.89 
  2178.75          10.16         46.2           0.614         0.586        30.11          2.08          0.07     -999.25         -999.25        176.5        2095.02 
  2179.00          13.78         42.9           0.610         0.615        30.55          2.08          0.06     -999.25         -999.25        176.2        2095.16 
  2179.25         144.67         39.6           0.605         0.644        30.99          2.07          0.06     -999.25         -999.25        175.9        2095.29 
  2179.50         276.54         36.3           0.601         0.673        31.43          2.09          0.06     -999.25         -999.25        175.6        2095.42 
  2179.75         320.70         36.6           0.607         0.652        31.87          2.10          0.07     -999.25         -999.25        175.3        2095.55 
  2180.00         364.85         36.8           0.613         0.630        32.31          2.11          0.07     -999.25         -999.25        175.6        2095.68 
  2180.25         393.66         39.6           0.619         0.609        32.50          2.13          0.07     -999.25         -999.25        175.9        2095.81 
  2180.50         371.64         42.4           0.625         0.616        32.69          2.14          0.08     -999.25         -999.25        176.2        2095.95 
  2180.75         366.31         45.3           0.631         0.622        32.89          2.15          0.08     -999.25         -999.25        176.5        2096.08 
  2181.00         354.90         48.1           0.638         0.666        33.08          2.16          0.09     -999.25         -999.25        176.8        2096.21 
  2181.25         343.48         50.9           0.644         0.710        33.27          2.12          0.07     -999.25         -999.25        177.1        2096.34 
  2181.50         362.99         46.7           0.650         0.754        33.46          2.13          0.07     -999.25         -999.25        177.4        2096.47 
  2181.75         357.47         42.4           0.679         0.644        32.90          2.13          0.07     -999.25         -999.25        177.7        2096.61 
  2182.00         344.43         38.2           0.696         0.668        32.33          2.13          0.07     -999.25         -999.25        178.0        2096.74 
  2182.25         347.97         41.5           0.713         0.693        31.76          2.13          0.07     -999.25         -999.25        178.1        2096.87 
  2182.50         339.05         44.8           0.731         0.718        31.19          2.13          0.07     -999.25         -999.25        178.2        2097.00 
  2182.75         330.13         48.1           0.748         0.742        29.77          2.13          0.07     -999.25         -999.25        178.3        2097.13 
  2183.00         182.07         51.4           0.766         0.767        28.35          2.13          0.07     -999.25         -999.25        178.3        2097.26 
  2183.25          30.70         54.7           0.783         0.792        29.09          2.15          0.07     -999.25         -999.25        178.4        2097.39 
  2183.50          27.66         57.7           0.801         0.816        29.82          2.17          0.07     -999.25         -999.25        178.5        2097.53 
  2183.75          28.23         60.7           0.734         0.728        30.56          2.18          0.07     -999.25         -999.25        178.6        2097.66 
  2184.00          28.79         63.6           0.780         0.824        31.30          2.19          0.08     -999.25         -999.25        178.7        2097.79 
  2184.25           5.27         65.2           0.826         0.920        32.04          2.20          0.08     -999.25         -999.25        178.7        2097.92 
  2184.50          17.25         66.8           0.872         1.016        32.77          2.21          0.09     -999.25         -999.25        178.8        2098.05 
  2184.75          38.16         68.4           0.905         1.010        33.51          2.23          0.09     -999.25         -999.25        178.9        2098.18 
  2185.00          41.66         68.9           0.939         1.004        34.25          2.24          0.09     -999.25         -999.25        179.0        2098.32 
  2185.25          44.93         69.4           0.950         1.040        34.35          2.24          0.09     -999.25         -999.25        179.0        2098.45 
  2185.50          48.19         70.0           0.961         1.076        34.45          2.24          0.08     -999.25         -999.25        179.1        2098.58 
  2185.75          44.46         70.5           0.980         1.051        34.55          2.23          0.08     -999.25         -999.25        179.2        2098.71 
  2186.00          42.87         71.1           0.995         1.020        34.65          2.23          0.08     -999.25         -999.25        179.3        2098.84 
  2186.25          42.18         71.6           1.010         0.990        33.86          2.23          0.08     -999.25         -999.25        179.3        2098.97 
  2186.50          41.64         72.1           1.025         0.959        33.08          2.22          0.07     -999.25         -999.25        179.4        2099.10 
  2186.75          41.10         69.5           1.033         0.993        35.32          2.22          0.07     -999.25         -999.25        179.5        2099.24 
  2187.00          26.19         66.9           1.041         1.027        37.56          2.21          0.07     -999.25         -999.25        179.6        2099.37 
  2187.25          33.53         68.1           1.048         1.083        35.69          2.23          0.08     -999.25         -999.25        179.6        2099.50 
  2187.50          27.41         69.2           1.054         1.139        33.81          2.24          0.08     -999.25         -999.25        179.7        2099.63 
  2187.75          21.69         70.3           1.060         1.184        31.94          2.25          0.08     -999.25         -999.25        179.8        2099.76 
  2188.00          22.29         71.5           1.066         1.230        31.58          2.27          0.08     -999.25         -999.25        179.9        2099.89 
  2188.25          22.88         72.6           1.073         1.276        31.21          2.28          0.09     -999.25         -999.25        179.9        2100.02 
  2188.50          21.27         71.2           1.090         1.276        30.85          2.30          0.09     -999.25         -999.25        180.0        2100.15 
  2188.75          23.17         69.8           1.091         1.285        30.49          2.29          0.09     -999.25         -999.25        180.1        2100.28 
  2189.00          23.39         70.1           1.092         1.295        30.13          2.28          0.09     -999.25         -999.25        180.2        2100.42 
  2189.25          21.57         70.3           1.093         1.305        29.77          2.27          0.09     -999.25         -999.25        180.2        2100.55 
  2189.50          19.75         70.6           0.974         1.113        29.40          2.28          0.09     -999.25         -999.25        180.3        2100.68 
  2189.75          17.92         70.9           0.856         0.920        29.04          2.29          0.09     -999.25         -999.25        180.4        2100.81 
  2190.00          14.81         71.2           0.737         0.728        31.60          2.27          0.10     -999.25         -999.25        180.5        2100.94 
  2190.25          15.28         71.9           1.137         1.192        34.15          2.27          0.10     -999.25         -999.25        180.5        2101.07 
  2190.50          20.09         72.6           1.150         1.225        36.71          2.27          0.10     -999.25         -999.25        180.6        2101.20 
  2190.75          20.66         73.3           1.163         1.258        36.64          2.27          0.10     -999.25         -999.25        180.7        2101.33 
  2191.00          21.24         74.0           1.176         1.290        36.57          2.27          0.09     -999.25         -999.25        180.8        2101.46 
  2191.25          24.52         76.2           1.187         1.340        36.50          2.27          0.09     -999.25         -999.25        180.8        2101.60 
  2191.50          25.84         78.5           1.198         1.390        36.42          2.26          0.09     -999.25         -999.25        180.9        2101.73 
  2191.75          22.55         80.7           1.208         1.441        36.35          2.26          0.09     -999.25         -999.25        181.0        2101.86 
  2192.00          25.98         82.9           1.219         1.491        36.28          2.26          0.09     -999.25         -999.25        181.1        2101.99 
  2192.25          26.08         85.1           1.227         1.548        36.01          2.26          0.09     -999.25         -999.25        181.1        2102.12 
  2192.50          26.18         87.3           1.235         1.605        35.73          2.26          0.09     -999.25         -999.25        181.2        2102.25 
  2192.75          22.35         89.6           1.242         1.662        35.46          2.27          0.09     -999.25         -999.25        181.3        2102.38 
  2193.00          20.85         89.1           1.246         1.645        35.06          2.29          0.08     -999.25         -999.25        181.4        2102.51 
  2193.25          20.52         88.6           1.250         1.627        34.66          2.30          0.08     -999.25         -999.25        181.5        2102.64 
  2193.50          19.68         88.2           1.254         1.609        34.26          2.31          0.08     -999.25         -999.25        181.5        2102.77 
  2193.75          18.84         86.2           1.257         1.592        33.86          2.32          0.07     -999.25         -999.25        181.6        2102.90 
  2194.00          17.59         84.2           1.261         1.566        33.46          2.32          0.07     -999.25         -999.25        181.7        2103.04 
  2194.25          17.57         82.2           1.266         1.541        34.46          2.33          0.07     -999.25         -999.25        181.8        2103.17 
  2194.50          19.62         80.2           1.276         1.482        35.46          2.34          0.07     -999.25         -999.25        181.8        2103.30 
  2194.75          15.84         78.3           1.286         1.423        35.05          2.35          0.07     -999.25         -999.25        181.9        2103.43 
  2195.00          16.72         79.4           1.296         1.364        34.65          2.36          0.07     -999.25         -999.25        182.0        2103.56 
  2195.25          17.60         80.5           1.291         1.470        34.48          2.35          0.08     -999.25         -999.25        182.1        2103.69 
  2195.50          38.67         81.6           1.286         1.575        34.32          2.34          0.08     -999.25         -999.25        182.1        2103.82 
  2195.75          26.65         84.0           1.292         1.549        34.16          2.33          0.08     -999.25         -999.25        182.2        2103.95 
  2196.00          27.77         86.5           1.297         1.524        34.00          2.33          0.09     -999.25         -999.25        182.3        2104.08 
  2196.25          26.99         89.0           1.299         1.575        33.83          2.35          0.09     -999.25         -999.25        182.4        2104.21 
  2196.50          26.20         91.5           1.301         1.627        33.67          2.33          0.08     -999.25         -999.25        182.4        2104.34 
  2196.75          18.50         91.2           1.306         1.636        33.51          2.32          0.08     -999.25         -999.25        182.5        2104.47 
  2197.00          16.52         91.0           1.312         1.644        33.34          2.31          0.07     -999.25         -999.25        182.6        2104.60 
  2197.25          20.38         92.1           1.317         1.636        33.18          2.31          0.08     -999.25         -999.25        182.7        2104.73 
  2197.50          23.42         93.2           1.322         1.627        33.02          2.31          0.08     -999.25         -999.25        182.7        2104.86 
  2197.75          25.12         94.4           1.324         1.621        32.86          2.31          0.09     -999.25         -999.25        182.8        2105.00 
  2198.00          26.82         95.5           1.327         1.615        32.69          2.32          0.09     -999.25         -999.25        182.9        2105.13 
  2198.25          30.95         96.6           1.330         1.609        46.89          2.32          0.09     -999.25         -999.25        183.0        2105.26 
  2198.50          32.27         92.1           1.329         1.621        47.32          2.32          0.10     -999.25         -999.25        183.0        2105.39 
  2198.75          32.05         87.5           1.327         1.633        47.75          2.32          0.10     -999.25         -999.25        183.1        2105.52 
  2199.00          31.21         83.0           1.326         1.644        48.18          2.33          0.11     -999.25         -999.25        183.2        2105.65 
  2199.25          30.36         83.0           1.327         1.662        48.61          2.33          0.11     -999.25         -999.25        183.3        2105.78 
  2199.50          25.75         83.0           1.327         1.680        44.91          2.33          0.12     -999.25         -999.25        183.3        2105.91 
  2199.75          21.86         83.0           1.328         1.698        41.20          2.34          0.12     -999.25         -999.25        183.4        2106.04 
  2200.00          19.39         83.0           1.328         1.717        37.53          2.35          0.11     -999.25         -999.25        183.5        2106.17 
  2200.25          20.55         83.0           1.329         1.735        33.85          2.37          0.10     -999.25         -999.25        183.5        2106.30 
  2200.50          21.66         83.0           1.329         1.754        34.53          2.39          0.09     -999.25         -999.25        183.5        2106.43 
  2200.75          22.78         87.0           1.330         1.690        35.20          2.38          0.08     -999.25         -999.25        183.5        2106.56 
  2201.00          24.07         91.0           1.330         1.627        35.87          2.37          0.08     -999.25         -999.25        183.5        2106.69 
  2201.25          23.79         90.5           1.330         1.717        36.37          2.37          0.07     -999.25         -999.25        183.5        2106.82 
  2201.50          23.50         90.0           1.328         1.735        36.87          2.39          0.08     -999.25         -999.25        183.5        2106.95 
  2201.75          23.22         89.6           1.331         1.735        37.38          2.41          0.09     -999.25         -999.25        183.5        2107.08 
  2202.00          22.94         91.9           1.330         1.726        37.88          2.40          0.10     -999.25         -999.25        183.5        2107.21 
  2202.25           2.68         91.5           1.328         1.717        38.38          2.39          0.12     -999.25         -999.25        183.5        2107.34 
  2202.50           7.80         91.0           1.326         1.726        38.88          2.38          0.11     -999.25         -999.25        183.5        2107.47 
  2202.75          21.57         90.5           1.324         1.735        39.44          2.38          0.10     -999.25         -999.25        183.5        2107.60 
  2203.00          20.79         90.0           1.323         1.745        40.00          2.37          0.10     -999.25         -999.25        183.5        2107.73 
  2203.25          20.22         89.6           1.321         1.754        40.56          2.37          0.09     -999.25         -999.25        183.5        2107.86 
  2203.50          19.64         89.3           1.319         1.763        41.12          2.37          0.10     -999.25         -999.25        183.5        2107.99 
  2203.75          16.95         88.9           1.317         1.773        41.68          2.38          0.10     -999.25         -999.25        183.5        2108.12 
  2204.00          17.86         88.5           1.312         1.767        40.85          2.38          0.11     -999.25         -999.25        183.5        2108.26 
  2204.25          17.70         88.1           1.308         1.760        40.02          2.39          0.11     -999.25         -999.25        183.5        2108.39 
  2204.50          16.63         87.7           1.303         1.754        39.19          2.40          0.12     -999.25         -999.25        183.5        2108.52 
  2204.75          16.10         88.7           1.323         1.852        38.36          2.39          0.11     -999.25         -999.25        183.5        2108.65 
  2205.00          15.58         89.8           1.294         1.773        37.53          2.39          0.11     -999.25         -999.25        183.5        2108.78 
  2205.25          16.61         90.9           1.293         1.750        36.71          2.38          0.10     -999.25         -999.25        183.5        2108.91 
  2205.50          19.49         91.9           1.293         1.727        39.11          2.38          0.10     -999.25         -999.25        183.5        2109.04 
  2205.75           0.00         92.1           1.293         1.703        41.52          2.38          0.09     -999.25         -999.25        183.5        2109.17 
  2206.00           2.12         92.3           1.293         1.680        43.92          2.38          0.09     -999.25         -999.25        183.5        2109.30 
  2206.25           4.23         92.5           1.290         1.699        46.33          2.38          0.10     -999.25         -999.25        183.5        2109.43 
  2206.50          10.16         92.7           1.288         1.717        45.69          2.38          0.10     -999.25         -999.25        183.5        2109.56 
  2206.75          13.88         92.9           1.285         1.735        45.05          2.38          0.10     -999.25         -999.25        183.5        2109.69 
  2207.00          19.35         92.3           1.285         1.774        44.41          2.39          0.10     -999.25         -999.25        183.5        2109.82 
  2207.25          16.64         91.7           1.284         1.813        43.76          2.38          0.10     -999.25         -999.25        183.5        2109.95 
  2207.50          16.38         91.1           1.294         1.784        43.12          2.38          0.10     -999.25         -999.25        183.5        2110.08 
  2207.75          16.12         90.5           1.304         1.754        42.48          2.38          0.10     -999.25         -999.25        183.3        2110.21 
  2208.00          17.38         94.5           1.300         1.767        41.84          2.38          0.09     -999.25         -999.25        183.0        2110.34 
  2208.25          20.39         98.5           1.295         1.779        41.20          2.38          0.09     -999.25         -999.25        182.8        2110.47 
  2208.50          19.40         95.4           1.291         1.792        43.49          2.38          0.09     -999.25         -999.25        182.6        2110.60 
  2208.75          21.42         92.2           1.287         1.773        45.78          2.38          0.09     -999.25         -999.25        182.4        2110.73 
  2209.00          23.44         89.1           1.289         1.698        45.08          2.38          0.09     -999.25         -999.25        182.1        2110.86 
  2209.25          20.45         90.6           1.291         1.705        44.37          2.39          0.10     -999.25         -999.25        181.9        2110.99 
  2209.50          18.68         92.1           1.293         1.712        43.67          2.39          0.10     -999.25         -999.25        181.7        2111.12 
  2209.75          13.82         93.6           1.294         1.719        51.70          2.39          0.10     -999.25         -999.25        181.5        2111.25 
  2210.00           3.01         95.1           1.296         1.726        51.91          2.39          0.10     -999.25         -999.25        181.2        2111.38 
  2210.25           7.72         96.6           1.298         1.732        52.13          2.40          0.10     -999.25         -999.25        181.0        2111.51 
  2210.50          12.44         97.4           1.300         1.739        52.35          2.37          0.07     -999.25         -999.25        180.8        2111.64 
  2210.75          50.69         98.2           1.302         1.746        50.16          2.37          0.08     -999.25         -999.25        180.8        2111.77 
  2211.00          68.45         98.9           1.304         1.753        47.97          2.37          0.08     -999.25         -999.25        180.8        2111.90 
  2211.25         222.55         99.7           1.305         1.759        45.78          2.37          0.08     -999.25         -999.25        180.8        2112.03 
  2211.50         322.91        100.5           1.307         1.766        44.87          2.38          0.09     -999.25         -999.25        180.8        2112.17 
  2211.75         423.28        101.2           1.309         1.773        43.95          2.35          0.06     -999.25         -999.25        180.8        2112.30 
  2212.00         626.43        102.0           1.289         1.773        43.03          2.37          0.07     -999.25         -999.25        180.8        2112.43 
  2212.25         705.34        102.8           1.269         1.773        42.11          2.39          0.08     -999.25         -999.25        180.8        2112.56 
  2212.50         544.99        103.0           1.286         1.773        41.20          2.41          0.09     -999.25         -999.25        180.8        2112.69 
  2212.75         268.36        103.2           1.303         1.773        40.28          2.40          0.09     -999.25         -999.25        180.8        2112.82 
  2213.00         156.73        101.6           1.320         1.773        39.36          2.40          0.09     -999.25         -999.25        180.8        2112.95 
  2213.25          45.09         99.9           1.275         1.754        38.44          2.41          0.09     -999.25         -999.25        180.8        2113.08 
  2213.50          28.47         99.7           1.274         1.745        39.38          2.40          0.09     -999.25         -999.25        180.8        2113.21 
  2213.75          29.35         99.5           1.274         1.735        40.33          2.39          0.09     -999.25         -999.25        180.8        2113.34 
  2214.00          28.93        101.7           1.276         1.735        41.27          2.38          0.09     -999.25         -999.25        180.8        2113.47 
  2214.25          28.10        103.9           1.303         1.764        42.22          2.37          0.09     -999.25         -999.25        180.8        2113.60 
  2214.50          28.48        106.1           1.330         1.792        43.16          2.37          0.09     -999.25         -999.25        180.8        2113.73 
  2214.75          28.87         94.7           1.332         1.803        43.16          2.38          0.09     -999.25         -999.25        180.8        2113.86 
  2215.00          22.58         83.4           1.333         1.813        43.16          2.39          0.10     -999.25         -999.25        180.8        2113.99 
  2215.25          20.99         86.0           1.539         1.813        43.16          2.40          0.10     -999.25         -999.25        180.8        2114.12 
  2215.50          22.10         88.5           1.744         1.813        43.16          2.40          0.10     -999.25         -999.25        180.8        2114.25 
  2215.75          21.44         91.1           1.640         1.813        44.53          2.40          0.10     -999.25         -999.25        180.8        2114.38 
  2216.00          20.77         93.6           1.535         1.813        45.89          2.40          0.10     -999.25         -999.25        180.8        2114.51 
  2216.25          14.28         96.2           1.431         1.813        47.25          2.40          0.09     -999.25         -999.25        180.8        2114.64 
  2216.50          37.54         96.8           1.327         1.813        48.61          2.40          0.09     -999.25         -999.25        180.8        2114.77 
  2216.75          39.28         97.3           1.324         1.821        45.67          2.41          0.09     -999.25         -999.25        180.8        2114.90 
  2217.00          43.05         97.9           1.321         1.829        42.73          2.41          0.09     -999.25         -999.25        180.8        2115.03 
  2217.25          42.72         98.5           1.319         1.837        39.79          2.41          0.09     -999.25         -999.25        180.8        2115.16 
  2217.50          42.38         98.2           1.316         1.844        40.63          2.41          0.09     -999.25         -999.25        180.8        2115.29 
  2217.75          47.21         97.8           1.313         1.852        41.48          2.41          0.09     -999.25         -999.25        180.8        2115.42 
  2218.00          58.19         97.5           1.317         1.773        42.32          2.41          0.09     -999.25         -999.25        180.8        2115.55 
  2218.25          85.37         97.2           1.302         1.799        43.16          2.41          0.09     -999.25         -999.25        180.8        2115.68 
  2218.50          95.14         96.8           1.287         1.826        41.96          2.41          0.09     -999.25         -999.25        180.8        2115.81 
  2218.75         104.91         96.5           1.272         1.852        40.75          2.40          0.09     -999.25         -999.25        180.8        2115.94 
  2219.00         102.64         96.2           1.293         1.803        39.54          2.39          0.09     -999.25         -999.25        180.8        2116.07 
  2219.25         107.28         96.0           1.313         1.754        38.34          2.38          0.09     -999.25         -999.25        180.8        2116.20 
  2219.50         104.22         95.9           1.307         1.774        37.13          2.38          0.09     -999.25         -999.25        180.8        2116.34 
  2219.75          94.33         95.8           1.301         1.793        37.94          2.39          0.09     -999.25         -999.25        180.8        2116.47 
  2220.00          78.12         95.7           1.295         1.813        38.76          2.39          0.09     -999.25         -999.25        180.8        2116.60 
  2220.25          61.92         96.0           1.289         1.833        39.57          2.40          0.09     -999.25         -999.25        180.8        2116.73 
  2220.50          61.82         96.4           1.289         1.823        40.38          2.39          0.09     -999.25         -999.25        180.8        2116.86 
  2220.75          59.15         96.7           1.288         1.813        41.20          2.39          0.08     -999.25         -999.25        180.8        2116.99 
  2221.00          66.41         97.0           1.287         1.803        41.65          2.38          0.08     -999.25         -999.25        180.8        2117.12 
  2221.25          61.26         97.3           1.286         1.793        42.10          2.38          0.08     -999.25         -999.25        180.8        2117.25 
  2221.50          56.11         97.7           1.285         1.783        42.55          2.38          0.07     -999.25         -999.25        180.8        2117.38 
  2221.75          53.77         98.0           1.284         1.773        42.99          2.38          0.07     -999.25         -999.25        180.8        2117.51 
  2222.00          47.85         98.3           1.277         1.793        43.44          2.38          0.07     -999.25         -999.25        180.8        2117.64 
  2222.25          44.78         98.7           1.270         1.813        43.89          2.38          0.07     -999.25         -999.25        180.8        2117.77 
  2222.50          44.18         99.0           1.280         1.774        44.34          2.38          0.07     -999.25         -999.25        180.8        2117.90 
  2222.75          38.95        107.9           1.289         1.735        44.79          2.39          0.07     -999.25         -999.25        180.8        2118.03 
  2223.00          33.72        104.9           1.285         1.754        45.24          2.39          0.07     -999.25         -999.25        180.8        2118.16 
  2223.25          22.67        101.8           1.280         1.773        43.21          2.39          0.08     -999.25         -999.25        180.8        2118.29 
  2223.50          26.83        100.2           1.275         1.792        41.19          2.39          0.08     -999.25         -999.25        180.8        2118.42 
  2223.75          29.66         98.6           1.276         1.822        39.16          2.39          0.08     -999.25         -999.25        180.8        2118.55 
  2224.00          31.50         97.0           1.278         1.852        37.13          2.40          0.08     -999.25         -999.25        180.8        2118.68 
  2224.25          33.33         95.4           1.280         1.822        38.37          2.40          0.08     -999.25         -999.25        180.8        2118.81 
  2224.50          31.43         93.8           1.282         1.792        39.60          2.40          0.09     -999.25         -999.25        180.8        2118.94 
  2224.75          30.15         91.5           1.283         1.785        40.84          2.40          0.09     -999.25         -999.25        180.8        2119.07 
  2225.00          28.47         89.1           1.284         1.779        42.07          2.41          0.09     -999.25         -999.25        180.8        2119.20 
  2225.25          30.26         91.3           1.284         1.773        43.31          2.40          0.08     -999.25         -999.25        180.8        2119.33 
  2225.50          32.10         93.4           1.280         1.792        44.55          2.39          0.08     -999.25         -999.25        180.8        2119.46 
  2225.75          33.94         95.6           1.279         1.792        45.78          2.38          0.08     -999.25         -999.25        180.8        2119.59 
  2226.00          34.96         97.8           1.279         1.792        45.67          2.38          0.07     -999.25         -999.25        180.8        2119.72 
  2226.25          27.13         99.9           1.278         1.792        45.57          2.38          0.07     -999.25         -999.25        180.8        2119.85 
  2226.50          30.94         98.8           1.278         1.792        45.46          2.38          0.08     -999.25         -999.25        180.8        2119.98 
  2226.75          33.03         97.7           1.279         1.785        45.35          2.38          0.08     -999.25         -999.25        180.8        2120.11 
  2227.00          32.55         96.6           1.280         1.779        45.24          2.38          0.08     -999.25         -999.25        180.8        2120.24 
  2227.25          32.08         98.6           1.281         1.773        44.69          2.38          0.08     -999.25         -999.25        180.8        2120.37 
  2227.50          33.07        100.6           1.283         1.763        44.13          2.38          0.09     -999.25         -999.25        180.8        2120.50 
  2227.75          33.67        102.5           1.285         1.754        43.58          2.38          0.09     -999.25         -999.25        180.8        2120.63 
  2228.00          31.49        104.5           1.285         1.763        43.02          2.38          0.09     -999.25         -999.25        180.8        2120.76 
  2228.25          31.27        106.5           1.284         1.773        42.47          2.38          0.10     -999.25         -999.25        180.8        2120.89 
  2228.50          31.05        108.4           1.284         1.782        41.92          2.39          0.10     -999.25         -999.25        180.8        2121.03 
  2228.75          32.01        105.4           1.284         1.792        41.36          2.39          0.10     -999.25         -999.25        180.8        2121.16 
  2229.00          33.03        102.4           1.286         1.792        40.81          2.39          0.09     -999.25         -999.25        180.8        2121.29 
  2229.25          32.72         99.5           1.288         1.792        40.25          2.39          0.09     -999.25         -999.25        180.8        2121.42 
  2229.50          34.59        101.2           1.290         1.792        42.05          2.39          0.09     -999.25         -999.25        180.8        2121.55 
  2229.75          33.87        102.9           1.285         1.813        43.85          2.39          0.09     -999.25         -999.25        180.8        2121.68 
  2230.00          33.16        104.6           1.286         1.800        45.65          2.39          0.09     -999.25         -999.25        180.9        2121.81 
  2230.25          29.40        106.2           1.286         1.786        47.45          2.39          0.09     -999.25         -999.25        181.0        2121.94 
  2230.50          27.80        107.9           1.287         1.773        48.01          2.39          0.09     -999.25         -999.25        181.1        2122.07 
  2230.75          28.05        106.4           1.284         1.786        48.57          2.39          0.09     -999.25         -999.25        181.1        2122.20 
  2231.00          27.95        104.8           1.280         1.800        49.12          2.39          0.09     -999.25         -999.25        181.2        2122.33 
  2231.25          27.85        103.2           1.277         1.813        49.68          2.39          0.09     -999.25         -999.25        181.3        2122.46 
  2231.50          28.16        101.9           1.271         1.852        50.23          2.39          0.09     -999.25         -999.25        181.4        2122.59 
  2231.75          28.43        100.6           1.273         1.812        50.79          2.40          0.09     -999.25         -999.25        181.4        2122.72 
  2232.00          27.87         99.3           1.274         1.773        51.34          2.40          0.09     -999.25         -999.25        181.5        2122.85 
  2232.25          20.80         98.0           1.275         1.779        51.90          2.41          0.09     -999.25         -999.25        181.6        2122.98 
  2232.50          20.88         97.8           1.276         1.785        52.46          2.40          0.09     -999.25         -999.25        181.7        2123.11 
  2232.75          20.97         97.6           1.277         1.792        53.01          2.40          0.09     -999.25         -999.25        181.7        2123.24 
  2233.00          18.49         97.3           1.278         1.778        51.62          2.40          0.09     -999.25         -999.25        181.8        2123.37 
  2233.25          19.29         97.1           1.279         1.764        50.23          2.40          0.09     -999.25         -999.25        181.9        2123.50 
  2233.50          20.61         98.5           1.281         1.749        48.84          2.40          0.09     -999.25         -999.25        181.9        2123.63 
  2233.75          21.71         99.9           1.282         1.735        47.45          2.40          0.09     -999.25         -999.25        182.0        2123.76 
  2234.00          22.80        101.3           1.284         1.740        48.84          2.40          0.09     -999.25         -999.25        182.1        2123.89 
  2234.25          22.95        102.8           1.285         1.745        50.23          2.40          0.09     -999.25         -999.25        182.2        2124.02 
  2234.50          24.52        103.0           1.287         1.749        51.62          2.40          0.09     -999.25         -999.25        182.2        2124.15 
  2234.75          22.92        103.2           1.289         1.754        53.01          2.40          0.09     -999.25         -999.25        182.3        2124.28 
  2235.00          21.88        103.4           1.284         1.767        54.40          2.40          0.10     -999.25         -999.25        182.4        2124.41 
  2235.25          22.06        103.6           1.279         1.779        55.79          2.40          0.10     -999.25         -999.25        182.5        2124.54 
  2235.50          22.25        103.8           1.274         1.792        53.21          2.40          0.11     -999.25         -999.25        182.5        2124.67 
  2235.75          23.73        104.0           1.297         1.754        50.62          2.40          0.12     -999.25         -999.25        182.6        2124.80 
  2236.00          23.76        104.2           1.232         1.700        48.03          2.40          0.12     -999.25         -999.25        182.7        2124.93 
  2236.25          24.40        104.4           1.168         1.646        43.67          2.40          0.11     -999.25         -999.25        182.8        2125.06 
  2236.50          24.54        104.6           1.103         1.592        42.03          2.40          0.10     -999.25         -999.25        182.8        2125.19 
  2236.75          23.87        102.9           1.166         1.685        40.39          2.40          0.10     -999.25         -999.25        182.9        2125.32 
  2237.00          23.20        101.1           1.229         1.778        38.74          2.40          0.09     -999.25         -999.25        183.0        2125.45 
  2237.25          21.52         99.3           1.292         1.872        37.10          2.40          0.09     -999.25         -999.25        183.1        2125.58 
  2237.50          21.07         97.5           1.270         1.852        35.46          2.36          0.08     -999.25         -999.25        183.1        2125.71 
  2237.75          21.25         95.7           1.248         1.832        26.99          2.32          0.08     -999.25         -999.25        183.2        2125.84 
  2238.00          21.12         88.7           1.226         1.812        28.55          2.27          0.08     -999.25         -999.25        183.3        2125.97 
  2238.25          21.00         81.7           1.204         1.792        30.11          2.23          0.07     -999.25         -999.25        183.3        2126.10 
  2238.50          20.48         74.7           1.169         1.737        26.66          2.21          0.07     -999.25         -999.25        183.4        2126.23 
  2238.75          20.34         67.7           1.135         1.682        28.93          2.18          0.07     -999.25         -999.25        183.5        2126.35 
  2239.00          20.12         60.7           1.100         1.627        31.19          2.15          0.06     -999.25         -999.25        183.2        2126.48 
  2239.25          19.82         53.7           1.025         1.439        30.13          2.12          0.06     -999.25         -999.25        182.8        2126.61 
  2239.50          19.76         46.7           0.950         1.251        29.07          2.09          0.06     -999.25         -999.25        182.5        2126.74 
  2239.75          19.71         43.3           0.875         1.063        28.01          2.09          0.06     -999.25         -999.25        182.1        2126.87 
  2240.00          19.44         39.9           0.840         0.970        31.19          2.09          0.07     -999.25         -999.25        181.8        2127.00 
  2240.25          17.20         36.4           0.805         0.876        30.66          2.08          0.07     -999.25         -999.25        181.5        2127.13 
  2240.50          21.42         33.0           0.770         0.783        30.12          2.09          0.07     -999.25         -999.25        181.1        2127.26 
  2240.75          20.06         34.0           0.734         0.689        29.58          2.10          0.07     -999.25         -999.25        180.8        2127.39 
  2241.00          18.71         35.0           0.699         0.595        29.04          2.10          0.07     -999.25         -999.25        180.8        2127.52 
  2241.25          20.15         36.0           0.676         0.587        29.04          2.06          0.06     -999.25         -999.25        180.8        2127.65 
  2241.50          24.24         37.0           0.653         0.579        29.04          2.06          0.07     -999.25         -999.25        180.8        2127.78 
  2241.75          26.82         38.0           0.629         0.571        29.04          2.06          0.08     -999.25         -999.25        180.8        2127.91 
  2242.00          28.67         39.0           0.606         0.563        30.78          2.10          0.09     -999.25         -999.25        180.8        2128.04 
  2242.25          30.41         40.0           0.601         0.562        32.51          2.10          0.08     -999.25         -999.25        180.8        2128.17 
  2242.50          32.14         41.0           0.595         0.561        34.25          2.10          0.08     -999.25         -999.25        180.8        2128.30 
  2242.75          34.08         42.0           0.589         0.560        32.72          2.10          0.08     -999.25         -999.25        180.8        2128.43 
  2243.00          37.15         43.2           0.584         0.558        31.19          2.09          0.07     -999.25         -999.25        180.8        2128.56 
  2243.25          40.59         44.4           0.578         0.557        30.71          2.12          0.07     -999.25         -999.25        180.8        2128.69 
  2243.50          41.41         45.6           0.596         0.565        30.23          2.14          0.07     -999.25         -999.25        180.8        2128.82 
  2243.75          42.23         46.9           0.615         0.573        29.75          2.16          0.07     -999.25         -999.25        180.8        2128.95 
  2244.00          42.54         48.1           0.633         0.581        27.23          2.18          0.08     -999.25         -999.25        180.8        2129.08 
  2244.25          43.10         48.6           0.652         0.589        24.71          2.20          0.08     -999.25         -999.25        180.8        2129.21 
  2244.50          43.51         49.0           0.674         0.634        26.53          2.22          0.09     -999.25         -999.25        180.8        2129.34 
  2244.75          43.22         49.5           0.696         0.679        28.35          2.24          0.09     -999.25         -999.25        180.8        2129.47 
  2245.00          43.40         50.0           0.718         0.724        27.67          2.26          0.09     -999.25         -999.25        180.8        2129.59 
  2245.25          43.59         50.5           0.739         0.770        27.67          2.24          0.09     -999.25         -999.25        180.8        2129.72 
  2245.50          36.82         50.9           0.761         0.815        27.67          2.22          0.09     -999.25         -999.25        180.8        2129.85 
  2245.75          33.39         51.4           0.783         0.860        27.67          2.20          0.09     -999.25         -999.25        180.8        2129.98 
  2246.00          33.06         51.9           0.805         0.905        27.46          2.18          0.09     -999.25         -999.25        180.8        2130.11 
  2246.25          33.48         52.3           0.833         0.962        27.25          2.26          0.09     -999.25         -999.25        180.8        2130.24 
  2246.50          33.89         52.8           0.861         1.019        27.04          2.26          0.09     -999.25         -999.25        180.8        2130.37 
  2246.75          36.56         66.0           0.889         1.076        26.83          2.26          0.09     -999.25         -999.25        180.8        2130.50 
  2247.00          38.12         55.2           0.898         1.112        26.62          2.25          0.09     -999.25         -999.25        180.8        2130.63 
  2247.25          40.69         44.3           0.908         1.148        26.42          2.26          0.09     -999.25         -999.25        180.8        2130.76 
  2247.50          35.29         33.5           0.918         1.184        26.21          2.27          0.09     -999.25         -999.25        180.8        2130.89 
  2247.75          33.38         40.8           0.928         1.220        26.00          2.26          0.09     -999.25         -999.25        180.8        2131.02 
  2248.00          31.46         48.0           0.949         1.112        25.80          2.25          0.09     -999.25         -999.25        180.8        2131.15 
  2248.25          30.32         55.3           0.970         1.004        25.60          2.23          0.09     -999.25         -999.25        180.8        2131.28 
  2248.50          30.02         62.6           0.950         1.231        25.39          2.22          0.09     -999.25         -999.25        180.8        2131.41 
  2248.75          32.75         69.8           0.930         1.459        25.19          2.20          0.09     -999.25         -999.25        180.8        2131.53 
  2249.00          37.20         77.1           0.910         1.686        24.99          2.20          0.07     -999.25         -999.25        180.8        2131.66 
  2249.25          39.12         84.4           0.890         1.913        24.79          2.20          0.06     -999.25         -999.25        180.8        2131.79 
  2249.50          41.04         68.5           0.869         2.141        24.59          2.19          0.06     -999.25         -999.25        180.8        2131.92 
  2249.75          42.54         52.6           0.860         1.766        24.39          2.19          0.06     -999.25         -999.25        180.8        2132.05 
  2250.00          43.78         36.7           0.850         1.391        25.38          2.18          0.07     -999.25         -999.25        180.8        2132.18 
  2250.25          43.93         20.8           0.841         1.016        26.37          2.18          0.07     -999.25         -999.25        180.8        2132.31 
  2250.50          43.74         20.1           0.807         0.798        27.36          2.17          0.07     -999.25         -999.25        180.8        2132.44 
  2250.75          43.54         19.4           0.794         0.761        28.35          2.17          0.08     -999.25         -999.25        180.8        2132.57 
  2251.00          42.66         18.6           0.780         0.725        28.01          2.16          0.08     -999.25         -999.25        180.8        2132.70 
  2251.25          41.08         17.9           0.767         0.688        27.68          2.16          0.09     -999.25         -999.25        180.8        2132.83 
  2251.50          39.37         18.8           0.753         0.652        27.35          2.15          0.09     -999.25         -999.25        180.8        2132.96 
  2251.75          37.24         19.6           0.740         0.616        27.01          2.15          0.08     -999.25         -999.25        180.8        2133.08 
  2252.00          34.14         20.4           0.719         0.637        26.68          2.14          0.08     -999.25         -999.25        180.8        2133.21 
  2252.25          31.05         21.2           0.720         0.673        26.34          2.14          0.07     -999.25         -999.25        180.8        2133.34 
  2252.50          29.54         34.2           0.720         0.835        26.01          2.13          0.06     -999.25         -999.25        180.8        2133.47 
  2252.75          31.22         47.2           0.722         0.865        25.67          2.12          0.06     -999.25         -999.25        180.8        2133.60 
  2253.00          32.31         34.4           0.724         0.895        25.15          2.13          0.06     -999.25         -999.25        180.8        2133.73 
  2253.25          32.85         32.9           0.732         0.807        24.62          2.14          0.06     -999.25         -999.25        180.8        2133.86 
  2253.50          33.40         31.3           0.737         0.802        24.09          2.14          0.07     -999.25         -999.25        180.8        2133.99 
  2253.75          33.56         29.7           0.743         0.798        23.57          2.15          0.07     -999.25         -999.25        180.8        2134.12 
  2254.00          33.27         32.1           0.733         0.789        23.04          2.16          0.08     -999.25         -999.25        180.8        2134.25 
  2254.25          27.16         34.4           0.724         0.793        22.52          2.16          0.08     -999.25         -999.25        180.9        2134.38 
  2254.50          27.81         29.2           0.715         0.798        22.67          2.17          0.08     -999.25         -999.25        180.9        2134.50 
  2254.75          27.82         24.1           0.709         0.777        22.83          2.17          0.09     -999.25         -999.25        181.0        2134.63 
  2255.00          27.84         18.9           0.702         0.757        22.98          2.18          0.09     -999.25         -999.25        181.0        2134.76 
  2255.25          27.94         18.6           0.696         0.737        23.14          2.18          0.08     -999.25         -999.25        181.1        2134.89 
  2255.50          27.47         18.3           0.699         0.717        23.29          2.19          0.08     -999.25         -999.25        181.1        2135.02 
  2255.75          26.70         17.9           0.701         0.697        23.45          2.19          0.08     -999.25         -999.25        181.2        2135.15 
  2256.00          26.58         15.6           0.696         0.689        23.60          2.19          0.07     -999.25         -999.25        181.2        2135.28 
  2256.25          26.47         17.5           0.699         0.697        23.76          2.19          0.07     -999.25         -999.25        181.3        2135.41 
  2256.50          27.80         19.4           0.701         0.705        24.81          2.18          0.07     -999.25         -999.25        181.3        2135.54 
  2256.75          27.93         23.4           0.702         0.712        25.87          2.17          0.07     -999.25         -999.25        181.4        2135.66 
  2257.00          28.78         27.4           0.702         0.720        26.93          2.17          0.07     -999.25         -999.25        181.4        2135.79 
  2257.25          27.73         34.4           0.709         0.745        27.99          2.16          0.07     -999.25         -999.25        181.5        2135.92 
  2257.50          28.56         41.5           0.703         0.666        29.05          2.15          0.07     -999.25         -999.25        181.5        2136.05 
  2257.75          29.38         48.6           0.742         0.745        30.11          2.15          0.07     -999.25         -999.25        181.6        2136.18 
  2258.00          27.84         55.6           0.776         0.780        30.55          2.14          0.07     -999.25         -999.25        181.6        2136.31 
  2258.25          24.28         63.2           0.760         0.745        31.00          2.13          0.07     -999.25         -999.25        181.7        2136.44 
  2258.50          22.10         68.7           0.780         0.121        31.44          2.04          0.07     -999.25         -999.25        181.7        2136.57 
  2258.75          21.20         74.2           0.799         0.798        31.89          1.94          0.07     -999.25         -999.25        181.8        2136.69 
  2259.00          21.97         79.7           0.805         0.830        32.34          1.84          0.07     -999.25         -999.25        181.8        2136.82 
  2259.25          22.74         74.5           0.812         0.862        32.78          1.74          0.07     -999.25         -999.25        181.9        2136.95 
  2259.50          24.80         75.9           0.818         0.894        33.23          1.93          0.07     -999.25         -999.25        181.9        2137.08 
  2259.75          25.87         76.8           0.824         0.926        33.67          2.11          0.07     -999.25         -999.25        182.0        2137.21 
  2260.00          24.54         77.8           0.816         0.895        34.12          2.12          0.07     -999.25         -999.25        182.0        2137.34 
  2260.25          18.78         78.7           0.807         0.864        34.57          2.13          0.07     -999.25         -999.25        182.1        2137.47 
  2260.50          13.02         79.7           0.799         0.833        35.01          2.14          0.07     -999.25         -999.25        182.1        2137.60 
  2260.75          12.25         79.7           0.791         0.802        35.46          2.15          0.07     -999.25         -999.25        182.2        2137.72 
  2261.00          10.90         79.8           0.782         0.771        34.98          2.16          0.07     -999.25         -999.25        182.2        2137.85 
  2261.25          11.52         79.8           0.800         0.864        34.50          2.17          0.07     -999.25         -999.25        182.3        2137.98 
  2261.50          11.83         79.8           0.818         0.958        34.03          2.18          0.07     -999.25         -999.25        182.3        2138.11 
  2261.75          11.35         79.9           0.836         1.051        33.55          2.19          0.07     -999.25         -999.25        182.4        2138.24 
  2262.00          10.87         79.9           0.860         0.976        33.08          2.20          0.07     -999.25         -999.25        182.4        2138.37 
  2262.25          10.67         80.0           0.884         0.901        32.95          2.21          0.07     -999.25         -999.25        182.5        2138.49 
  2262.50          11.85         80.0           0.908         0.826        32.82          2.22          0.07     -999.25         -999.25        182.5        2138.62 
  2262.75          14.66         80.1           0.922         0.899        32.69          2.22          0.07     -999.25         -999.25        182.6        2138.75 
  2263.00          15.58         80.1           0.937         0.972        32.57          2.23          0.07     -999.25         -999.25        182.6        2138.88 
  2263.25          16.50         80.1           0.951         1.046        32.44          2.23          0.07     -999.25         -999.25        182.7        2139.01 
  2263.50          18.39         82.3           0.966         1.119        32.31          2.24          0.07     -999.25         -999.25        182.7        2139.14 
  2263.75          17.44         84.5           0.980         1.192        33.52          2.24          0.07     -999.25         -999.25        182.8        2139.27 
  2264.00          16.82         86.6           1.002         1.154        34.72          2.53          0.07     -999.25         -999.25        182.8        2139.39 
  2264.25          15.41         88.8           1.023         1.116        35.93          2.82          0.07     -999.25         -999.25        182.9        2139.52 
  2264.50          15.13         91.0           1.045         1.077        37.13          3.10          0.07     -999.25         -999.25        182.9        2139.65 
  2264.75          14.85         90.2           1.067         1.039        36.17          3.39          0.07     -999.25         -999.25        183.0        2139.78 
  2265.00          14.48         89.5           1.070         1.118        35.20          3.03          0.07     -999.25         -999.25        183.0        2139.91 
  2265.25          14.18         88.8           1.073         1.197        34.24          2.67          0.07     -999.25         -999.25        183.1        2140.03 
  2265.50          14.04         88.0           1.076         1.276        33.28          2.32          0.07     -999.25         -999.25        183.1        2140.16 
  2265.75          13.92         87.3           1.069         4.964        32.31          2.31          0.08     -999.25         -999.25        183.2        2140.29 
  2266.00          13.80         86.5           1.062         8.652        33.00          2.30          0.08     -999.25         -999.25        183.2        2140.42 
  2266.25          13.07         85.8           1.054         6.823        33.68          2.29          0.08     -999.25         -999.25        183.3        2140.55 
  2266.50          12.93         85.7           1.047         4.993        34.37          2.29          0.09     -999.25         -999.25        183.3        2140.68 
  2266.75          12.68         85.6           1.040         3.164        35.05          2.53          0.09     -999.25         -999.25        183.4        2140.80 
  2267.00          10.16         85.6           1.033         1.334        34.98          2.77          0.08     -999.25         -999.25        183.4        2140.93 
  2267.25          11.36         85.5           1.005         1.306        34.92          2.57          0.08     -999.25         -999.25        183.5        2141.06 
  2267.50          12.55         85.4           0.978         1.277        34.85          2.38          0.08     -999.25         -999.25        183.5        2141.19 
  2267.75          98.34         85.3           0.951         1.249        34.78          2.18          0.07     -999.25         -999.25        183.5        2141.32 
  2268.00         165.68         83.0           0.923         1.221        34.71          2.17          0.07     -999.25         -999.25        183.5        2141.44 
  2268.25         241.23         80.6           0.896         1.192        34.65          2.15          0.06     -999.25         -999.25        183.5        2141.57 
  2268.50         258.65         78.3           0.873         1.076        34.25          2.14          0.06     -999.25         -999.25        183.5        2141.70 
  2268.75         276.08         75.9           0.850         0.960        33.86          2.12          0.06     -999.25         -999.25        183.5        2141.83 
  2269.00         259.55         73.5           0.827         0.844        33.47          2.12          0.06     -999.25         -999.25        183.5        2141.96 
  2269.25         240.91         71.2           0.804         0.728        33.08          2.11          0.06     -999.25         -999.25        183.5        2142.08 
  2269.50         229.93         68.8           0.760         0.697        33.08          2.11          0.06     -999.25         -999.25        183.5        2142.21 
  2269.75         181.92         66.5           0.715         0.665        33.08          2.10          0.07     -999.25         -999.25        183.5        2142.34 
  2270.00         155.69         64.1           0.671         0.634        33.08          2.10          0.07     -999.25         -999.25        183.5        2142.47 
  2270.25         129.45         60.3           0.627         0.602        33.08          2.09          0.07     -999.25         -999.25        183.5        2142.60 
  2270.50          69.15         56.6           0.621         1.603        33.08          2.09          0.07     -999.25         -999.25        183.5        2142.72 
  2270.75          51.76         52.8           0.615         2.605        33.08          2.09          0.07     -999.25         -999.25        183.5        2142.85 
  2271.00          45.87         49.0           0.609         3.606        33.08          2.09          0.07     -999.25         -999.25        183.5        2142.98 
  2271.25          38.47         45.3           0.603         4.608        33.08          2.09          0.07     -999.25         -999.25        183.5        2143.11 
  2271.50          37.78         46.0           0.597         5.609        33.08          2.09          0.07     -999.25         -999.25        183.5        2143.23 
  2271.75          37.09         46.6           0.590         6.611        33.08          2.09          0.07     -999.25         -999.25        183.5        2143.36 
  2272.00          37.66         47.3           0.584         7.612        33.27          2.09          0.07     -999.25         -999.25        183.5        2143.49 
  2272.25          34.82         48.0           0.591         6.444        33.47          2.09          0.07     -999.25         -999.25        183.5        2143.62 
  2272.50          33.55         48.7           0.598         5.275        33.66          2.09          0.07     -999.25         -999.25        183.5        2143.75 
  2272.75          34.64         49.4           0.605         4.107        33.85          2.09          0.07     -999.25         -999.25        183.5        2143.87 
  2273.00          35.73         50.1           0.612         2.939        34.26          2.09          0.07     -999.25         -999.25        183.5        2144.00 
  2273.25          36.59         50.8           0.618         1.770        34.66          2.09          0.07     -999.25         -999.25        183.5        2144.13 
  2273.50          37.41         51.5           0.625         0.602        35.06          2.09          0.07     -999.25         -999.25        183.5        2144.26 
  2273.75          37.51         52.2           0.636         0.634        35.47          2.08          0.07     -999.25         -999.25        183.5        2144.38 
  2274.00          38.11         52.8           0.646         0.666        35.87          2.10          0.08     -999.25         -999.25        183.5        2144.51 
  2274.25          39.13         53.5           0.656         0.698        35.89          2.12          0.08     -999.25         -999.25        183.5        2144.64 
  2274.50          40.14         54.2           0.667         0.730        35.92          2.14          0.08     -999.25         -999.25        183.5        2144.77 
  2274.75          40.37         55.2           0.677         0.762        35.95          2.15          0.09     -999.25         -999.25        183.5        2144.89 
  2275.00          40.15         56.1           0.697         0.766        35.97          2.14          0.07     -999.25         -999.25        183.5        2145.02 
  2275.25          40.15         57.1           0.718         0.769        36.00          2.14          0.07     -999.25         -999.25        183.5        2145.15 
  2275.50          40.35         58.0           0.738         0.773        36.02          2.14          0.07     -999.25         -999.25        183.5        2145.28 
  2275.75          40.54         60.8           0.758         0.776        36.05          2.13          0.06     -999.25         -999.25        183.5        2145.40 
  2276.00          41.64         63.5           0.779         0.780        36.08          2.13          0.06     -999.25         -999.25        183.5        2145.53 
  2276.25          43.77         66.3           0.811         0.869        36.10          2.12          0.06     -999.25         -999.25        183.5        2145.66 
  2276.50          48.39         69.0           0.843         0.959        36.13          2.13          0.06     -999.25         -999.25        183.5        2145.79 
  2276.75          48.31         71.8           0.868         1.021        36.15          2.14          0.06     -999.25         -999.25        183.5        2145.91 
  2277.00          47.71         74.6           0.892         1.082        36.18          2.15          0.06     -999.25         -999.25        183.5        2146.04 
  2277.25          47.12         77.3           0.916         1.144        36.21          2.16          0.06     -999.25         -999.25        183.5        2146.17 
  2277.50          41.22         77.7           0.940         1.206        36.23          2.16          0.06     -999.25         -999.25        183.5        2146.29 
  2277.75          39.96         78.0           0.961         1.192        36.26          2.17          0.06     -999.25         -999.25        183.5        2146.42 
  2278.00          37.94         78.4           0.981         1.179        36.28          2.18          0.06     -999.25         -999.25        183.5        2146.55 
  2278.25          37.04         78.7           1.002         1.166        35.78          2.19          0.07     -999.25         -999.25        183.5        2146.68 
  2278.50          36.13         78.8           1.022         1.152        35.27          2.20          0.07     -999.25         -999.25        183.5        2146.80 
  2278.75          37.02         78.9           1.040         1.214        34.76          2.20          0.07     -999.25         -999.25        183.5        2146.93 
  2279.00          45.41         79.0           1.058         1.276        34.25          2.21          0.07     -999.25         -999.25        183.5        2147.06 
  2279.25          44.09         79.0           1.076         1.265        35.07          2.22          0.07     -999.25         -999.25        183.5        2147.19 
  2279.50          47.53         79.1           1.093         1.255        35.89          2.23          0.07     -999.25         -999.25        183.5        2147.31 
  2279.75          47.55         79.2           1.111         1.244        36.71          2.24          0.07     -999.25         -999.25        183.5        2147.44 
  2280.00          47.56         83.3           1.129         1.233        32.31          2.24          0.07     -999.25         -999.25        183.5        2147.57 
  2280.25          45.51         87.4           1.152         1.325        35.82          2.25          0.08     -999.25         -999.25        183.5        2147.69 
  2280.50          42.48         91.5           1.176         1.416        39.33          2.26          0.08     -999.25         -999.25        183.5        2147.82 
  2280.75          41.11         90.8           1.199         1.507        36.71          2.27          0.08     -999.25         -999.25        183.5        2147.95 
  2281.00          38.96         90.1           1.208         1.541        38.00          2.27          0.09     -999.25         -999.25        183.5        2148.07 
  2281.25          37.18         89.4           1.217         1.575        37.56          2.24          0.09     -999.25         -999.25        183.5        2148.20 
  2281.50          35.41         88.8           1.225         1.609        37.13          2.27          0.09     -999.25         -999.25        183.5        2148.33 
  2281.75          35.87         88.1           1.235         1.627        37.16          2.30          0.09     -999.25         -999.25        183.5        2148.46 
  2282.00          37.14         87.4           1.245         1.645        37.19          2.33          0.09     -999.25         -999.25        183.5        2148.58 
  2282.25          39.20         86.7           1.255         1.662        37.22          2.34          0.10     -999.25         -999.25        183.5        2148.71 
  2282.50          39.67         87.5           1.254         1.645        37.25          2.36          0.12     -999.25         -999.25        183.5        2148.84 
  2282.75          40.15         88.3           1.252         1.627        37.28          2.34          0.10     -999.25         -999.25        183.5        2148.96 
  2283.00          35.34         89.1           1.250         1.609        37.32          2.33          0.09     -999.25         -999.25        183.5        2149.09 
  2283.25          35.16         89.1           1.249         1.592        37.35          2.96          0.10     -999.25         -999.25        183.5        2149.22 
  2283.50          31.57         89.1           1.236         1.164        37.38          2.37          0.10     -999.25         -999.25        183.5        2149.34 
  2283.75          31.75         89.1           1.223         0.736        37.41          2.36          0.10     -999.25         -999.25        183.5        2149.47 
  2284.00          32.82         89.1           1.210         0.308        37.44          2.36          0.10     -999.25         -999.25        183.5        2149.60 
  2284.25          33.88         89.1           1.197         0.958        37.47          2.36          0.10     -999.25         -999.25        183.5        2149.72 
  2284.50          32.33         89.1           1.185         1.609        37.50          2.36          0.10     -999.25         -999.25        183.5        2149.85 
  2284.75          30.40         89.1           1.185         1.534        37.53          2.35          0.10     -999.25         -999.25        183.5        2149.98 
  2285.00          29.42         85.0           1.185         1.459        37.56          2.35          0.10     -999.25         -999.25        183.5        2150.10 
  2285.25          29.56         80.9           1.184         1.384      -999.25          2.35          0.10     -999.25         -999.25        183.5        2150.23 
  2285.50          29.71         76.8           1.184         1.309      -999.25          2.35          0.10     -999.25         -999.25        183.5        2150.36 
  2285.75          31.38         79.9           1.184         1.233      -999.25          2.35          0.09     -999.25         -999.25        183.5        2150.48 
  2286.00          38.35         83.0           1.180         1.330      -999.25          2.34          0.09     -999.25         -999.25        183.5        2150.61 
  2286.25          32.82         86.0           1.175         1.427      -999.25          2.34          0.09     -999.25         -999.25        183.5        2150.74 
  2286.50          31.90         89.1           1.171         1.524      -999.25          2.34          0.09     -999.25         -999.25        183.5        2150.86 
  2286.75          31.66         89.6           1.183         1.349      -999.25          2.34          0.09     -999.25         -999.25        183.5        2150.99 
  2287.00          31.43         90.0           1.181       203.194      -999.25          2.34          0.09     -999.25         -999.25        183.5        2151.12 
  2287.25          28.71         92.3           1.178       405.039      -999.25       -999.25       -999.25     -999.25         -999.25        183.5        2151.24 
  2287.50          26.36         94.6           1.175       270.518      -999.25       -999.25       -999.25     -999.25         -999.25        183.5        2151.37 
  2287.75          24.77         96.8           1.172       135.996      -999.25       -999.25       -999.25     -999.25         -999.25        183.5        2151.50 
  2288.00          26.42         99.1           1.169         1.474      -999.25       -999.25       -999.25     -999.25         -999.25        183.5        2151.62 
  2288.25          28.08        101.3           1.170         1.463      -999.25       -999.25       -999.25     -999.25         -999.25        183.5        2151.75 
  2288.50          29.26        100.4           1.170         1.452      -999.25       -999.25       -999.25     -999.25         -999.25        183.5        2151.88 
  2288.75          30.41         99.5           1.170         1.441      -999.25       -999.25       -999.25     -999.25         -999.25        183.5        2152.00 
  2289.00          28.33         98.5           1.170         1.430      -999.25       -999.25       -999.25     -999.25         -999.25        183.5        2152.13 
  2289.25          28.64         97.6           1.170         1.419      -999.25       -999.25       -999.25     -999.25         -999.25        183.5        2152.26 
  2289.50          29.49         96.6           1.171         1.408      -999.25       -999.25       -999.25     -999.25         -999.25        183.5        2152.38 
  2289.75          30.35         95.7           1.171         1.397      -999.25       -999.25       -999.25     -999.25         -999.25        183.5        2152.51 
  2290.00          27.37         94.7           1.171         1.386      -999.25       -999.25       -999.25     -999.25         -999.25        183.5        2152.63 
  2290.25          25.41         95.4           1.171         1.375      -999.25       -999.25       -999.25     -999.25         -999.25        183.5        2152.76 
  2290.50          25.23         96.0           1.172         1.364      -999.25       -999.25       -999.25     -999.25         -999.25        183.5        2152.89 
  2290.75          25.41         96.6           1.195         1.395      -999.25       -999.25       -999.25     -999.25         -999.25        183.5        2153.01 
  2291.00          25.60         97.2           1.218         1.426      -999.25       -999.25       -999.25     -999.25         -999.25        183.5        2153.14 
  2291.25          25.43         97.8           1.221         1.436      -999.25       -999.25       -999.25     -999.25         -999.25        183.5        2153.27 
  2291.50          25.05         98.4           1.224         1.446      -999.25       -999.25       -999.25     -999.25         -999.25        183.5        2153.39 
  2291.75          23.12         99.0           1.226         1.455      -999.25       -999.25       -999.25     -999.25         -999.25        183.5        2153.52 
  2292.00          23.36         97.0           1.229         1.465      -999.25       -999.25       -999.25     -999.25         -999.25        183.5        2153.64 
  2292.25          24.61         95.0           1.232         1.474      -999.25       -999.25       -999.25     -999.25         -999.25        183.5        2153.77 
  2292.50          25.87         93.0           1.263         1.474      -999.25       -999.25       -999.25     -999.25         -999.25        183.0        2153.90 
  2292.75          28.18         91.0           1.256         1.491      -999.25       -999.25       -999.25     -999.25         -999.25        182.4        2154.02 
  2293.00          30.76         91.4           1.249         1.507      -999.25       -999.25       -999.25     -999.25         -999.25        181.9        2154.15 
  2293.25          37.24         91.7           1.256         1.499      -999.25       -999.25       -999.25     -999.25         -999.25        181.3        2154.28 
  2293.50          38.82         92.1           1.262         1.491      -999.25       -999.25       -999.25     -999.25         -999.25        180.8        2154.40 
  2293.75          37.59         92.5           1.266         1.507      -999.25       -999.25       -999.25     -999.25         -999.25        180.2        2154.53 
  2294.00          36.36         92.9           1.271         1.474      -999.25       -999.25       -999.25     -999.25         -999.25        179.7        2154.65 
  2294.25          33.74         92.2           1.271         1.499      -999.25       -999.25       -999.25     -999.25         -999.25        179.1        2154.78 
  2294.50          30.41         91.5           1.270         1.524      -999.25       -999.25       -999.25     -999.25         -999.25        178.6        2154.91 
  2294.75          26.43         95.0           1.271         1.541      -999.25       -999.25       -999.25     -999.25         -999.25        178.0        2155.03 
  2295.00          21.29         98.5           1.269         1.558      -999.25       -999.25       -999.25     -999.25         -999.25        177.5        2155.16 
  2295.25          16.14         98.4           1.270         1.566      -999.25       -999.25       -999.25     -999.25         -999.25        177.0        2155.28 
  2295.50          15.74         98.2           1.270         1.575      -999.25       -999.25       -999.25     -999.25         -999.25        176.4        2155.41 
  2295.75          62.01         98.0           1.268         1.582      -999.25       -999.25       -999.25     -999.25         -999.25        175.9        2155.54 
  2296.00         111.51         94.7           1.266         1.589      -999.25       -999.25       -999.25     -999.25         -999.25        175.3        2155.66 
  2296.25         174.11         95.2           1.264         1.596      -999.25       -999.25       -999.25     -999.25         -999.25        175.3        2155.79 
  2296.50         212.07         95.7           1.262         1.603      -999.25       -999.25       -999.25     -999.25         -999.25        175.3        2155.91 
  2296.75         250.03         96.2           1.260         1.610      -999.25       -999.25       -999.25     -999.25         -999.25        175.3        2156.04 
  2297.00         202.44         96.6           1.257         1.617      -999.25       -999.25       -999.25     -999.25         -999.25        175.3        2156.16 
  2297.25         146.14         97.1           1.255         1.623      -999.25       -999.25       -999.25     -999.25         -999.25        175.3        2156.29 
  2297.50          99.82         97.6           1.253         1.630      -999.25       -999.25       -999.25     -999.25         -999.25        175.3        2156.42 
  2297.75          79.70         98.0           1.251         1.637      -999.25       -999.25       -999.25     -999.25         -999.25        175.3        2156.54 
  2298.00          59.58         98.5           1.249         1.644      -999.25       -999.25       -999.25     -999.25         -999.25        175.3        2156.67 
  2298.25          51.09         99.0         -999.25       -999.25      -999.25       -999.25       -999.25     -999.25         -999.25        175.3        2156.79 
  2298.50          49.41         99.5         -999.25       -999.25      -999.25       -999.25       -999.25     -999.25         -999.25        175.3        2156.92 
  2298.75          41.08         99.9         -999.25       -999.25      -999.25       -999.25       -999.25     -999.25         -999.25        175.4        2157.04 
  2299.00          37.80        100.4         -999.25       -999.25      -999.25       -999.25       -999.25     -999.25         -999.25        175.5        2157.17 
  2299.25          38.63      -999.25         -999.25       -999.25      -999.25       -999.25       -999.25     -999.25         -999.25        175.6        2157.30 
  2299.50          39.46      -999.25         -999.25       -999.25      -999.25       -999.25       -999.25     -999.25         -999.25        175.7        2157.42 
  2299.75          37.38      -999.25         -999.25       -999.25      -999.25       -999.25       -999.25     -999.25         -999.25        175.8        2157.55 
  2300.00          37.51      -999.25         -999.25       -999.25      -999.25       -999.25       -999.25     -999.25         -999.25        175.9        2157.67 
  2300.25          35.82      -999.25         -999.25       -999.25      -999.25       -999.25       -999.25     -999.25         -999.25        176.0        2157.80 
  2300.50          31.85      -999.25         -999.25       -999.25      -999.25       -999.25       -999.25     -999.25         -999.25        176.1        2157.92 
  2300.75          27.88      -999.25         -999.25       -999.25      -999.25       -999.25       -999.25     -999.25         -999.25        176.2        2158.05 
  2301.00          30.43      -999.25         -999.25       -999.25      -999.25       -999.25       -999.25     -999.25         -999.25        176.3        2158.17 
  2301.25          35.04      -999.25         -999.25       -999.25      -999.25       -999.25       -999.25     -999.25         -999.25        176.4        2158.30 
  2301.50          36.17      -999.25         -999.25       -999.25      -999.25       -999.25       -999.25     -999.25         -999.25        176.5        2158.43 
  2301.75          29.42      -999.25         -999.25       -999.25      -999.25       -999.25       -999.25     -999.25         -999.25        176.5        2158.55 
  2302.00          25.41      -999.25         -999.25       -999.25      -999.25       -999.25       -999.25     -999.25         -999.25        176.6        2158.68 
  2302.25          21.41      -999.25         -999.25       -999.25      -999.25       -999.25       -999.25     -999.25         -999.25        176.7        2158.80 
  2302.50          14.58      -999.25         -999.25       -999.25      -999.25       -999.25       -999.25     -999.25         -999.25        176.8        2158.93 
  2302.75           8.70      -999.25         -999.25       -999.25      -999.25       -999.25       -999.25     -999.25         -999.25        176.9        2159.05 
  2303.00           7.85      -999.25         -999.25       -999.25      -999.25       -999.25       -999.25     -999.25         -999.25        177.0        2159.18 
  2303.25          10.66      -999.25         -999.25       -999.25      -999.25       -999.25       -999.25     -999.25         -999.25        177.1        2159.30 
  2303.50          11.14      -999.25         -999.25       -999.25      -999.25       -999.25       -999.25     -999.25         -999.25        177.2        2159.43 
  2303.75          11.62      -999.25         -999.25       -999.25      -999.25       -999.25       -999.25     -999.25         -999.25        177.3        2159.55 
  2304.00          14.02      -999.25         -999.25       -999.25      -999.25       -999.25       -999.25     -999.25         -999.25        177.4        2159.68 
  2304.25          25.08      -999.25         -999.25       -999.25      -999.25       -999.25       -999.25     -999.25         -999.25        177.5        2159.80 
  2304.50          40.36      -999.25         -999.25       -999.25      -999.25       -999.25       -999.25     -999.25         -999.25        177.6        2159.93 
  2304.75          46.89      -999.25         -999.25       -999.25      -999.25       -999.25       -999.25     -999.25         -999.25        177.7        2160.05 
  2305.00          53.42      -999.25         -999.25       -999.25      -999.25       -999.25       -999.25     -999.25         -999.25        177.8        2160.18 
  2305.25          49.79      -999.25         -999.25       -999.25      -999.25       -999.25       -999.25     -999.25         -999.25        177.9        2160.30 
  2305.50          41.04      -999.25         -999.25       -999.25      -999.25       -999.25       -999.25     -999.25         -999.25        178.0        2160.43 
  2305.75          35.10      -999.25         -999.25       -999.25      -999.25       -999.25       -999.25     -999.25         -999.25        178.0        2160.56 
  2306.00          32.94      -999.25         -999.25       -999.25      -999.25       -999.25       -999.25     -999.25         -999.25      -999.25        2160.68 
  2306.25          34.60      -999.25         -999.25       -999.25      -999.25       -999.25       -999.25     -999.25         -999.25      -999.25        2160.81 
  2306.50          36.26      -999.25         -999.25       -999.25      -999.25       -999.25       -999.25     -999.25         -999.25      -999.25        2160.93 
  2306.75          35.56      -999.25         -999.25       -999.25      -999.25       -999.25       -999.25     -999.25         -999.25      -999.25        2161.06 
  2307.00        -999.25      -999.25         -999.25       -999.25      -999.25       -999.25       -999.25     -999.25         -999.25      -999.25        2161.18 
