~VERSION INFORMATION 
 VERS. 2.0: CWLS LOG ASCII STANDARD -VERSION 2.0 
 WRAP.  No: SINGLE LINE PER DEPTH STEP
~WELL INFORMATION BLOCK 
#MNEM.UNIT			     DATA			   DESCRIPTION OF MNEMONIC
#----------------------------------------------------------------------
 STRT.m                       1200.00                  : Start Depth
 STOP.m                       1430.00                  : Stop  Depth
 STEP.m                       0.25                     : Step  Depth
 NULL.                   -999.25                       : Null value
 COMP.                   PEAK PETROLEUM                : Company Name
 WELL.                   BILABRI D4                    : Well Name
 PATH.                   Original Path                 : Path Name
 FLD.                    BILABRI                       : Field Name
 LOC.                    BILABRI                       : Location
 PROV.                   Unused                        : Province
 SRVC.                   BAKER HUGHES INTEQ            : Service Company Name
 Date.DD/MM/YYYY         19/12/2006                    : Date
 UWI.                                                  : Unique Well ID
 TIMEZONE.Hrs            0                   : Time zone difference from GMT 
~CURVE INFORMATION
#MNEM.UNIT                 CURVE INFORMATION
#
#----------------------------------------------------------------------
DEPTH.m                                      :   0 Depth Hole
TVD.m                                        :   1 True Vertical Depth
ROP_AVG.m/hr                                 :   2 Depth Averaged ROP
GRAM.API                                     :   3 Gamma Ray - Apparent
RACLM.ohm.m                                  :   4 Resistivity Attenuation - Corrected - 400kHz
RPCLM.ohm.m                                  :   5 Resistivity Phase - Corrected - 400kHz
RACHM.ohm.m                                  :   6 Resistivity Attenuation - Corrected - 2MHz
RPCHM.ohm.m                                  :   7 Resistivity Phase - Corrected - 2MHz
TCDM.degF                                    :   8 Downhole Temperature
#----------------------------------------------------------------------
~O
Disclaimer
Baker Hughes INTEQ does not guarantee the accuracy  or correctness
of  interpretations  provided  in  or  from this  data. Since  all
interpretations  are  opinions based on measurements, Baker Hughes
INTEQ  shall  under no  circumstances   be  held  responsible  for
consequential damages or any other loss, costs, damages or expenses
incurred  or  sustained  in  connection  with  the use of any such
interpretations. Baker  Hughes INTEQ  disclaims  all expressed and
implied  warranties  related to  its  service which is governed by
Baker Hughes INTEQ's standard terms and conditions.
#----------------------------------------------------------------------
~A
  1200.00        -999.25       -999.25      -999.25         -999.25       -999.25       -999.25       -999.25     -999.25  
  1200.25        -999.25       -999.25      -999.25           0.611         0.722         0.504         0.395     -999.25  
  1200.50        -999.25       -999.25         60.1           0.618         0.747         0.453         0.366     -999.25  
  1200.75        -999.25       -999.25         53.9           0.624         0.767         0.412         0.344     -999.25  
  1201.00        -999.25       -999.25         47.4           0.633         0.795         0.355         0.313     -999.25  
  1201.25        -999.25       -999.25         40.9           0.636         0.790         0.356         0.344     -999.25  
  1201.50        -999.25       -999.25         36.4           0.642         0.780         0.357         0.397     -999.25  
  1201.75        -999.25       -999.25         31.8           0.655         0.804         0.396         0.460     -999.25  
  1202.00        -999.25       -999.25         27.8           0.667         0.832         0.425         0.489       124.7  
  1202.25        -999.25       -999.25         16.5           0.667         0.831         0.415         0.483       124.1  
  1202.50        -999.25       -999.25         17.0           0.668         0.829         0.404         0.478       123.5  
  1202.75        -999.25       -999.25         16.9           0.669         0.827         0.394         0.472       123.0  
  1203.00        -999.25       -999.25         16.7           0.670         0.826         0.384         0.467       122.4  
  1203.25        -999.25       -999.25         16.5           0.671         0.824         0.374         0.461       121.9  
  1203.50        -999.25       -999.25         16.3           0.672         0.822         0.363         0.455       121.3  
  1203.75        -999.25       -999.25         16.2           0.673         0.821         0.353         0.450       120.7  
  1204.00        -999.25       -999.25         16.0           0.644         0.785         0.806         0.413       120.2  
  1204.25        -999.25       -999.25         15.9           0.613         0.747         1.279         0.374       119.6  
  1204.50        -999.25       -999.25         24.8           0.583         0.710         1.751         0.336       119.0  
  1204.75        -999.25       -999.25         31.5           0.549         0.668         2.280         0.293       118.2  
  1205.00        -999.25       -999.25         38.2           0.555         0.670         2.145         0.273       118.5  
  1205.25        -999.25       -999.25         45.0           0.521         0.597         3.880         0.225       119.0  
  1205.50        -999.25       -999.25         39.9           0.503         0.561         4.740         0.202       119.5  
  1205.75        -999.25       -999.25         29.6           0.489         0.568      3496.467         0.226       119.5  
  1206.00        -999.25       -999.25         28.1           0.474         0.576      7089.530         0.250       119.6  
  1206.25        -999.25       -999.25         26.5           0.482         0.576      5785.204         0.324       119.6  
  1206.50        -999.25       -999.25         25.4           0.494         0.578      3665.766         0.446       119.7  
  1206.75        -999.25       -999.25         29.8           0.506         0.579      1546.328         0.567       119.7  
  1207.00        -999.25       -999.25         33.1           0.515         0.580         7.259         0.655       119.8  
  1207.25        -999.25       -999.25         36.6           0.530         0.588         4.399         0.496       119.9  
  1207.50        -999.25       -999.25         38.9           0.546         0.597         1.222         0.319       119.9  
  1207.75        -999.25       -999.25         41.3           0.551         0.602         1.127         0.322       120.0  
  1208.00        -999.25       -999.25         43.2           0.562         0.614         0.890         0.328       120.0  
  1208.25        -999.25       -999.25         51.9           0.563         0.618         1.044         0.324       120.1  
  1208.50        -999.25       -999.25         59.2           0.569         0.622         0.927         0.336       120.1  
  1208.75        -999.25       -999.25         63.8           0.570         0.616         0.734         0.375       120.2  
  1209.00        -999.25       -999.25         51.4           0.558         0.596         0.645         0.366       120.2  
  1209.25        -999.25       -999.25         35.4           0.549         0.586         0.655         0.331       120.3  
  1209.50        -999.25       -999.25         32.9           0.540         0.571         0.613         0.351       120.3  
  1209.75        -999.25       -999.25         31.0           0.548         0.570         0.581         0.406       120.4  
  1210.00        -999.25       -999.25         29.1           0.546         0.573         0.550         0.455       120.4  
  1210.25        -999.25       -999.25         27.3           0.542         0.566         0.537         0.462       120.5  
  1210.50        -999.25       -999.25         25.0           0.540         0.563         0.529         0.459       120.6  
  1210.75        -999.25       -999.25         27.9           0.541         0.570         0.505         0.453       120.7  
  1211.00        -999.25       -999.25         27.0           0.546         0.578         0.518         0.478       120.8  
  1211.25        -999.25       -999.25         32.9           0.549         0.589         0.523         0.470       120.9  
  1211.50        -999.25       -999.25         31.4           0.550         0.596         0.521         0.483       121.0  
  1211.75        -999.25       -999.25         29.0           0.553         0.589         0.505         0.462       121.1  
  1212.00        -999.25       -999.25         29.9           0.556         0.588         0.511         0.445       121.2  
  1212.25        -999.25       -999.25         29.3           0.568         0.594         0.526         0.429       121.0  
  1212.50        -999.25       -999.25         28.7           0.575         0.600         0.547         0.401       120.8  
  1212.75        -999.25       -999.25         31.4           0.595         0.609         0.529         0.415       120.6  
  1213.00        -999.25       -999.25         35.9           0.617         0.634         0.538         0.449       120.4  
  1213.25        -999.25       -999.25         48.4           0.662         0.713         0.632         0.549       122.0  
  1213.50        -999.25       -999.25         55.5           0.704         0.788         0.697         0.587       122.4  
  1213.75        -999.25       -999.25         62.5           0.750         0.808         0.641         0.528       122.5  
  1214.00        -999.25       -999.25         65.3           0.796         0.834         0.643         0.575       122.5  
  1214.25        -999.25       -999.25         76.4           0.867         0.911         0.781         0.692       122.6  
  1214.50        -999.25       -999.25         73.6           0.918         0.960         0.836         0.787       122.6  
  1214.75        -999.25       -999.25         85.0           0.959         0.986         0.877         0.823       122.7  
  1215.00        -999.25       -999.25         94.3           1.002         0.993         0.919         0.843       122.7  
  1215.25        -999.25       -999.25         93.3           1.044         0.985         0.993         0.885       122.8  
  1215.50        -999.25       -999.25         93.6           1.085         0.982         1.010         0.881       122.8  
  1215.75        -999.25       -999.25         91.6           1.152         1.021         1.086         0.893       122.9  
  1216.00        -999.25       -999.25         93.1           1.248         1.183         1.224         1.193       122.9  
  1216.25        -999.25       -999.25         89.1           1.340         1.359         1.337         1.340       123.0  
  1216.50        -999.25       -999.25         81.9           1.417         1.425         1.374         1.352       123.0  
  1216.75        -999.25       -999.25         87.5           1.527         1.566         1.448         1.506       123.1  
  1217.00        -999.25       -999.25         88.0           1.584         1.667         1.513         1.620       123.1  
  1217.25        -999.25       -999.25         87.7           1.598         1.707         1.595         1.696       123.3  
  1217.50        -999.25       -999.25         89.3           1.540         1.655         1.564         1.707       123.5  
  1217.75        -999.25       -999.25         83.2           1.469         1.546         1.461         1.555       124.0  
  1218.00        -999.25       -999.25         74.8           1.403         1.519         1.415         1.389       124.3  
  1218.25        -999.25       -999.25         59.9           1.270         1.659         1.406         1.792       124.4  
  1218.50        -999.25       -999.25         31.7           1.125         1.703         1.336         2.354       124.5  
  1218.75        -999.25       -999.25         22.8           0.975         1.190         0.800         1.054       124.6  
  1219.00        -999.25       -999.25         27.5           0.870         0.839         0.702         0.800       124.7  
  1219.25        -999.25       -999.25         29.7           0.782         0.711         0.633         0.607       124.8  
  1219.50        -999.25       -999.25         34.4           0.739         0.723         0.690         0.648       124.9  
  1219.75        -999.25       -999.25         29.3           0.716         0.769         0.741         0.804       125.1  
  1220.00        -999.25       -999.25         30.3           0.706         0.721         0.681         0.698       125.2  
  1220.25        -999.25       -999.25         38.1           0.692         0.712         0.667         0.686       125.3  
  1220.50        -999.25       -999.25         40.6           0.669         0.710         0.640         0.681       125.4  
  1220.75        -999.25       -999.25         39.5           0.656         0.676         0.623         0.641       125.5  
  1221.00        -999.25       -999.25         40.9           0.655         0.667         0.642         0.617       125.5  
  1221.25        -999.25       -999.25         50.9           0.659         0.674         0.650         0.637       125.6  
  1221.50        -999.25       -999.25         48.9           0.662         0.685         0.637         0.602       125.7  
  1221.75        -999.25       -999.25         51.3           0.663         0.708         0.669         0.626       125.8  
  1222.00        -999.25       -999.25         64.5           0.657         0.719         0.662         0.598       125.9  
  1222.25        -999.25       -999.25         66.4           0.653         0.669         0.599         0.566       126.0  
  1222.50        1222.53          0.00         70.4           0.664         0.636         0.579         0.508       126.1  
  1222.75        1222.84         19.28         74.0           0.687         0.707         0.691         0.611       126.2  
  1223.00        1222.98         63.00         66.7           0.715         0.760         0.717         0.676       126.3  
  1223.25        1223.14        112.86         62.4           0.721         0.765         0.695         0.667       126.4  
  1223.50        1223.45        282.19         67.0           0.740         0.780         0.730         0.657       126.5  
  1223.75        1223.75        405.68         68.2           0.750         0.811         0.787         0.757       126.7  
  1224.00        1224.06        491.17         67.0           0.741         0.788         0.744         0.762       126.8  
  1224.25        1224.23        632.87         69.1           0.721         0.717         0.664         0.687       126.9  
  1224.50        1224.36        740.54         65.2           0.714         0.699         0.642         0.597       127.0  
  1224.75        1224.66        859.96         66.2           0.727         0.758         0.688         0.617       127.1  
  1225.00        1224.97        796.32         69.3           0.750         0.787         0.751         0.661       127.2  
  1225.25        1225.27        797.32         67.9           0.757         0.792         0.761         0.638       127.3  
  1225.50        1225.58        878.67         68.0           0.750         0.786         0.744         0.630       127.3  
  1225.75        1225.73        817.09         68.5           0.739         0.777         0.724         0.624       127.4  
  1226.00        1225.88        752.86         73.6           0.731         0.728         0.682         0.547       127.5  
  1226.25        1226.19        705.29         70.1           0.737         0.726         0.699         0.634       127.5  
  1226.50        1226.49        648.71         67.3           0.762         0.779         0.761         0.762       127.6  
  1226.75        1226.80        590.76         65.9           0.769         0.787         0.766         0.763       127.7  
  1227.00        1227.10        573.87         71.5           0.784         0.794         0.763         0.737       127.7  
  1227.25        1227.23        540.79         71.7           0.798         0.807         0.772         0.740       127.8  
  1227.50        1227.41        493.33         71.2           0.812         0.828         0.804         0.804       127.9  
  1227.75        1227.71        381.72         74.2           0.819         0.847         0.819         0.789       128.1  
  1228.00        1228.02        329.73         75.3           0.815         0.846         0.825         0.806       128.2  
  1228.25        1228.32        355.93         77.4           0.799         0.813         0.789         0.773       128.3  
  1228.50        1228.48        381.69         76.0           0.779         0.791         0.745         0.725       128.4  
  1228.75        1228.63        406.26         66.5           0.773         0.805         0.725         0.683       128.5  
  1229.00        1228.93        415.80         71.2           0.776         0.783         0.776         0.726       128.5  
  1229.25        1229.24        393.75         67.6           0.778         0.758         0.716         0.658       128.7  
  1229.50        1229.54        387.73         73.6           0.791         0.829         0.818         0.791       128.7  
  1229.75        1229.85        373.23         74.5           0.814         0.887         0.840         0.861       128.8  
  1230.00        1229.98        396.21         82.5           0.800         0.894         0.807         0.908       128.8  
  1230.25        1230.15        426.30         90.7           0.791         0.808         0.778         0.790       128.9  
  1230.50        1230.46        401.13         79.6           0.780         0.799         0.727         0.738       128.9  
  1230.75        1230.76        407.10         66.8           0.817         0.748         0.697         0.634       129.0  
  1231.00        1231.07        409.05         69.6           0.961         0.847         0.794         0.641       129.1  
  1231.25        1231.23        417.20         70.8           1.223         1.271         1.325         1.333       129.0  
  1231.50        1231.37        424.31         83.3           1.754         2.270         1.833         2.398       129.0  
  1231.75        1231.68        398.77         99.4           2.383         2.908         2.446         2.963       129.2  
  1232.00        1231.98        398.03         87.6           3.257         3.845         3.373         4.406       129.3  
  1232.25        1232.28        413.66         57.0           3.239         3.845         3.416         4.449       129.3  
  1232.50        1232.59        409.75         48.5           3.213         3.845         3.478         4.511       129.4  
  1232.75        1232.73        400.10         50.3           2.900         3.537         3.230         4.177       129.5  
  1233.00        1232.89        388.56         50.7           3.194         3.811         3.303         4.314       129.5  
  1233.25        1233.20        405.53         49.5           3.261         3.802         3.411         4.488       129.6  
  1233.50        1233.50        391.70         51.9           3.328         3.298         2.903         3.309       129.6  
  1233.75        1233.81        380.37         51.1           3.377         2.549         2.406         2.129       129.7  
  1234.00        1233.98        373.05         49.0           3.363         2.661         2.378         2.558       129.7  
  1234.25        1234.11        367.22         40.7           3.425         3.110         2.943         3.374       129.8  
  1234.50        1234.42        389.88         41.5           3.423         3.705         3.209         4.264       129.8  
  1234.75        1234.72        417.16         38.7           3.211         3.764         3.250         4.455       129.9  
  1235.00        1235.03        381.62         36.2           2.941         3.066         2.603         2.629       129.9  
  1235.25        1235.33        403.81         25.1           2.538         3.502         2.929         4.677       130.0  
  1235.50        1235.48        398.96         17.6           2.188         3.977         2.924         6.582       130.1  
  1235.75        1235.64        393.66         19.3           1.738         3.009         2.468         5.273       130.1  
  1236.00        1235.94        379.98         21.7           1.313         1.722         1.496         2.480       130.2  
  1236.25        1236.25        372.74         28.3           1.014         0.912         0.825         0.933       130.3  
  1236.50        1236.55        345.86         29.5           0.851         0.745         0.666         0.608       130.3  
  1236.75        1236.73        340.91         23.8           0.789         0.759         0.649         0.670       130.4  
  1237.00        1236.86        337.30         17.4           0.735         0.777         0.664         0.749       130.4  
  1237.25        1237.16        332.22         17.1           0.691         0.758         0.590         0.698       130.5  
  1237.50        1237.47        312.75         17.1           0.641         0.718         0.496         0.601       130.5  
  1237.75        1237.77        280.22         21.2           0.632         0.687         0.517         0.547       130.6  
  1238.00        1238.08        260.72         24.1           0.641         0.675         0.617         0.585       130.6  
  1238.25        1238.23        257.62         25.5           0.625         0.683         0.538         0.450       130.7  
  1238.50        1238.38        254.53         23.3           0.602         0.644         0.483         0.397       130.8  
  1238.75        1238.69        257.93         24.3           0.580         0.629         0.495         0.452       130.8  
  1239.00        1238.99        244.05         21.2           0.571         0.604         0.475         0.440       130.9  
  1239.25        1239.29        221.40         22.0           0.564         0.600         0.462         0.412       131.0  
  1239.50        1239.60        141.70         22.4           0.553         0.589         0.401         0.291       131.0  
  1239.75        1239.73        115.46         22.0           0.553         0.598         0.419         0.384       131.0  
  1240.00        1239.90         79.39         19.1           0.556         0.637         0.482         0.483       131.3  
  1240.25        1240.21         34.94         15.5           0.562         0.635         0.470         0.519       131.5  
  1240.50        1240.51         95.02         17.6           0.563         0.630         0.437         0.410       131.5  
  1240.75        1240.82        183.07         25.0           0.571         0.621         0.447         0.390       131.6  
  1241.00        1240.98        248.96         23.7           0.563         0.608         0.437         0.384       131.7  
  1241.25        1241.12        309.22         21.7           0.558         0.605         0.428         0.366       131.8  
  1241.50        1241.43        317.06         20.4           0.543         0.591         0.412         0.314       131.9  
  1241.75        1241.73         22.28         19.9           0.551         0.619         0.367         0.295       132.0  
  1242.00        1242.04         36.10         15.5           0.554         0.640         0.449         0.462       132.1  
  1242.25        1242.34         34.81         16.0           0.558         0.634         0.426         0.449       132.1  
  1242.50        1242.48         38.19         17.9           0.560         0.630         0.401         0.414       132.2  
  1242.75        1242.65         42.43         19.5           0.571         0.615         0.440         0.374       132.2  
  1243.00        1242.95         44.23         24.6           0.569         0.614         0.525         0.311       132.2  
  1243.25        1243.26         42.60         21.2           0.561         0.644         0.506         0.323       132.3  
  1243.50        1243.56         42.47         17.5           0.552         0.617         0.423         0.470       132.3  
  1243.75        1243.73         41.11         17.1           0.549         0.590         0.397         0.422       132.3  
  1244.00        1243.87         39.97         19.2           0.548         0.578         0.379         0.405       132.4  
  1244.25        1244.17         39.86         25.4           0.560         0.603         0.455         0.315       132.4  
  1244.50        1244.48         38.42         28.7           0.598         0.695         0.501         0.380       132.5  
  1244.75        1244.78         41.03         19.2           0.625         0.757         0.489         0.466       132.5  
  1245.00        1245.09         37.96         22.1           0.613         0.738         0.541         0.681       132.5  
  1245.25        1245.23         37.00         27.9           0.613         0.647         0.521         0.634       132.6  
  1245.50        1245.39         35.89         36.1           0.629         0.594         0.540         0.460       132.6  
  1245.75        1245.70         28.96         41.5           0.636         0.634         0.618         0.530       132.7  
  1246.00        1246.00         29.91         42.4           0.643         0.642         0.668         0.599       132.7  
  1246.25        1246.30         32.69         25.5           0.642         0.644         0.645         0.634       132.8  
  1246.50        1246.48         34.39         18.9           0.643         0.675         0.585         0.712       132.8  
  1246.75        1246.61         35.69         19.0           0.661         0.741         0.615         0.803       132.8  
  1247.00        1246.91         37.26         16.6           0.690         0.741         0.682         0.747       132.9  
  1247.25        1247.22         37.44         19.6           0.693         0.741         0.668         0.707       133.0  
  1247.50        1247.52         37.31         17.3           0.696         0.728         0.645         0.711       133.1  
  1247.75        1247.83         36.11         22.3           0.700         0.736         0.657         0.733       133.1  
  1248.00        1247.98         35.94         17.3           0.704         0.740         0.699         0.799       133.2  
  1248.25        1248.13         35.76         17.8           0.701         0.742         0.679         0.775       133.3  
  1248.50        1248.44         43.05         17.4           0.688         0.725         0.638         0.672       133.3  
  1248.75        1248.74         56.94         20.9           0.688         0.695         0.644         0.644       132.4  
  1249.00        1249.05         74.83         24.0           0.693         0.697         0.653         0.706       131.9  
  1249.25        1249.23         47.91         22.4           0.694         0.743         0.685         0.751       130.8  
  1249.50        1249.35         29.15         19.8           0.701         0.744         0.698         0.729       129.0  
  1249.75        1249.66         10.65         24.3           0.705         0.746         0.707         0.713       128.6  
  1250.00        1249.96          9.90         22.4           0.713         0.762         0.737         0.744       128.6  
  1250.25        1250.27         19.33         20.4           0.706         0.764         0.727         0.701       128.5  
  1250.50        1250.57         25.73         18.8           0.678         0.717         0.643         0.656       128.5  
  1250.75        1250.73         29.00         17.7           0.638         0.645         0.600         0.591       128.4  
  1251.00        1250.88         32.14         18.1           0.621         0.614         0.599         0.579       128.5  
  1251.25        1251.18         31.82         35.0           0.616         0.606         0.632         0.574       128.5  
  1251.50        1251.49         31.14         34.8           0.607         0.607         0.593         0.595       128.6  
  1251.75        1251.79         29.72         26.6           0.596         0.620         0.578         0.622       128.6  
  1252.00        1252.10         22.27         42.7           0.596         0.605         0.613         0.583       128.7  
  1252.25        1252.23         20.01         29.8           0.589         0.593         0.569         0.554       128.7  
  1252.50        1252.40         17.03         19.5           0.591         0.572         0.591         0.534       128.8  
  1252.75        1252.71         13.84         19.7           0.601         0.608         0.611         0.567       128.8  
  1253.00        1253.01         70.40         19.0           0.610         0.661         0.635         0.700       128.9  
  1253.25        1253.31         98.97         23.9           0.613         0.644         0.638         0.696       128.9  
  1253.50        1253.48         88.64         47.1           0.618         0.611         0.612         0.543       129.0  
  1253.75        1253.62         79.59         54.0           0.619         0.611         0.627         0.549       129.0  
  1254.00        1253.92         87.75         61.5           0.615         0.624         0.636         0.609       129.1  
  1254.25        1254.23         86.10         66.9           0.619         0.597         0.604         0.571       129.1  
  1254.50        1254.53         77.77         75.5           0.636         0.616         0.615         0.570       129.2  
  1254.75        1254.84         62.57         84.8           0.657         0.716         0.692         0.750       129.2  
  1255.00        1254.98         61.35         82.1           0.681         0.703         0.717         0.693       129.2  
  1255.25        1255.14         59.88         79.2           0.691         0.682         0.685         0.683       129.3  
  1255.50        1255.45         58.35         70.0           0.726         0.672         0.676         0.604       129.3  
  1255.75        1255.75         61.48         76.8           0.761         0.763         0.744         0.745       129.4  
  1256.00        1256.06         63.58         88.8           0.813         0.839         0.821         0.821       129.4  
  1256.25        1256.23         63.23         90.8           0.857         0.894         0.866         0.886       129.4  
  1256.50        1256.36         62.94         88.4           0.888         0.897         0.881         0.856       129.5  
  1256.75        1256.67         47.12         91.1           0.904         0.932         0.908         0.951       129.5  
  1257.00        1256.97         53.85         92.2           0.903         0.995         0.882         0.936       129.5  
  1257.25        1257.28         51.05         97.1           0.893         0.860         0.840         0.810       129.6  
  1257.50        1257.58         65.37         90.5           0.891         0.840         0.827         0.803       129.6  
  1257.75        1257.73         73.13         90.5           0.915         0.881         0.871         0.850       129.7  
  1258.00        1257.89         81.66         98.1           0.949         0.957         0.925         0.937       129.7  
  1258.25        1258.19         85.94         97.2           0.975         0.998         0.966         1.012       129.7  
  1258.50        1258.50         95.21         92.8           0.999         0.992         0.972         1.010       129.8  
  1258.75        1258.80         86.35         91.1           1.054         1.021         0.990         1.000       129.8  
  1259.00        1258.98         87.68         93.3           1.112         1.071         1.043         1.074       129.8  
  1259.25        1259.11         88.65         96.5           1.193         1.092         1.087         1.057       129.9  
  1259.50        1259.41         85.06         90.4           1.429         1.259         1.272         1.153       129.9  
  1259.75        1259.71         72.85         82.9           1.816         1.832         1.815         1.977       130.0  
  1260.00        1260.02         67.11         81.6           3.008         3.882         3.398         4.089       130.0  
  1260.25        1260.32         67.97         71.4           3.690         5.749         3.630         4.709       130.1  
  1260.50        1260.48         64.38         52.6           3.347         4.934         3.413         4.257       130.1  
  1260.75        1260.63         60.77         52.1           3.003         4.118         3.197         3.805       130.1  
  1261.00        1260.93         53.88         54.8           2.660         3.303         2.981         3.354       130.2  
  1261.25        1261.24         62.30         57.4           2.453         2.813         2.851         3.082       130.2  
  1261.50        1261.54         72.16         60.7           2.652         3.066         2.898         3.158       130.3  
  1261.75        1261.85         80.18         59.1           2.653         3.066         2.901         3.161       130.3  
  1262.00        1261.98         74.95         56.9           2.654         3.067         2.905         3.167       130.3  
  1262.25        1262.15         67.72         56.4           2.655         3.069         2.910         3.173       130.4  
  1262.50        1262.46         56.52         55.9           2.864         3.422         3.211         3.552       130.4  
  1262.75        1262.76         42.72         55.3           3.335         4.375         3.611         3.969       130.5  
  1263.00        1263.07         38.62         45.5           4.110         6.427         4.830         6.396       130.5  
  1263.25        1263.23         37.14         41.1           4.306         7.097         5.688         9.124       130.6  
  1263.50        1263.37         35.77         46.5           4.448         7.430         5.966         9.373       130.7  
  1263.75        1263.68         33.72         56.8           3.829         6.206         5.950         9.549       130.8  
  1264.00        1263.98         33.43         62.1           3.461         5.265         4.796         6.835       130.8  
  1264.25        1264.29         30.67         56.4           3.252         4.777         4.519         5.730       130.9  
  1264.50        1264.59         33.11         54.3           2.537         3.616         3.910         4.497       131.0  
  1264.75        1264.73         34.18         59.6           2.116         2.999         2.835         3.604       131.0  
  1265.00        1264.90         35.52         68.9           1.321         1.894         2.108         3.097       131.1  
  1265.25        1265.20         36.12         68.6           1.101         1.224         1.499         2.349       131.2  
  1265.50        1265.51         42.18         58.1           0.913         0.859         0.930         0.914       131.3  
  1265.75        1265.81         19.59         69.5           0.712         0.628         0.656         0.577       131.5  
  1266.00        1265.98         19.61         61.9           0.665         0.632         0.620         0.600       131.6  
  1266.25        1266.11         19.63         58.7           0.642         0.628         0.608         0.606       131.7  
  1266.50        1266.42         22.04         56.1           0.631         0.626         0.602         0.609       131.7  
  1266.75        1266.72         26.36         52.0           0.592         0.591         0.583         0.584       131.8  
  1267.00        1267.03         34.24         60.4           0.575         0.574         0.577         0.569       131.9  
  1267.25        1267.33         34.65         58.8           0.577         0.588         0.581         0.576       131.9  
  1267.50        1267.48         34.50         60.9           0.577         0.590         0.587         0.586       132.0  
  1267.75        1267.64         34.33         63.9           0.575         0.580         0.573         0.565       132.1  
  1268.00        1267.94         33.24         49.5           0.573         0.571         0.574         0.561       132.2  
  1268.25        1268.25         28.54         55.6           0.576         0.581         0.578         0.573       132.4  
  1268.50        1268.48         25.45         60.6           0.577         0.591         0.588         0.586       133.1  
  1268.75        1268.73         22.04         51.9           0.578         0.592         0.587         0.578       133.0  
  1269.00        1268.98         18.64         57.7           0.574         0.580         0.581         0.556       133.0  
  1269.25        1269.16         16.10         52.8           0.570         0.575         0.576         0.556       132.9  
  1269.50        1269.48         20.96         55.9           0.567         0.570         0.573         0.552       132.9  
  1269.75        1269.73         24.85         50.0           0.566         0.572         0.571         0.560       132.9  
  1270.00        1269.98         28.74         57.4           0.565         0.570         0.569         0.561       132.9  
  1270.25        1270.23         32.63         61.2           0.565         0.568         0.568         0.553       133.0  
  1270.50        1270.48         36.52         54.6           0.567         0.569         0.567         0.562       133.0  
  1270.75        1270.69         39.81         54.0           0.576         0.571         0.568         0.553       133.0  
  1271.00        1270.99         29.49         61.0           0.584         0.589         0.583         0.580       133.0  
  1271.25        1271.30         21.56         55.2           0.604         0.592         0.592         0.577       133.0  
  1271.50        1271.47         16.99         57.1           0.640         0.627         0.628         0.600       133.0  
  1271.75        1271.60         13.79         61.0           0.675         0.680         0.667         0.658       133.1  
  1272.00        1271.91         29.45         70.9           0.706         0.728         0.716         0.707       133.1  
  1272.25        1272.21         68.42         75.0           0.757         0.857         0.815         0.910       133.1  
  1272.50        1272.51         50.77         76.1           0.771         0.849         0.807         0.847       133.1  
  1272.75        1272.82         72.95         70.4           0.775         0.792         0.769         0.756       133.1  
  1273.00        1272.97         74.36         73.4           0.768         0.795         0.773         0.796       133.1  
  1273.25        1273.12         75.72         75.7           0.761         0.811         0.777         0.834       133.2  
  1273.50        1273.43         96.20         75.0           0.750         0.763         0.752         0.748       133.2  
  1273.75        1273.73         72.35         76.0           0.727         0.705         0.700         0.682       133.2  
  1274.00        1274.04         80.94         75.1           0.720         0.692         0.687         0.652       133.2  
  1274.25        1274.34        101.24         80.8           0.722         0.731         0.712         0.723       133.2  
  1274.50        1274.47        113.95         80.6           0.736         0.733         0.730         0.715       133.2  
  1274.75        1274.65        130.77         81.1           0.748         0.741         0.731         0.718       133.3  
  1275.00        1274.95        121.48         86.8           0.764         0.775         0.752         0.759       133.3  
  1275.25        1275.26        111.55         90.5           0.784         0.807         0.778         0.816       133.3  
  1275.50        1275.56         88.87         88.4           0.803         0.821         0.798         0.806       133.3  
  1275.75        1275.72         78.73         87.8           0.814         0.830         0.816         0.815       133.3  
  1276.00        1275.87         69.79         83.9           0.816         0.808         0.798         0.788       133.4  
  1276.25        1276.17         79.49         81.3           0.830         0.788         0.786         0.738       133.4  
  1276.50        1276.48         81.74         86.4           0.844         0.813         0.815         0.778       133.4  
  1276.75        1276.78         64.71         82.4           0.854         0.909         0.873         0.974       133.4  
  1277.00        1277.09         55.90         89.5           0.865         0.909         0.877         0.919       133.4  
  1277.25        1277.22         53.16         80.1           0.863         0.823         0.816         0.778       133.4  
  1277.50        1277.39         49.85         84.3           0.865         0.820         0.813         0.774       133.5  
  1277.75        1277.70         40.92         85.2           0.884         0.876         0.860         0.867       133.5  
  1278.00        1278.00         41.03         90.9           0.912         0.905         0.895         0.887       133.5  
  1278.25        1278.30         39.12         96.8           0.931         0.931         0.911         0.925       133.6  
  1278.50        1278.47         43.00         98.3           0.947         0.940         0.927         0.926       133.6  
  1278.75        1278.61         46.13         93.5           0.963         0.956         0.943         0.945       133.7  
  1279.00        1278.91         47.11         96.2           0.975         0.972         0.959         0.964       133.7  
  1279.25        1279.22         37.96         98.6           0.988         0.968         0.963         0.928       133.7  
  1279.50        1279.52         34.87         93.4           0.996         0.955         0.954         0.912       133.8  
  1279.75        1279.83         33.26         95.4           1.002         0.975         0.961         0.954       133.8  
  1280.00        1279.97         29.86         95.5           1.013         0.978         0.985         0.941       133.9  
  1280.25        1280.13         26.10         96.8           1.021         1.005         0.997         0.988       133.9  
  1280.50        1280.44         21.92        100.7           1.027         1.017         1.009         1.000       134.0  
  1280.75        1280.74         18.13         98.5           1.028         1.016         1.020         1.003       134.0  
  1281.00        1281.05         20.47         94.2           1.028         0.999         0.989         0.987       134.1  
  1281.25        1281.22         18.73         94.2           1.031         0.981         0.984         0.945       134.1  
  1281.50        1281.35         17.44         98.0           1.026         0.995         0.991         0.990       134.2  
  1281.75        1281.66         17.81         96.6           1.027         0.995         0.999         0.977       134.2  
  1282.00        1281.96         26.67         92.4           1.030         0.998         0.992         0.967       134.3  
  1282.25        1282.27         31.85         95.9           1.031         1.004         0.996         0.980       134.3  
  1282.50        1282.57         35.74         86.2           1.031         1.004         0.996         0.987       134.4  
  1282.75        1282.72         37.68         97.8           1.035         1.002         0.999         0.977       134.4  
  1283.00        1282.88         39.64         92.8           1.036         1.004         1.001         0.977       134.5  
  1283.25        1283.18         34.88         93.6           1.038         1.001         1.006         0.965       134.5  
  1283.50        1283.49         33.95         98.5           1.038         1.000         1.007         0.965       134.6  
  1283.75        1283.79         29.48         93.5           1.037         1.015         1.015         1.016       134.7  
  1284.00        1284.09         26.95         94.0           1.037         1.027         1.018         1.029       134.7  
  1284.25        1284.22         25.23         94.7           1.035         1.017         1.007         0.993       134.8  
  1284.50        1284.40         22.83         93.7           1.025         1.001         0.984         0.976       134.8  
  1284.75        1284.70         19.50         93.7           1.015         0.977         0.968         0.946       134.9  
  1285.00        1285.01         21.23         94.2           1.010         0.961         0.960         0.919       134.9  
  1285.25        1285.31         22.74         93.2           1.006         0.947         0.953         0.896       135.0  
  1285.50        1285.47         22.56         92.8           1.009         0.946         0.978         0.951       135.1  
  1285.75        1285.62         22.40        100.3           1.046         0.978         1.021         0.993       135.1  
  1286.00        1285.92         22.93        100.3           1.125         1.046         1.060         1.022       135.2  
  1286.25        1286.23         19.65        100.2           1.156         1.069         1.126         1.052       135.2  
  1286.50        1286.53         18.79        103.3           1.241         1.113         1.171         1.084       135.3  
  1286.75        1286.84         18.72        103.1           1.481         1.240         1.331         1.117       135.4  
  1287.00        1286.97         17.69         91.7           1.859         1.611         1.654         1.406       135.5  
  1287.25        1287.14         16.39         61.6           2.379         2.861         2.203         2.364       135.5  
  1287.50        1287.45         16.34         45.4           3.021         4.666         3.709         6.657       135.6  
  1287.75        1287.75         16.80         25.7           4.797         9.453         5.832        14.030       135.6  
  1288.00        1288.06         27.88         31.0           7.550        12.319         9.403        16.700       135.6  
  1288.25        1288.22         27.52         38.1          11.904        15.762        19.231        10.559       135.7  
  1288.50        1288.36         27.21         33.1          23.677        49.372        28.519        44.712       135.7  
  1288.75        1288.67         25.25         25.2        2693.930       200.767       108.332       193.706       135.8  
  1289.00        1288.97         29.04         26.8        2437.428       229.015        69.133       126.264       135.8  
  1289.25        1289.27         26.78         25.5        2271.704       187.176        59.330       104.310       135.8  
  1289.50        1289.58         32.99         26.5          38.888        85.204        52.183        91.352       135.8  
  1289.75        1289.72         36.16         35.0          38.037        83.171        53.761        94.102       135.9  
  1290.00        1289.88         39.84         35.9          37.191        81.150        55.330        96.836       135.9  
  1290.25        1290.19         38.98         37.1          37.622        81.760        55.577        97.120       135.9  
  1290.50        1290.49         48.18         37.7          38.314        82.738        55.975        97.575       135.9  
  1290.75        1290.80         43.74         38.3          39.007        83.717        56.372        98.030       135.9  
  1291.00        1290.97         41.69         38.8          39.699        84.695        56.769        98.485       136.0  
  1291.25        1291.10         40.10         39.2          51.903       109.413        67.310       122.463       136.0  
  1291.50        1291.41         44.50         38.8         133.373       234.067       101.405       182.986       136.0  
  1291.75        1291.71         55.05         32.6       18402.873      1483.009       845.304       498.367       136.0  
  1292.00        1292.02         62.31         21.7       18402.873     22233.373      2199.923       577.428       136.1  
  1292.25        1292.32         47.26         16.4       18402.873     59506.582      4633.180       719.443       136.1  
  1292.50        1292.47         45.68         17.8       18402.873     97133.547      7089.530       862.805       136.1  
  1292.75        1292.63         44.01         19.8       18402.873     97133.547      7089.530      1181.956       136.1  
  1293.00        1292.93         59.01         20.4       18402.873     97133.547      7089.530      1465.489       136.1  
  1293.25        1293.24         77.23         21.5       18402.873     97133.547      7089.530      1814.570       136.1  
  1293.50        1293.54        103.54         21.4       18402.873     97133.547      7089.530      2140.549       136.1  
  1293.75        1293.72        118.49         19.8       18402.873     97133.547      7089.530      2613.349       136.2  
  1294.00        1293.85        129.02         17.4       18402.873     97133.547      7089.530      2722.643       136.2  
  1294.25        1294.15        123.39         16.1       18402.873     97133.547      7089.530      2912.972       136.2  
  1294.50        1294.45         96.47         17.3       18402.873     97133.547      7089.530      3060.052       136.2  
  1294.75        1294.76         71.23         18.7       18402.873     97133.547      7089.530      3137.713       136.2  
  1295.00        1295.06         67.22         18.8       18402.873     97133.547      7089.530      3194.837       136.2  
  1295.25        1295.22         55.84         18.9       18402.873     97133.547      7089.530      2935.664       136.3  
  1295.50        1295.37         44.82         17.4       18402.873     97133.547      7089.530      2995.159       136.3  
  1295.75        1295.67         42.96         15.4       18402.873     97133.547      7089.530      3060.052       136.3  
  1296.00        1295.98         43.01         19.1       18402.873     97133.547      7089.530      2935.664       136.3  
  1296.25        1296.28         38.57         18.7       18402.873     97133.547      7089.530      2865.781       136.4  
  1296.50        1296.59         35.56         18.3       18402.873     97133.547      7089.530      2712.717       136.4  
  1296.75        1296.72         35.49         18.1       18402.873     97133.547      7089.530      2613.349       136.4  
  1297.00        1296.89         35.38         18.0       18402.873     97133.547      7089.530      2353.726       136.5  
  1297.25        1297.22         24.85         16.0       18402.873     97133.547      7089.530      2315.897       136.3  
  1297.50        1297.50         15.69         17.1       18402.873     97133.547      7089.530      2140.549       135.8  
  1297.75        1297.72         16.39         16.7       18402.873     97133.547      7089.530      1961.828       135.8  
  1298.00        1297.97         17.21         15.2       18402.873     97133.547      7089.530      1764.167       135.8  
  1298.25        1298.22         18.03         13.6       18402.873     97133.547      7089.530      1434.887       135.8  
  1298.50        1298.47         18.84         19.6       18402.873     97133.547      7089.530      1370.694       135.8  
  1298.75        1298.72         19.66         17.1       18402.873     97133.547      7089.530      1298.545       135.8  
  1299.00        1298.97         20.48         18.0       18402.873     97133.547      7089.530       977.709       135.8  
  1299.25        1299.33         21.66         21.0       18402.873     13146.526      7089.530       703.908       135.8  
  1299.50        1299.47         18.88         19.1       18402.873      5776.381      7089.530       576.586       135.8  
  1299.75        1299.63         15.51         19.4       18402.873      1268.954      7089.530       455.313       135.6  
  1300.00        1299.94         10.41         20.1       18402.873       862.343      7089.530       362.809       135.6  
  1300.25        1300.24          6.04         19.6       18402.873       449.338      7089.530       250.302       135.6  
  1300.50        1300.55         52.51         23.2       18402.873       283.462      7089.530       176.817       135.6  
  1300.75        1300.72         87.85         34.2       18402.873       184.901      7089.530       135.329       135.6  
  1301.00        1300.85        116.47         35.6       18402.873       137.530       861.141        91.913       135.6  
  1301.25        1301.16        160.00         33.4       18402.873        89.655       308.424        71.305       135.6  
  1301.50        1301.46        180.44         40.8       18402.873        80.516       215.793        66.284       135.6  
  1301.75        1301.77        135.94         41.1       18402.873        74.098       129.388        67.004       135.6  
  1302.00        1302.07        104.38         39.4         238.898        66.452       100.228        61.812       135.7  
  1302.25        1302.22         97.04         37.9          72.700        50.716        57.515        49.047       135.7  
  1302.50        1302.38         88.90         37.4          47.149        46.232        46.576        52.345       135.7  
  1302.75        1302.68        119.72         42.5          38.297        40.943        38.039        51.287       135.7  
  1303.00        1302.99        142.48         40.6          30.185        33.187        33.296        48.050       135.7  
  1303.25        1303.29        165.75         42.2          24.069        26.365        22.139        35.159       135.7  
  1303.50        1303.47        160.58         43.1          21.450        22.130        18.562        28.107       135.7  
  1303.75        1303.60        156.75         41.9          17.773        16.943        14.204        19.918       135.7  
  1304.00        1303.90        142.93         50.0          16.001        13.402        11.508        12.656       135.7  
  1304.25        1304.20        138.90         55.0          13.844         8.968         8.596         7.046       135.7  
  1304.50        1304.51        144.81         69.0          13.038         6.443         7.534         4.134       135.7  
  1304.75        1304.81        152.68         62.8          12.413         6.659         7.768         5.167       135.7  
  1305.00        1304.97        140.06         46.0          11.415         9.046         8.121         9.148       135.7  
  1305.25        1305.12        127.25         47.2          11.281        10.718         9.293        11.760       135.7  
  1305.50        1305.42         87.20         45.6          11.222        10.986        10.295        11.405       135.7  
  1305.75        1305.73         90.55         48.3          10.764        11.783        11.109        12.477       135.8  
  1306.00        1306.03         78.76         45.7          10.102        12.672        11.539        15.333       135.8  
  1306.25        1306.34         96.10         45.4           8.997        11.527        12.331        13.274       135.8  
  1306.50        1306.46        103.19         46.1           8.227        11.081        10.978        13.799       135.8  
  1306.75        1306.64        113.09         45.3           7.687        10.551         9.845        14.124       135.8  
  1307.00        1306.95         91.05         46.4           6.985         9.101         8.087        12.329       135.8  
  1307.25        1307.25        103.21         51.5           6.518         7.494         6.607         9.107       135.8  
  1307.50        1307.56        120.26         57.0           5.542         6.145         4.159         5.808       135.9  
  1307.75        1307.71        118.62         81.1           4.514         2.830         3.185         2.139       135.9  
  1308.00        1307.86        117.10         84.4           4.385         2.603         3.137         2.077       135.9  
  1308.25        1308.17         65.12         88.6           4.265         2.391         3.093         2.019       135.9  
  1308.50        1308.47         46.35         50.8           4.749         3.413         4.794         8.501       135.9  
  1308.75        1308.77         51.10         45.5           5.288         6.661         7.047        13.101       135.9  
  1309.00        1309.08         57.99         41.4           5.579         7.643         7.839        14.524       136.0  
  1309.25        1309.21         67.67         39.3           6.150         9.568         9.390        17.312       136.0  
  1309.50        1309.38         80.01         42.1           6.735        11.595        11.523        19.705       136.0  
  1309.75        1309.69         70.24         43.7           6.855        11.959        10.797        18.581       136.0  
  1310.00        1309.99         54.42         42.1           6.993        12.378         9.961        17.288       136.1  
  1310.25        1310.30         32.41         46.8           6.517         9.720         7.603        12.106       136.2  
  1310.50        1310.46         39.22         48.6           6.272         8.544         6.626        10.393       136.2  
  1310.75        1310.60         45.00         50.8           6.026         7.363         5.645         8.673       136.3  
  1311.00        1310.91         69.98         62.2           5.184         4.851         3.408         3.328       136.3  
  1311.25        1311.21         43.16         75.9           5.311         3.802         3.376         2.369       136.4  
  1311.50        1311.52         29.86         91.1           5.417         2.929         3.348         1.572       136.4  
  1311.75        1311.82         22.50         71.4           5.610         3.176         4.208         5.928       136.7  
  1312.00        1311.96         19.41         40.1           6.037         6.744         6.649        14.438       136.8  
  1312.25        1312.13         15.81         33.0           7.963        12.169         9.690        22.754       136.9  
  1312.50        1312.43         10.90         34.2           9.638        16.739        15.816        41.600       136.9  
  1312.75        1312.74         33.93         36.0          11.459        22.828        19.104        49.192       137.0  
  1313.00        1313.04         27.92         32.9          12.976        27.681        32.736        61.246       137.0  
  1313.25        1313.21         31.38         31.0          19.831        43.283        47.848        63.375       137.1  
  1313.50        1313.34         34.06         41.7          25.148        52.872        56.852        63.176       137.1  
  1313.75        1313.65         38.81         29.5          30.721        56.604        59.422        56.997       137.2  
  1314.00        1313.95         43.56         30.4          31.918        53.890        56.065        50.185       137.2  
  1314.25        1314.26         47.87         35.4          30.459        51.092        53.046        48.599       137.2  
  1314.50        1314.56         61.48         30.6          29.097        48.481        50.230        47.120       137.3  
  1314.75        1314.71         51.39         31.6          23.874        42.098        42.773        40.633       137.3  
  1315.00        1314.87         40.64         33.0          16.888        33.668        31.816        34.229       137.3  
  1315.25        1315.17         32.85         30.8           9.963        22.995        18.959        28.149       137.3  
  1315.50        1315.48         29.21         30.0           7.971        18.811        15.364        24.671       137.3  
  1315.75        1315.78         56.81         33.3           5.286        12.136        11.247        20.147       137.4  
  1316.00        1315.96         76.44         31.0           3.670         7.995         7.230        14.615       137.4  
  1316.25        1316.09         90.35         32.9           2.197         3.912         3.560         6.868       137.4  
  1316.50        1316.39        119.92         35.3           1.553         2.033         1.856         2.537       137.4  
  1316.75        1316.70        128.39         31.5           1.166         1.211         1.269         1.242       137.4  
  1317.00        1317.00        125.95         27.6           0.808         0.730         0.750         0.717       137.5  
  1317.25        1317.31        124.84         34.2           0.620         0.576         0.598         0.562       137.5  
  1317.50        1317.46        125.70         33.7           0.573         0.563         0.564         0.556       137.5  
  1317.75        1317.61        126.55         39.9           0.552         0.545         0.548         0.533       137.5  
  1318.00        1317.91        125.16         40.1           0.556         0.546         0.553         0.533       137.5  
  1318.25        1318.22        128.13         40.9           0.559         0.550         0.557         0.537       137.6  
  1318.50        1318.52        128.24         40.2           0.562         0.553         0.560         0.538       137.6  
  1318.75        1318.83        134.96         37.6           0.562         0.553         0.560         0.537       137.6  
  1319.00        1318.96        133.19         38.4           0.562         0.553         0.559         0.536       137.6  
  1319.25        1319.13        130.82         38.8           0.562         0.553         0.558         0.538       137.6  
  1319.50        1319.44        127.83         38.1           0.562         0.553         0.557         0.539       137.6  
  1319.75        1319.74        122.78         37.2           0.559         0.552         0.557         0.540       137.6  
  1320.00        1320.05        116.97         34.9           0.552         0.548         0.549         0.539       137.6  
  1320.25        1320.21        114.96         38.8           0.553         0.542         0.547         0.525       137.7  
  1320.50        1320.35        113.16         38.5           0.560         0.551         0.553         0.537       137.7  
  1320.75        1320.66        106.55         39.9           0.570         0.556         0.562         0.535       137.7  
  1321.00        1320.96        102.40         49.6           0.584         0.592         0.591         0.601       137.7  
  1321.25        1321.27         85.41         45.1           0.609         0.608         0.603         0.587       137.7  
  1321.50        1321.57         86.95         43.2           0.632         0.646         0.638         0.618       137.7  
  1321.75        1321.71         88.07         69.7           0.645         0.726         0.689         0.747       137.7  
  1322.00        1321.87         89.43         50.0           0.644         0.701         0.679         0.673       137.7  
  1322.25        1322.18         99.89         32.2           0.624         0.613         0.608         0.574       137.7  
  1322.50        1322.48        100.61         27.7           0.599         0.599         0.588         0.596       137.8  
  1322.75        1322.79        100.67         30.9           0.590         0.599         0.593         0.592       137.8  
  1323.00        1322.96        100.43         30.6           0.581         0.589         0.591         0.574       137.8  
  1323.25        1323.09        100.24         33.3           0.574         0.580         0.578         0.571       137.8  
  1323.50        1323.40         71.79         26.5           0.565         0.576         0.567         0.576       137.8  
  1323.75        1323.70         68.67         30.2           0.563         0.571         0.563         0.564       137.8  
  1324.00        1324.01         54.13         28.8           0.562         0.570         0.568         0.563       137.8  
  1324.25        1324.31         45.34         29.8           0.564         0.566         0.561         0.552       137.9  
  1324.50        1324.46         43.38         25.5           0.566         0.575         0.569         0.563       137.9  
  1324.75        1324.62         41.19         31.0           0.571         0.584         0.575         0.577       137.9  
  1325.00        1324.92         40.91         32.2           0.576         0.589         0.581         0.581       138.0  
  1325.25        1325.23         36.53         30.0           0.580         0.593         0.584         0.583       138.0  
  1325.50        1325.53         39.54         27.6           0.585         0.602         0.604         0.562       138.1  
  1325.75        1325.70         34.12         27.9           0.588         0.613         0.623         0.572       138.1  
  1326.00        1325.95         26.37         26.1           0.589         0.611         0.622         0.568       138.1  
  1326.25        1326.20         18.62         26.1           0.589         0.606         0.603         0.576       138.1  
  1326.50        1326.44         11.19         25.4           0.589         0.600         0.597         0.581       138.0  
  1326.75        1326.70         39.14         25.8           0.588         0.600         0.593         0.580       138.0  
  1327.00        1326.95         65.97         24.4           0.585         0.595         0.608         0.549       138.0  
  1327.25        1327.20         92.80         25.9           0.584         0.592         0.608         0.544       138.0  
  1327.50        1327.45        119.63         25.8           0.588         0.590         0.586         0.573       138.0  
  1327.75        1327.66        142.04         25.6           0.589         0.598         0.590         0.596       138.0  
  1328.00        1327.97        133.20         28.5           0.597         0.601         0.600         0.578       137.9  
  1328.25        1328.27         90.60         28.9           0.611         0.617         0.617         0.581       137.7  
  1328.50        1328.58         48.50         29.1           0.622         0.664         0.648         0.646       137.7  
  1328.75        1328.70         31.06         33.6           0.635         0.673         0.681         0.690       137.8  
  1329.00        1328.88          6.57         39.5           0.649         0.619         0.634         0.567       137.9  
  1329.25        1329.18          5.66         33.1           0.655         0.678         0.627         0.628       138.0  
  1329.50        1329.49          9.23         16.3           0.674         0.738         0.676         0.769       138.1  
  1329.75        1329.79          9.31         17.3           0.687         0.778         0.678         0.839       138.1  
  1330.00        1329.95         10.82         19.2           0.690         0.791         0.679         0.884       138.3  
  1330.25        1330.10         12.23         17.3           0.688         0.750         0.670         0.772       138.3  
  1330.50        1330.40         12.13         15.5           0.681         0.683         0.650         0.624       138.5  
  1330.75        1330.71          6.69         15.0           0.669         0.680         0.643         0.632       138.6  
  1331.00        1331.01          9.28         14.8           0.656         0.701         0.639         0.734       138.7  
  1331.25        1331.32         17.84         13.9           0.647         0.703         0.635         0.744       138.7  
  1331.50        1331.45         20.73         21.3           0.634         0.667         0.634         0.664       138.8  
  1331.75        1331.62         24.44         18.1           0.630         0.627         0.624         0.580       138.8  
  1332.00        1331.92         18.09         15.7           0.616         0.615         0.599         0.589       138.8  
  1332.25        1332.23         22.18         14.4           0.604         0.614         0.593         0.613       138.9  
  1332.50        1332.53         29.56         15.6           0.600         0.607         0.583         0.601       138.9  
  1332.75        1332.70         33.19         15.6           0.600         0.617         0.585         0.628       139.0  
  1333.00        1332.84         36.30         20.2           0.602         0.619         0.595         0.613       139.0  
  1333.25        1333.14         38.49         28.8           0.607         0.621         0.612         0.600       139.0  
  1333.50        1333.45         35.23         17.4           0.600         0.618         0.582         0.627       139.0  
  1333.75        1333.75         33.52         13.4           0.594         0.606         0.566         0.611       139.1  
  1334.00        1334.06         35.32         13.4           0.591         0.600         0.562         0.583       139.1  
  1334.25        1334.20         33.87         13.5           0.586         0.593         0.561         0.529       139.1  
  1334.50        1334.36         32.17         13.3           0.602         0.598         0.574         0.533       139.1  
  1334.75        1334.66         31.14         14.7           0.618         0.654         0.617         0.648       139.2  
  1335.00        1334.97         34.49         22.5           0.628         0.709         0.654         0.752       139.2  
  1335.25        1335.27         33.71         34.4           0.629         0.675         0.623         0.650       139.2  
  1335.50        1335.44         33.15         40.6           0.623         0.623         0.646         0.509       139.2  
  1335.75        1335.58         32.71         48.4           0.608         0.616         0.655         0.519       139.3  
  1336.00        1335.88         27.85         42.0           0.607         0.600         0.622         0.535       139.3  
  1336.25        1336.19         27.89         32.6           0.604         0.589         0.574         0.544       139.4  
  1336.50        1336.49         27.67         23.6           0.609         0.667         0.612         0.690       139.4  
  1336.75        1336.80         23.34         20.1           0.612         0.690         0.630         0.733       139.4  
  1337.00        1336.94         24.06         26.5           0.614         0.676         0.632         0.684       139.4  
  1337.25        1337.10         24.83         27.1           0.614         0.625         0.617         0.573       139.5  
  1337.50        1337.40         28.29         24.3           0.605         0.603         0.586         0.574       139.5  
  1337.75        1337.71         31.30         38.0           0.610         0.597         0.617         0.560       139.6  
  1338.00        1338.01         34.17         31.9           0.609         0.611         0.612         0.586       139.6  
  1338.25        1338.19         28.46         25.9           0.605         0.630         0.597         0.635       139.6  
  1338.50        1338.32         24.38         23.7           0.600         0.637         0.603         0.646       139.7  
  1338.75        1338.62         17.32         22.6           0.595         0.634         0.599         0.651       139.7  
  1339.00        1338.93          6.56         23.0           0.593         0.615         0.600         0.601       139.7  
  1339.25        1339.23         10.81         26.7           0.591         0.605         0.596         0.590       139.8  
  1339.50        1339.53         15.37         27.9           0.582         0.597         0.575         0.562       139.9  
  1339.75        1339.69         14.38         28.5           0.566         0.585         0.558         0.589       139.9  
  1340.00        1339.84         13.40         32.0           0.566         0.577         0.562         0.574       140.0  
  1340.25        1340.14         12.86         36.3           0.566         0.562         0.566         0.542       140.0  
  1340.50        1340.45         13.67         34.5           0.562         0.562         0.567         0.539       140.1  
  1340.75        1340.75         16.39         36.0           0.557         0.560         0.567         0.530       140.2  
  1341.00        1341.06         20.71         36.6           0.553         0.560         0.549         0.548       140.2  
  1341.25        1341.19         18.53         35.2           0.555         0.555         0.560         0.535       140.2  
  1341.50        1341.36         15.59         44.9           0.561         0.565         0.577         0.534       140.2  
  1341.75        1341.66         15.52         55.3           0.560         0.586         0.585         0.564       140.3  
  1342.00        1341.97         14.21         54.5           0.558         0.563         0.564         0.537       140.3  
  1342.25        1342.27         10.54         44.3           0.557         0.546         0.552         0.511       140.4  
  1342.50        1342.43          9.09         38.9           0.563         0.568         0.566         0.513       140.5  
  1342.75        1342.58          7.79         49.9           0.574         0.610         0.599         0.579       140.6  
  1343.00        1342.88          5.28         52.1           0.575         0.586         0.593         0.540       140.7  
  1343.25        1343.19          5.81         40.1           0.567         0.573         0.588         0.525       140.7  
  1343.50        1343.49          5.79         36.0           0.563         0.574         0.568         0.548       140.8  
  1343.75        1343.79          8.63         38.8           0.558         0.575         0.560         0.555       140.8  
  1344.00        1343.93          9.23         37.4           0.556         0.557         0.569         0.493       140.9  
  1344.25        1344.10          9.96         36.0           0.549         0.559         0.553         0.537       140.9  
  1344.50        1344.40          7.74         37.1           0.556         0.561         0.553         0.555       141.1  
  1344.75        1344.71          7.36         34.1           0.560         0.572         0.564         0.548       141.1  
  1345.00        1345.01          4.90         33.6           0.558         0.570         0.583         0.563       141.2  
  1345.25        1345.18          4.68         29.0           0.552         0.577         0.536         0.612       141.4  
  1345.50        1345.32          4.50         27.9           0.560         0.555         0.560         0.568       141.5  
  1345.75        1345.62          4.55         35.8           0.560         0.565         0.557         0.538       141.5  
  1346.00        1345.92          5.88         38.5           0.568         0.584         0.564         0.561       141.5  
  1346.25        1346.23          5.61         47.9           0.582         0.580         0.593         0.554       141.6  
  1346.50        1346.53          5.72         52.6           0.585         0.586         0.582         0.549       141.7  
  1346.75        1346.68          6.71         49.5           0.563         0.568         0.570         0.539       141.7  
  1347.00        1346.84          7.82         56.4           0.564         0.567         0.578         0.526       141.8  
  1347.25        1347.14          8.34         55.6           0.565         0.565         0.587         0.513       141.8  
  1347.50        1347.44          8.81         54.9           0.567         0.564         0.595         0.500       141.8  
  1347.75        1347.75         12.97         54.1           0.568         0.563         0.604         0.487       141.8  
  1348.00        1347.92         47.84         53.3           0.569         0.561         0.612         0.474       141.8  
  1348.25        1348.05         73.92         52.6           0.573         0.571         0.612         0.491       141.9  
  1348.50        1348.36         16.69         51.5           0.577         0.584         0.609         0.522       141.9  
  1348.75        1348.66         16.88         50.5           0.578         0.586         0.615         0.524       141.9  
  1349.00        1348.96         12.68         48.5           0.579         0.590         0.632         0.516       142.0  
  1349.25        1349.27         11.00         48.0           0.588         0.605         0.631         0.546       142.0  
  1349.50        1349.42         11.04         39.6           0.595         0.590         0.617         0.511       142.0  
  1349.75        1349.57         11.09         39.2           0.610         0.599         0.619         0.538       142.0  
  1350.00        1349.88          9.09         48.7           0.630         0.648         0.652         0.588       142.1  
  1350.25        1350.18         11.76         76.5           0.653         0.708         0.715         0.672       142.1  
  1350.50        1350.48          9.75         67.5           0.665         0.720         0.708         0.703       142.1  
  1350.75        1350.79         10.78         69.0           0.668         0.681         0.680         0.591       142.2  
  1351.00        1350.91         10.55         85.2           0.660         0.725         0.717         0.698       142.2  
  1351.25        1351.09         10.23         64.0           0.646         0.716         0.709         0.700       142.2  
  1351.50        1351.40          9.61         52.3           0.622         0.650         0.640         0.597       142.3  
  1351.75        1351.70          7.43         40.7           0.570         0.559         0.594         0.465       142.3  
  1352.00        1352.00          5.84         28.1           0.550         0.540         0.572         0.466       142.4  
  1352.25        1352.16          6.11         28.9           0.539         0.536         0.562         0.471       142.5  
  1352.50        1352.31          6.38         25.9           0.534         0.535         0.576         0.454       142.5  
  1352.75        1352.61          9.28         25.7           0.534         0.544         0.581         0.458       142.5  
  1353.00        1352.92         14.60         25.8           0.535         0.564         0.565         0.502       142.5  
  1353.25        1353.22         29.86         26.7           0.537         0.570         0.542         0.533       142.5  
  1353.50        1353.52         34.88         25.6           0.540         0.553         0.573         0.458       142.5  
  1353.75        1353.66         42.55         23.8           0.546         0.552         0.573         0.485       142.5  
  1354.00        1353.83         52.42         26.8           0.551         0.556         0.569         0.508       142.5  
  1354.25        1354.13         62.63         24.5           0.558         0.570         0.566         0.548       142.6  
  1354.50        1354.43         59.17         23.7           0.560         0.576         0.576         0.539       142.6  
  1354.75        1354.65         57.15         23.1           0.564         0.574         0.582         0.513       142.5  
  1355.00        1354.90         54.85         23.3           0.568         0.581         0.580         0.553       142.5  
  1355.25        1355.15         52.54         24.5           0.576         0.593         0.587         0.565       142.5  
  1355.50        1355.40         50.23         23.3           0.583         0.599         0.593         0.567       142.4  
  1355.75        1355.65         47.92         24.0           0.590         0.608         0.606         0.588       142.4  
  1356.00        1355.90         45.61         22.4           0.596         0.609         0.604         0.592       142.3  
  1356.25        1356.26         42.29         23.2           0.601         0.613         0.606         0.602       142.3  
  1356.50        1356.40         42.29         23.5           0.602         0.617         0.607         0.612       141.8  
  1356.75        1356.56         42.29         24.6           0.607         0.624         0.614         0.613       141.2  
  1357.00        1356.89         26.53         22.7           0.612         0.626         0.615         0.621       141.2  
  1357.25        1357.17         13.62         22.6           0.616         0.632         0.617         0.632       141.3  
  1357.50        1357.47         13.41         22.3           0.623         0.650         0.626         0.654       141.5  
  1357.75        1357.64         11.34         21.1           0.627         0.664         0.637         0.687       141.6  
  1358.00        1357.77          9.71         24.6           0.627         0.658         0.635         0.671       141.7  
  1358.25        1358.08         13.10         22.9           0.628         0.640         0.631         0.625       141.8  
  1358.50        1358.38         15.22         23.1           0.621         0.649         0.615         0.666       141.8  
  1358.75        1358.69         16.45         22.5           0.624         0.639         0.622         0.649       141.9  
  1359.00        1358.99         14.97         23.2           0.624         0.626         0.623         0.610       142.1  
  1359.25        1359.13         14.32         23.1           0.621         0.618         0.619         0.594       142.1  
  1359.50        1359.29         13.62         24.3           0.620         0.642         0.616         0.648       142.2  
  1359.75        1359.60         15.03         24.8           0.629         0.656         0.636         0.649       142.3  
  1360.00        1359.90         15.82         36.5           0.629         0.690         0.665         0.701       142.4  
  1360.25        1360.20         15.52         63.5           0.609         0.659         0.649         0.649       142.4  
  1360.50        1360.38         16.24         34.2           0.577         0.562         0.546         0.530       142.5  
  1360.75        1360.51         16.76         26.2           0.561         0.543         0.542         0.519       142.6  
  1361.00        1360.81         16.03         29.9           0.552         0.565         0.557         0.560       142.7  
  1361.25        1361.11         15.46         38.0           0.548         0.552         0.567         0.551       142.7  
  1361.50        1361.42         16.25         31.2           0.537         0.525         0.543         0.502       142.8  
  1361.75        1361.72         17.24         31.6           0.536         0.529         0.547         0.492       142.8  
  1362.00        1361.87         18.60         36.0           0.532         0.540         0.551         0.532       142.9  
  1362.25        1362.02         19.94         32.6           0.549         0.554         0.548         0.537       142.9  
  1362.50        1362.33         22.12         39.7           0.559         0.564         0.578         0.551       142.9  
  1362.75        1362.63         19.53         29.6           0.568         0.564         0.572         0.533       143.0  
  1363.00        1362.93         20.24         24.4           0.579         0.579         0.569         0.571       143.0  
  1363.25        1363.24         20.98         33.8           0.594         0.590         0.581         0.578       143.1  
  1363.50        1363.36         20.33         52.7           0.629         0.637         0.620         0.606       143.1  
  1363.75        1363.54         19.46         59.3           0.650         0.675         0.721         0.592       143.1  
  1364.00        1363.84         20.51         85.7           0.673         0.772         0.783         0.784       143.2  
  1364.25        1364.15         20.27         76.8           0.673         0.779         0.771         0.766       143.2  
  1364.50        1364.45         24.00         49.4           0.645         0.662         0.649         0.603       143.2  
  1364.75        1364.61         22.34         30.4           0.612         0.604         0.581         0.605       143.3  
  1365.00        1364.75         20.84         30.7           0.610         0.597         0.594         0.573       143.3  
  1365.25        1365.05         22.10         51.4           0.607         0.628         0.627         0.626       143.3  
  1365.50        1365.36         18.28         51.0           0.602         0.625         0.633         0.615       143.3  
  1365.75        1365.66         20.02         34.8           0.589         0.574         0.582         0.551       143.4  
  1366.00        1365.96         20.88         26.4           0.585         0.595         0.577         0.572       143.4  
  1366.25        1366.10         22.68         20.8           0.588         0.613         0.599         0.605       143.4  
  1366.50        1366.27         24.90         22.5           0.588         0.612         0.599         0.612       143.4  
  1366.75        1366.57         35.23         22.3           0.584         0.597         0.586         0.588       143.5  
  1367.00        1366.87         20.64         22.7           0.586         0.596         0.583         0.586       143.5  
  1367.25        1367.18         19.27         23.5           0.587         0.599         0.587         0.588       143.5  
  1367.50        1367.34         21.01         39.6           0.593         0.581         0.601         0.566       143.6  
  1367.75        1367.48         22.44         35.1           0.599         0.573         0.579         0.535       143.6  
  1368.00        1367.78         20.80         33.6           0.629         0.611         0.592         0.558       143.6  
  1368.25        1368.08         21.07         47.2           0.669         0.696         0.679         0.696       143.6  
  1368.50        1368.39         21.08         55.5           0.709         0.757         0.732         0.760       143.7  
  1368.75        1368.69         22.89         73.0           0.740         0.788         0.760         0.789       143.7  
  1369.00        1368.83         22.76         77.6           0.776         0.777         0.769         0.715       143.7  
  1369.25        1368.99         22.62         88.0           0.797         0.841         0.811         0.842       143.7  
  1369.50        1369.30         23.76         82.6           0.819         0.912         0.866         0.931       143.6  
  1369.75        1369.60         24.47         85.2           0.804         0.877         0.834         0.858       143.6  
  1370.00        1369.90         21.46         78.2           0.764         0.820         0.747         0.767       143.5  
  1370.25        1370.07         24.18         57.8           0.714         0.707         0.701         0.677       143.5  
  1370.50        1370.20         26.22         57.9           0.684         0.683         0.676         0.657       143.4  
  1370.75        1370.51         30.06         45.7           0.666         0.668         0.658         0.664       143.4  
  1371.00        1370.81         27.59         28.2           0.657         0.661         0.646         0.668       143.3  
  1371.25        1371.11         22.38         26.2           0.657         0.656         0.629         0.657       143.2  
  1371.50        1371.41         21.89         25.2           0.669         0.669         0.638         0.649       143.3  
  1371.75        1371.56         21.88         24.9           0.692         0.702         0.675         0.700       143.3  
  1372.00        1371.72         21.86         28.6           0.718         0.747         0.715         0.767       143.3  
  1372.25        1372.02         20.78         56.2           0.755         0.763         0.751         0.737       143.3  
  1372.50        1372.32         21.67         77.4           0.782         0.786         0.776         0.752       143.3  
  1372.75        1372.62         23.44         92.0           0.823         0.928         0.844         0.865       143.3  
  1373.00        1372.93         28.71         88.7           0.825         0.896         0.836         0.848       143.3  
  1373.25        1373.05         26.70         67.0           0.829         0.827         0.810         0.792       143.3  
  1373.50        1373.23         23.85         67.7           0.824         0.789         0.784         0.763       143.3  
  1373.75        1373.53         22.41         67.9           0.838         0.847         0.843         0.851       143.4  
  1374.00        1373.83         27.86         73.6           0.860         0.820         0.806         0.773       143.4  
  1374.25        1374.14         36.29         68.0           0.885         0.868         0.844         0.810       143.4  
  1374.50        1374.29         40.17         95.7           0.902         1.019         0.967         1.121       143.4  
  1374.75        1374.44         43.83         88.4           0.886         0.882         0.867         0.863       143.4  
  1375.00        1374.74         42.60         71.9           0.852         0.860         0.840         0.850       143.5  
  1375.25        1375.04         48.60         74.5           0.800         0.821         0.798         0.821       143.5  
  1375.50        1375.35         29.53         68.6           0.855         0.857         0.837         0.848       143.5  
  1375.75        1375.65         33.26         71.4           0.856         0.857         0.835         0.847       143.5  
  1376.00        1375.78         37.61         72.5           0.856         0.856         0.834         0.848       143.5  
  1376.25        1375.95         43.26         71.2           0.855         0.860         0.836         0.848       143.6  
  1376.50        1376.25         47.22         70.9           0.853         0.862         0.837         0.848       143.6  
  1376.75        1376.55         42.24         70.6           0.850         0.866         0.840         0.858       143.6  
  1377.00        1376.86         37.06         70.3           0.838         0.869         0.853         0.879       143.6  
  1377.25        1377.02         34.68         64.7           0.818         0.856         0.836         0.889       143.6  
  1377.50        1377.16         32.62         64.3           0.789         0.702         0.723         0.708       143.9  
  1377.75        1377.46         24.05         68.0           0.777         0.747         0.754         0.681       143.9  
  1378.00        1377.76         31.98         80.1           0.766         0.868         0.812         0.914       143.9  
  1378.25        1378.07         37.10         80.7           0.720         0.747         0.806         0.959       143.9  
  1378.50        1378.37         31.12         61.0           0.697         0.666         0.719         0.753       144.0  
  1378.75        1378.51         31.20         42.7           0.668         0.583         0.618         0.547       144.0  
  1379.00        1378.67         31.29         42.5           0.658         0.598         0.596         0.552       144.0  
  1379.25        1378.97         27.24         55.9           0.695         0.738         0.707         0.672       144.0  
  1379.50        1379.27         26.77         68.4           0.708         0.877         0.808         0.992       144.1  
  1379.75        1379.58         24.06         66.5           0.714         0.872         0.802         0.979       144.2  
  1380.00        1379.74         23.23         50.7           0.667         0.691         0.689         0.713       144.3  
  1380.25        1379.88         22.59         47.8           0.620         0.614         0.607         0.606       144.3  
  1380.50        1380.18         20.63         35.7           0.611         0.613         0.607         0.600       144.3  
  1380.75        1380.48         19.10         37.1           0.609         0.604         0.601         0.590       144.3  
  1381.00        1380.78         17.96         35.2           0.605         0.596         0.593         0.578       144.3  
  1381.25        1381.09         22.32         36.4           0.602         0.595         0.593         0.586       144.4  
  1381.50        1381.23         23.24         39.2           0.601         0.611         0.606         0.613       144.4  
  1381.75        1381.39         24.23         46.3           0.606         0.621         0.612         0.619       144.4  
  1382.00        1381.69         25.04         43.6           0.607         0.625         0.608         0.617       144.4  
  1382.25        1381.99         30.90         41.1           0.611         0.626         0.612         0.623       144.4  
  1382.50        1382.29         30.43         36.8           0.612         0.633         0.609         0.631       144.5  
  1382.75        1382.47         30.24         38.6           0.615         0.630         0.613         0.621       144.5  
  1383.00        1382.59         30.10         39.6           0.617         0.625         0.617         0.604       144.5  
  1383.25        1382.90         29.34         43.2           0.618         0.624         0.620         0.597       144.5  
  1383.50        1383.20         25.04         44.2           0.616         0.634         0.631         0.623       144.6  
  1383.75        1383.46         30.62         45.7           0.611         0.618         0.628         0.632       144.2  
  1384.00        1383.71         35.92         47.9           0.606         0.608         0.612         0.598       143.8  
  1384.25        1383.95         41.23         48.3           0.608         0.598         0.600         0.587       143.4  
  1384.50        1384.20         46.53         51.0           0.627         0.605         0.603         0.550       142.9  
  1384.75        1384.45         51.84         56.5           0.634         0.684         0.650         0.692       142.5  
  1385.00        1384.71         57.38         47.1           0.647         0.702         0.669         0.725       141.8  
  1385.25        1385.01         48.05         39.1           0.659         0.648         0.648         0.621       141.8  
  1385.50        1385.31         30.51         39.8           0.674         0.664         0.656         0.615       141.8  
  1385.75        1385.44         25.11         49.7           0.701         0.734         0.674         0.699       141.8  
  1386.00        1385.61         17.77         61.0           0.755         0.811         0.757         0.838       141.9  
  1386.25        1385.91         10.50         60.1           0.813         0.838         0.842         0.810       141.9  
  1386.50        1386.21         20.40         58.3           0.837         0.872         0.862         0.879       141.9  
  1386.75        1386.52         40.69         79.7           0.880         1.009         0.918         1.074       141.9  
  1387.00        1386.67         45.93         91.9           0.920         1.038         0.989         1.118       141.9  
  1387.25        1386.82         50.68         97.7           0.932         1.040         0.973         1.093       142.0  
  1387.50        1387.12         46.01         81.8           0.927         0.970         0.952         0.970       142.0  
  1387.75        1387.42         45.15         80.4           0.890         0.881         0.868         0.881       142.1  
  1388.00        1387.72         39.23         79.8           0.870         0.826         0.789         0.797       142.1  
  1388.25        1388.02         43.06         65.5           0.910         0.782         0.836         0.780       142.1  
  1388.50        1388.16         45.69         88.8           0.936         1.011         0.971         1.139       142.2  
  1388.75        1388.32         48.96         94.2           0.995         1.009         1.001         0.925       142.2  
  1389.00        1388.63         56.31         99.2           1.031         0.993         0.989         0.975       142.2  
  1389.25        1388.93         52.68         98.9           1.048         1.057         1.053         1.103       142.3  
  1389.50        1389.23         50.96         96.9           1.078         1.120         1.109         1.142       142.3  
  1389.75        1389.39         47.82         97.6           1.098         1.136         1.112         1.119       142.3  
  1390.00        1389.53         45.22         90.6           1.074         1.118         1.071         1.090       142.3  
  1390.25        1389.83         41.96         96.1           1.046         1.144         1.089         1.173       142.4  
  1390.50        1390.13         40.64         91.0           0.990         1.140         1.092         1.192       142.4  
  1390.75        1390.43         37.49         94.6           0.911         1.096         1.039         1.210       142.5  
  1391.00        1390.73         39.52         89.7           0.788         0.872         0.884         1.052       142.5  
  1391.25        1390.88         39.05         73.7           0.674         0.606         0.649         0.559       142.6  
  1391.50        1391.04         38.52         57.1           0.601         0.557         0.581         0.533       142.6  
  1391.75        1391.34         39.18         51.2           0.564         0.540         0.559         0.526       142.7  
  1392.00        1391.64         45.14         47.1           0.554         0.538         0.551         0.523       142.7  
  1392.25        1391.94         61.81         40.0           0.539         0.538         0.541         0.527       142.7  
  1392.50        1392.11         62.13         33.2           0.532         0.536         0.541         0.526       142.8  
  1392.75        1392.24         62.37         29.2           0.528         0.532         0.541         0.517       142.8  
  1393.00        1392.54         60.66         31.3           0.526         0.533         0.538         0.520       142.9  
  1393.25        1392.84         52.39         31.6           0.524         0.530         0.535         0.514       142.9  
  1393.50        1393.14         53.51         30.5           0.524         0.530         0.534         0.513       143.0  
  1393.75        1393.44         46.92         32.6           0.527         0.538         0.539         0.528       143.0  
  1394.00        1393.59         44.17         31.8           0.529         0.539         0.542         0.526       143.1  
  1394.25        1393.75         41.31         31.7           0.531         0.544         0.539         0.536       143.1  
  1394.50        1394.05         43.91         32.7           0.531         0.542         0.542         0.529       143.2  
  1394.75        1394.35         45.41         32.9           0.529         0.537         0.540         0.524       143.2  
  1395.00        1394.65         50.52         35.2           0.528         0.535         0.540         0.520       143.3  
  1395.25        1394.95         48.22         35.7           0.528         0.530         0.535         0.514       143.3  
  1395.50        1395.07         46.42         33.1           0.532         0.532         0.533         0.521       143.4  
  1395.75        1395.25         43.86         31.2           0.537         0.536         0.538         0.520       143.4  
  1396.00        1395.55         41.99         30.1           0.545         0.546         0.541         0.535       143.5  
  1396.25        1395.85         39.44         27.0           0.557         0.558         0.556         0.539       143.5  
  1396.50        1396.15         41.04         22.2           0.570         0.576         0.567         0.562       143.5  
  1396.75        1396.31         42.05         20.9           0.582         0.606         0.589         0.600       143.6  
  1397.00        1396.45         43.01         18.9           0.596         0.631         0.614         0.635       143.6  
  1397.25        1396.75         53.63         18.4           0.601         0.631         0.609         0.638       143.7  
  1397.50        1397.05         51.13         18.5           0.606         0.640         0.613         0.635       143.7  
  1397.75        1397.36         46.99         20.0           0.595         0.614         0.627         0.648       143.7  
  1398.00        1397.66         44.67         20.8           0.595         0.610         0.598         0.607       143.8  
  1398.25        1397.79         44.50         15.3           0.587         0.585         0.583         0.577       143.8  
  1398.50        1397.96         44.28         12.2           0.570         0.559         0.540         0.538       143.9  
  1398.75        1398.26         42.73         16.3           0.580         0.551         0.558         0.524       143.9  
  1399.00        1398.56         41.23         21.6           0.600         0.605         0.633         0.653       143.9  
  1399.25        1398.86         45.52         22.0           0.623         0.713         0.680         0.754       144.0  
  1399.50        1399.02         44.18         20.1           0.613         0.671         0.622         0.663       144.0  
  1399.75        1399.16         43.02         16.4           0.599         0.588         0.581         0.572       144.1  
  1400.00        1399.46         47.33         17.0           0.580         0.601         0.594         0.618       144.1  
  1400.25        1399.76         52.41         14.6           0.575         0.610         0.595         0.624       144.1  
  1400.50        1400.06         51.60         18.2           0.558         0.564         0.548         0.558       144.2  
  1400.75        1400.36         47.90         21.5           0.545         0.542         0.542         0.526       144.2  
  1401.00        1400.50         44.38         27.1           0.544         0.548         0.549         0.538       144.2  
  1401.25        1400.66         40.20         30.9           0.545         0.553         0.556         0.541       144.3  
  1401.50        1400.96         43.65         22.8           0.549         0.556         0.557         0.536       144.3  
  1401.75        1401.26         41.25         19.6           0.549         0.560         0.541         0.560       144.4  
  1402.00        1401.56         33.20         16.1           0.557         0.578         0.561         0.561       144.4  
  1402.25        1401.73         35.71         14.5           0.559         0.582         0.565         0.578       144.4  
  1402.50        1401.86         37.71         16.1           0.557         0.573         0.552         0.579       144.5  
  1402.75        1402.16         50.30         24.1           0.563         0.560         0.563         0.542       144.5  
  1403.00        1402.46         53.50         27.2           0.568         0.598         0.588         0.580       144.6  
  1403.25        1402.76         32.67         20.5           0.571         0.590         0.575         0.561       144.6  
  1403.50        1403.06         27.76         26.9           0.569         0.581         0.568         0.557       144.7  
  1403.75        1403.21         30.29         53.7           0.580         0.583         0.581         0.570       144.7  
  1404.00        1403.36         33.05         53.4           0.585         0.627         0.609         0.637       144.7  
  1404.25        1403.66         40.47         25.9           0.591         0.644         0.611         0.635       144.8  
  1404.50        1403.96         41.65         19.7           0.590         0.637         0.606         0.628       144.8  
  1404.75        1404.26         38.59         19.4           0.589         0.630         0.602         0.621       144.8  
  1405.00        1404.44         40.95         21.1           0.588         0.623         0.598         0.613       144.8  
  1405.25        1404.56         42.66         22.8           0.587         0.616         0.594         0.606       144.9  
  1405.50        1404.86         46.48         24.6           0.586         0.609         0.590         0.599       144.9  
  1405.75        1405.16         48.84         26.3           0.586         0.618         0.595         0.621       144.9  
  1406.00        1405.46         63.70         25.1           0.588         0.641         0.617         0.672       144.9  
  1406.25        1405.76         79.62         20.8           0.588         0.648         0.625         0.685       145.0  
  1406.50        1405.91         67.06         18.0           0.581         0.623         0.609         0.647       145.0  
  1406.75        1406.06         54.57         17.1           0.579         0.556         0.565         0.521       145.0  
  1407.00        1406.36         41.74         23.2           0.607         0.582         0.589         0.542       145.0  
  1407.25        1406.66         34.89         30.0           0.638         0.654         0.646         0.649       145.1  
  1407.50        1406.96         41.68         31.7           0.684         0.732         0.708         0.738       145.1  
  1407.75        1407.26         61.23         26.1           0.710         0.766         0.743         0.757       145.1  
  1408.00        1407.39         64.98         20.6           0.733         0.804         0.760         0.799       145.1  
  1408.25        1407.56         70.11         19.2           0.740         0.809         0.753         0.855       145.2  
  1408.50        1407.86         59.82         20.8           0.731         0.817         0.762         0.830       145.2  
  1408.75        1408.16         49.14         19.6           0.702         0.774         0.722         0.794       145.2  
  1409.00        1408.46         40.53         40.9           0.674         0.669         0.650         0.594       145.2  
  1409.25        1408.62         35.82         60.7           0.645         0.601         0.612         0.565       145.3  
  1409.50        1408.76         31.54         64.0           0.638         0.607         0.615         0.567       145.4  
  1409.75        1409.06         18.48         35.9           0.642         0.645         0.633         0.679       145.5  
  1410.00        1409.36         10.04         29.1           0.660         0.645         0.638         0.622       145.6  
  1410.25        1409.66         12.23         35.8           0.689         0.657         0.673         0.576       145.6  
  1410.50        1409.96         14.86         33.8           0.735         0.753         0.754         0.676       145.6  
  1410.75        1410.09         17.75         25.9           0.784         0.900         0.838         0.908       145.7  
  1411.00        1410.26         21.35         24.5           0.795         0.923         0.864         0.995       145.7  
  1411.25        1410.56         29.44         32.1           0.789         0.869         0.834         0.881       145.7  
  1411.50        1410.86         28.79         32.1           0.754         0.806         0.810         0.785       145.7  
  1411.75        1411.16         23.05         21.6           0.714         0.728         0.733         0.768       145.8  
  1412.00        1411.32         22.11         18.4           0.677         0.657         0.666         0.661       145.8  
  1412.25        1411.46         21.32         17.9           0.650         0.638         0.629         0.599       145.7  
  1412.50        1411.81         19.78         16.4           0.632         0.646         0.640         0.579       145.6  
  1412.75        1412.06         18.72         16.4           0.622         0.638         0.616         0.624       145.5  
  1413.00        1412.30         17.66         17.4           0.604         0.603         0.606         0.512       145.5  
  1413.25        1412.55         16.59         20.1           0.598         0.599         0.609         0.489       145.4  
  1413.50        1412.79         15.53         19.5           0.598         0.604         0.602         0.540       145.3  
  1413.75        1413.04         14.47         20.8           0.602         0.608         0.596         0.557       145.2  
  1414.00        1413.28         13.41         16.1           0.611         0.619         0.605         0.584       145.2  
  1414.25        1413.53         12.35         16.6           0.620         0.640         0.610         0.621       145.1  
  1414.50        1413.77         11.29         17.5           0.638         0.674         0.627         0.679       145.1  
  1414.75        1414.02         10.22         17.5           0.659         0.690         0.648         0.686       145.0  
  1415.00        1414.15          9.67         18.3           0.683         0.705         0.657         0.690       144.9  
  1415.25        1414.45         11.06         18.2           0.699         0.733         0.694         0.733       144.9  
  1415.50        1414.75         15.29         19.0           0.720         0.762         0.722         0.774       144.9  
  1415.75        1415.05         21.66         20.0           0.740         0.797         0.736         0.782       144.9  
  1416.00        1415.34         25.30         20.1           0.742         0.796         0.763         0.830       144.9  
  1416.25        1415.49         27.56         21.4           0.740         0.746         0.750         0.758       144.9  
  1416.50        1415.64         29.92         17.9           0.734         0.724         0.723         0.674       144.9  
  1416.75        1415.94         36.57         15.6           0.720         0.751         0.710         0.761       144.9  
  1417.00        1416.24         40.09         16.3           0.710         0.734         0.696         0.700       144.9  
  1417.25        1416.54         42.38         15.2           0.705         0.736         0.687         0.620       144.9  
  1417.50        1416.84         48.70         18.2           0.700         0.759         0.713         0.707       145.0  
  1417.75        1416.96         48.81         20.1           0.694         0.760         0.718         0.689       145.0  
  1418.00        1417.14         48.95         20.7           0.681         0.732         0.698         0.640       145.0  
  1418.25        1417.44         48.12         21.9           0.654         0.679         0.672         0.605       145.1  
  1418.50        1417.73         43.29         21.0           0.639         0.646         0.653         0.560       145.1  
  1418.75        1418.03         36.82         24.3           0.621         0.634         0.631         0.582       145.1  
  1419.00        1418.19         36.55         25.2           0.615         0.617         0.619         0.589       145.1  
  1419.25        1418.33         36.30         27.2           0.606         0.610         0.618         0.563       145.2  
  1419.50        1418.63         36.12         26.3           0.600         0.614         0.627         0.559       145.2  
  1419.75        1418.93         35.64         27.2           0.593         0.619         0.641         0.541       145.2  
  1420.00        1419.23         36.58         31.1           0.593         0.610         0.636         0.542       145.3  
  1420.25        1419.53         36.89         37.9           0.588         0.604         0.647         0.508       145.3  
  1420.50        1419.66         36.64         40.2           0.595         0.593         0.605         0.548       145.3  
  1420.75        1419.82         36.30         38.5           0.601         0.611         0.593         0.536       145.4  
  1421.00        1420.12         35.41         29.8           0.599         0.648         0.611         0.603       145.4  
  1421.25        1420.42         44.70         38.3           0.602         0.646         0.618         0.661       145.5  
  1421.50        1420.72         35.18         38.5         -999.25       -999.25       -999.25       -999.25       145.5  
  1421.75        1420.88         29.54      -999.25         -999.25       -999.25       -999.25       -999.25       145.6  
  1422.00        1421.02         24.62      -999.25         -999.25       -999.25       -999.25       -999.25       145.6  
  1422.25        1421.32         25.20      -999.25         -999.25       -999.25       -999.25       -999.25       145.7  
  1422.50        1421.61         18.87      -999.25         -999.25       -999.25       -999.25       -999.25       145.8  
  1422.75        1421.91         16.64      -999.25         -999.25       -999.25       -999.25       -999.25       145.8  
  1423.00        1422.21         15.73      -999.25         -999.25       -999.25       -999.25       -999.25       145.9  
  1423.25        1422.35         21.82      -999.25         -999.25       -999.25       -999.25       -999.25       145.9  
  1423.50        1422.51         29.10      -999.25         -999.25       -999.25       -999.25       -999.25       146.0  
  1423.75        1422.81         39.83      -999.25         -999.25       -999.25       -999.25       -999.25       146.0  
  1424.00        1423.10         54.96      -999.25         -999.25       -999.25       -999.25       -999.25       146.0  
  1424.25        1423.40         48.81      -999.25         -999.25       -999.25       -999.25       -999.25       146.1  
  1424.50        1423.57         47.75      -999.25         -999.25       -999.25       -999.25       -999.25       146.1  
  1424.75        1423.70         46.91      -999.25         -999.25       -999.25       -999.25       -999.25       146.1  
  1425.00        1424.00         45.91      -999.25         -999.25       -999.25       -999.25       -999.25       146.2  
  1425.25        1424.30         45.72      -999.25         -999.25       -999.25       -999.25       -999.25       146.2  
  1425.50        1424.59         37.21      -999.25         -999.25       -999.25       -999.25       -999.25       146.2  
  1425.75        1424.89         27.53      -999.25         -999.25       -999.25       -999.25       -999.25       146.2  
  1426.00        1425.03         23.47      -999.25         -999.25       -999.25       -999.25       -999.25       146.3  
  1426.25        1425.19         19.04      -999.25         -999.25       -999.25       -999.25       -999.25       146.4  
  1426.50        1425.49         17.73      -999.25         -999.25       -999.25       -999.25       -999.25       146.5  
  1426.75        1425.78         17.52      -999.25         -999.25       -999.25       -999.25       -999.25       146.5  
  1427.00        1426.08         16.05      -999.25         -999.25       -999.25       -999.25       -999.25       146.6  
  1427.25        1426.25         14.84      -999.25         -999.25       -999.25       -999.25       -999.25       146.7  
  1427.50        1426.38         13.97      -999.25         -999.25       -999.25       -999.25       -999.25       146.8  
  1427.75        1426.68         10.88      -999.25         -999.25       -999.25       -999.25       -999.25       146.9  
  1428.00        1426.97          7.80      -999.25         -999.25       -999.25       -999.25       -999.25       147.0  
  1428.25        1427.27         10.81      -999.25         -999.25       -999.25       -999.25       -999.25       147.1  
  1428.50        1427.57          6.33      -999.25         -999.25       -999.25       -999.25       -999.25       147.2  
  1428.75        1427.72          7.01      -999.25         -999.25       -999.25       -999.25       -999.25       147.4  
  1429.00        1427.87          7.68      -999.25         -999.25       -999.25       -999.25       -999.25       147.5  
  1429.25        1428.16         27.03      -999.25         -999.25       -999.25       -999.25       -999.25       147.7  
  1429.50        -999.25       -999.25      -999.25         -999.25       -999.25       -999.25       -999.25       147.8  
  1429.75        -999.25       -999.25      -999.25         -999.25       -999.25       -999.25       -999.25     -999.25  
  1430.00        -999.25       -999.25      -999.25         -999.25       -999.25       -999.25       -999.25     -999.25  
