~VERSION INFORMATION 
 VERS. 2.0: CWLS LOG ASCII STANDARD -VERSION 2.0 
 WRAP.  No: SINGLE LINE PER DEPTH STEP
~WELL INFORMATION BLOCK 
#MNEM.UNIT			     DATA			   DESCRIPTION OF MNEMONIC
#----------------------------------------------------------------------
 STRT.m                       1200.00                  : Start Depth
 STOP.m                       2385.00                  : Stop  Depth
 STEP.m                       0.25                     : Step  Depth
 NULL.                   -999.25                       : Null value
 COMP.                   PEAK PETROLEUM                : Company Name
 WELL.                   BILABRI D4                    : Well Name
 PATH.                   Original Path                 : Path Name
 FLD.                    BILABRI                       : Field Name
 LOC.                    BILABRI                       : Location
 PROV.                   Unused                        : Province
 SRVC.                   BAKER HUGHES INTEQ            : Service Company Name
 Date.DD/MM/YYYY         27/12/2006                    : Date
 UWI.                                                  : Unique Well ID
 TIMEZONE.Hrs            0                   : Time zone difference from GMT 
~CURVE INFORMATION
#MNEM.UNIT                 CURVE INFORMATION
#
#----------------------------------------------------------------------
DEPTH.m                                      :   0 Depth Hole
TVD.m                                        :   1 True Vertical Depth
ROP_AVG.m/hr                                 :   2 Depth Averaged ROP
GRAM.API                                     :   3 Gamma Ray - Apparent
RACLM.ohm.m                                  :   4 Resistivity Attenuation - Corrected - 400kHz
RACHM.ohm.m                                  :   5 Resistivity Attenuation - Corrected - 2MHz
RPCLM.ohm.m                                  :   6 Resistivity Phase - Corrected - 400kHz
RPCHM.ohm.m                                  :   7 Resistivity Phase - Corrected - 2MHz
TCDM.degF                                    :   8 Downhole Temperature
#----------------------------------------------------------------------
~O
Disclaimer
Baker Hughes INTEQ does not guarantee the accuracy  or correctness
of  interpretations  provided  in  or  from this  data. Since  all
interpretations  are  opinions based on measurements, Baker Hughes
INTEQ  shall  under no  circumstances   be  held  responsible  for
consequential damages or any other loss, costs, damages or expenses
incurred  or  sustained  in  connection  with  the use of any such
interpretations. Baker  Hughes INTEQ  disclaims  all expressed and
implied  warranties  related to  its  service which is governed by
Baker Hughes INTEQ's standard terms and conditions.
#----------------------------------------------------------------------
~A
  1200.00        -999.25       -999.25      -999.25         -999.25       -999.25       -999.25       -999.25     -999.25  
  1200.25        -999.25       -999.25      -999.25           0.611         0.504         0.722         0.395     -999.25  
  1200.50        -999.25       -999.25         60.1           0.618         0.453         0.747         0.366     -999.25  
  1200.75        -999.25       -999.25         53.9           0.624         0.412         0.767         0.344     -999.25  
  1201.00        -999.25       -999.25         47.4           0.633         0.355         0.795         0.313     -999.25  
  1201.25        -999.25       -999.25         40.9           0.636         0.356         0.790         0.344     -999.25  
  1201.50        -999.25       -999.25         36.4           0.642         0.357         0.780         0.397     -999.25  
  1201.75        -999.25       -999.25         31.8           0.655         0.396         0.804         0.460     -999.25  
  1202.00        -999.25       -999.25         27.8           0.667         0.425         0.832         0.489       124.7  
  1202.25        -999.25       -999.25         16.5           0.667         0.415         0.831         0.483       124.1  
  1202.50        -999.25       -999.25         17.0           0.668         0.404         0.829         0.478       123.5  
  1202.75        -999.25       -999.25         16.9           0.669         0.394         0.827         0.472       123.0  
  1203.00        -999.25       -999.25         16.7           0.670         0.384         0.826         0.467       122.4  
  1203.25        -999.25       -999.25         16.5           0.671         0.374         0.824         0.461       121.9  
  1203.50        -999.25       -999.25         16.3           0.672         0.363         0.822         0.455       121.3  
  1203.75        -999.25       -999.25         16.2           0.673         0.353         0.821         0.450       120.7  
  1204.00        -999.25       -999.25         16.0           0.644         0.806         0.785         0.413       120.2  
  1204.25        -999.25       -999.25         15.9           0.613         1.279         0.747         0.374       119.6  
  1204.50        -999.25       -999.25         24.8           0.583         1.751         0.710         0.336       119.0  
  1204.75        -999.25       -999.25         31.5           0.549         2.280         0.668         0.293       118.2  
  1205.00        -999.25       -999.25         38.2           0.555         2.145         0.670         0.273       118.5  
  1205.25        -999.25       -999.25         45.0           0.521         3.880         0.597         0.225       119.0  
  1205.50        -999.25       -999.25         39.9           0.503         4.740         0.561         0.202       119.5  
  1205.75        -999.25       -999.25         29.6           0.489      3496.467         0.568         0.226       119.5  
  1206.00        -999.25       -999.25         28.1           0.474      7089.530         0.576         0.250       119.6  
  1206.25        -999.25       -999.25         26.5           0.482      5785.204         0.576         0.324       119.6  
  1206.50        -999.25       -999.25         25.4           0.494      3665.766         0.578         0.446       119.7  
  1206.75        -999.25       -999.25         29.8           0.506      1546.328         0.579         0.567       119.7  
  1207.00        -999.25       -999.25         33.1           0.515         7.259         0.580         0.655       119.8  
  1207.25        -999.25       -999.25         36.6           0.530         4.399         0.588         0.496       119.9  
  1207.50        -999.25       -999.25         38.9           0.546         1.222         0.597         0.319       119.9  
  1207.75        -999.25       -999.25         41.3           0.551         1.127         0.602         0.322       120.0  
  1208.00        -999.25       -999.25         43.2           0.562         0.890         0.614         0.328       120.0  
  1208.25        -999.25       -999.25         51.9           0.563         1.044         0.618         0.324       120.1  
  1208.50        -999.25       -999.25         59.2           0.569         0.927         0.622         0.336       120.1  
  1208.75        -999.25       -999.25         63.8           0.570         0.734         0.616         0.375       120.2  
  1209.00        -999.25       -999.25         51.4           0.558         0.645         0.596         0.366       120.2  
  1209.25        -999.25       -999.25         35.4           0.549         0.655         0.586         0.331       120.3  
  1209.50        -999.25       -999.25         32.9           0.540         0.613         0.571         0.351       120.3  
  1209.75        -999.25       -999.25         31.0           0.548         0.581         0.570         0.406       120.4  
  1210.00        -999.25       -999.25         29.1           0.546         0.550         0.573         0.455       120.4  
  1210.25        -999.25       -999.25         27.3           0.542         0.537         0.566         0.462       120.5  
  1210.50        -999.25       -999.25         25.0           0.540         0.529         0.563         0.459       120.6  
  1210.75        -999.25       -999.25         27.9           0.541         0.505         0.570         0.453       120.7  
  1211.00        -999.25       -999.25         27.0           0.546         0.518         0.578         0.478       120.8  
  1211.25        -999.25       -999.25         32.9           0.549         0.523         0.589         0.470       120.9  
  1211.50        -999.25       -999.25         31.4           0.550         0.521         0.596         0.483       121.0  
  1211.75        -999.25       -999.25         29.0           0.553         0.505         0.589         0.462       121.1  
  1212.00        -999.25       -999.25         29.9           0.556         0.511         0.588         0.445       121.2  
  1212.25        -999.25       -999.25         29.3           0.568         0.526         0.594         0.429       121.0  
  1212.50        -999.25       -999.25         28.7           0.575         0.547         0.600         0.401       120.8  
  1212.75        -999.25       -999.25         31.4           0.595         0.529         0.609         0.415       120.6  
  1213.00        -999.25       -999.25         35.9           0.617         0.538         0.634         0.449       120.4  
  1213.25        -999.25       -999.25         48.4           0.662         0.632         0.713         0.549       122.0  
  1213.50        -999.25       -999.25         55.5           0.704         0.697         0.788         0.587       122.4  
  1213.75        -999.25       -999.25         62.5           0.750         0.641         0.808         0.528       122.5  
  1214.00        -999.25       -999.25         65.3           0.796         0.643         0.834         0.575       122.5  
  1214.25        -999.25       -999.25         76.4           0.867         0.781         0.911         0.692       122.6  
  1214.50        -999.25       -999.25         73.6           0.918         0.836         0.960         0.787       122.6  
  1214.75        -999.25       -999.25         85.0           0.959         0.877         0.986         0.823       122.7  
  1215.00        -999.25       -999.25         94.3           1.002         0.919         0.993         0.843       122.7  
  1215.25        -999.25       -999.25         93.3           1.044         0.993         0.985         0.885       122.8  
  1215.50        -999.25       -999.25         93.6           1.085         1.010         0.982         0.881       122.8  
  1215.75        -999.25       -999.25         91.6           1.152         1.086         1.021         0.893       122.9  
  1216.00        -999.25       -999.25         93.1           1.248         1.224         1.183         1.193       122.9  
  1216.25        -999.25       -999.25         89.1           1.340         1.337         1.359         1.340       123.0  
  1216.50        -999.25       -999.25         81.9           1.417         1.374         1.425         1.352       123.0  
  1216.75        -999.25       -999.25         87.5           1.527         1.448         1.566         1.506       123.1  
  1217.00        -999.25       -999.25         88.0           1.584         1.513         1.667         1.620       123.1  
  1217.25        -999.25       -999.25         87.7           1.598         1.595         1.707         1.696       123.3  
  1217.50        -999.25       -999.25         89.3           1.540         1.564         1.655         1.707       123.5  
  1217.75        -999.25       -999.25         83.2           1.469         1.461         1.546         1.555       124.0  
  1218.00        -999.25       -999.25         74.8           1.403         1.415         1.519         1.389       124.3  
  1218.25        -999.25       -999.25         59.9           1.270         1.406         1.659         1.792       124.4  
  1218.50        -999.25       -999.25         31.7           1.125         1.336         1.703         2.354       124.5  
  1218.75        -999.25       -999.25         22.8           0.975         0.800         1.190         1.054       124.6  
  1219.00        -999.25       -999.25         27.5           0.870         0.702         0.839         0.800       124.7  
  1219.25        -999.25       -999.25         29.7           0.782         0.633         0.711         0.607       124.8  
  1219.50        -999.25       -999.25         34.4           0.739         0.690         0.723         0.648       124.9  
  1219.75        -999.25       -999.25         29.3           0.716         0.741         0.769         0.804       125.1  
  1220.00        -999.25       -999.25         30.3           0.706         0.681         0.721         0.698       125.2  
  1220.25        -999.25       -999.25         38.1           0.692         0.667         0.712         0.686       125.3  
  1220.50        -999.25       -999.25         40.6           0.669         0.640         0.710         0.681       125.4  
  1220.75        -999.25       -999.25         39.5           0.656         0.623         0.676         0.641       125.5  
  1221.00        -999.25       -999.25         40.9           0.655         0.642         0.667         0.617       125.5  
  1221.25        -999.25       -999.25         50.9           0.659         0.650         0.674         0.637       125.6  
  1221.50        -999.25       -999.25         48.9           0.662         0.637         0.685         0.602       125.7  
  1221.75        -999.25       -999.25         51.3           0.663         0.669         0.708         0.626       125.8  
  1222.00        -999.25       -999.25         64.5           0.657         0.662         0.719         0.598       125.9  
  1222.25        -999.25       -999.25         66.4           0.653         0.599         0.669         0.566       126.0  
  1222.50        1222.53          0.00         70.4           0.664         0.579         0.636         0.508       126.1  
  1222.75        1222.84         19.28         74.0           0.687         0.691         0.707         0.611       126.2  
  1223.00        1222.98         63.00         66.7           0.715         0.717         0.760         0.676       126.3  
  1223.25        1223.14        112.86         62.4           0.721         0.695         0.765         0.667       126.4  
  1223.50        1223.45        282.19         67.0           0.740         0.730         0.780         0.657       126.5  
  1223.75        1223.75        405.68         68.2           0.750         0.787         0.811         0.757       126.7  
  1224.00        1224.06        491.17         67.0           0.741         0.744         0.788         0.762       126.8  
  1224.25        1224.23        632.87         69.1           0.721         0.664         0.717         0.687       126.9  
  1224.50        1224.36        740.54         65.2           0.714         0.642         0.699         0.597       127.0  
  1224.75        1224.66        859.96         66.2           0.727         0.688         0.758         0.617       127.1  
  1225.00        1224.97        796.32         69.3           0.750         0.751         0.787         0.661       127.2  
  1225.25        1225.27        797.32         67.9           0.757         0.761         0.792         0.638       127.3  
  1225.50        1225.58        878.67         68.0           0.750         0.744         0.786         0.630       127.3  
  1225.75        1225.73        817.09         68.5           0.739         0.724         0.777         0.624       127.4  
  1226.00        1225.88        752.86         73.6           0.731         0.682         0.728         0.547       127.5  
  1226.25        1226.19        705.29         70.1           0.737         0.699         0.726         0.634       127.5  
  1226.50        1226.49        648.71         67.3           0.762         0.761         0.779         0.762       127.6  
  1226.75        1226.80        590.76         65.9           0.769         0.766         0.787         0.763       127.7  
  1227.00        1227.10        573.87         71.5           0.784         0.763         0.794         0.737       127.7  
  1227.25        1227.23        540.79         71.7           0.798         0.772         0.807         0.740       127.8  
  1227.50        1227.41        493.33         71.2           0.812         0.804         0.828         0.804       127.9  
  1227.75        1227.71        381.72         74.2           0.819         0.819         0.847         0.789       128.1  
  1228.00        1228.02        329.73         75.3           0.815         0.825         0.846         0.806       128.2  
  1228.25        1228.32        355.93         77.4           0.799         0.789         0.813         0.773       128.3  
  1228.50        1228.48        381.69         76.0           0.779         0.745         0.791         0.725       128.4  
  1228.75        1228.63        406.26         66.5           0.773         0.725         0.805         0.683       128.5  
  1229.00        1228.93        415.80         71.2           0.776         0.776         0.783         0.726       128.5  
  1229.25        1229.24        393.75         67.6           0.778         0.716         0.758         0.658       128.7  
  1229.50        1229.54        387.73         73.6           0.791         0.818         0.829         0.791       128.7  
  1229.75        1229.85        373.23         74.5           0.814         0.840         0.887         0.861       128.8  
  1230.00        1229.98        396.21         82.5           0.800         0.807         0.894         0.908       128.8  
  1230.25        1230.15        426.30         90.7           0.791         0.778         0.808         0.790       128.9  
  1230.50        1230.46        401.13         79.6           0.780         0.727         0.799         0.738       128.9  
  1230.75        1230.76        407.10         66.8           0.817         0.697         0.748         0.634       129.0  
  1231.00        1231.07        409.05         69.6           0.961         0.794         0.847         0.641       129.1  
  1231.25        1231.23        417.20         70.8           1.223         1.325         1.271         1.333       129.0  
  1231.50        1231.37        424.31         83.3           1.754         1.833         2.270         2.398       129.0  
  1231.75        1231.68        398.77         99.4           2.383         2.446         2.908         2.963       129.2  
  1232.00        1231.98        398.03         87.6           3.257         3.373         3.845         4.406       129.3  
  1232.25        1232.28        413.66         57.0           3.239         3.416         3.845         4.449       129.3  
  1232.50        1232.59        409.75         48.5           3.213         3.478         3.845         4.511       129.4  
  1232.75        1232.73        400.10         50.3           2.900         3.230         3.537         4.177       129.5  
  1233.00        1232.89        388.56         50.7           3.194         3.303         3.811         4.314       129.5  
  1233.25        1233.20        405.53         49.5           3.261         3.411         3.802         4.488       129.6  
  1233.50        1233.50        391.70         51.9           3.328         2.903         3.298         3.309       129.6  
  1233.75        1233.81        380.37         51.1           3.377         2.406         2.549         2.129       129.7  
  1234.00        1233.98        373.05         49.0           3.363         2.378         2.661         2.558       129.7  
  1234.25        1234.11        367.22         40.7           3.425         2.943         3.110         3.374       129.8  
  1234.50        1234.42        389.88         41.5           3.423         3.209         3.705         4.264       129.8  
  1234.75        1234.72        417.16         38.7           3.211         3.250         3.764         4.455       129.9  
  1235.00        1235.03        381.62         36.2           2.941         2.603         3.066         2.629       129.9  
  1235.25        1235.33        403.81         25.1           2.538         2.929         3.502         4.677       130.0  
  1235.50        1235.48        398.96         17.6           2.188         2.924         3.977         6.582       130.1  
  1235.75        1235.64        393.66         19.3           1.738         2.468         3.009         5.273       130.1  
  1236.00        1235.94        379.98         21.7           1.313         1.496         1.722         2.480       130.2  
  1236.25        1236.25        372.74         28.3           1.014         0.825         0.912         0.933       130.3  
  1236.50        1236.55        345.86         29.5           0.851         0.666         0.745         0.608       130.3  
  1236.75        1236.73        340.91         23.8           0.789         0.649         0.759         0.670       130.4  
  1237.00        1236.86        337.30         17.4           0.735         0.664         0.777         0.749       130.4  
  1237.25        1237.16        332.22         17.1           0.691         0.590         0.758         0.698       130.5  
  1237.50        1237.47        312.75         17.1           0.641         0.496         0.718         0.601       130.5  
  1237.75        1237.77        280.22         21.2           0.632         0.517         0.687         0.547       130.6  
  1238.00        1238.08        260.72         24.1           0.641         0.617         0.675         0.585       130.6  
  1238.25        1238.23        257.62         25.5           0.625         0.538         0.683         0.450       130.7  
  1238.50        1238.38        254.53         23.3           0.602         0.483         0.644         0.397       130.8  
  1238.75        1238.69        257.93         24.3           0.580         0.495         0.629         0.452       130.8  
  1239.00        1238.99        244.05         21.2           0.571         0.475         0.604         0.440       130.9  
  1239.25        1239.29        221.40         22.0           0.564         0.462         0.600         0.412       131.0  
  1239.50        1239.60        141.70         22.4           0.553         0.401         0.589         0.291       131.0  
  1239.75        1239.73        115.46         22.0           0.553         0.419         0.598         0.384       131.0  
  1240.00        1239.90         79.39         19.1           0.556         0.482         0.637         0.483       131.3  
  1240.25        1240.21         34.94         15.5           0.562         0.470         0.635         0.519       131.5  
  1240.50        1240.51         95.02         17.6           0.563         0.437         0.630         0.410       131.5  
  1240.75        1240.82        183.07         25.0           0.571         0.447         0.621         0.390       131.6  
  1241.00        1240.98        248.96         23.7           0.563         0.437         0.608         0.384       131.7  
  1241.25        1241.12        309.22         21.7           0.558         0.428         0.605         0.366       131.8  
  1241.50        1241.43        317.06         20.4           0.543         0.412         0.591         0.314       131.9  
  1241.75        1241.73         22.28         19.9           0.551         0.367         0.619         0.295       132.0  
  1242.00        1242.04         36.10         15.5           0.554         0.449         0.640         0.462       132.1  
  1242.25        1242.34         34.81         16.0           0.558         0.426         0.634         0.449       132.1  
  1242.50        1242.48         38.19         17.9           0.560         0.401         0.630         0.414       132.2  
  1242.75        1242.65         42.43         19.5           0.571         0.440         0.615         0.374       132.2  
  1243.00        1242.95         44.23         24.6           0.569         0.525         0.614         0.311       132.2  
  1243.25        1243.26         42.60         21.2           0.561         0.506         0.644         0.323       132.3  
  1243.50        1243.56         42.47         17.5           0.552         0.423         0.617         0.470       132.3  
  1243.75        1243.73         41.11         17.1           0.549         0.397         0.590         0.422       132.3  
  1244.00        1243.87         39.97         19.2           0.548         0.379         0.578         0.405       132.4  
  1244.25        1244.17         39.86         25.4           0.560         0.455         0.603         0.315       132.4  
  1244.50        1244.48         38.42         28.7           0.598         0.501         0.695         0.380       132.5  
  1244.75        1244.78         41.03         19.2           0.625         0.489         0.757         0.466       132.5  
  1245.00        1245.09         37.96         22.1           0.613         0.541         0.738         0.681       132.5  
  1245.25        1245.23         37.00         27.9           0.613         0.521         0.647         0.634       132.6  
  1245.50        1245.39         35.89         36.1           0.629         0.540         0.594         0.460       132.6  
  1245.75        1245.70         28.96         41.5           0.636         0.618         0.634         0.530       132.7  
  1246.00        1246.00         29.91         42.4           0.643         0.668         0.642         0.599       132.7  
  1246.25        1246.30         32.69         25.5           0.642         0.645         0.644         0.634       132.8  
  1246.50        1246.48         34.39         18.9           0.643         0.585         0.675         0.712       132.8  
  1246.75        1246.61         35.69         19.0           0.661         0.615         0.741         0.803       132.8  
  1247.00        1246.91         37.26         16.6           0.690         0.682         0.741         0.747       132.9  
  1247.25        1247.22         37.44         19.6           0.693         0.668         0.741         0.707       133.0  
  1247.50        1247.52         37.31         17.3           0.696         0.645         0.728         0.711       133.1  
  1247.75        1247.83         36.11         22.3           0.700         0.657         0.736         0.733       133.1  
  1248.00        1247.98         35.94         17.3           0.704         0.699         0.740         0.799       133.2  
  1248.25        1248.13         35.76         17.8           0.701         0.679         0.742         0.775       133.3  
  1248.50        1248.44         43.05         17.4           0.688         0.638         0.725         0.672       133.3  
  1248.75        1248.74         56.94         20.9           0.688         0.644         0.695         0.644       132.4  
  1249.00        1249.05         74.83         24.0           0.693         0.653         0.697         0.706       131.9  
  1249.25        1249.23         47.91         22.4           0.694         0.685         0.743         0.751       130.8  
  1249.50        1249.35         29.15         19.8           0.701         0.698         0.744         0.729       129.0  
  1249.75        1249.66         10.65         24.3           0.705         0.707         0.746         0.713       128.6  
  1250.00        1249.96          9.90         22.4           0.713         0.737         0.762         0.744       128.6  
  1250.25        1250.27         19.33         20.4           0.706         0.727         0.764         0.701       128.5  
  1250.50        1250.57         25.73         18.8           0.678         0.643         0.717         0.656       128.5  
  1250.75        1250.73         29.00         17.7           0.638         0.600         0.645         0.591       128.4  
  1251.00        1250.88         32.14         18.1           0.621         0.599         0.614         0.579       128.5  
  1251.25        1251.18         31.82         35.0           0.616         0.632         0.606         0.574       128.5  
  1251.50        1251.49         31.14         34.8           0.607         0.593         0.607         0.595       128.6  
  1251.75        1251.79         29.72         26.6           0.596         0.578         0.620         0.622       128.6  
  1252.00        1252.10         22.27         42.7           0.596         0.613         0.605         0.583       128.7  
  1252.25        1252.23         20.01         29.8           0.589         0.569         0.593         0.554       128.7  
  1252.50        1252.40         17.03         19.5           0.591         0.591         0.572         0.534       128.8  
  1252.75        1252.71         13.84         19.7           0.601         0.611         0.608         0.567       128.8  
  1253.00        1253.01         70.40         19.0           0.610         0.635         0.661         0.700       128.9  
  1253.25        1253.31         98.97         23.9           0.613         0.638         0.644         0.696       128.9  
  1253.50        1253.48         88.64         47.1           0.618         0.612         0.611         0.543       129.0  
  1253.75        1253.62         79.59         54.0           0.619         0.627         0.611         0.549       129.0  
  1254.00        1253.92         87.75         61.5           0.615         0.636         0.624         0.609       129.1  
  1254.25        1254.23         86.10         66.9           0.619         0.604         0.597         0.571       129.1  
  1254.50        1254.53         77.77         75.5           0.636         0.615         0.616         0.570       129.2  
  1254.75        1254.84         62.57         84.8           0.657         0.692         0.716         0.750       129.2  
  1255.00        1254.98         61.35         82.1           0.681         0.717         0.703         0.693       129.2  
  1255.25        1255.14         59.88         79.2           0.691         0.685         0.682         0.683       129.3  
  1255.50        1255.45         58.35         70.0           0.726         0.676         0.672         0.604       129.3  
  1255.75        1255.75         61.48         76.8           0.761         0.744         0.763         0.745       129.4  
  1256.00        1256.06         63.58         88.8           0.813         0.821         0.839         0.821       129.4  
  1256.25        1256.23         63.23         90.8           0.857         0.866         0.894         0.886       129.4  
  1256.50        1256.36         62.94         88.4           0.888         0.881         0.897         0.856       129.5  
  1256.75        1256.67         47.12         91.1           0.904         0.908         0.932         0.951       129.5  
  1257.00        1256.97         53.85         92.2           0.903         0.882         0.995         0.936       129.5  
  1257.25        1257.28         51.05         97.1           0.893         0.840         0.860         0.810       129.6  
  1257.50        1257.58         65.37         90.5           0.891         0.827         0.840         0.803       129.6  
  1257.75        1257.73         73.13         90.5           0.915         0.871         0.881         0.850       129.7  
  1258.00        1257.89         81.66         98.1           0.949         0.925         0.957         0.937       129.7  
  1258.25        1258.19         85.94         97.2           0.975         0.966         0.998         1.012       129.7  
  1258.50        1258.50         95.21         92.8           0.999         0.972         0.992         1.010       129.8  
  1258.75        1258.80         86.35         91.1           1.054         0.990         1.021         1.000       129.8  
  1259.00        1258.98         87.68         93.3           1.112         1.043         1.071         1.074       129.8  
  1259.25        1259.11         88.65         96.5           1.193         1.087         1.092         1.057       129.9  
  1259.50        1259.41         85.06         90.4           1.429         1.272         1.259         1.153       129.9  
  1259.75        1259.71         72.85         82.9           1.816         1.815         1.832         1.977       130.0  
  1260.00        1260.02         67.11         81.6           3.008         3.398         3.882         4.089       130.0  
  1260.25        1260.32         67.97         71.4           3.690         3.630         5.749         4.709       130.1  
  1260.50        1260.48         64.38         52.6           3.347         3.413         4.934         4.257       130.1  
  1260.75        1260.63         60.77         52.1           3.003         3.197         4.118         3.805       130.1  
  1261.00        1260.93         53.88         54.8           2.660         2.981         3.303         3.354       130.2  
  1261.25        1261.24         62.30         57.4           2.453         2.851         2.813         3.082       130.2  
  1261.50        1261.54         72.16         60.7           2.652         2.898         3.066         3.158       130.3  
  1261.75        1261.85         80.18         59.1           2.653         2.901         3.066         3.161       130.3  
  1262.00        1261.98         74.95         56.9           2.654         2.905         3.067         3.167       130.3  
  1262.25        1262.15         67.72         56.4           2.655         2.910         3.069         3.173       130.4  
  1262.50        1262.46         56.52         55.9           2.864         3.211         3.422         3.552       130.4  
  1262.75        1262.76         42.72         55.3           3.335         3.611         4.375         3.969       130.5  
  1263.00        1263.07         38.62         45.5           4.110         4.830         6.427         6.396       130.5  
  1263.25        1263.23         37.14         41.1           4.306         5.688         7.097         9.124       130.6  
  1263.50        1263.37         35.77         46.5           4.448         5.966         7.430         9.373       130.7  
  1263.75        1263.68         33.72         56.8           3.829         5.950         6.206         9.549       130.8  
  1264.00        1263.98         33.43         62.1           3.461         4.796         5.265         6.835       130.8  
  1264.25        1264.29         30.67         56.4           3.252         4.519         4.777         5.730       130.9  
  1264.50        1264.59         33.11         54.3           2.537         3.910         3.616         4.497       131.0  
  1264.75        1264.73         34.18         59.6           2.116         2.835         2.999         3.604       131.0  
  1265.00        1264.90         35.52         68.9           1.321         2.108         1.894         3.097       131.1  
  1265.25        1265.20         36.12         68.6           1.101         1.499         1.224         2.349       131.2  
  1265.50        1265.51         42.18         58.1           0.913         0.930         0.859         0.914       131.3  
  1265.75        1265.81         19.59         69.5           0.712         0.656         0.628         0.577       131.5  
  1266.00        1265.98         19.61         61.9           0.665         0.620         0.632         0.600       131.6  
  1266.25        1266.11         19.63         58.7           0.642         0.608         0.628         0.606       131.7  
  1266.50        1266.42         22.04         56.1           0.631         0.602         0.626         0.609       131.7  
  1266.75        1266.72         26.36         52.0           0.592         0.583         0.591         0.584       131.8  
  1267.00        1267.03         34.24         60.4           0.575         0.577         0.574         0.569       131.9  
  1267.25        1267.33         34.65         58.8           0.577         0.581         0.588         0.576       131.9  
  1267.50        1267.48         34.50         60.9           0.577         0.587         0.590         0.586       132.0  
  1267.75        1267.64         34.33         63.9           0.575         0.573         0.580         0.565       132.1  
  1268.00        1267.94         33.24         49.5           0.573         0.574         0.571         0.561       132.2  
  1268.25        1268.25         28.54         55.6           0.576         0.578         0.581         0.573       132.4  
  1268.50        1268.48         25.45         60.6           0.577         0.588         0.591         0.586       133.1  
  1268.75        1268.73         22.04         51.9           0.578         0.587         0.592         0.578       133.0  
  1269.00        1268.98         18.64         57.7           0.574         0.581         0.580         0.556       133.0  
  1269.25        1269.16         16.10         52.8           0.570         0.576         0.575         0.556       132.9  
  1269.50        1269.48         20.96         55.9           0.567         0.573         0.570         0.552       132.9  
  1269.75        1269.73         24.85         50.0           0.566         0.571         0.572         0.560       132.9  
  1270.00        1269.98         28.74         57.4           0.565         0.569         0.570         0.561       132.9  
  1270.25        1270.23         32.63         61.2           0.565         0.568         0.568         0.553       133.0  
  1270.50        1270.48         36.52         54.6           0.567         0.567         0.569         0.562       133.0  
  1270.75        1270.69         39.81         54.0           0.576         0.568         0.571         0.553       133.0  
  1271.00        1270.99         29.49         61.0           0.584         0.583         0.589         0.580       133.0  
  1271.25        1271.30         21.56         55.2           0.604         0.592         0.592         0.577       133.0  
  1271.50        1271.47         16.99         57.1           0.640         0.628         0.627         0.600       133.0  
  1271.75        1271.60         13.79         61.0           0.675         0.667         0.680         0.658       133.1  
  1272.00        1271.91         29.45         70.9           0.706         0.716         0.728         0.707       133.1  
  1272.25        1272.21         68.42         75.0           0.757         0.815         0.857         0.910       133.1  
  1272.50        1272.51         50.77         76.1           0.771         0.807         0.849         0.847       133.1  
  1272.75        1272.82         72.95         70.4           0.775         0.769         0.792         0.756       133.1  
  1273.00        1272.97         74.36         73.4           0.768         0.773         0.795         0.796       133.1  
  1273.25        1273.12         75.72         75.7           0.761         0.777         0.811         0.834       133.2  
  1273.50        1273.43         96.20         75.0           0.750         0.752         0.763         0.748       133.2  
  1273.75        1273.73         72.35         76.0           0.727         0.700         0.705         0.682       133.2  
  1274.00        1274.04         80.94         75.1           0.720         0.687         0.692         0.652       133.2  
  1274.25        1274.34        101.24         80.8           0.722         0.712         0.731         0.723       133.2  
  1274.50        1274.47        113.95         80.6           0.736         0.730         0.733         0.715       133.2  
  1274.75        1274.65        130.77         81.1           0.748         0.731         0.741         0.718       133.3  
  1275.00        1274.95        121.48         86.8           0.764         0.752         0.775         0.759       133.3  
  1275.25        1275.26        111.55         90.5           0.784         0.778         0.807         0.816       133.3  
  1275.50        1275.56         88.87         88.4           0.803         0.798         0.821         0.806       133.3  
  1275.75        1275.72         78.73         87.8           0.814         0.816         0.830         0.815       133.3  
  1276.00        1275.87         69.79         83.9           0.816         0.798         0.808         0.788       133.4  
  1276.25        1276.17         79.49         81.3           0.830         0.786         0.788         0.738       133.4  
  1276.50        1276.48         81.74         86.4           0.844         0.815         0.813         0.778       133.4  
  1276.75        1276.78         64.71         82.4           0.854         0.873         0.909         0.974       133.4  
  1277.00        1277.09         55.90         89.5           0.865         0.877         0.909         0.919       133.4  
  1277.25        1277.22         53.16         80.1           0.863         0.816         0.823         0.778       133.4  
  1277.50        1277.39         49.85         84.3           0.865         0.813         0.820         0.774       133.5  
  1277.75        1277.70         40.92         85.2           0.884         0.860         0.876         0.867       133.5  
  1278.00        1278.00         41.03         90.9           0.912         0.895         0.905         0.887       133.5  
  1278.25        1278.30         39.12         96.8           0.931         0.911         0.931         0.925       133.6  
  1278.50        1278.47         43.00         98.3           0.947         0.927         0.940         0.926       133.6  
  1278.75        1278.61         46.13         93.5           0.963         0.943         0.956         0.945       133.7  
  1279.00        1278.91         47.11         96.2           0.975         0.959         0.972         0.964       133.7  
  1279.25        1279.22         37.96         98.6           0.988         0.963         0.968         0.928       133.7  
  1279.50        1279.52         34.87         93.4           0.996         0.954         0.955         0.912       133.8  
  1279.75        1279.83         33.26         95.4           1.002         0.961         0.975         0.954       133.8  
  1280.00        1279.97         29.86         95.5           1.013         0.985         0.978         0.941       133.9  
  1280.25        1280.13         26.10         96.8           1.021         0.997         1.005         0.988       133.9  
  1280.50        1280.44         21.92        100.7           1.027         1.009         1.017         1.000       134.0  
  1280.75        1280.74         18.13         98.5           1.028         1.020         1.016         1.003       134.0  
  1281.00        1281.05         20.47         94.2           1.028         0.989         0.999         0.987       134.1  
  1281.25        1281.22         18.73         94.2           1.031         0.984         0.981         0.945       134.1  
  1281.50        1281.35         17.44         98.0           1.026         0.991         0.995         0.990       134.2  
  1281.75        1281.66         17.81         96.6           1.027         0.999         0.995         0.977       134.2  
  1282.00        1281.96         26.67         92.4           1.030         0.992         0.998         0.967       134.3  
  1282.25        1282.27         31.85         95.9           1.031         0.996         1.004         0.980       134.3  
  1282.50        1282.57         35.74         86.2           1.031         0.996         1.004         0.987       134.4  
  1282.75        1282.72         37.68         97.8           1.035         0.999         1.002         0.977       134.4  
  1283.00        1282.88         39.64         92.8           1.036         1.001         1.004         0.977       134.5  
  1283.25        1283.18         34.88         93.6           1.038         1.006         1.001         0.965       134.5  
  1283.50        1283.49         33.95         98.5           1.038         1.007         1.000         0.965       134.6  
  1283.75        1283.79         29.48         93.5           1.037         1.015         1.015         1.016       134.7  
  1284.00        1284.09         26.95         94.0           1.037         1.018         1.027         1.029       134.7  
  1284.25        1284.22         25.23         94.7           1.035         1.007         1.017         0.993       134.8  
  1284.50        1284.40         22.83         93.7           1.025         0.984         1.001         0.976       134.8  
  1284.75        1284.70         19.50         93.7           1.015         0.968         0.977         0.946       134.9  
  1285.00        1285.01         21.23         94.2           1.010         0.960         0.961         0.919       134.9  
  1285.25        1285.31         22.74         93.2           1.006         0.953         0.947         0.896       135.0  
  1285.50        1285.47         22.56         92.8           1.009         0.978         0.946         0.951       135.1  
  1285.75        1285.62         22.40        100.3           1.046         1.021         0.978         0.993       135.1  
  1286.00        1285.92         22.93        100.3           1.125         1.060         1.046         1.022       135.2  
  1286.25        1286.23         19.65        100.2           1.156         1.126         1.069         1.052       135.2  
  1286.50        1286.53         18.79        103.3           1.241         1.171         1.113         1.084       135.3  
  1286.75        1286.84         18.72        103.1           1.481         1.331         1.240         1.117       135.4  
  1287.00        1286.97         17.69         91.7           1.859         1.654         1.611         1.406       135.5  
  1287.25        1287.14         16.39         61.6           2.379         2.203         2.861         2.364       135.5  
  1287.50        1287.45         16.34         45.4           3.021         3.709         4.666         6.657       135.6  
  1287.75        1287.75         16.80         25.7           4.797         5.832         9.453        14.030       135.6  
  1288.00        1288.06         27.88         31.0           7.550         9.403        12.319        16.700       135.6  
  1288.25        1288.22         27.52         38.1          11.904        19.231        15.762        10.559       135.7  
  1288.50        1288.36         27.21         33.1          23.677        28.519        49.372        44.712       135.7  
  1288.75        1288.67         25.25         25.2        2693.930       108.332       200.767       193.706       135.8  
  1289.00        1288.97         29.04         26.8        2437.428        69.133       229.015       126.264       135.8  
  1289.25        1289.27         26.78         25.5        2271.704        59.330       187.176       104.310       135.8  
  1289.50        1289.58         32.99         26.5          38.888        52.183        85.204        91.352       135.8  
  1289.75        1289.72         36.16         35.0          38.037        53.761        83.171        94.102       135.9  
  1290.00        1289.88         39.84         35.9          37.191        55.330        81.150        96.836       135.9  
  1290.25        1290.19         38.98         37.1          37.622        55.577        81.760        97.120       135.9  
  1290.50        1290.49         48.18         37.7          38.314        55.975        82.738        97.575       135.9  
  1290.75        1290.80         43.74         38.3          39.007        56.372        83.717        98.030       135.9  
  1291.00        1290.97         41.69         38.8          39.699        56.769        84.695        98.485       136.0  
  1291.25        1291.10         40.10         39.2          51.903        67.310       109.413       122.463       136.0  
  1291.50        1291.41         44.50         38.8         133.373       101.405       234.067       182.986       136.0  
  1291.75        1291.71         55.05         32.6       18402.873       845.304      1483.009       498.367       136.0  
  1292.00        1292.02         62.31         21.7       18402.873      2199.923     22233.373       577.428       136.1  
  1292.25        1292.32         47.26         16.4       18402.873      4633.180     59506.582       719.443       136.1  
  1292.50        1292.47         45.68         17.8       18402.873      7089.530     97133.547       862.805       136.1  
  1292.75        1292.63         44.01         19.8       18402.873      7089.530     97133.547      1181.956       136.1  
  1293.00        1292.93         59.01         20.4       18402.873      7089.530     97133.547      1465.489       136.1  
  1293.25        1293.24         77.23         21.5       18402.873      7089.530     97133.547      1814.570       136.1  
  1293.50        1293.54        103.54         21.4       18402.873      7089.530     97133.547      2140.549       136.1  
  1293.75        1293.72        118.49         19.8       18402.873      7089.530     97133.547      2613.349       136.2  
  1294.00        1293.85        129.02         17.4       18402.873      7089.530     97133.547      2722.643       136.2  
  1294.25        1294.15        123.39         16.1       18402.873      7089.530     97133.547      2912.972       136.2  
  1294.50        1294.45         96.47         17.3       18402.873      7089.530     97133.547      3060.052       136.2  
  1294.75        1294.76         71.23         18.7       18402.873      7089.530     97133.547      3137.713       136.2  
  1295.00        1295.06         67.22         18.8       18402.873      7089.530     97133.547      3194.837       136.2  
  1295.25        1295.22         55.84         18.9       18402.873      7089.530     97133.547      2935.664       136.3  
  1295.50        1295.37         44.82         17.4       18402.873      7089.530     97133.547      2995.159       136.3  
  1295.75        1295.67         42.96         15.4       18402.873      7089.530     97133.547      3060.052       136.3  
  1296.00        1295.98         43.01         19.1       18402.873      7089.530     97133.547      2935.664       136.3  
  1296.25        1296.28         38.57         18.7       18402.873      7089.530     97133.547      2865.781       136.4  
  1296.50        1296.59         35.56         18.3       18402.873      7089.530     97133.547      2712.717       136.4  
  1296.75        1296.72         35.49         18.1       18402.873      7089.530     97133.547      2613.349       136.4  
  1297.00        1296.89         35.38         18.0       18402.873      7089.530     97133.547      2353.726       136.5  
  1297.25        1297.22         24.85         16.0       18402.873      7089.530     97133.547      2315.897       136.3  
  1297.50        1297.50         15.69         17.1       18402.873      7089.530     97133.547      2140.549       135.8  
  1297.75        1297.72         16.39         16.7       18402.873      7089.530     97133.547      1961.828       135.8  
  1298.00        1297.97         17.21         15.2       18402.873      7089.530     97133.547      1764.167       135.8  
  1298.25        1298.22         18.03         13.6       18402.873      7089.530     97133.547      1434.887       135.8  
  1298.50        1298.47         18.84         19.6       18402.873      7089.530     97133.547      1370.694       135.8  
  1298.75        1298.72         19.66         17.1       18402.873      7089.530     97133.547      1298.545       135.8  
  1299.00        1298.97         20.48         18.0       18402.873      7089.530     97133.547       977.709       135.8  
  1299.25        1299.33         21.66         21.0       18402.873      7089.530     13146.526       703.908       135.8  
  1299.50        1299.47         18.88         19.1       18402.873      7089.530      5776.381       576.586       135.8  
  1299.75        1299.63         15.51         19.4       18402.873      7089.530      1268.954       455.313       135.6  
  1300.00        1299.94         10.41         20.1       18402.873      7089.530       862.343       362.809       135.6  
  1300.25        1300.24          6.04         19.6       18402.873      7089.530       449.338       250.302       135.6  
  1300.50        1300.55         52.51         23.2       18402.873      7089.530       283.462       176.817       135.6  
  1300.75        1300.72         87.85         34.2       18402.873      7089.530       184.901       135.329       135.6  
  1301.00        1300.85        116.47         35.6       18402.873       861.141       137.530        91.913       135.6  
  1301.25        1301.16        160.00         33.4       18402.873       308.424        89.655        71.305       135.6  
  1301.50        1301.46        180.44         40.8       18402.873       215.793        80.516        66.284       135.6  
  1301.75        1301.77        135.94         41.1       18402.873       129.388        74.098        67.004       135.6  
  1302.00        1302.07        104.38         39.4         238.898       100.228        66.452        61.812       135.7  
  1302.25        1302.22         97.04         37.9          72.700        57.515        50.716        49.047       135.7  
  1302.50        1302.38         88.90         37.4          47.149        46.576        46.232        52.345       135.7  
  1302.75        1302.68        119.72         42.5          38.297        38.039        40.943        51.287       135.7  
  1303.00        1302.99        142.48         40.6          30.185        33.296        33.187        48.050       135.7  
  1303.25        1303.29        165.75         42.2          24.069        22.139        26.365        35.159       135.7  
  1303.50        1303.47        160.58         43.1          21.450        18.562        22.130        28.107       135.7  
  1303.75        1303.60        156.75         41.9          17.773        14.204        16.943        19.918       135.7  
  1304.00        1303.90        142.93         50.0          16.001        11.508        13.402        12.656       135.7  
  1304.25        1304.20        138.90         55.0          13.844         8.596         8.968         7.046       135.7  
  1304.50        1304.51        144.81         69.0          13.038         7.534         6.443         4.134       135.7  
  1304.75        1304.81        152.68         62.8          12.413         7.768         6.659         5.167       135.7  
  1305.00        1304.97        140.06         46.0          11.415         8.121         9.046         9.148       135.7  
  1305.25        1305.12        127.25         47.2          11.281         9.293        10.718        11.760       135.7  
  1305.50        1305.42         87.20         45.6          11.222        10.295        10.986        11.405       135.7  
  1305.75        1305.73         90.55         48.3          10.764        11.109        11.783        12.477       135.8  
  1306.00        1306.03         78.76         45.7          10.102        11.539        12.672        15.333       135.8  
  1306.25        1306.34         96.10         45.4           8.997        12.331        11.527        13.274       135.8  
  1306.50        1306.46        103.19         46.1           8.227        10.978        11.081        13.799       135.8  
  1306.75        1306.64        113.09         45.3           7.687         9.845        10.551        14.124       135.8  
  1307.00        1306.95         91.05         46.4           6.985         8.087         9.101        12.329       135.8  
  1307.25        1307.25        103.21         51.5           6.518         6.607         7.494         9.107       135.8  
  1307.50        1307.56        120.26         57.0           5.542         4.159         6.145         5.808       135.9  
  1307.75        1307.71        118.62         81.1           4.514         3.185         2.830         2.139       135.9  
  1308.00        1307.86        117.10         84.4           4.385         3.137         2.603         2.077       135.9  
  1308.25        1308.17         65.12         88.6           4.265         3.093         2.391         2.019       135.9  
  1308.50        1308.47         46.35         50.8           4.749         4.794         3.413         8.501       135.9  
  1308.75        1308.77         51.10         45.5           5.288         7.047         6.661        13.101       135.9  
  1309.00        1309.08         57.99         41.4           5.579         7.839         7.643        14.524       136.0  
  1309.25        1309.21         67.67         39.3           6.150         9.390         9.568        17.312       136.0  
  1309.50        1309.38         80.01         42.1           6.735        11.523        11.595        19.705       136.0  
  1309.75        1309.69         70.24         43.7           6.855        10.797        11.959        18.581       136.0  
  1310.00        1309.99         54.42         42.1           6.993         9.961        12.378        17.288       136.1  
  1310.25        1310.30         32.41         46.8           6.517         7.603         9.720        12.106       136.2  
  1310.50        1310.46         39.22         48.6           6.272         6.626         8.544        10.393       136.2  
  1310.75        1310.60         45.00         50.8           6.026         5.645         7.363         8.673       136.3  
  1311.00        1310.91         69.98         62.2           5.184         3.408         4.851         3.328       136.3  
  1311.25        1311.21         43.16         75.9           5.311         3.376         3.802         2.369       136.4  
  1311.50        1311.52         29.86         91.1           5.417         3.348         2.929         1.572       136.4  
  1311.75        1311.82         22.50         71.4           5.610         4.208         3.176         5.928       136.7  
  1312.00        1311.96         19.41         40.1           6.037         6.649         6.744        14.438       136.8  
  1312.25        1312.13         15.81         33.0           7.963         9.690        12.169        22.754       136.9  
  1312.50        1312.43         10.90         34.2           9.638        15.816        16.739        41.600       136.9  
  1312.75        1312.74         33.93         36.0          11.459        19.104        22.828        49.192       137.0  
  1313.00        1313.04         27.92         32.9          12.976        32.736        27.681        61.246       137.0  
  1313.25        1313.21         31.38         31.0          19.831        47.848        43.283        63.375       137.1  
  1313.50        1313.34         34.06         41.7          25.148        56.852        52.872        63.176       137.1  
  1313.75        1313.65         38.81         29.5          30.721        59.422        56.604        56.997       137.2  
  1314.00        1313.95         43.56         30.4          31.918        56.065        53.890        50.185       137.2  
  1314.25        1314.26         47.87         35.4          30.459        53.046        51.092        48.599       137.2  
  1314.50        1314.56         61.48         30.6          29.097        50.230        48.481        47.120       137.3  
  1314.75        1314.71         51.39         31.6          23.874        42.773        42.098        40.633       137.3  
  1315.00        1314.87         40.64         33.0          16.888        31.816        33.668        34.229       137.3  
  1315.25        1315.17         32.85         30.8           9.963        18.959        22.995        28.149       137.3  
  1315.50        1315.48         29.21         30.0           7.971        15.364        18.811        24.671       137.3  
  1315.75        1315.78         56.81         33.3           5.286        11.247        12.136        20.147       137.4  
  1316.00        1315.96         76.44         31.0           3.670         7.230         7.995        14.615       137.4  
  1316.25        1316.09         90.35         32.9           2.197         3.560         3.912         6.868       137.4  
  1316.50        1316.39        119.92         35.3           1.553         1.856         2.033         2.537       137.4  
  1316.75        1316.70        128.39         31.5           1.166         1.269         1.211         1.242       137.4  
  1317.00        1317.00        125.95         27.6           0.808         0.750         0.730         0.717       137.5  
  1317.25        1317.31        124.84         34.2           0.620         0.598         0.576         0.562       137.5  
  1317.50        1317.46        125.70         33.7           0.573         0.564         0.563         0.556       137.5  
  1317.75        1317.61        126.55         39.9           0.552         0.548         0.545         0.533       137.5  
  1318.00        1317.91        125.16         40.1           0.556         0.553         0.546         0.533       137.5  
  1318.25        1318.22        128.13         40.9           0.559         0.557         0.550         0.537       137.6  
  1318.50        1318.52        128.24         40.2           0.562         0.560         0.553         0.538       137.6  
  1318.75        1318.83        134.96         37.6           0.562         0.560         0.553         0.537       137.6  
  1319.00        1318.96        133.19         38.4           0.562         0.559         0.553         0.536       137.6  
  1319.25        1319.13        130.82         38.8           0.562         0.558         0.553         0.538       137.6  
  1319.50        1319.44        127.83         38.1           0.562         0.557         0.553         0.539       137.6  
  1319.75        1319.74        122.78         37.2           0.559         0.557         0.552         0.540       137.6  
  1320.00        1320.05        116.97         34.9           0.552         0.549         0.548         0.539       137.6  
  1320.25        1320.21        114.96         38.8           0.553         0.547         0.542         0.525       137.7  
  1320.50        1320.35        113.16         38.5           0.560         0.553         0.551         0.537       137.7  
  1320.75        1320.66        106.55         39.9           0.570         0.562         0.556         0.535       137.7  
  1321.00        1320.96        102.40         49.6           0.584         0.591         0.592         0.601       137.7  
  1321.25        1321.27         85.41         45.1           0.609         0.603         0.608         0.587       137.7  
  1321.50        1321.57         86.95         43.2           0.632         0.638         0.646         0.618       137.7  
  1321.75        1321.71         88.07         69.7           0.645         0.689         0.726         0.747       137.7  
  1322.00        1321.87         89.43         50.0           0.644         0.679         0.701         0.673       137.7  
  1322.25        1322.18         99.89         32.2           0.624         0.608         0.613         0.574       137.7  
  1322.50        1322.48        100.61         27.7           0.599         0.588         0.599         0.596       137.8  
  1322.75        1322.79        100.67         30.9           0.590         0.593         0.599         0.592       137.8  
  1323.00        1322.96        100.43         30.6           0.581         0.591         0.589         0.574       137.8  
  1323.25        1323.09        100.24         33.3           0.574         0.578         0.580         0.571       137.8  
  1323.50        1323.40         71.79         26.5           0.565         0.567         0.576         0.576       137.8  
  1323.75        1323.70         68.67         30.2           0.563         0.563         0.571         0.564       137.8  
  1324.00        1324.01         54.13         28.8           0.562         0.568         0.570         0.563       137.8  
  1324.25        1324.31         45.34         29.8           0.564         0.561         0.566         0.552       137.9  
  1324.50        1324.46         43.38         25.5           0.566         0.569         0.575         0.563       137.9  
  1324.75        1324.62         41.19         31.0           0.571         0.575         0.584         0.577       137.9  
  1325.00        1324.92         40.91         32.2           0.576         0.581         0.589         0.581       138.0  
  1325.25        1325.23         36.53         30.0           0.580         0.584         0.593         0.583       138.0  
  1325.50        1325.53         39.54         27.6           0.585         0.604         0.602         0.562       138.1  
  1325.75        1325.70         34.12         27.9           0.588         0.623         0.613         0.572       138.1  
  1326.00        1325.95         26.37         26.1           0.589         0.622         0.611         0.568       138.1  
  1326.25        1326.20         18.62         26.1           0.589         0.603         0.606         0.576       138.1  
  1326.50        1326.44         11.19         25.4           0.589         0.597         0.600         0.581       138.0  
  1326.75        1326.70         39.14         25.8           0.588         0.593         0.600         0.580       138.0  
  1327.00        1326.95         65.97         24.4           0.585         0.608         0.595         0.549       138.0  
  1327.25        1327.20         92.80         25.9           0.584         0.608         0.592         0.544       138.0  
  1327.50        1327.45        119.63         25.8           0.588         0.586         0.590         0.573       138.0  
  1327.75        1327.66        142.04         25.6           0.589         0.590         0.598         0.596       138.0  
  1328.00        1327.97        133.20         28.5           0.597         0.600         0.601         0.578       137.9  
  1328.25        1328.27         90.60         28.9           0.611         0.617         0.617         0.581       137.7  
  1328.50        1328.58         48.50         29.1           0.622         0.648         0.664         0.646       137.7  
  1328.75        1328.70         31.06         33.6           0.635         0.681         0.673         0.690       137.8  
  1329.00        1328.88          6.57         39.5           0.649         0.634         0.619         0.567       137.9  
  1329.25        1329.18          5.66         33.1           0.655         0.627         0.678         0.628       138.0  
  1329.50        1329.49          9.23         16.3           0.674         0.676         0.738         0.769       138.1  
  1329.75        1329.79          9.31         17.3           0.687         0.678         0.778         0.839       138.1  
  1330.00        1329.95         10.82         19.2           0.690         0.679         0.791         0.884       138.3  
  1330.25        1330.10         12.23         17.3           0.688         0.670         0.750         0.772       138.3  
  1330.50        1330.40         12.13         15.5           0.681         0.650         0.683         0.624       138.5  
  1330.75        1330.71          6.69         15.0           0.669         0.643         0.680         0.632       138.6  
  1331.00        1331.01          9.28         14.8           0.656         0.639         0.701         0.734       138.7  
  1331.25        1331.32         17.84         13.9           0.647         0.635         0.703         0.744       138.7  
  1331.50        1331.45         20.73         21.3           0.634         0.634         0.667         0.664       138.8  
  1331.75        1331.62         24.44         18.1           0.630         0.624         0.627         0.580       138.8  
  1332.00        1331.92         18.09         15.7           0.616         0.599         0.615         0.589       138.8  
  1332.25        1332.23         22.18         14.4           0.604         0.593         0.614         0.613       138.9  
  1332.50        1332.53         29.56         15.6           0.600         0.583         0.607         0.601       138.9  
  1332.75        1332.70         33.19         15.6           0.600         0.585         0.617         0.628       139.0  
  1333.00        1332.84         36.30         20.2           0.602         0.595         0.619         0.613       139.0  
  1333.25        1333.14         38.49         28.8           0.607         0.612         0.621         0.600       139.0  
  1333.50        1333.45         35.23         17.4           0.600         0.582         0.618         0.627       139.0  
  1333.75        1333.75         33.52         13.4           0.594         0.566         0.606         0.611       139.1  
  1334.00        1334.06         35.32         13.4           0.591         0.562         0.600         0.583       139.1  
  1334.25        1334.20         33.87         13.5           0.586         0.561         0.593         0.529       139.1  
  1334.50        1334.36         32.17         13.3           0.602         0.574         0.598         0.533       139.1  
  1334.75        1334.66         31.14         14.7           0.618         0.617         0.654         0.648       139.2  
  1335.00        1334.97         34.49         22.5           0.628         0.654         0.709         0.752       139.2  
  1335.25        1335.27         33.71         34.4           0.629         0.623         0.675         0.650       139.2  
  1335.50        1335.44         33.15         40.6           0.623         0.646         0.623         0.509       139.2  
  1335.75        1335.58         32.71         48.4           0.608         0.655         0.616         0.519       139.3  
  1336.00        1335.88         27.85         42.0           0.607         0.622         0.600         0.535       139.3  
  1336.25        1336.19         27.89         32.6           0.604         0.574         0.589         0.544       139.4  
  1336.50        1336.49         27.67         23.6           0.609         0.612         0.667         0.690       139.4  
  1336.75        1336.80         23.34         20.1           0.612         0.630         0.690         0.733       139.4  
  1337.00        1336.94         24.06         26.5           0.614         0.632         0.676         0.684       139.4  
  1337.25        1337.10         24.83         27.1           0.614         0.617         0.625         0.573       139.5  
  1337.50        1337.40         28.29         24.3           0.605         0.586         0.603         0.574       139.5  
  1337.75        1337.71         31.30         38.0           0.610         0.617         0.597         0.560       139.6  
  1338.00        1338.01         34.17         31.9           0.609         0.612         0.611         0.586       139.6  
  1338.25        1338.19         28.46         25.9           0.605         0.597         0.630         0.635       139.6  
  1338.50        1338.32         24.38         23.7           0.600         0.603         0.637         0.646       139.7  
  1338.75        1338.62         17.32         22.6           0.595         0.599         0.634         0.651       139.7  
  1339.00        1338.93          6.56         23.0           0.593         0.600         0.615         0.601       139.7  
  1339.25        1339.23         10.81         26.7           0.591         0.596         0.605         0.590       139.8  
  1339.50        1339.53         15.37         27.9           0.582         0.575         0.597         0.562       139.9  
  1339.75        1339.69         14.38         28.5           0.566         0.558         0.585         0.589       139.9  
  1340.00        1339.84         13.40         32.0           0.566         0.562         0.577         0.574       140.0  
  1340.25        1340.14         12.86         36.3           0.566         0.566         0.562         0.542       140.0  
  1340.50        1340.45         13.67         34.5           0.562         0.567         0.562         0.539       140.1  
  1340.75        1340.75         16.39         36.0           0.557         0.567         0.560         0.530       140.2  
  1341.00        1341.06         20.71         36.6           0.553         0.549         0.560         0.548       140.2  
  1341.25        1341.19         18.53         35.2           0.555         0.560         0.555         0.535       140.2  
  1341.50        1341.36         15.59         44.9           0.561         0.577         0.565         0.534       140.2  
  1341.75        1341.66         15.52         55.3           0.560         0.585         0.586         0.564       140.3  
  1342.00        1341.97         14.21         54.5           0.558         0.564         0.563         0.537       140.3  
  1342.25        1342.27         10.54         44.3           0.557         0.552         0.546         0.511       140.4  
  1342.50        1342.43          9.09         38.9           0.563         0.566         0.568         0.513       140.5  
  1342.75        1342.58          7.79         49.9           0.574         0.599         0.610         0.579       140.6  
  1343.00        1342.88          5.28         52.1           0.575         0.593         0.586         0.540       140.7  
  1343.25        1343.19          5.81         40.1           0.567         0.588         0.573         0.525       140.7  
  1343.50        1343.49          5.79         36.0           0.563         0.568         0.574         0.548       140.8  
  1343.75        1343.79          8.63         38.8           0.558         0.560         0.575         0.555       140.8  
  1344.00        1343.93          9.23         37.4           0.556         0.569         0.557         0.493       140.9  
  1344.25        1344.10          9.96         36.0           0.549         0.553         0.559         0.537       140.9  
  1344.50        1344.40          7.74         37.1           0.556         0.553         0.561         0.555       141.1  
  1344.75        1344.71          7.36         34.1           0.560         0.564         0.572         0.548       141.1  
  1345.00        1345.01          4.90         33.6           0.558         0.583         0.570         0.563       141.2  
  1345.25        1345.18          4.68         29.0           0.552         0.536         0.577         0.612       141.4  
  1345.50        1345.32          4.50         27.9           0.560         0.560         0.555         0.568       141.5  
  1345.75        1345.62          4.55         35.8           0.560         0.557         0.565         0.538       141.5  
  1346.00        1345.92          5.88         38.5           0.568         0.564         0.584         0.561       141.5  
  1346.25        1346.23          5.61         47.9           0.582         0.593         0.580         0.554       141.6  
  1346.50        1346.53          5.72         52.6           0.585         0.582         0.586         0.549       141.7  
  1346.75        1346.68          6.71         49.5           0.563         0.570         0.568         0.539       141.7  
  1347.00        1346.84          7.82         56.4           0.564         0.578         0.567         0.526       141.8  
  1347.25        1347.14          8.34         55.6           0.565         0.587         0.565         0.513       141.8  
  1347.50        1347.44          8.81         54.9           0.567         0.595         0.564         0.500       141.8  
  1347.75        1347.75         12.97         54.1           0.568         0.604         0.563         0.487       141.8  
  1348.00        1347.92         47.84         53.3           0.569         0.612         0.561         0.474       141.8  
  1348.25        1348.05         73.92         52.6           0.573         0.612         0.571         0.491       141.9  
  1348.50        1348.36         16.69         51.5           0.577         0.609         0.584         0.522       141.9  
  1348.75        1348.66         16.88         50.5           0.578         0.615         0.586         0.524       141.9  
  1349.00        1348.96         12.68         48.5           0.579         0.632         0.590         0.516       142.0  
  1349.25        1349.27         11.00         48.0           0.588         0.631         0.605         0.546       142.0  
  1349.50        1349.42         11.04         39.6           0.595         0.617         0.590         0.511       142.0  
  1349.75        1349.57         11.09         39.2           0.610         0.619         0.599         0.538       142.0  
  1350.00        1349.88          9.09         48.7           0.630         0.652         0.648         0.588       142.1  
  1350.25        1350.18         11.76         76.5           0.653         0.715         0.708         0.672       142.1  
  1350.50        1350.48          9.75         67.5           0.665         0.708         0.720         0.703       142.1  
  1350.75        1350.79         10.78         69.0           0.668         0.680         0.681         0.591       142.2  
  1351.00        1350.91         10.55         85.2           0.660         0.717         0.725         0.698       142.2  
  1351.25        1351.09         10.23         64.0           0.646         0.709         0.716         0.700       142.2  
  1351.50        1351.40          9.61         52.3           0.622         0.640         0.650         0.597       142.3  
  1351.75        1351.70          7.43         40.7           0.570         0.594         0.559         0.465       142.3  
  1352.00        1352.00          5.84         28.1           0.550         0.572         0.540         0.466       142.4  
  1352.25        1352.16          6.11         28.9           0.539         0.562         0.536         0.471       142.5  
  1352.50        1352.31          6.38         25.9           0.534         0.576         0.535         0.454       142.5  
  1352.75        1352.61          9.28         25.7           0.534         0.581         0.544         0.458       142.5  
  1353.00        1352.92         14.60         25.8           0.535         0.565         0.564         0.502       142.5  
  1353.25        1353.22         29.86         26.7           0.537         0.542         0.570         0.533       142.5  
  1353.50        1353.52         34.88         25.6           0.540         0.573         0.553         0.458       142.5  
  1353.75        1353.66         42.55         23.8           0.546         0.573         0.552         0.485       142.5  
  1354.00        1353.83         52.42         26.8           0.551         0.569         0.556         0.508       142.5  
  1354.25        1354.13         62.63         24.5           0.558         0.566         0.570         0.548       142.6  
  1354.50        1354.43         59.17         23.7           0.560         0.576         0.576         0.539       142.6  
  1354.75        1354.65         57.15         23.1           0.564         0.582         0.574         0.513       142.5  
  1355.00        1354.90         54.85         23.3           0.568         0.580         0.581         0.553       142.5  
  1355.25        1355.15         52.54         24.5           0.576         0.587         0.593         0.565       142.5  
  1355.50        1355.40         50.23         23.3           0.583         0.593         0.599         0.567       142.4  
  1355.75        1355.65         47.92         24.0           0.590         0.606         0.608         0.588       142.4  
  1356.00        1355.90         45.61         22.4           0.596         0.604         0.609         0.592       142.3  
  1356.25        1356.26         42.29         23.2           0.601         0.606         0.613         0.602       142.3  
  1356.50        1356.40         42.29         23.5           0.602         0.607         0.617         0.612       141.8  
  1356.75        1356.56         42.29         24.6           0.607         0.614         0.624         0.613       141.2  
  1357.00        1356.89         26.53         22.7           0.612         0.615         0.626         0.621       141.2  
  1357.25        1357.17         13.62         22.6           0.616         0.617         0.632         0.632       141.3  
  1357.50        1357.47         13.41         22.3           0.623         0.626         0.650         0.654       141.5  
  1357.75        1357.64         11.34         21.1           0.627         0.637         0.664         0.687       141.6  
  1358.00        1357.77          9.71         24.6           0.627         0.635         0.658         0.671       141.7  
  1358.25        1358.08         13.10         22.9           0.628         0.631         0.640         0.625       141.8  
  1358.50        1358.38         15.22         23.1           0.621         0.615         0.649         0.666       141.8  
  1358.75        1358.69         16.45         22.5           0.624         0.622         0.639         0.649       141.9  
  1359.00        1358.99         14.97         23.2           0.624         0.623         0.626         0.610       142.1  
  1359.25        1359.13         14.32         23.1           0.621         0.619         0.618         0.594       142.1  
  1359.50        1359.29         13.62         24.3           0.620         0.616         0.642         0.648       142.2  
  1359.75        1359.60         15.03         24.8           0.629         0.636         0.656         0.649       142.3  
  1360.00        1359.90         15.82         36.5           0.629         0.665         0.690         0.701       142.4  
  1360.25        1360.20         15.52         63.5           0.609         0.649         0.659         0.649       142.4  
  1360.50        1360.38         16.24         34.2           0.577         0.546         0.562         0.530       142.5  
  1360.75        1360.51         16.76         26.2           0.561         0.542         0.543         0.519       142.6  
  1361.00        1360.81         16.03         29.9           0.552         0.557         0.565         0.560       142.7  
  1361.25        1361.11         15.46         38.0           0.548         0.567         0.552         0.551       142.7  
  1361.50        1361.42         16.25         31.2           0.537         0.543         0.525         0.502       142.8  
  1361.75        1361.72         17.24         31.6           0.536         0.547         0.529         0.492       142.8  
  1362.00        1361.87         18.60         36.0           0.532         0.551         0.540         0.532       142.9  
  1362.25        1362.02         19.94         32.6           0.549         0.548         0.554         0.537       142.9  
  1362.50        1362.33         22.12         39.7           0.559         0.578         0.564         0.551       142.9  
  1362.75        1362.63         19.53         29.6           0.568         0.572         0.564         0.533       143.0  
  1363.00        1362.93         20.24         24.4           0.579         0.569         0.579         0.571       143.0  
  1363.25        1363.24         20.98         33.8           0.594         0.581         0.590         0.578       143.1  
  1363.50        1363.36         20.33         52.7           0.629         0.620         0.637         0.606       143.1  
  1363.75        1363.54         19.46         59.3           0.650         0.721         0.675         0.592       143.1  
  1364.00        1363.84         20.51         85.7           0.673         0.783         0.772         0.784       143.2  
  1364.25        1364.15         20.27         76.8           0.673         0.771         0.779         0.766       143.2  
  1364.50        1364.45         24.00         49.4           0.645         0.649         0.662         0.603       143.2  
  1364.75        1364.61         22.34         30.4           0.612         0.581         0.604         0.605       143.3  
  1365.00        1364.75         20.84         30.7           0.610         0.594         0.597         0.573       143.3  
  1365.25        1365.05         22.10         51.4           0.607         0.627         0.628         0.626       143.3  
  1365.50        1365.36         18.28         51.0           0.602         0.633         0.625         0.615       143.3  
  1365.75        1365.66         20.02         34.8           0.589         0.582         0.574         0.551       143.4  
  1366.00        1365.96         20.88         26.4           0.585         0.577         0.595         0.572       143.4  
  1366.25        1366.10         22.68         20.8           0.588         0.599         0.613         0.605       143.4  
  1366.50        1366.27         24.90         22.5           0.588         0.599         0.612         0.612       143.4  
  1366.75        1366.57         35.23         22.3           0.584         0.586         0.597         0.588       143.5  
  1367.00        1366.87         20.64         22.7           0.586         0.583         0.596         0.586       143.5  
  1367.25        1367.18         19.27         23.5           0.587         0.587         0.599         0.588       143.5  
  1367.50        1367.34         21.01         39.6           0.593         0.601         0.581         0.566       143.6  
  1367.75        1367.48         22.44         35.1           0.599         0.579         0.573         0.535       143.6  
  1368.00        1367.78         20.80         33.6           0.629         0.592         0.611         0.558       143.6  
  1368.25        1368.08         21.07         47.2           0.669         0.679         0.696         0.696       143.6  
  1368.50        1368.39         21.08         55.5           0.709         0.732         0.757         0.760       143.7  
  1368.75        1368.69         22.89         73.0           0.740         0.760         0.788         0.789       143.7  
  1369.00        1368.83         22.76         77.6           0.776         0.769         0.777         0.715       143.7  
  1369.25        1368.99         22.62         88.0           0.797         0.811         0.841         0.842       143.7  
  1369.50        1369.30         23.76         82.6           0.819         0.866         0.912         0.931       143.6  
  1369.75        1369.60         24.47         85.2           0.804         0.834         0.877         0.858       143.6  
  1370.00        1369.90         21.46         78.2           0.764         0.747         0.820         0.767       143.5  
  1370.25        1370.07         24.18         57.8           0.714         0.701         0.707         0.677       143.5  
  1370.50        1370.20         26.22         57.9           0.684         0.676         0.683         0.657       143.4  
  1370.75        1370.51         30.06         45.7           0.666         0.658         0.668         0.664       143.4  
  1371.00        1370.81         27.59         28.2           0.657         0.646         0.661         0.668       143.3  
  1371.25        1371.11         22.38         26.2           0.657         0.629         0.656         0.657       143.2  
  1371.50        1371.41         21.89         25.2           0.669         0.638         0.669         0.649       143.3  
  1371.75        1371.56         21.88         24.9           0.692         0.675         0.702         0.700       143.3  
  1372.00        1371.72         21.86         28.6           0.718         0.715         0.747         0.767       143.3  
  1372.25        1372.02         20.78         56.2           0.755         0.751         0.763         0.737       143.3  
  1372.50        1372.32         21.67         77.4           0.782         0.776         0.786         0.752       143.3  
  1372.75        1372.62         23.44         92.0           0.823         0.844         0.928         0.865       143.3  
  1373.00        1372.93         28.71         88.7           0.825         0.836         0.896         0.848       143.3  
  1373.25        1373.05         26.70         67.0           0.829         0.810         0.827         0.792       143.3  
  1373.50        1373.23         23.85         67.7           0.824         0.784         0.789         0.763       143.3  
  1373.75        1373.53         22.41         67.9           0.838         0.843         0.847         0.851       143.4  
  1374.00        1373.83         27.86         73.6           0.860         0.806         0.820         0.773       143.4  
  1374.25        1374.14         36.29         68.0           0.885         0.844         0.868         0.810       143.4  
  1374.50        1374.29         40.17         95.7           0.902         0.967         1.019         1.121       143.4  
  1374.75        1374.44         43.83         88.4           0.886         0.867         0.882         0.863       143.4  
  1375.00        1374.74         42.60         71.9           0.852         0.840         0.860         0.850       143.5  
  1375.25        1375.04         48.60         74.5           0.800         0.798         0.821         0.821       143.5  
  1375.50        1375.35         29.53         68.6           0.855         0.837         0.857         0.848       143.5  
  1375.75        1375.65         33.26         71.4           0.856         0.835         0.857         0.847       143.5  
  1376.00        1375.78         37.61         72.5           0.856         0.834         0.856         0.848       143.5  
  1376.25        1375.95         43.26         71.2           0.855         0.836         0.860         0.848       143.6  
  1376.50        1376.25         47.22         70.9           0.853         0.837         0.862         0.848       143.6  
  1376.75        1376.55         42.24         70.6           0.850         0.840         0.866         0.858       143.6  
  1377.00        1376.86         37.06         70.3           0.838         0.853         0.869         0.879       143.6  
  1377.25        1377.02         34.68         64.7           0.818         0.836         0.856         0.889       143.6  
  1377.50        1377.16         32.62         64.3           0.789         0.723         0.702         0.708       143.9  
  1377.75        1377.46         24.05         68.0           0.777         0.754         0.747         0.681       143.9  
  1378.00        1377.76         31.98         80.1           0.766         0.812         0.868         0.914       143.9  
  1378.25        1378.07         37.10         80.7           0.720         0.806         0.747         0.959       143.9  
  1378.50        1378.37         31.12         61.0           0.697         0.719         0.666         0.753       144.0  
  1378.75        1378.51         31.20         42.7           0.668         0.618         0.583         0.547       144.0  
  1379.00        1378.67         31.29         42.5           0.658         0.596         0.598         0.552       144.0  
  1379.25        1378.97         27.24         55.9           0.695         0.707         0.738         0.672       144.0  
  1379.50        1379.27         26.77         68.4           0.708         0.808         0.877         0.992       144.1  
  1379.75        1379.58         24.06         66.5           0.714         0.802         0.872         0.979       144.2  
  1380.00        1379.74         23.23         50.7           0.667         0.689         0.691         0.713       144.3  
  1380.25        1379.88         22.59         47.8           0.620         0.607         0.614         0.606       144.3  
  1380.50        1380.18         20.63         35.7           0.611         0.607         0.613         0.600       144.3  
  1380.75        1380.48         19.10         37.1           0.609         0.601         0.604         0.590       144.3  
  1381.00        1380.78         17.96         35.2           0.605         0.593         0.596         0.578       144.3  
  1381.25        1381.09         22.32         36.4           0.602         0.593         0.595         0.586       144.4  
  1381.50        1381.23         23.24         39.2           0.601         0.606         0.611         0.613       144.4  
  1381.75        1381.39         24.23         46.3           0.606         0.612         0.621         0.619       144.4  
  1382.00        1381.69         25.04         43.6           0.607         0.608         0.625         0.617       144.4  
  1382.25        1381.99         30.90         41.1           0.611         0.612         0.626         0.623       144.4  
  1382.50        1382.29         30.43         36.8           0.612         0.609         0.633         0.631       144.5  
  1382.75        1382.47         30.24         38.6           0.615         0.613         0.630         0.621       144.5  
  1383.00        1382.59         30.10         39.6           0.617         0.617         0.625         0.604       144.5  
  1383.25        1382.90         29.34         43.2           0.618         0.620         0.624         0.597       144.5  
  1383.50        1383.20         25.04         44.2           0.616         0.631         0.634         0.623       144.6  
  1383.75        1383.46         30.62         45.7           0.611         0.628         0.618         0.632       144.2  
  1384.00        1383.71         35.92         47.9           0.606         0.612         0.608         0.598       143.8  
  1384.25        1383.95         41.23         48.3           0.608         0.600         0.598         0.587       143.4  
  1384.50        1384.20         46.53         51.0           0.627         0.603         0.605         0.550       142.9  
  1384.75        1384.45         51.84         56.5           0.634         0.650         0.684         0.692       142.5  
  1385.00        1384.71         57.38         47.1           0.647         0.669         0.702         0.725       141.8  
  1385.25        1385.01         48.05         39.1           0.659         0.648         0.648         0.621       141.8  
  1385.50        1385.31         30.51         39.8           0.674         0.656         0.664         0.615       141.8  
  1385.75        1385.44         25.11         49.7           0.701         0.674         0.734         0.699       141.8  
  1386.00        1385.61         17.77         61.0           0.755         0.757         0.811         0.838       141.9  
  1386.25        1385.91         10.50         60.1           0.813         0.842         0.838         0.810       141.9  
  1386.50        1386.21         20.40         58.3           0.837         0.862         0.872         0.879       141.9  
  1386.75        1386.52         40.69         79.7           0.880         0.918         1.009         1.074       141.9  
  1387.00        1386.67         45.93         91.9           0.920         0.989         1.038         1.118       141.9  
  1387.25        1386.82         50.68         97.7           0.932         0.973         1.040         1.093       142.0  
  1387.50        1387.12         46.01         81.8           0.927         0.952         0.970         0.970       142.0  
  1387.75        1387.42         45.15         80.4           0.890         0.868         0.881         0.881       142.1  
  1388.00        1387.72         39.23         79.8           0.870         0.789         0.826         0.797       142.1  
  1388.25        1388.02         43.06         65.5           0.910         0.836         0.782         0.780       142.1  
  1388.50        1388.16         45.69         88.8           0.936         0.971         1.011         1.139       142.2  
  1388.75        1388.32         48.96         94.2           0.995         1.001         1.009         0.925       142.2  
  1389.00        1388.63         56.31         99.2           1.031         0.989         0.993         0.975       142.2  
  1389.25        1388.93         52.68         98.9           1.048         1.053         1.057         1.103       142.3  
  1389.50        1389.23         50.96         96.9           1.078         1.109         1.120         1.142       142.3  
  1389.75        1389.39         47.82         97.6           1.098         1.112         1.136         1.119       142.3  
  1390.00        1389.53         45.22         90.6           1.074         1.071         1.118         1.090       142.3  
  1390.25        1389.83         41.96         96.1           1.046         1.089         1.144         1.173       142.4  
  1390.50        1390.13         40.64         91.0           0.990         1.092         1.140         1.192       142.4  
  1390.75        1390.43         37.49         94.6           0.911         1.039         1.096         1.210       142.5  
  1391.00        1390.73         39.52         89.7           0.788         0.884         0.872         1.052       142.5  
  1391.25        1390.88         39.05         73.7           0.674         0.649         0.606         0.559       142.6  
  1391.50        1391.04         38.52         57.1           0.601         0.581         0.557         0.533       142.6  
  1391.75        1391.34         39.18         51.2           0.564         0.559         0.540         0.526       142.7  
  1392.00        1391.64         45.14         47.1           0.554         0.551         0.538         0.523       142.7  
  1392.25        1391.94         61.81         40.0           0.539         0.541         0.538         0.527       142.7  
  1392.50        1392.11         62.13         33.2           0.532         0.541         0.536         0.526       142.8  
  1392.75        1392.24         62.37         29.2           0.528         0.541         0.532         0.517       142.8  
  1393.00        1392.54         60.66         31.3           0.526         0.538         0.533         0.520       142.9  
  1393.25        1392.84         52.39         31.6           0.524         0.535         0.530         0.514       142.9  
  1393.50        1393.14         53.51         30.5           0.524         0.534         0.530         0.513       143.0  
  1393.75        1393.44         46.92         32.6           0.527         0.539         0.538         0.528       143.0  
  1394.00        1393.59         44.17         31.8           0.529         0.542         0.539         0.526       143.1  
  1394.25        1393.75         41.31         31.7           0.531         0.539         0.544         0.536       143.1  
  1394.50        1394.05         43.91         32.7           0.531         0.542         0.542         0.529       143.2  
  1394.75        1394.35         45.41         32.9           0.529         0.540         0.537         0.524       143.2  
  1395.00        1394.65         50.52         35.2           0.528         0.540         0.535         0.520       143.3  
  1395.25        1394.95         48.22         35.7           0.528         0.535         0.530         0.514       143.3  
  1395.50        1395.07         46.42         33.1           0.532         0.533         0.532         0.521       143.4  
  1395.75        1395.25         43.86         31.2           0.537         0.538         0.536         0.520       143.4  
  1396.00        1395.55         41.99         30.1           0.545         0.541         0.546         0.535       143.5  
  1396.25        1395.85         39.44         27.0           0.557         0.556         0.558         0.539       143.5  
  1396.50        1396.15         41.04         22.2           0.570         0.567         0.576         0.562       143.5  
  1396.75        1396.31         42.05         20.9           0.582         0.589         0.606         0.600       143.6  
  1397.00        1396.45         43.01         18.9           0.596         0.614         0.631         0.635       143.6  
  1397.25        1396.75         53.63         18.4           0.601         0.609         0.631         0.638       143.7  
  1397.50        1397.05         51.13         18.5           0.606         0.613         0.640         0.635       143.7  
  1397.75        1397.36         46.99         20.0           0.595         0.627         0.614         0.648       143.7  
  1398.00        1397.66         44.67         20.8           0.595         0.598         0.610         0.607       143.8  
  1398.25        1397.79         44.50         15.3           0.587         0.583         0.585         0.577       143.8  
  1398.50        1397.96         44.28         12.2           0.570         0.540         0.559         0.538       143.9  
  1398.75        1398.26         42.73         16.3           0.580         0.558         0.551         0.524       143.9  
  1399.00        1398.56         41.23         21.6           0.600         0.633         0.605         0.653       143.9  
  1399.25        1398.86         45.52         22.0           0.623         0.680         0.713         0.754       144.0  
  1399.50        1399.02         44.18         20.1           0.613         0.622         0.671         0.663       144.0  
  1399.75        1399.16         43.02         16.4           0.599         0.581         0.588         0.572       144.1  
  1400.00        1399.46         47.33         17.0           0.580         0.594         0.601         0.618       144.1  
  1400.25        1399.76         52.41         14.6           0.575         0.595         0.610         0.624       144.1  
  1400.50        1400.06         51.60         18.2           0.558         0.548         0.564         0.558       144.2  
  1400.75        1400.36         47.90         21.5           0.545         0.542         0.542         0.526       144.2  
  1401.00        1400.50         44.38         27.1           0.544         0.549         0.548         0.538       144.2  
  1401.25        1400.66         40.20         30.9           0.545         0.556         0.553         0.541       144.3  
  1401.50        1400.96         43.65         22.8           0.549         0.557         0.556         0.536       144.3  
  1401.75        1401.26         41.25         19.6           0.549         0.541         0.560         0.560       144.4  
  1402.00        1401.56         33.20         16.1           0.557         0.561         0.578         0.561       144.4  
  1402.25        1401.73         35.71         14.5           0.559         0.565         0.582         0.578       144.4  
  1402.50        1401.86         37.71         16.1           0.557         0.552         0.573         0.579       144.5  
  1402.75        1402.16         50.30         24.1           0.563         0.563         0.560         0.542       144.5  
  1403.00        1402.46         53.50         27.2           0.568         0.588         0.598         0.580       144.6  
  1403.25        1402.76         32.67         20.5           0.571         0.575         0.590         0.561       144.6  
  1403.50        1403.06         27.76         26.9           0.569         0.568         0.581         0.557       144.7  
  1403.75        1403.21         30.29         53.7           0.580         0.581         0.583         0.570       144.7  
  1404.00        1403.36         33.05         53.4           0.585         0.609         0.627         0.637       144.7  
  1404.25        1403.66         40.47         25.9           0.591         0.611         0.644         0.635       144.8  
  1404.50        1403.96         41.65         19.7           0.590         0.606         0.637         0.628       144.8  
  1404.75        1404.26         38.59         19.4           0.589         0.602         0.630         0.621       144.8  
  1405.00        1404.44         40.95         21.1           0.588         0.598         0.623         0.613       144.8  
  1405.25        1404.56         42.66         22.8           0.587         0.594         0.616         0.606       144.9  
  1405.50        1404.86         46.48         24.6           0.586         0.590         0.609         0.599       144.9  
  1405.75        1405.16         48.84         26.3           0.586         0.595         0.618         0.621       144.9  
  1406.00        1405.46         63.70         25.1           0.588         0.617         0.641         0.672       144.9  
  1406.25        1405.76         79.62         20.8           0.588         0.625         0.648         0.685       145.0  
  1406.50        1405.91         67.06         18.0           0.581         0.609         0.623         0.647       145.0  
  1406.75        1406.06         54.57         17.1           0.579         0.565         0.556         0.521       145.0  
  1407.00        1406.36         41.74         23.2           0.607         0.589         0.582         0.542       145.0  
  1407.25        1406.66         34.89         30.0           0.638         0.646         0.654         0.649       145.1  
  1407.50        1406.96         41.68         31.7           0.684         0.708         0.732         0.738       145.1  
  1407.75        1407.26         61.23         26.1           0.710         0.743         0.766         0.757       145.1  
  1408.00        1407.39         64.98         20.6           0.733         0.760         0.804         0.799       145.1  
  1408.25        1407.56         70.11         19.2           0.740         0.753         0.809         0.855       145.2  
  1408.50        1407.86         59.82         20.8           0.731         0.762         0.817         0.830       145.2  
  1408.75        1408.16         49.14         19.6           0.702         0.722         0.774         0.794       145.2  
  1409.00        1408.46         40.53         40.9           0.674         0.650         0.669         0.594       145.2  
  1409.25        1408.62         35.82         60.7           0.645         0.612         0.601         0.565       145.3  
  1409.50        1408.76         31.54         64.0           0.638         0.615         0.607         0.567       145.4  
  1409.75        1409.06         18.48         35.9           0.642         0.633         0.645         0.679       145.5  
  1410.00        1409.36         10.04         29.1           0.660         0.638         0.645         0.622       145.6  
  1410.25        1409.66         12.23         35.8           0.689         0.673         0.657         0.576       145.6  
  1410.50        1409.96         14.86         33.8           0.735         0.754         0.753         0.676       145.6  
  1410.75        1410.09         17.75         25.9           0.784         0.838         0.900         0.908       145.7  
  1411.00        1410.26         21.35         24.5           0.795         0.864         0.923         0.995       145.7  
  1411.25        1410.56         29.44         32.1           0.789         0.834         0.869         0.881       145.7  
  1411.50        1410.86         28.79         32.1           0.754         0.810         0.806         0.785       145.7  
  1411.75        1411.16         23.05         21.6           0.714         0.733         0.728         0.768       145.8  
  1412.00        1411.32         22.11         18.4           0.677         0.666         0.657         0.661       145.8  
  1412.25        1411.46         21.32         17.9           0.650         0.629         0.638         0.599       145.7  
  1412.50        1411.81         19.78         16.4           0.632         0.640         0.646         0.579       145.6  
  1412.75        1412.06         18.72         16.4           0.622         0.616         0.638         0.624       145.5  
  1413.00        1412.30         17.66         17.4           0.604         0.606         0.603         0.512       145.5  
  1413.25        1412.55         16.59         20.1           0.598         0.609         0.599         0.489       145.4  
  1413.50        1412.79         15.53         19.5           0.598         0.602         0.604         0.540       145.3  
  1413.75        1413.04         14.47         20.8           0.602         0.596         0.608         0.557       145.2  
  1414.00        1413.28         13.41         16.1           0.611         0.605         0.619         0.584       145.2  
  1414.25        1413.53         12.35         16.6           0.620         0.610         0.640         0.621       145.1  
  1414.50        1413.77         11.29         17.5           0.638         0.627         0.674         0.679       145.1  
  1414.75        1414.02         10.22         17.5           0.659         0.648         0.690         0.686       145.0  
  1415.00        1414.15          9.67         18.3           0.683         0.657         0.705         0.690       144.9  
  1415.25        1414.45         11.06         18.2           0.699         0.694         0.733         0.733       144.9  
  1415.50        1414.75         15.29         19.0           0.720         0.722         0.762         0.774       144.9  
  1415.75        1415.05         21.66         20.0           0.740         0.736         0.797         0.782       144.9  
  1416.00        1415.34         25.30         20.1           0.742         0.763         0.796         0.830       144.9  
  1416.25        1415.49         27.56         21.4           0.740         0.750         0.746         0.758       144.9  
  1416.50        1415.64         29.92         17.9           0.734         0.723         0.724         0.674       144.9  
  1416.75        1415.94         36.57         15.6           0.720         0.710         0.751         0.761       144.9  
  1417.00        1416.24         40.09         16.3           0.710         0.696         0.734         0.700       144.9  
  1417.25        1416.54         42.38         15.2           0.705         0.687         0.736         0.620       144.9  
  1417.50        1416.84         48.70         18.2           0.700         0.713         0.759         0.707       145.0  
  1417.75        1416.96         48.81         20.1           0.694         0.718         0.760         0.689       145.0  
  1418.00        1417.14         48.95         20.7           0.681         0.698         0.732         0.640       145.0  
  1418.25        1417.44         48.12         21.9           0.654         0.672         0.679         0.605       145.1  
  1418.50        1417.73         43.29         21.0           0.639         0.653         0.646         0.560       145.1  
  1418.75        1418.03         36.82         24.3           0.621         0.631         0.634         0.582       145.1  
  1419.00        1418.19         36.55         25.2           0.615         0.619         0.617         0.589       145.1  
  1419.25        1418.33         36.30         27.2           0.606         0.618         0.610         0.563       145.2  
  1419.50        1418.63         36.12         26.3           0.600         0.627         0.614         0.559       145.2  
  1419.75        1418.93         35.64         27.2           0.593         0.641         0.619         0.541       145.2  
  1420.00        1419.23         36.58         31.1           0.593         0.636         0.610         0.542       145.3  
  1420.25        1419.53         36.89         37.9           0.588         0.647         0.604         0.508       145.3  
  1420.50        1419.66         36.64         40.2           0.595         0.605         0.593         0.548       145.3  
  1420.75        1419.82         36.30         38.5           0.601         0.593         0.611         0.536       145.4  
  1421.00        1420.12         35.41         29.8           0.599         0.611         0.648         0.603       145.4  
  1421.25        1420.42         44.70         38.3           0.588         0.606         0.635         0.667       145.5  
  1421.50        1420.72         35.18         39.4           0.578         0.602         0.613         0.645       145.5  
  1421.75        1420.88         29.54         37.5           0.574         0.587         0.600         0.580       145.6  
  1422.00        1421.02         24.62         36.9           0.563         0.572         0.597         0.603       145.6  
  1422.25        1421.32         25.20         28.5           0.562         0.566         0.610         0.615       145.7  
  1422.50        1421.61         18.87         27.4           0.539         0.650         0.587         0.365       145.8  
  1422.75        1421.91         16.64         29.2           0.520         0.558         0.553         0.323       145.8  
  1423.00        1422.21         15.73         35.6           0.524         0.510         0.525         0.445       145.9  
  1423.25        1422.35         21.82         35.3           0.535         0.524         0.522         0.502       145.9  
  1423.50        1422.51         29.10         40.4           0.546         0.566         0.541         0.488       146.0  
  1423.75        1422.81         39.83         49.0           0.554         0.580         0.579         0.521       146.0  
  1424.00        1423.10         54.96         36.1           0.553         0.565         0.585         0.477       146.0  
  1424.25        1423.40         48.81         23.0           0.564         0.548         0.578         0.549       146.1  
  1424.50        1423.57         47.75         21.7           0.577         0.561         0.600         0.532       146.1  
  1424.75        1423.70         46.91         20.2           0.580         0.568         0.609         0.554       146.1  
  1425.00        1424.00         45.91         21.5           0.585         0.579         0.625         0.591       146.2  
  1425.25        1424.30         45.72         26.4           0.587         0.584         0.587         0.528       146.2  
  1425.50        1424.59         37.21         26.6           0.586         0.581         0.579         0.543       146.2  
  1425.75        1424.89         27.53         19.0           0.587         0.594         0.610         0.636       146.2  
  1426.00        1425.03         23.47         18.0           0.586         0.570         0.632         0.595       146.3  
  1426.25        1425.19         19.04         21.9           0.586         0.571         0.612         0.462       146.4  
  1426.50        1425.49         17.73         23.3           0.591         0.606         0.614         0.500       146.5  
  1426.75        1425.78         17.52         21.3           0.590         0.608         0.636         0.604       146.5  
  1427.00        1426.08         16.05         24.7           0.592         0.598         0.612         0.541       146.6  
  1427.25        1426.25         14.84         24.6           0.574         0.546         0.614         0.563       146.7  
  1427.50        1426.38         13.97         22.0           0.572         0.550         0.608         0.563       146.8  
  1427.75        1426.68         10.88         25.3           0.584         0.592         0.585         0.561       146.9  
  1428.00        1426.97          7.80         23.1           0.576         0.574         0.612         0.633       147.0  
  1428.25        1427.27         10.81         18.1           0.574         0.561         0.620         0.651       147.1  
  1428.50        1427.57          6.33         21.1           0.580         0.583         0.599         0.582       147.2  
  1428.75        1427.72          7.01         21.1           0.584         0.611         0.587         0.559       147.4  
  1429.00        1427.87          7.68         23.2           0.579         0.602         0.591         0.563       147.5  
  1429.25        1428.16         29.80         25.0           0.578         0.577         0.599         0.577       147.7  
  1429.50        1428.46         46.71         25.5           0.579         0.583         0.625         0.642       147.8  
  1429.75        1428.76         29.64         29.2           0.578         0.601         0.615         0.590       135.1  
  1430.00        1429.06         19.79         31.9           0.576         0.609         0.588         0.534       135.5  
  1430.25        1429.18         16.45         32.5           0.571         0.589         0.570         0.510       135.6  
  1430.50        1429.35         11.87         26.6           0.570         0.576         0.589         0.585       135.6  
  1430.75        1429.65         15.14         17.7           0.564         0.563         0.597         0.587       135.7  
  1431.00        1429.95         22.27         26.1           0.572         0.596         0.569         0.485       135.8  
  1431.25        1430.24         21.71         28.1           0.573         0.589         0.605         0.533       135.9  
  1431.50        1430.40         25.28         28.2           0.573         0.567         0.640         0.593       136.0  
  1431.75        1430.54         28.55         25.0           0.580         0.625         0.600         0.501       136.0  
  1432.00        1430.84         29.35         25.1           0.577         0.592         0.595         0.557       136.4  
  1432.25        1431.14         13.46         33.6           0.577         0.588         0.605         0.523       137.1  
  1432.50        1431.43          3.10         29.0           0.578         0.596         0.616         0.488       139.1  
  1432.75        1431.73         99.06         25.9           0.573         0.574         0.651         0.693       139.2  
  1433.00        1431.86        137.86         22.4           0.573         0.573         0.650         0.694       139.3  
  1433.25        1432.03        186.52         22.1           0.573         0.573         0.648         0.694       139.5  
  1433.50        1432.32         32.95         23.0           0.572         0.562         0.651         0.678       139.6  
  1433.75        1432.62         22.60         24.2           0.585         0.559         0.612         0.577       139.7  
  1434.00        1432.92         19.36         18.8           0.580         0.603         0.601         0.514       139.9  
  1434.25        1433.08         17.20         29.9           0.580         0.610         0.596         0.507       140.0  
  1434.50        1433.21         15.39         37.0           0.576         0.587         0.595         0.560       140.3  
  1434.75        1433.51          8.80         34.6           0.576         0.577         0.594         0.575       140.4  
  1435.00        1433.81         10.60         31.9           0.577         0.576         0.592         0.573       140.5  
  1435.25        1434.10         11.01         33.1           0.579         0.592         0.595         0.573       140.7  
  1435.50        1434.40          5.94         33.0           0.579         0.606         0.599         0.579       142.0  
  1435.75        1434.54          5.74         39.1           0.572         0.570         0.577         0.585       142.3  
  1436.00        1434.70          5.51         36.9           0.569         0.562         0.561         0.565       142.4  
  1436.25        1434.99          5.92         38.0           0.569         0.573         0.574         0.583       142.6  
  1436.50        1435.29          6.61         35.6           0.570         0.572         0.571         0.576       142.8  
  1436.75        1435.58          7.43         36.3           0.579         0.572         0.587         0.589       142.9  
  1437.00        1435.75          8.04         40.0           0.586         0.608         0.615         0.654       143.0  
  1437.25        1435.88          8.51         47.7           0.596         0.631         0.628         0.630       143.1  
  1437.50        1436.18          9.77         59.2           0.602         0.624         0.627         0.599       143.2  
  1437.75        1436.47          9.57         71.8           0.593         0.641         0.642         0.642       143.3  
  1438.00        1436.77          8.01         58.7           0.578         0.635         0.592         0.582       143.6  
  1438.25        1437.07          6.65         41.7           0.562         0.573         0.550         0.513       143.7  
  1438.50        1437.21          6.67         28.2           0.543         0.540         0.533         0.499       143.9  
  1438.75        1437.36          6.69         25.8           0.538         0.561         0.546         0.507       143.9  
  1439.00        1437.66          8.63         25.2           0.540         0.570         0.554         0.519       144.0  
  1439.25        1437.95         10.66         25.1           0.536         0.550         0.558         0.529       144.1  
  1439.50        1438.25         11.21         26.1           0.537         0.535         0.550         0.528       144.1  
  1439.75        1438.42         11.05         28.5           0.546         0.552         0.546         0.497       144.3  
  1440.00        1438.55         10.94         26.3           0.557         0.566         0.565         0.544       144.4  
  1440.25        1438.91          7.28         30.9           0.574         0.563         0.568         0.560       144.9  
  1440.50        1439.14          4.98         43.4           0.610         0.587         0.597         0.562       144.1  
  1440.75        1439.39         87.81         73.6           0.655         0.691         0.709         0.715       144.1  
  1441.00        1439.64        165.89         89.5           0.701         0.768         0.791         0.817       144.1  
  1441.25        1439.88        243.97         86.6           0.723         0.758         0.777         0.788       144.2  
  1441.50        1440.02        290.57         69.4           0.728         0.717         0.735         0.722       144.2  
  1441.75        1440.32        278.93         73.4           0.740         0.741         0.738         0.729       144.2  
  1442.00        1440.62        245.57         81.6           0.751         0.761         0.786         0.809       144.2  
  1442.25        1440.91        166.10         83.0           0.771         0.779         0.802         0.769       144.2  
  1442.50        1441.21        128.91         89.3           0.772         0.820         0.857         0.867       144.2  
  1442.75        1441.33        117.65         87.3           0.751         0.833         0.873         0.935       144.2  
  1443.00        1441.50        102.84         79.7           0.718         0.767         0.815         0.859       144.2  
  1443.25        1441.80         80.63         55.6           0.673         0.664         0.692         0.649       144.2  
  1443.50        1442.09         68.48         45.0           0.626         0.611         0.618         0.594       144.2  
  1443.75        1442.39         76.27         41.7           0.589         0.579         0.577         0.562       144.2  
  1444.00        1442.55         61.82         41.9           0.570         0.563         0.562         0.556       144.3  
  1444.25        1442.68         49.15         39.9           0.559         0.556         0.556         0.557       144.3  
  1444.50        1442.98         49.00         38.8           0.556         0.559         0.552         0.551       144.3  
  1444.75        1443.27         36.44         35.2           0.559         0.557         0.550         0.549       144.4  
  1445.00        1443.57         32.97         34.7           0.570         0.555         0.556         0.550       144.4  
  1445.25        1443.86         25.45         40.9           0.589         0.583         0.577         0.575       144.4  
  1445.50        1444.00         22.64         49.2           0.623         0.625         0.618         0.616       144.5  
  1445.75        1444.16         19.27         62.9           0.663         0.680         0.688         0.689       144.6  
  1446.00        1444.45         17.68         81.2           0.704         0.773         0.793         0.855       144.7  
  1446.25        1444.75         15.17         88.5           0.727         0.833         0.894         1.027       144.8  
  1446.50        1445.04         12.68         73.1           0.726         0.825         0.850         0.878       144.9  
  1446.75        1445.21         11.68         71.8           0.693         0.764         0.804         0.883       145.1  
  1447.00        1445.34         10.88         39.5           0.646         0.654         0.627         0.629       145.2  
  1447.25        1445.63         11.78         22.6           0.609         0.576         0.585         0.579       145.3  
  1447.50        1445.93         14.76         20.5           0.590         0.583         0.587         0.597       145.4  
  1447.75        1446.22         17.80         17.0           0.583         0.586         0.592         0.605       145.4  
  1448.00        1446.52         23.12         20.8           0.573         0.569         0.564         0.561       145.5  
  1448.25        1446.66         22.23         20.8           0.570         0.562         0.554         0.528       145.6  
  1448.50        1446.81         21.26         19.1           0.570         0.581         0.582         0.607       145.6  
  1448.75        1447.11         23.13         18.7           0.571         0.583         0.606         0.618       145.7  
  1449.00        1447.40         22.58         19.7           0.575         0.586         0.606         0.602       145.7  
  1449.25        1447.70         22.42         17.1           0.574         0.592         0.607         0.610       145.8  
  1449.50        1447.87         21.09         20.6           0.566         0.579         0.583         0.586       145.9  
  1449.75        1447.99         20.12         21.9           0.555         0.552         0.559         0.565       146.0  
  1450.00        1448.28         20.02         21.2           0.549         0.543         0.545         0.521       146.0  
  1450.25        1448.58         18.46         29.4           0.558         0.537         0.544         0.501       146.1  
  1450.50        1448.87         18.45         38.4           0.568         0.582         0.587         0.583       146.1  
  1450.75        1449.17         16.17         47.9           0.579         0.609         0.613         0.618       146.2  
  1451.00        1449.31         14.37         41.5           0.589         0.606         0.598         0.618       146.2  
  1451.25        1449.46         12.55         33.9           0.594         0.582         0.588         0.582       146.5  
  1451.50        1449.76         10.84         37.7           0.605         0.589         0.610         0.596       146.6  
  1451.75        1450.05         11.44         41.1           0.619         0.622         0.644         0.626       146.6  
  1452.00        1450.34         12.67         38.5           0.626         0.657         0.663         0.656       146.7  
  1452.25        1450.64         13.02         26.7           0.641         0.637         0.660         0.662       146.8  
  1452.50        1450.76         13.04         32.3           0.643         0.629         0.663         0.671       146.8  
  1452.75        1450.93         13.06         69.0           0.649         0.704         0.694         0.878       146.9  
  1453.00        1451.23         12.59         53.8           0.633         0.718         0.747         0.893       147.0  
  1453.25        1451.52         14.02         45.0           0.613         0.639         0.633         0.635       147.0  
  1453.50        1451.81         16.06         47.4           0.582         0.581         0.581         0.605       147.0  
  1453.75        1451.97         16.77         39.7           0.578         0.569         0.566         0.567       147.1  
  1454.00        1452.11         17.42         32.2           0.573         0.566         0.583         0.585       147.1  
  1454.25        1452.40         19.53         33.3           0.584         0.578         0.583         0.589       147.1  
  1454.50        1452.70         21.57         35.8           0.586         0.581         0.582         0.590       147.2  
  1454.75        1452.99         25.78         34.2           0.606         0.586         0.597         0.581       147.2  
  1455.00        1453.28         27.48         35.6           0.631         0.606         0.627         0.605       147.2  
  1455.25        1453.41         25.60         55.0           0.672         0.689         0.748         0.755       147.2  
  1455.50        1453.58         23.23         71.9           0.714         0.772         0.829         0.889       147.3  
  1455.75        1453.87         20.95         73.6           0.749         0.817         0.833         0.824       147.3  
  1456.00        1454.16         23.17         81.2           0.764         0.816         0.864         0.983       147.3  
  1456.25        1454.46         24.59         67.6           0.765         0.729         0.775         0.710       147.4  
  1456.50        1454.62         20.87         48.7           0.786         0.758         0.709         0.680       147.4  
  1456.75        1454.75         17.74         76.6           0.813         0.883         0.861         0.985       147.4  
  1457.00        1455.04         22.81         92.1           0.826         0.933         0.998         1.182       147.4  
  1457.25        1455.34         29.40         81.1           0.822         0.790         0.871         0.731       147.4  
  1457.50        1455.63         45.39         56.9           0.814         0.727         0.777         0.673       147.4  
  1457.75        1455.92         61.99         69.0           0.800         0.888         0.871         1.029       147.4  
  1458.00        1456.06         58.27         84.3           0.786         0.837         0.875         0.940       147.5  
  1458.25        1456.22         53.98         61.7           0.793         0.691         0.783         0.673       147.5  
  1458.50        1456.51         61.80         62.8           0.728         0.836         0.874         1.008       147.5  
  1458.75        1456.80         55.94         84.1           0.701         0.746         0.761         0.832       147.5  
  1459.00        1457.09         50.53         44.4           0.649         0.636         0.621         0.603       147.5  
  1459.25        1457.26         50.22         37.4           0.613         0.599         0.595         0.595       147.6  
  1459.50        1457.39         49.98         43.0           0.605         0.603         0.595         0.597       147.6  
  1459.75        1457.68         53.15         41.2           0.607         0.602         0.623         0.604       147.6  
  1460.00        1457.97         61.84         35.9           0.622         0.630         0.647         0.667       147.6  
  1460.25        1458.27         69.33         41.6           0.623         0.669         0.699         0.759       147.7  
  1460.50        1458.56         33.66         50.6           0.597         0.609         0.608         0.614       147.7  
  1460.75        1458.70         44.69         35.2           0.570         0.573         0.570         0.569       147.7  
  1461.00        1458.85         56.32         31.9           0.585         0.573         0.586         0.584       147.7  
  1461.25        1459.14         43.51         32.6           0.586         0.575         0.582         0.585       147.7  
  1461.50        1459.44         55.80         28.7           0.580         0.583         0.577         0.566       147.8  
  1461.75        1459.73         53.74         29.7           0.571         0.584         0.568         0.545       147.8  
  1462.00        1459.90         57.53         30.6           0.573         0.577         0.573         0.572       147.8  
  1462.25        1460.02         60.18         32.3           0.571         0.573         0.570         0.566       147.8  
  1462.50        1460.31         49.44         33.6           0.570         0.568         0.567         0.560       147.8  
  1462.75        1460.61         34.91         35.5           0.576         0.605         0.598         0.594       147.9  
  1463.00        1460.90         42.49         36.5           0.580         0.603         0.607         0.606       147.9  
  1463.25        1461.19         48.20         21.6           0.582         0.591         0.617         0.617       147.9  
  1463.50        1461.34         39.06         20.7           0.586         0.607         0.616         0.603       147.9  
  1463.75        1461.48         30.24         21.7           0.589         0.611         0.615         0.613       147.9  
  1464.00        1461.77         23.59         27.7           0.585         0.604         0.618         0.621       148.0  
  1464.25        1462.07         29.30         24.5           0.585         0.596         0.605         0.611       148.0  
  1464.50        1462.36         36.14         24.4           0.580         0.586         0.595         0.606       148.0  
  1464.75        1462.65         41.37         24.2           0.580         0.585         0.587         0.588       148.0  
  1465.00        1462.78         43.65         25.8           0.578         0.583         0.591         0.604       148.1  
  1465.25        1462.94         46.66         24.5           0.577         0.584         0.592         0.601       148.1  
  1465.50        1463.24         49.25         24.1           0.574         0.585         0.585         0.596       148.1  
  1465.75        1463.53         56.04         22.6           0.571         0.575         0.578         0.588       148.1  
  1466.00        1463.82         53.36         24.8           0.571         0.576         0.572         0.568       148.1  
  1466.25        1463.97         56.59         19.6           0.572         0.578         0.582         0.578       148.1  
  1466.50        1464.11         59.44         18.3           0.574         0.582         0.588         0.594       148.2  
  1466.75        1464.40         71.28         17.3           0.579         0.573         0.589         0.599       148.2  
  1467.00        1464.69         40.06         16.6           0.586         0.584         0.598         0.601       148.2  
  1467.25        1464.99         37.68         17.7           0.595         0.589         0.605         0.607       148.2  
  1467.50        1465.28         34.70         16.9           0.609         0.593         0.606         0.606       148.2  
  1467.75        1465.41         36.97         21.6           0.615         0.599         0.614         0.611       148.3  
  1468.00        1465.57         39.72         26.6           0.642         0.652         0.686         0.671       148.3  
  1468.25        1465.86         35.68         60.0           0.662         0.688         0.722         0.761       148.3  
  1468.50        1466.15         33.68         71.5           0.698         0.762         0.735         0.747       148.4  
  1468.75        1466.44         32.29         79.8           0.741         0.774         0.796         0.802       148.4  
  1469.00        1466.61         26.80         78.1           0.757         0.790         0.834         0.903       148.5  
  1469.25        1466.74         22.38         76.1           0.765         0.788         0.823         0.814       147.8  
  1469.50        1467.03         17.93         70.0           0.775         0.796         0.794         0.779       147.1  
  1469.75        1467.32          0.00         77.0           0.768         0.782         0.798         0.845       146.4  
  1470.00        1467.61          2.03         80.1           0.760         0.759         0.787         0.828       145.9  
  1470.25        1467.90         19.97         60.6           0.769         0.749         0.734         0.727       145.9  
  1470.50        1468.04         37.91         61.0           0.791         0.755         0.710         0.657       146.0  
  1470.75        1468.19         57.73         72.7           0.804         0.801         0.824         0.867       146.0  
  1471.00        1468.48         89.59         79.3           0.839         0.875         0.867         0.905       146.0  
  1471.25        1468.78         51.86         77.1           0.875         0.902         0.902         0.904       146.0  
  1471.50        1469.07         51.45         77.1           0.904         0.908         0.932         0.924       146.0  
  1471.75        1469.23         47.95         75.7           0.935         0.933         0.960         0.952       146.0  
  1472.00        1469.36         45.37         76.0           0.958         0.973         0.976         0.949       146.0  
  1472.25        1469.65         58.99         88.9           0.980         1.000         1.051         1.082       146.1  
  1472.50        1469.94         81.13         98.1           0.997         1.031         1.064         1.132       146.1  
  1472.75        1470.23         66.30         85.6           1.002         1.017         1.047         1.090       146.1  
  1473.00        1470.52         55.55         80.6           1.004         0.963         0.994         0.957       146.1  
  1473.25        1470.67         51.90         80.9           1.017         0.978         0.971         0.941       146.2  
  1473.50        1470.81         48.22         81.6           1.020         1.033         1.038         1.108       146.3  
  1473.75        1471.10         46.93         92.3           1.021         1.035         1.091         1.179       146.3  
  1474.00        1471.39         37.75         82.9           1.027         1.030         1.062         1.044       146.4  
  1474.25        1471.68         35.76         75.5           1.024         1.008         1.012         0.968       146.4  
  1474.50        1471.97         34.61         86.9           0.998         0.988         1.025         1.060       146.5  
  1474.75        1472.10         34.68         91.1           0.974         1.003         1.032         1.068       146.5  
  1475.00        1472.27         34.77         84.5           0.945         0.999         1.026         1.069       146.6  
  1475.25        1472.56         36.15         86.9           0.886         0.945         0.989         1.084       146.6  
  1475.50        1472.85         34.10         80.2           0.823         0.860         0.879         0.945       146.7  
  1475.75        1473.14         32.60         72.2           0.762         0.790         0.771         0.765       146.8  
  1476.00        1473.29         38.81         60.4           0.704         0.698         0.706         0.745       146.8  
  1476.25        1473.43         44.55         32.8           0.661         0.643         0.625         0.608       146.9  
  1476.50        1473.72         57.73         23.8           0.641         0.621         0.615         0.597       146.9  
  1476.75        1474.01         78.26         21.6           0.625         0.626         0.630         0.635       147.0  
  1477.00        1474.30         93.01         23.2           0.620         0.629         0.656         0.689       147.0  
  1477.25        1474.59         69.40         23.3           0.614         0.632         0.644         0.660       147.1  
  1477.50        1474.72         60.71         20.7           0.614         0.624         0.633         0.644       147.2  
  1477.75        1474.88         49.70         18.9           0.613         0.621         0.630         0.645       147.2  
  1478.00        1475.17         33.80         20.9           0.617         0.631         0.629         0.664       147.3  
  1478.25        1475.46         33.57         20.9           0.635         0.642         0.657         0.678       147.3  
  1478.50        1475.75         31.22         22.2           0.646         0.653         0.655         0.664       147.4  
  1478.75        1475.91         33.98         18.5           0.681         0.650         0.655         0.651       147.5  
  1479.00        1476.04         36.32         54.2           0.689         0.692         0.658         0.637       147.5  
  1479.25        1476.33         34.28         72.4           0.765         0.774         0.783         0.772       147.6  
  1479.50        1476.62         30.70         87.8           0.831         0.934         0.945         1.012       147.7  
  1479.75        1476.91         29.70         82.2           0.885         0.937         0.961         0.985       147.7  
  1480.00        1477.20         28.77         82.9           0.904         0.937         0.965         1.009       147.8  
  1480.25        1477.33         30.07         76.9           0.946         0.954         0.986         0.979       147.9  
  1480.50        1477.49         31.57         78.8           0.963         1.006         1.047         1.065       147.9  
  1480.75        1477.78         31.38         89.6           0.983         0.990         1.019         1.136       148.0  
  1481.00        1478.07         29.34         83.5           1.009         0.981         1.003         0.960       148.0  
  1481.25        1478.36         31.20         94.7           1.019         1.010         1.040         1.042       148.1  
  1481.50        1478.52         31.40        102.6           1.044         1.055         1.074         1.101       148.1  
  1481.75        1478.65         31.56        102.4           1.067         1.066         1.068         1.082       148.2  
  1482.00        1478.94         34.84         97.2           1.074         1.085         1.078         1.069       148.3  
  1482.25        1479.23         36.26        101.2           1.070         1.063         1.106         1.182       148.3  
  1482.50        1479.52         35.69         91.6           1.075         1.069         1.037         1.004       148.4  
  1482.75        1479.81         37.74         91.0           1.095         1.071         1.046         1.020       148.4  
  1483.00        1479.95         35.68         95.6           1.096         1.103         1.125         1.198       148.5  
  1483.25        1480.09         33.51         91.0           1.122         1.135         1.117         1.098       148.6  
  1483.50        1480.38         30.66         99.2           1.124         1.136         1.130         1.133       148.6  
  1483.75        1480.67         31.74        100.5           1.114         1.151         1.172         1.249       148.7  
  1484.00        1480.96         28.20        101.3           1.106         1.104         1.145         1.133       148.8  
  1484.25        1481.13         29.12         90.3           1.090         1.076         1.079         1.046       148.8  
  1484.50        1481.25         29.77         98.4           1.048         1.065         1.095         1.124       148.8  
  1484.75        1481.54         30.07         96.0           1.015         1.039         1.072         1.086       148.9  
  1485.00        1481.83         28.54         96.0           0.962         1.025         1.040         1.046       148.9  
  1485.25        1482.12         30.12        102.8           0.886         0.969         0.993         1.117       149.0  
  1485.50        1482.41         24.60         85.6           0.815         0.843         0.814         0.856       149.0  
  1485.75        1482.55         25.95         67.3           0.726         0.668         0.649         0.589       149.1  
  1486.00        1482.70         27.25         64.9           0.697         0.675         0.666         0.643       149.1  
  1486.25        1482.99         43.67         71.6           0.692         0.702         0.707         0.702       149.2  
  1486.50        1483.27         35.58         72.7           0.689         0.694         0.708         0.685       149.2  
  1486.75        1483.56         48.85         82.6           0.673         0.694         0.708         0.719       149.2  
  1487.00        1483.85         32.11         76.1           0.661         0.669         0.673         0.645       149.2  
  1487.25        1483.98         39.94         62.3           0.642         0.645         0.652         0.652       149.3  
  1487.50        1484.14         50.35         58.7           0.633         0.638         0.638         0.630       149.3  
  1487.75        1484.43         56.21         61.1           0.624         0.622         0.624         0.631       149.4  
  1488.00        1484.72         54.14         49.2           0.639         0.629         0.630         0.624       149.4  
  1488.25        1485.01         58.67         57.0           0.634         0.645         0.641         0.639       149.4  
  1488.50        1485.16         69.79         69.4           0.631         0.636         0.632         0.621       149.5  
  1488.75        1485.30         79.65         48.3           0.623         0.633         0.626         0.626       149.5  
  1489.00        1485.58         80.55         44.9           0.620         0.613         0.607         0.617       149.5  
  1489.25        1485.87         98.50         49.6           0.622         0.610         0.603         0.599       149.5  
  1489.50        1486.16        106.22         58.2           0.633         0.612         0.617         0.597       149.6  
  1489.75        1486.45         48.24         59.6           0.660         0.637         0.670         0.623       149.6  
  1490.00        1486.58         45.40         62.5           0.681         0.657         0.711         0.643       149.6  
  1490.25        1486.74         41.94         74.3           0.718         0.748         0.770         0.792       149.7  
  1490.50        1487.03         33.23         75.4           0.744         0.751         0.754         0.744       149.7  
  1490.75        1487.31         39.99         73.6           0.753         0.759         0.770         0.765       149.7  
  1491.00        1487.60         40.47         82.4           0.772         0.815         0.837         0.913       149.8  
  1491.25        1487.76         35.31         89.3           0.779         0.814         0.864         0.896       149.8  
  1491.50        1487.89         31.13         76.8           0.794         0.802         0.811         0.796       149.9  
  1491.75        1488.18         23.90         80.1           0.795         0.799         0.797         0.797       149.9  
  1492.00        1488.47         21.21         71.7           0.792         0.796         0.801         0.815       150.0  
  1492.25        1488.75         28.64         79.5           0.801         0.788         0.800         0.785       150.1  
  1492.50        1489.04         21.43         73.2           0.822         0.833         0.813         0.797       150.2  
  1492.75        1489.18         20.50         75.9           0.834         0.864         0.848         0.864       150.3  
  1493.00        1489.33         19.47         82.7           0.858         0.859         0.879         0.898       150.3  
  1493.25        1489.62         22.86         86.4           0.884         0.861         0.882         0.872       150.3  
  1493.50        1489.90         23.14         86.2           0.909         0.910         0.933         0.923       150.4  
  1493.75        1490.19         22.65         94.7           0.919         0.944         0.981         1.032       150.4  
  1494.00        1490.36         22.08         89.0           0.931         0.956         0.965         0.999       150.4  
  1494.25        1490.48         21.66         90.4           0.929         0.946         0.953         0.952       150.4  
  1494.50        1490.77         22.46         90.0           0.920         0.932         0.949         0.965       150.5  
  1494.75        1491.05         24.35         86.0           0.898         0.922         0.948         0.994       150.5  
  1495.00        1491.34         24.20         85.8           0.884         0.899         0.898         0.927       150.5  
  1495.25        1491.63         24.36         88.7           0.848         0.858         0.868         0.881       150.6  
  1495.50        1491.77         23.42         87.3           0.836         0.851         0.876         0.914       150.6  
  1495.75        1491.92         22.45         76.8           0.823         0.843         0.845         0.843       150.6  
  1496.00        1492.20         17.59         76.1           0.804         0.819         0.826         0.836       150.7  
  1496.25        1492.49         11.74         79.1           0.771         0.777         0.798         0.811       150.8  
  1496.50        1492.78         11.75         64.8           0.764         0.742         0.756         0.704       150.5  
  1496.75        1493.06         15.06         77.5           0.752         0.782         0.821         0.851       150.3  
  1497.00        1493.18         18.36         68.5           0.725         0.788         0.805         0.868       150.2  
  1497.25        1493.35         22.97         58.3           0.696         0.701         0.707         0.698       150.0  
  1497.50        1493.64         18.35         47.4           0.653         0.650         0.633         0.609       149.8  
  1497.75        1493.92         23.90         47.6           0.637         0.625         0.627         0.631       149.5  
  1498.00        1494.21         34.32         52.7           0.635         0.634         0.628         0.623       149.5  
  1498.25        1494.36         33.76         65.1           0.640         0.663         0.720         0.773       149.6  
  1498.50        1494.50         33.24         57.6           0.663         0.692         0.713         0.752       149.6  
  1498.75        1494.79         32.37         51.6           0.643         0.650         0.668         0.667       149.6  
  1499.00        1495.07         29.84         44.1           0.633         0.616         0.636         0.628       149.6  
  1499.25        1495.36         29.64         48.0           0.621         0.616         0.617         0.617       149.7  
  1499.50        1495.64         37.90         43.9           0.616         0.621         0.623         0.638       149.7  
  1499.75        1495.77         35.15         47.6           0.611         0.621         0.631         0.653       149.7  
  1500.00        1495.93         31.65         42.4           0.601         0.599         0.603         0.602       149.7  
  1500.25        1496.22         40.44         37.6           0.595         0.592         0.597         0.604       149.8  
  1500.50        1496.50         39.38         39.3           0.593         0.597         0.600         0.609       149.8  
  1500.75        1496.79         32.53         39.9           0.594         0.601         0.606         0.605       149.8  
  1501.00        1496.94         34.79         39.9           0.592         0.602         0.608         0.622       149.9  
  1501.25        1497.08         36.71         38.7           0.587         0.599         0.597         0.596       149.9  
  1501.50        1497.36         39.72         37.7           0.584         0.585         0.591         0.586       149.9  
  1501.75        1497.65         48.03         36.0           0.586         0.586         0.586         0.577       150.0  
  1502.00        1497.93         31.31         40.2           0.598         0.593         0.600         0.583       150.0  
  1502.25        1498.22         32.10         36.3           0.608         0.622         0.626         0.640       150.1  
  1502.50        1498.35         32.69         39.4           0.620         0.627         0.624         0.635       150.1  
  1502.75        1498.51         33.39         42.3           0.633         0.630         0.618         0.592       150.1  
  1503.00        1498.79         32.33         44.1           0.656         0.642         0.652         0.625       150.2  
  1503.25        1499.08         33.07         50.7           0.677         0.689         0.695         0.675       150.3  
  1503.50        1499.36         23.42         64.6           0.713         0.769         0.773         0.795       150.4  
  1503.75        1499.52         21.58         67.2           0.719         0.785         0.823         0.912       150.4  
  1504.00        1499.65         20.15         62.9           0.730         0.785         0.822         0.840       150.5  
  1504.25        1499.93         14.50         50.4           0.738         0.746         0.765         0.710       150.6  
  1504.50        1500.22         20.63         52.5           0.733         0.718         0.717         0.706       150.6  
  1504.75        1500.51         26.49         56.4           0.731         0.732         0.746         0.768       150.7  
  1505.00        1500.79         33.14         60.8           0.743         0.757         0.753         0.734       150.7  
  1505.25        1500.93         31.57         69.9           0.752         0.800         0.772         0.887       150.8  
  1505.50        1501.08         29.89         85.6           0.728         0.787         0.852         0.987       150.8  
  1505.75        1501.36         27.59         69.0           0.706         0.743         0.777         0.802       150.9  
  1506.00        1501.65         22.42         51.2           0.678         0.668         0.674         0.659       150.9  
  1506.25        1501.93         24.83         51.2           0.646         0.640         0.639         0.645       151.0  
  1506.50        1502.10         30.97         50.8           0.623         0.629         0.624         0.642       151.0  
  1506.75        1502.22         35.33         51.6           0.610         0.608         0.613         0.633       151.0  
  1507.00        1502.50         25.64         48.5           0.594         0.593         0.581         0.598       151.1  
  1507.25        1502.79         31.69         42.1           0.581         0.571         0.568         0.571       151.1  
  1507.50        1503.07         27.28         41.7           0.577         0.571         0.564         0.564       151.1  
  1507.75        1503.36         29.72         40.7           0.572         0.574         0.578         0.577       151.2  
  1508.00        1503.50         33.35         38.5           0.573         0.584         0.591         0.612       151.2  
  1508.25        1503.64         36.88         42.2           0.581         0.591         0.597         0.614       151.2  
  1508.50        1503.93         33.70         43.8           0.585         0.588         0.596         0.605       151.2  
  1508.75        1504.21         28.32         45.2           0.592         0.590         0.585         0.585       151.3  
  1509.00        1504.50         30.95         48.2           0.598         0.597         0.600         0.601       151.3  
  1509.25        1504.78         32.74         45.7           0.615         0.623         0.633         0.649       151.3  
  1509.50        1504.90         32.98         42.7           0.623         0.636         0.646         0.660       151.3  
  1509.75        1505.07         33.30         49.6           0.631         0.653         0.657         0.696       151.4  
  1510.00        1505.35         43.81         52.4           0.643         0.690         0.683         0.739       151.4  
  1510.25        1505.63         52.32         49.8           0.649         0.677         0.702         0.719       151.4  
  1510.50        1505.92         39.41         47.3           0.646         0.651         0.670         0.655       151.4  
  1510.75        1506.07         36.67         42.3           0.632         0.631         0.639         0.644       151.5  
  1511.00        1506.20         34.22         42.1           0.622         0.631         0.633         0.646       151.5  
  1511.25        1506.49         29.48         43.0           0.617         0.617         0.625         0.619       151.5  
  1511.50        1506.77         30.73         47.2           0.614         0.617         0.624         0.624       151.5  
  1511.75        1507.06         39.50         49.9           0.611         0.617         0.620         0.626       151.5  
  1512.00        1507.34         39.00         46.4           0.609         0.613         0.613         0.618       151.6  
  1512.25        1507.47         41.02         40.9           0.611         0.612         0.607         0.606       151.6  
  1512.50        1507.62         43.50         36.6           0.625         0.604         0.602         0.597       151.6  
  1512.75        1507.91         47.42         41.6           0.649         0.669         0.692         0.685       151.6  
  1513.00        1508.19         38.56         57.4           0.667         0.697         0.717         0.738       151.6  
  1513.25        1508.47         33.14         57.8           0.682         0.705         0.684         0.631       151.7  
  1513.50        1508.63         36.61         61.4           0.698         0.737         0.697         0.648       151.7  
  1513.75        1508.76         39.44         66.7           0.714         0.767         0.775         0.840       151.7  
  1514.00        1509.04         42.29         75.3           0.726         0.768         0.824         0.827       151.7  
  1514.25        1509.33         37.09         61.9           0.739         0.789         0.782         0.743       151.7  
  1514.50        1509.61         35.73         57.8           0.732         0.719         0.733         0.683       151.8  
  1514.75        1509.89         36.36         59.7           0.730         0.734         0.757         0.724       151.8  
  1515.00        1510.03         39.92         65.6           0.722         0.799         0.801         0.830       151.8  
  1515.25        1510.18         43.89         73.0           0.685         0.705         0.753         0.773       151.8  
  1515.50        1510.46         42.02         56.9           0.671         0.668         0.675         0.648       151.8  
  1515.75        1510.74         50.29         58.8           0.654         0.655         0.665         0.653       151.9  
  1516.00        1511.03         45.76         60.8           0.643         0.669         0.660         0.691       151.9  
  1516.25        1511.19         54.26         58.4           0.630         0.630         0.639         0.648       151.9  
  1516.50        1511.31         60.58         53.5           0.647         0.652         0.690         0.725       151.9  
  1516.75        1511.59         39.51         58.5           0.655         0.661         0.709         0.742       151.9  
  1517.00        1511.88         33.36         54.5           0.664         0.670         0.728         0.759       151.9  
  1517.25        1512.16         43.69         54.4           0.672         0.679         0.747         0.776       152.0  
  1517.50        1512.44         28.33         54.4           0.681         0.688         0.766         0.793       152.0  
  1517.75        1512.58         28.68         54.4           0.686         0.694         0.779         0.804       152.0  
  1518.00        1512.72         29.04         54.5           0.686         0.694         0.779         0.804       152.0  
  1518.25        1513.01         33.61         54.8           0.686         0.694         0.779         0.804       152.1  
  1518.50        1513.29         32.39         55.1           0.686         0.694         0.779         0.804       152.1  
  1518.75        1513.57         35.59         55.4           0.654         0.650         0.695         0.698       152.1  
  1519.00        1513.85         33.91         55.7           0.631         0.629         0.633         0.657       152.1  
  1519.25        1513.97         22.34         53.7           0.628         0.615         0.624         0.640       152.2  
  1519.50        1514.14          6.11         53.5           0.627         0.615         0.626         0.633       152.3  
  1519.75        1514.42         12.71         53.3           0.626         0.616         0.629         0.620       152.3  
  1520.00        1514.70         21.96         53.2           0.643         0.650         0.682         0.703       152.3  
  1520.25        1514.98         30.77         53.1           0.658         0.676         0.709         0.748       152.4  
  1520.50        1515.13         40.41         63.2           0.689         0.698         0.747         0.754       152.4  
  1520.75        1515.27         49.41         62.2           0.717         0.765         0.886         0.950       152.4  
  1521.00        1515.55         39.22         74.9           0.728         0.813         0.872         1.083       152.4  
  1521.25        1515.83         35.60         56.0           0.736         0.750         0.700         0.673       152.4  
  1521.50        1516.11         33.91         52.9           0.722         0.646         0.628         0.556       152.4  
  1521.75        1516.40         36.87         56.6           0.717         0.668         0.677         0.659       152.4  
  1522.00        1516.52         39.88         64.6           0.733         0.760         0.785         0.845       152.5  
  1522.25        1516.68         43.73         62.5           0.747         0.808         0.818         0.840       152.5  
  1522.50        1516.96         36.96         54.7           0.745         0.762         0.780         0.730       152.5  
  1522.75        1517.24         25.68         42.1           0.732         0.759         0.774         0.759       152.5  
  1523.00        1517.52         15.35         29.2           0.718         0.780         0.795         0.852       152.5  
  1523.25        1517.68         14.69         17.7           0.704         0.742         0.785         0.861       152.6  
  1523.50        1517.81         14.12         18.3           0.682         0.693         0.738         0.785       152.6  
  1523.75        1518.09         11.44         16.0           0.671         0.663         0.700         0.705       152.7  
  1524.00        1518.37         11.31         15.8           0.657         0.652         0.678         0.664       152.7  
  1524.25        1518.65          8.29         15.9           0.648         0.637         0.677         0.676       152.8  
  1524.50        1518.83          8.70         17.8           0.646         0.639         0.660         0.634       153.1  
  1524.75        1519.06          9.24         18.6           0.640         0.636         0.675         0.678       152.4  
  1525.00        1519.29          9.77         17.4           0.637         0.616         0.658         0.633       152.0  
  1525.25        1519.52         10.30         15.8           0.641         0.631         0.652         0.630       151.5  
  1525.50        1519.75         10.83         18.0           0.645         0.636         0.663         0.661       151.0  
  1525.75        1519.98         11.36         17.2           0.652         0.642         0.682         0.681       150.5  
  1526.00        1520.22         11.89         18.0           0.667         0.663         0.699         0.673       150.0  
  1526.25        1520.45         12.42         16.7           0.674         0.681         0.748         0.783       149.5  
  1526.50        1520.68         12.95         19.2           0.681         0.694         0.751         0.830       149.0  
  1526.75        1520.90         13.46         18.9           0.686         0.678         0.716         0.732       149.0  
  1527.00        1521.18          5.86         18.9           0.695         0.688         0.692         0.672       148.3  
  1527.25        1521.46         11.30         19.5           0.701         0.707         0.706         0.695       148.2  
  1527.50        1521.60         18.07         19.2           0.704         0.703         0.756         0.831       148.3  
  1527.75        1521.74         25.31         18.2           0.711         0.723         0.771         0.821       148.5  
  1528.00        1522.03         46.14         18.4           0.716         0.750         0.771         0.790       148.6  
  1528.25        1522.31         95.66         19.7           0.704         0.755         0.756         0.764       148.7  
  1528.50        1522.59         37.34         17.4           0.682         0.709         0.708         0.702       148.8  
  1528.75        1522.75         40.17         17.1           0.651         0.634         0.660         0.659       148.9  
  1529.00        1522.87         42.18         16.9           0.631         0.612         0.642         0.649       149.0  
  1529.25        1523.15         42.82         20.0           0.625         0.629         0.646         0.670       149.1  
  1529.50        1523.43         29.06         17.8           0.616         0.625         0.634         0.634       149.2  
  1529.75        1523.71         21.00         19.6           0.611         0.619         0.617         0.612       149.3  
  1530.00        1523.99         16.86         20.7           0.606         0.611         0.608         0.611       149.5  
  1530.25        1524.13         15.92         20.4           0.595         0.602         0.609         0.624       149.6  
  1530.50        1524.27         15.00         21.3           0.588         0.591         0.610         0.638       150.4  
  1530.75        1524.55         17.67         23.0           0.587         0.598         0.603         0.618       150.4  
  1531.00        1524.83         24.42         22.0           0.586         0.600         0.602         0.594       150.5  
  1531.25        1525.11         18.96         22.0           0.588         0.599         0.599         0.592       150.6  
  1531.50        1525.39         20.07         26.3           0.586         0.595         0.601         0.597       150.6  
  1531.75        1525.51         20.39         24.4           0.583         0.581         0.604         0.611       150.7  
  1532.00        1525.67         20.82         23.9           0.588         0.598         0.585         0.575       150.7  
  1532.25        1525.95         21.48         24.0           0.592         0.602         0.598         0.585       150.8  
  1532.50        1526.23         19.32         20.8           0.593         0.602         0.604         0.624       150.9  
  1532.75        1526.51         21.25         22.5           0.588         0.584         0.618         0.634       151.0  
  1533.00        1526.66         19.84         24.3           0.591         0.597         0.605         0.603       151.0  
  1533.25        1526.79         18.58         21.3           0.591         0.605         0.604         0.609       151.1  
  1533.50        1527.07         15.51         19.9           0.588         0.593         0.609         0.618       151.2  
  1533.75        1527.35         14.22         19.3           0.584         0.590         0.602         0.608       151.2  
  1534.00        1527.63         12.82         25.3           0.582         0.585         0.596         0.599       151.3  
  1534.25        1527.91         15.35         24.7           0.578         0.583         0.589         0.594       151.4  
  1534.50        1528.03         15.18         24.5           0.576         0.582         0.584         0.581       151.4  
  1534.75        1528.19         14.97         23.9           0.574         0.576         0.581         0.589       151.5  
  1535.00        1528.47         13.38         25.6           0.573         0.576         0.578         0.585       151.6  
  1535.25        1528.75         14.16         24.3           0.569         0.573         0.582         0.593       151.6  
  1535.50        1529.03         18.38         24.2           0.569         0.574         0.581         0.593       151.6  
  1535.75        1529.18         19.56         25.9           0.570         0.578         0.576         0.579       151.7  
  1536.00        1529.31         20.53         25.7           0.568         0.571         0.581         0.603       151.7  
  1536.25        1529.59         22.87         25.3           0.567         0.570         0.583         0.605       151.7  
  1536.50        1529.86         17.13         26.1           0.571         0.579         0.579         0.587       151.7  
  1536.75        1530.14         16.24         27.2           0.575         0.584         0.584         0.592       151.8  
  1537.00        1530.42         18.26         28.5           0.580         0.586         0.593         0.607       151.8  
  1537.25        1530.55         18.06         29.0           0.584         0.592         0.599         0.611       151.8  
  1537.50        1530.70         17.83         30.3           0.592         0.593         0.598         0.603       151.9  
  1537.75        1530.98         18.76         31.1           0.610         0.605         0.602         0.600       151.9  
  1538.00        1531.26         17.06         41.7           0.642         0.672         0.650         0.671       151.9  
  1538.25        1531.54         30.80         59.5           0.686         0.766         0.759         0.805       151.9  
  1538.50        1531.70         24.98         82.1           0.743         0.825         0.844         0.891       151.9  
  1538.75        1531.82         20.63         83.1           0.783         0.816         0.833         0.830       152.0  
  1539.00        1532.10         15.06         79.9           0.809         0.811         0.827         0.819       152.0  
  1539.25        1532.37         20.34         87.3           0.842         0.868         0.858         0.840       152.0  
  1539.50        1532.65         25.34         93.0           0.864         0.868         0.922         0.998       152.0  
  1539.75        1532.93         31.36         81.3           0.904         0.882         0.855         0.828       152.0  
  1540.00        1533.07         32.13         79.0           0.921         0.880         0.839         0.767       152.0  
  1540.25        1533.21         32.92         83.9           0.937         0.893         0.891         0.860       152.0  
  1540.50        1533.49         34.41         89.5           0.971         0.957         0.986         1.033       152.0  
  1540.75        1533.77         34.83         96.4           1.011         1.042         1.026         1.058       152.0  
  1541.00        1534.04         33.85         94.6           1.045         1.065         1.052         1.065       152.1  
  1541.25        1534.32         31.04         89.2           1.096         1.130         1.137         1.170       152.1  
  1541.50        1534.44         29.09        101.0           1.136         1.192         1.215         1.292       152.1  
  1541.75        1534.60         26.33         97.9           1.165         1.211         1.216         1.240       152.1  
  1542.00        1534.88         15.76        101.0           1.182         1.196         1.204         1.206       152.1  
  1542.25        1535.16         19.08        100.4           1.193         1.217         1.186         1.173       152.1  
  1542.50        1535.43         16.56         99.7           1.190         1.181         1.203         1.222       152.1  
  1542.75        1535.58         18.28         96.9           1.200         1.214         1.166         1.145       152.1  
  1543.00        1535.71         19.90         89.6           1.202         1.210         1.180         1.169       152.1  
  1543.25        1535.99         25.51        102.9           1.197         1.189         1.216         1.261       152.1  
  1543.50        1536.27         20.72        100.8           1.203         1.213         1.208         1.217       152.1  
  1543.75        1536.55         20.35        101.7           1.209         1.234         1.215         1.242       152.1  
  1544.00        1536.82         17.56        100.3           1.211         1.238         1.214         1.242       152.1  
  1544.25        1536.94         16.31         97.6           1.217         1.198         1.197         1.203       152.2  
  1544.50        1537.10         14.70         95.3           1.238         1.281         1.163         1.088       152.2  
  1544.75        1537.38         12.78         90.3           1.236         1.259         1.212         1.214       152.2  
  1545.00        1537.66         11.79         92.4           1.221         1.223         1.240         1.301       152.2  
  1545.25        1537.93         16.03         97.2           1.231         1.222         1.240         1.287       152.2  
  1545.50        1538.08         18.91         81.5           1.292         1.335         1.358         1.425       152.2  
  1545.75        1538.21         21.38         98.8           1.313         1.328         1.395         1.429       152.2  
  1546.00        1538.49         25.80         97.1           1.295         1.348         1.361         1.436       152.2  
  1546.25        1538.76         27.92         99.4           1.308         1.358         1.385         1.459       152.2  
  1546.50        1539.04         26.30         98.8           1.325         1.382         1.410         1.490       152.2  
  1546.75        1539.32         25.42        101.4           1.365         1.413         1.437         1.491       152.2  
  1547.00        1539.45         25.43         90.3           1.378         1.420         1.438         1.484       152.2  
  1547.25        1539.59         25.44         98.9           1.383         1.417         1.435         1.475       152.2  
  1547.50        1539.87         26.17         99.8           1.383         1.408         1.428         1.473       152.2  
  1547.75        1540.15         26.97         97.6           1.377         1.394         1.394         1.417       152.2  
  1548.00        1540.43         21.76         99.7           1.371         1.383         1.360         1.377       152.2  
  1548.25        1540.58         21.73        101.3           1.355         1.350         1.342         1.346       152.2  
  1548.50        1540.70         21.70        104.3           1.338         1.335         1.346         1.377       152.2  
  1548.75        1540.98         23.02        101.3           1.328         1.333         1.349         1.407       152.2  
  1549.00        1541.26         24.20         99.4           1.320         1.333         1.340         1.407       152.2  
  1549.25        1541.53         27.47         97.4           1.315         1.296         1.293         1.298       152.2  
  1549.50        1541.81         22.91         88.6           1.312         1.278         1.244         1.189       152.2  
  1549.75        1541.94         20.41         85.1           1.305         1.278         1.235         1.159       152.2  
  1550.00        1542.08         17.72         83.9           1.297         1.333         1.268         1.205       152.2  
  1550.25        1542.36         10.22         89.2           1.279         1.334         1.314         1.366       152.2  
  1550.50        1542.64         24.09         95.3           1.256         1.326         1.321         1.380       152.2  
  1550.75        1542.91         33.76        102.4           1.230         1.288         1.290         1.347       152.2  
  1551.00        1543.07         33.12        102.9           1.192         1.243         1.244         1.320       152.3  
  1551.25        1543.19         32.66         99.0           1.143         1.120         1.152         1.254       152.3  
  1551.50        1543.47         23.11         89.2           1.120         0.984         1.010         0.996       152.3  
  1551.75        1543.74         14.90         74.2           1.131         1.009         0.968         0.852       152.3  
  1552.00        1544.02         10.73         95.0           1.127         1.091         1.134         1.190       152.3  
  1552.25        1544.29         15.97        100.6           1.131         1.151         1.233         1.413       152.3  
  1552.50        1544.43         14.77         88.5           1.133         1.149         1.191         1.276       152.4  
  1552.75        1544.57         13.59         81.5           1.117         1.136         1.159         1.225       152.4  
  1553.00        1544.85         15.34         86.1           1.093         1.093         1.120         1.175       152.4  
  1553.25        1545.12         15.99         87.6           1.074         1.056         1.055         1.060       152.4  
  1553.50        1545.40         16.06         85.2           1.046         1.008         1.026         1.050       152.5  
  1553.75        1545.67         11.56         85.9           1.019         0.992         1.020         1.081       152.5  
  1554.00        1545.79         14.73         84.3           0.999         0.976         0.999         1.045       152.0  
  1554.25        1545.95         19.01         84.3           0.988         0.961         0.956         0.977       151.6  
  1554.50        1546.22          4.30         79.7           0.982         0.918         0.902         0.868       151.3  
  1554.75        1546.50          9.59         76.2           0.981         0.902         0.895         0.809       151.2  
  1555.00        1546.77         14.23         84.8           0.977         0.940         0.971         0.981       151.1  
  1555.25        1546.92         15.20         83.6           0.995         0.979         0.984         0.974       151.1  
  1555.50        1547.05         16.08         86.0           1.001         0.992         1.005         0.982       151.1  
  1555.75        1547.33         24.17         85.8           1.007         1.009         1.022         1.039       151.1  
  1556.00        1547.60         33.07         82.7           1.011         1.018         0.993         0.987       151.1  
  1556.25        1547.88         39.95         74.4           1.014         0.965         0.965         0.915       151.1  
  1556.50        1548.15         44.18         60.7           1.034         0.999         0.940         0.839       151.1  
  1556.75        1548.27         43.11         73.3           1.043         1.040         1.011         1.035       151.0  
  1557.00        1548.43         41.79         91.1           1.052         1.060         1.113         1.257       151.0  
  1557.25        1548.70         50.04         95.7           1.071         1.127         1.194         1.376       151.0  
  1557.50        1548.98         40.87         88.7           1.099         1.192         1.233         1.371       151.0  
  1557.75        1549.25         32.27         87.2           1.120         1.192         1.246         1.340       151.1  
  1558.00        1549.40         27.69         78.4           1.129         1.202         1.258         1.360       151.1  
  1558.25        1549.52         23.91         80.0           1.121         1.217         1.228         1.337       151.1  
  1558.50        1549.80         21.73         88.5           1.093         1.115         1.150         1.274       151.2  
  1558.75        1550.07         24.89         80.9           1.096         1.081         1.033         1.054       151.2  
  1559.00        1550.35         24.47         87.4           1.079         1.037         1.023         0.973       151.2  
  1559.25        1550.62         27.30         91.8           1.073         1.067         1.071         1.097       151.3  
  1559.50        1550.75         26.53         92.0           1.074         1.103         1.083         1.139       151.3  
  1559.75        1550.90         25.66         90.2           1.075         1.098         1.056         1.090       151.4  
  1560.00        1551.17         22.19         90.0           1.069         1.058         1.016         1.004       151.4  
  1560.25        1551.45         20.76         90.2           1.070         1.037         0.990         0.952       151.5  
  1560.50        1551.72         20.94         91.6           1.079         1.043         0.980         0.920       151.5  
  1560.75        1551.88         20.93         90.8           1.091         1.086         1.014         0.979       151.6  
  1561.00        1552.00         20.93         95.5           1.092         1.114         1.131         1.197       151.7  
  1561.25        1552.27         20.07         94.2           1.090         1.120         1.154         1.209       151.7  
  1561.50        1552.54         17.80         95.1           1.074         1.081         1.070         1.053       151.8  
  1561.75        1552.82         18.84         94.7           1.053         1.028         1.009         0.983       151.8  
  1562.00        1553.09         19.93         96.8           1.036         0.984         0.977         0.942       151.9  
  1562.25        1553.23         20.90         97.6           1.019         0.968         0.964         0.949       151.9  
  1562.50        1553.37         21.90         94.8           1.014         0.979         0.957         0.939       152.0  
  1562.75        1553.64         21.25         94.9           1.012         0.981         0.961         0.945       152.0  
  1563.00        1553.91         23.74         96.2           1.015         0.977         0.963         0.949       152.1  
  1563.25        1554.19         22.71         91.9           1.026         0.988         0.976         0.946       152.1  
  1563.50        1554.46         22.62         96.0           1.037         1.021         0.995         0.962       152.1  
  1563.75        1554.57         23.10         94.5           1.045         1.052         1.025         1.003       152.2  
  1564.00        1554.73         23.79         96.0           1.052         1.071         1.067         1.084       152.2  
  1564.25        1555.01         25.43         98.4           1.051         1.065         1.088         1.127       152.2  
  1564.50        1555.28         23.44         90.1           1.048         1.059         1.073         1.094       152.3  
  1564.75        1555.55         23.45         96.8           1.036         1.031         1.003         0.967       152.3  
  1565.00        1555.69         24.18         93.4           1.026         1.008         0.976         0.934       152.3  
  1565.25        1555.83         24.88         94.0           1.013         0.998         0.970         0.937       152.4  
  1565.50        1556.10         26.18         93.8           1.002         0.995         0.975         0.972       152.4  
  1565.75        1556.37         28.25         95.4           0.993         0.998         0.968         0.965       152.4  
  1566.00        1556.65         30.14         92.2           0.982         0.989         0.959         0.965       152.4  
  1566.25        1556.92         32.68         91.1           0.975         0.972         0.935         0.929       152.4  
  1566.50        1557.04         30.71         94.8           0.974         0.972         0.923         0.902       152.5  
  1566.75        1557.19         28.17         96.3           0.973         0.962         0.931         0.925       152.5  
  1567.00        1557.47         28.68         98.8           0.978         0.978         0.930         0.919       152.5  
  1567.25        1557.74         29.07         96.4           0.988         0.996         0.928         0.906       152.5  
  1567.50        1558.01         27.10         99.3           1.008         1.003         0.955         0.939       152.6  
  1567.75        1558.16         27.35        101.1           1.031         1.056         0.987         0.987       152.6  
  1568.00        1558.29         27.56        100.2           1.057         1.093         1.055         1.075       152.6  
  1568.25        1558.56         29.26        103.0           1.085         1.175         1.051         1.034       152.6  
  1568.50        1558.83         27.85        104.5           1.097         1.144         1.114         1.125       152.6  
  1568.75        1559.10         27.31        106.8           1.117         1.179         1.137         1.184       152.6  
  1569.00        1559.38         28.13        109.7           1.127         1.212         1.129         1.159       152.7  
  1569.25        1559.50         27.61        103.7           1.124         1.205         1.117         1.144       152.7  
  1569.50        1559.65         26.99        106.0           1.115         1.191         1.103         1.135       152.7  
  1569.75        1559.92         28.04        106.1           1.109         1.204         1.070         1.081       152.7  
  1570.00        1560.19         26.52        107.6           1.089         1.165         1.048         1.071       152.7  
  1570.25        1560.46         26.78        109.3           1.073         1.156         1.039         1.079       152.8  
  1570.50        1560.62         28.62        102.0           1.057         1.132         1.036         1.092       152.8  
  1570.75        1560.74         30.08        101.2           1.045         1.118         1.004         1.042       152.8  
  1571.00        1561.01         31.35         97.4           1.043         1.130         0.959         0.959       152.8  
  1571.25        1561.28         31.17         97.6           1.031         1.100         0.966         0.951       152.8  
  1571.50        1561.55         27.72         98.1           1.021         1.087         0.979         1.002       152.8  
  1571.75        1561.83         27.67         96.6           1.018         1.108         0.972         0.988       152.9  
  1572.00        1561.96         28.35         98.0           1.010         1.068         0.989         1.011       152.9  
  1572.25        1562.10         29.09         97.1           1.007         1.057         0.994         1.025       152.9  
  1572.50        1562.37         30.50         96.0           1.009         1.067         0.985         0.987       152.9  
  1572.75        1562.64         20.75         96.2           1.002         1.051         0.970         0.978       152.9  
  1573.00        1562.91         15.26         97.8           1.013         1.083         0.971         1.009       153.0  
  1573.25        1563.07         14.85         93.6           1.017         1.103         0.975         1.016       153.1  
  1573.50        1563.18         14.54         95.8           1.020         1.115         0.977         1.020       153.1  
  1573.75        1563.46         18.99         97.9           1.016         1.090         0.979         1.019       153.1  
  1574.00        1563.73         22.87         98.7           1.014         1.073         0.981         1.019       153.1  
  1574.25        1564.00         28.25         99.4           1.012         1.064         0.982         1.019       153.1  
  1574.50        1564.27         25.27        100.1           1.000         1.070         0.978         0.988       153.1  
  1574.75        1564.41         24.87         97.3           0.989         1.076         0.976         0.960       153.1  
  1575.00        1564.54         24.47         94.7           0.995         1.080         0.970         0.956       153.2  
  1575.25        1564.81         22.78         92.3           1.002         1.084         0.962         0.951       153.2  
  1575.50        1565.08         21.80         94.2           1.003         1.074         0.956         0.953       153.2  
  1575.75        1565.35         19.44         96.0           0.989         1.044         0.955         0.974       153.2  
  1576.00        1565.63         19.53        100.4           0.990         1.038         0.954         0.965       153.2  
  1576.25        1565.74         20.86         98.0           1.005         1.086         0.932         0.918       153.3  
  1576.50        1565.90         22.66         99.8           1.015         1.068         0.942         0.928       153.3  
  1576.75        1566.17         20.69        100.3           1.023         1.046         0.969         0.961       153.3  
  1577.00        1566.44         20.89         92.3           1.038         1.030         0.981         0.947       153.3  
  1577.25        1566.71         23.54         96.5           1.062         1.086         0.995         0.953       153.3  
  1577.50        1566.85         22.80         96.9           1.077         1.129         1.039         1.004       153.4  
  1577.75        1566.98         22.12         92.5           1.078         1.141         1.137         1.190       153.7  
  1578.00        1567.25         19.29         92.3           1.077         1.153         1.188         1.320       153.8  
  1578.25        1567.52         15.39         91.7           1.071         1.097         1.138         1.266       153.8  
  1578.50        1567.79         13.05         92.6           1.067         1.113         1.049         1.083       153.9  
  1578.75        1568.06         13.39         98.0           1.038         1.052         0.989         1.010       153.9  
  1579.00        1568.18         13.54        100.7           1.025         1.027         0.929         0.919       154.0  
  1579.25        1568.33         13.72         97.8           1.010         0.999         0.895         0.838       154.0  
  1579.50        1568.60         16.87         93.2           0.992         0.968         0.899         0.850       154.1  
  1579.75        1568.87         19.17        102.9           0.977         0.991         0.925         0.908       154.1  
  1580.00        1569.14         19.99        100.0           0.964         0.987         0.945         0.963       154.2  
  1580.25        1569.29         21.60         91.7           0.962         0.996         0.931         0.960       154.2  
  1580.50        1569.41         22.93        106.2           0.956         0.988         0.926         0.938       154.3  
  1580.75        1569.68         22.06         96.4           0.956         0.995         0.928         0.938       154.3  
  1581.00        1569.95         13.40         95.2           0.958         1.001         0.932         0.937       154.4  
  1581.25        1570.22         13.04         91.7           0.961         0.997         0.947         0.972       154.1  
  1581.50        1570.40         14.30         90.8           0.969         1.011         0.961         0.983       154.0  
  1581.75        1570.62         15.89         92.2           0.977         1.017         0.960         0.973       153.9  
  1582.00        1570.76         16.92         92.1           0.991         1.038         0.969         0.972       153.7  
  1582.25        1571.03         23.13         91.7           1.004         1.045         0.982         0.982       153.6  
  1582.50        1571.30         29.51         95.0           1.014         1.039         1.002         1.003       153.4  
  1582.75        1571.57         26.94         91.2           1.035         1.080         1.020         0.998       153.0  
  1583.00        1571.72         31.64         94.1           1.056         1.131         1.109         1.178       152.5  
  1583.25        1571.84         35.19         87.5           1.054         1.090         1.182         1.353       152.0  
  1583.50        1572.11         71.81         90.8           1.069         1.103         1.110         1.177       151.4  
  1583.75        1572.38         86.93         93.4           1.082         1.129         1.069         1.053       151.1  
  1584.00        1572.65         70.51         90.3           1.083         1.149         1.074         1.045       151.0  
  1584.25        1572.92         68.44         91.7           1.067         1.103         1.107         1.145       150.9  
  1584.50        1573.05         63.62         92.0           1.061         1.069         1.030         1.069       150.8  
  1584.75        1573.19         58.61         92.9           1.056         1.064         0.989         0.952       150.8  
  1585.00        1573.45         48.59         95.1           1.038         1.057         1.038         1.029       150.8  
  1585.25        1573.72         43.36         94.3           1.031         1.023         1.050         1.116       150.8  
  1585.50        1573.99         45.14         99.5           1.031         1.051         0.981         0.974       150.9  
  1585.75        1574.26         47.00         97.2           1.027         1.105         0.950         0.920       150.9  
  1586.00        1574.37         47.10         90.8           1.001         1.018         1.044         1.144       150.9  
  1586.25        1574.53         47.24         86.0           0.994         1.039         0.995         0.976       150.9  
  1586.50        1574.80         45.02         94.2           1.000         1.035         0.889         0.836       151.0  
  1586.75        1575.07         44.15         97.4           0.979         0.952         0.899         0.925       151.0  
  1587.00        1575.34         44.04         99.2           0.982         1.033         0.914         0.900       151.0  
  1587.25        1575.47         48.75         98.8           1.000         1.040         0.890         0.858       151.0  
  1587.50        1575.60         53.22         95.1           1.004         0.975         0.887         0.845       151.1  
  1587.75        1575.87         46.07         98.3           1.007         0.979         0.901         0.835       151.1  
  1588.00        1576.14         52.73         92.9           1.028         1.081         0.919         0.901       151.1  
  1588.25        1576.41         49.58        101.9           1.026         1.044         1.000         1.067       151.2  
  1588.50        1576.68         50.09         99.2           1.011         1.001         1.068         1.194       151.2  
  1588.75        1576.79         44.04         96.3           1.015         1.062         1.029         1.090       151.2  
  1589.00        1576.94         36.15         94.1           1.004         1.042         0.983         1.023       151.2  
  1589.25        1577.21         55.38         91.8           0.988         1.011         0.951         0.988       151.3  
  1589.50        1577.48         39.59         93.4           0.977         1.006         0.941         0.956       151.3  
  1589.75        1577.75         42.39         96.0           0.970         1.047         0.931         0.966       151.3  
  1590.00        1577.89         43.98         93.5           0.960         1.043         0.939         0.990       151.4  
  1590.25        1578.02         45.37         90.6           0.958         1.050         0.928         0.985       151.4  
  1590.50        1578.28         41.93         94.9           0.956         1.045         0.918         0.959       151.4  
  1590.75        1578.55         39.21         97.9           0.957         1.030         0.913         0.937       151.5  
  1591.00        1578.82         38.71        100.4           0.966         1.043         0.911         0.925       151.5  
  1591.25        1579.09         32.26         95.4           0.974         1.070         0.926         0.938       151.6  
  1591.50        1579.21         31.19         98.8           0.981         1.074         0.952         0.979       151.6  
  1591.75        1579.35         29.93         99.3           0.986         1.090         0.965         0.999       151.7  
  1592.00        1579.62         22.65        103.7           0.995         1.128         0.978         1.022       151.7  
  1592.25        1579.89         28.34        100.4           0.992         1.093         1.010         1.091       151.8  
  1592.50        1580.16         39.91        105.3           0.990         1.113         1.004         1.072       151.8  
  1592.75        1580.30         41.40        103.3           0.987         1.103         0.950         0.976       151.8  
  1593.00        1580.42         42.58         98.7           0.981         1.079         0.910         0.910       151.9  
  1593.25        1580.69         42.97         95.5           0.974         1.066         0.893         0.898       151.9  
  1593.50        1580.96         42.33         98.1           0.959         1.052         0.889         0.920       151.9  
  1593.75        1581.22         41.85         98.8           0.955         1.062         0.887         0.923       151.9  
  1594.00        1581.49         40.09         96.7           0.954         1.052         0.887         0.928       152.0  
  1594.25        1581.62         39.71        103.1           0.949         1.047         0.898         0.940       152.0  
  1594.50        1581.76         39.30         96.2           0.952         1.071         0.905         0.949       152.0  
  1594.75        1582.02         40.85         98.1           0.952         1.069         0.909         0.955       152.1  
  1595.00        1582.29         44.10         99.8           0.953         1.062         0.905         0.950       152.1  
  1595.25        1582.56         42.96        101.8           0.951         1.042         0.915         0.957       152.1  
  1595.50        1582.71         41.71         98.4           0.960         1.082         0.900         0.935       152.1  
  1595.75        1582.82         40.82        101.5           0.958         1.048         0.913         0.954       152.2  
  1596.00        1583.09         40.57        101.6           0.962         1.071         0.905         0.932       152.2  
  1596.25        1583.35         43.10        101.8           0.960         1.046         0.909         0.931       152.2  
  1596.50        1583.62         44.05         98.2           0.961         1.033         0.909         0.926       152.2  
  1596.75        1583.89         45.92        101.7           0.967         1.042         0.902         0.910       152.3  
  1597.00        1584.02         46.94         97.4           0.971         1.051         0.916         0.908       152.3  
  1597.25        1584.15         47.95        103.2           0.967         1.018         0.949         0.962       152.3  
  1597.50        1584.42         46.89        103.8           0.971         1.029         0.960         0.991       152.3  
  1597.75        1584.68         48.59        101.9           0.975         1.037         0.955         0.990       152.3  
  1598.00        1584.95         48.82         98.6           0.974         1.029         0.945         0.976       152.4  
  1598.25        1585.22         49.55         96.2           0.976         1.037         0.933         0.950       152.4  
  1598.50        1585.33         48.72         93.9           0.977         1.024         0.937         0.960       152.4  
  1598.75        1585.48         47.57         98.6           0.986         1.054         0.943         1.000       152.4  
  1599.00        1585.75         44.94         98.1           0.994         1.057         0.953         0.996       152.5  
  1599.25        1586.01         44.84         97.4           1.006         1.042         0.940         0.941       152.5  
  1599.50        1586.28         49.40         94.9           1.023         1.108         0.932         0.914       152.5  
  1599.75        1586.42         48.12         98.5           1.040         1.117         1.043         1.085       152.5  
  1600.00        1586.54         46.96         98.0           1.050         1.125         1.090         1.198       152.6  
  1600.25        1586.81         48.58         97.7           1.062         1.140         1.067         1.122       152.6  
  1600.50        1587.07         46.84         99.9           1.066         1.085         1.006         0.977       152.6  
  1600.75        1587.34         43.01         91.2           1.077         1.063         0.924         0.846       152.6  
  1601.00        1587.60         36.01         92.8           1.103         1.138         1.089         1.129       152.6  
  1601.25        1587.72         38.71         94.9           1.006         1.035         0.932         0.937       152.7  
  1601.50        1587.87         42.08         96.5           1.026         1.099         0.982         0.996       152.7  
  1601.75        1588.13         33.93        106.0           1.036         1.130         1.006         1.024       152.7  
  1602.00        1588.40         39.77        102.4           1.054         1.126         1.041         1.137       152.7  
  1602.25        1588.66         42.15        104.3           1.062         1.124         1.057         1.188       152.7  
  1602.50        1588.81         44.00        106.7           1.064         1.084         0.974         0.985       152.8  
  1602.75        1588.93         45.54         88.6           1.082         1.116         1.022         0.992       152.8  
  1603.00        1589.19         42.43         91.6           1.133         1.174         1.174         1.269       152.8  
  1603.25        1589.46         46.57         94.0           1.126         1.166         1.154         1.233       152.8  
  1603.50        1589.72         43.14         93.5           1.121         1.160         1.139         1.207       152.8  
  1603.75        1589.99         46.39         93.6           1.116         1.153         1.124         1.180       152.9  
  1604.00        1590.11         44.20         93.8           1.110         1.147         1.110         1.153       152.9  
  1604.25        1590.25         41.71         93.9           1.103         1.138         1.089         1.116       152.9  
  1604.50        1590.51         49.03         94.1           1.102         1.129         1.092         1.120       152.9  
  1604.75        1590.78         47.16         91.1           1.111         1.153         1.132         1.187       152.9  
  1605.00        1591.04         44.24         96.2           1.111         1.154         1.142         1.185       153.0  
  1605.25        1591.19         43.56         98.3           1.132         1.162         1.192         1.278       153.0  
  1605.50        1591.31         43.05        101.9           1.137         1.178         1.153         1.186       153.0  
  1605.75        1591.57         41.75        102.5           1.134         1.163         1.126         1.136       153.0  
  1606.00        1591.83         38.48        100.9           1.126         1.147         1.095         1.083       153.0  
  1606.25        1592.10         37.94        103.6           1.112         1.127         1.074         1.052       153.1  
  1606.50        1592.36         40.09         98.1           1.100         1.120         1.057         1.031       153.1  
  1606.75        1592.49         39.60         96.4           1.075         1.084         1.058         1.046       153.1  
  1607.00        1592.63         39.09         95.4           1.047         1.078         1.051         1.052       153.1  
  1607.25        1592.89         41.59         95.6           1.013         1.049         1.039         1.064       153.2  
  1607.50        1593.15         42.00         92.0           0.987         1.023         1.012         1.046       153.2  
  1607.75        1593.42         43.19         94.8           0.975         1.009         0.990         1.006       153.2  
  1608.00        1593.68          2.39         97.1           0.950         0.970         0.940         0.930       153.4  
  1608.25        1593.79          5.23         92.6           0.913         0.939         0.872         0.860       153.2  
  1608.50        1593.94          9.31         93.4           0.884         0.929         0.836         0.840       153.0  
  1608.75        1594.21         16.31         88.7           0.859         0.902         0.811         0.832       152.8  
  1609.00        1594.47         22.02         87.1           0.848         0.877         0.794         0.816       152.7  
  1609.25        1594.73         19.12         91.8           0.854         0.905         0.810         0.836       152.7  
  1609.50        1594.87         17.90         91.6           0.860         0.905         0.821         0.843       152.6  
  1609.75        1594.99         16.73         97.2           0.877         0.908         0.840         0.854       152.5  
  1610.00        1595.26         17.31         91.6           0.911         0.941         0.828         0.798       152.4  
  1610.25        1595.52         34.55         95.3           0.928         0.935         0.872         0.843       152.3  
  1610.50        1595.78         70.89         96.4           0.938         0.947         0.908         0.888       152.2  
  1610.75        1596.05         96.86         95.3           0.967         1.005         0.957         0.958       152.1  
  1611.00        1596.16         94.27         97.6           0.979         1.023         0.992         1.041       152.0  
  1611.25        1596.37         89.35         95.6           0.984         0.993         1.028         1.094       152.0  
  1611.50        1596.59         84.44         97.0           0.996         1.009         1.045         1.136       151.9  
  1611.75        1596.83         78.90         94.6           1.017         1.032         1.014         1.037       151.8  
  1612.00        1597.02         70.34         96.1           1.030         1.038         0.971         0.939       151.7  
  1612.25        1597.24         60.51         94.6           1.028         0.998         0.972         0.936       151.6  
  1612.50        1597.36         54.93         94.7           1.036         1.002         0.962         0.927       151.5  
  1612.75        1597.62         19.63         97.2           1.048         1.039         0.980         0.954       151.5  
  1613.00        1597.88         42.46         97.1           1.052         1.045         0.998         0.988       151.5  
  1613.25        1598.14         42.46         96.9           1.056         1.050         1.003         1.001       151.5  
  1613.50        1598.41         37.65         95.8           1.060         1.058         1.004         1.004       151.5  
  1613.75        1598.53         37.65         98.4           1.067         1.089         1.027         1.046       151.5  
  1614.00        1598.67         37.65         93.5           1.073         1.112         1.043         1.077       151.4  
  1614.25        1598.93         31.73         90.4           1.075         1.102         1.066         1.112       151.5  
  1614.50        1599.19         28.43         90.9           1.091         1.121         1.088         1.143       151.5  
  1614.75        1599.45         26.33         91.8           1.107         1.126         1.105         1.132       151.5  
  1615.00        1599.60         24.55         95.5           1.118         1.149         1.107         1.120       151.6  
  1615.25        1599.71         23.12         91.9           1.135         1.171         1.110         1.105       151.6  
  1615.50        1599.98         17.44         91.5           1.151         1.172         1.138         1.124       152.0  
  1615.75        1600.24          8.56         90.0           1.163         1.189         1.156         1.149       152.0  
  1616.00        1600.50         13.08         93.2           1.175         1.201         1.173         1.190       152.2  
  1616.25        1600.76         17.30         93.8           1.184         1.189         1.193         1.203       152.3  
  1616.50        1600.88         20.78         91.2           1.190         1.198         1.197         1.200       152.3  
  1616.75        1601.02         24.58         92.1           1.198         1.228         1.214         1.218       152.4  
  1617.00        1601.28         27.28         92.4           1.200         1.240         1.221         1.231       152.5  
  1617.25        1601.54         22.81         96.1           1.196         1.247         1.222         1.240       152.5  
  1617.50        1601.80         18.37         91.2           1.182         1.208         1.225         1.278       152.6  
  1617.75        1601.96         18.08         91.6           1.172         1.203         1.202         1.252       152.6  
  1618.00        1602.07         17.88         91.7           1.164         1.214         1.164         1.190       152.7  
  1618.25        1602.33         19.63         92.0           1.151         1.196         1.133         1.162       152.7  
  1618.50        1602.59         16.32         95.1           1.135         1.150         1.139         1.195       152.8  
  1618.75        1602.85         17.06         96.7           1.130         1.212         1.097         1.129       152.8  
  1619.00        1603.11         20.37         94.9           1.117         1.218         1.067         1.080       152.8  
  1619.25        1603.24         22.13         97.0           1.102         1.172         1.075         1.117       152.9  
  1619.50        1603.37         23.90         93.2           1.096         1.207         1.055         1.092       152.9  
  1619.75        1603.63         25.84         88.8           1.087         1.213         1.056         1.116       153.0  
  1620.00        1603.89         28.57         91.8           1.071         1.142         1.070         1.166       153.0  
  1620.25        1604.15         25.33         93.9           1.073         1.188         1.034         1.085       153.0  
  1620.50        1604.41         23.39         93.6           1.067         1.147         1.027         1.074       153.1  
  1620.75        1604.52         21.99         93.9           1.068         1.175         1.022         1.065       153.1  
  1621.00        1604.67         20.07         94.1           1.060         1.156         1.054         1.134       153.2  
  1621.25        1604.93         18.51         95.6           1.055         1.122         1.079         1.198       153.3  
  1621.50        1605.19         19.93         94.7           1.066         1.209         1.050         1.129       153.3  
  1621.75        1605.45         20.18         93.7           1.072         1.257         1.031         1.095       153.4  
  1622.00        1605.59         18.94         94.8           1.059         1.163         1.072         1.191       153.5  
  1622.25        1605.71         17.82         96.3           1.057         1.172         1.079         1.202       153.5  
  1622.50        1605.97         18.03         96.0           1.067         1.258         1.030         1.103       153.6  
  1622.75        1606.23         18.47         96.7           1.058         1.220         1.036         1.116       153.6  
  1623.00        1606.49         18.62         95.4           1.047         1.148         1.050         1.164       153.6  
  1623.25        1606.75         20.48         98.2           1.048         1.153         1.038         1.156       153.7  
  1623.50        1606.86         21.91        102.3           1.048         1.157         1.037         1.150       153.7  
  1623.75        1607.01         23.71        100.6           1.049         1.176         1.021         1.118       153.7  
  1624.00        1607.27         24.66         98.1           1.052         1.214         1.003         1.080       153.8  
  1624.25        1607.53         20.17         98.5           1.051         1.198         1.004         1.095       153.8  
  1624.50        1607.78         17.52         95.7           1.051         1.185         0.997         1.058       153.9  
  1624.75        1607.93         16.82        102.2           1.052         1.159         1.018         1.102       153.9  
  1625.00        1608.04         16.22         97.6           1.058         1.184         1.038         1.137       154.0  
  1625.25        1608.30         25.46         97.7           1.072         1.242         1.038         1.129       154.0  
  1625.50        1608.56         24.20         99.2           1.083         1.221         1.058         1.145       154.1  
  1625.75        1608.82         18.88         95.4           1.097         1.181         1.071         1.150       154.1  
  1626.00        1609.08         22.29         97.9           1.120         1.238         1.057         1.089       154.2  
  1626.25        1609.20         20.84         97.1           1.135         1.246         1.081         1.109       154.2  
  1626.50        1609.34         19.18         90.7           1.148         1.258         1.116         1.145       154.3  
  1626.75        1609.60         18.21         89.4           1.170         1.263         1.167         1.203       154.3  
  1627.00        1609.85         18.09         90.4           1.184         1.277         1.227         1.287       154.3  
  1627.25        1610.11         16.59         88.9           1.186         1.317         1.238         1.352       154.4  
  1627.50        1610.26         15.66         83.9           1.201         1.341         1.300         1.467       154.4  
  1627.75        1610.37         14.95         93.1           1.206         1.261         1.368         1.572       154.5  
  1628.00        1610.63         13.99         91.3           1.217         1.260         1.367         1.567       154.6  
  1628.25        1610.89         13.67         93.6           1.254         1.368         1.295         1.374       154.6  
  1628.50        1611.15         13.94         95.8           1.275         1.412         1.259         1.237       154.7  
  1628.75        1611.40         12.88         95.0           1.277         1.380         1.267         1.243       154.7  
  1629.00        1611.53         13.04         96.0           1.275         1.389         1.290         1.321       154.8  
  1629.25        1611.66         13.21         87.4           1.266         1.361         1.307         1.402       154.9  
  1629.50        1611.92         10.97         92.7           1.251         1.287         1.334         1.466       155.0  
  1629.75        1612.18          8.75         91.7           1.250         1.288         1.329         1.440       155.1  
  1630.00        1612.44          9.07         92.8           1.254         1.356         1.300         1.374       155.2  
  1630.25        1612.59         10.61         95.3           1.253         1.349         1.276         1.320       155.3  
  1630.50        1612.69         11.67         92.7           1.243         1.299         1.251         1.258       155.3  
  1630.75        1612.95         12.95         96.8           1.240         1.307         1.180         1.153       155.3  
  1631.00        1613.21         17.05         94.4           1.233         1.271         1.150         1.124       155.4  
  1631.25        1613.43         15.59         91.9           1.225         1.254         1.138         1.107       155.4  
  1631.50        1613.72         13.70         93.8           1.225         1.275         1.132         1.106       155.4  
  1631.75        1613.85         13.86         93.5           1.222         1.291         1.147         1.134       155.4  
  1632.00        1613.98         14.02         95.8           1.212         1.265         1.175         1.205       155.5  
  1632.25        1614.24         13.74         98.8           1.220         1.282         1.164         1.182       155.5  
  1632.50        1614.49         12.95         93.3           1.216         1.245         1.175         1.219       155.6  
  1632.75        1614.75         14.35         96.0           1.210         1.239         1.188         1.226       155.6  
  1633.00        1615.01         14.76         94.7           1.210         1.239         1.188         1.226       155.7  
  1633.25        1615.12         14.73         97.3           1.210         1.247         1.187         1.225       155.7  
  1633.50        1615.27         14.70         94.1           1.211         1.264         1.179         1.212       155.7  
  1633.75        1615.52         14.21         92.7           1.216         1.288         1.165         1.183       155.8  
  1634.00        1615.78         14.90         94.1           1.220         1.310         1.156         1.165       155.8  
  1634.25        1616.03         16.94         93.6           1.220         1.307         1.155         1.167       155.9  
  1634.50        1616.17         17.89         93.5           1.221         1.300         1.155         1.171       155.9  
  1634.75        1616.29         18.73         94.7           1.222         1.295         1.155         1.174       155.9  
  1635.00        1616.55         17.44         95.7           1.216         1.293         1.172         1.152       155.9  
  1635.25        1616.80         14.88         89.2           1.231         1.290         1.161         1.163       155.4  
  1635.50        1617.06         17.36         89.7           1.235         1.284         1.162         1.164       155.4  
  1635.75        1617.32         21.66         92.9           1.238         1.290         1.171         1.180       155.4  
  1636.00        1617.43         22.96         96.0           1.242         1.288         1.177         1.193       155.4  
  1636.25        1617.57         24.53         91.7           1.246         1.299         1.183         1.198       155.4  
  1636.50        1617.83         26.03         94.7           1.250         1.286         1.189         1.199       155.5  
  1636.75        1618.08         26.72         93.5           1.257         1.295         1.176         1.171       155.5  
  1637.00        1618.34         25.30         91.7           1.260         1.290         1.175         1.161       155.5  
  1637.25        1618.48         24.46         87.5           1.265         1.284         1.176         1.157       155.5  
  1637.50        1618.60         23.78         91.8           1.273         1.283         1.190         1.162       155.5  
  1637.75        1618.85         22.78         95.9           1.281         1.307         1.207         1.174       155.6  
  1638.00        1619.11         23.02         94.8           1.284         1.303         1.228         1.211       155.6  
  1638.25        1619.36         23.61         93.4           1.289         1.302         1.245         1.238       155.6  
  1638.50        1619.62         27.86         94.8           1.291         1.286         1.251         1.240       155.7  
  1638.75        1619.74         28.64         94.4           1.296         1.294         1.251         1.232       155.7  
  1639.00        1619.87         29.50         94.3           1.296         1.298         1.256         1.243       155.7  
  1639.25        1620.13         26.99         91.4           1.291         1.295         1.257         1.241       155.8  
  1639.50        1620.38         25.21         93.0           1.283         1.278         1.251         1.238       155.8  
  1639.75        1620.64         21.25         89.6           1.273         1.268         1.235         1.220       155.9  
  1640.00        1620.78         22.40         88.6           1.260         1.232         1.237         1.250       155.9  
  1640.25        1620.89         23.24         89.3           1.255         1.238         1.220         1.215       156.0  
  1640.50        1621.15          9.99         83.5           1.247         1.235         1.207         1.199       155.0  
  1640.75        1621.41          7.98         89.9           1.239         1.207         1.209         1.222       155.0  
  1641.00        1621.62          6.39         93.7           1.240         1.226         1.191         1.176       155.4  
  1641.25        1621.91          4.18         90.7           1.241         1.237         1.192         1.176       155.6  
  1641.50        1622.04          4.72         91.4           1.240         1.249         1.202         1.192       155.7  
  1641.75        1622.16          5.26         95.7           1.239         1.250         1.213         1.212       155.6  
  1642.00        1622.42          3.57         90.8           1.241         1.267         1.208         1.193       155.6  
  1642.25        1622.67          3.56         94.1           1.243         1.267         1.208         1.190       155.6  
  1642.50        1622.93         34.04         95.1           1.244         1.277         1.206         1.192       155.7  
  1642.75        1623.08         46.29         93.7           1.239         1.279         1.212         1.219       155.7  
  1643.00        1623.29         63.04         94.0           1.225         1.241         1.230         1.271       155.7  
  1643.25        1623.50         79.80         98.6           1.225         1.264         1.198         1.200       155.8  
  1643.50        1623.69         95.32         95.4           1.227         1.252         1.163         1.136       155.8  
  1643.75        1623.94         73.62         95.4           1.227         1.269         1.129         1.071       155.8  
  1644.00        1624.20         53.70         92.7           1.211         1.237         1.146         1.150       155.9  
  1644.25        1624.33         45.38         91.9           1.199         1.258         1.143         1.154       155.9  
  1644.50        1624.45         37.74         92.0           1.194         1.236         1.148         1.156       156.0  
  1644.75        1624.70         31.13         95.4           1.197         1.269         1.139         1.132       156.0  
  1645.00        1624.96         30.48         96.8           1.194         1.272         1.152         1.164       156.1  
  1645.25        1625.21         30.10         97.4           1.192         1.256         1.157         1.171       156.1  
  1645.50        1625.46         29.27         97.8           1.192         1.274         1.151         1.159       156.2  
  1645.75        1625.58         28.41         97.9           1.189         1.271         1.153         1.171       156.2  
  1646.00        1625.72         27.33         96.5           1.176         1.229         1.159         1.194       156.3  
  1646.25        1625.97         25.86         96.9           1.175         1.235         1.143         1.166       156.3  
  1646.50        1626.22         25.72         95.5           1.171         1.236         1.126         1.143       156.4  
  1646.75        1626.48         26.56        101.9           1.167         1.218         1.112         1.114       156.4  
  1647.00        1626.61         28.05         99.1           1.166         1.217         1.101         1.098       156.5  
  1647.25        1626.73         29.30        102.1           1.165         1.211         1.112         1.109       156.5  
  1647.50        1626.98         29.22         97.0           1.163         1.217         1.116         1.112       156.6  
  1647.75        1627.23         28.55        101.4           1.158         1.230         1.114         1.122       156.7  
  1648.00        1627.49         26.49        100.9           1.154         1.224         1.119         1.136       156.7  
  1648.25        1627.74         25.10         96.1           1.151         1.221         1.115         1.131       156.8  
  1648.50        1627.86         25.23         99.6           1.146         1.204         1.118         1.138       156.8  
  1648.75        1627.99         25.38         95.4           1.146         1.200         1.107         1.130       156.9  
  1649.00        1628.24         25.73         97.4           1.157         1.239         1.084         1.070       156.9  
  1649.25        1628.50         26.97         96.7           1.150         1.206         1.101         1.099       157.0  
  1649.50        1628.75         26.16         96.0           1.149         1.188         1.114         1.130       157.0  
  1649.75        1628.89         26.59        101.5           1.158         1.235         1.116         1.125       157.1  
  1650.00        1629.00         26.92         95.4           1.161         1.225         1.128         1.140       157.1  
  1650.25        1629.25         28.16         97.3           1.164         1.237         1.130         1.135       157.2  
  1650.50        1629.50         28.77         97.3           1.162         1.220         1.145         1.167       157.2  
  1650.75        1629.75         27.26         96.8           1.161         1.222         1.149         1.176       157.3  
  1651.00        1630.01         25.59         96.9           1.157         1.240         1.135         1.152       157.3  
  1651.25        1630.13         25.17         95.3           1.148         1.224         1.129         1.152       157.4  
  1651.50        1630.26         24.72         97.4           1.137         1.200         1.116         1.157       157.4  
  1651.75        1630.51         25.68         96.5           1.133         1.197         1.096         1.129       157.5  
  1652.00        1630.76         27.14         94.6           1.134         1.205         1.093         1.118       157.5  
  1652.25        1631.01         24.56         98.3           1.133         1.215         1.078         1.095       157.6  
  1652.50        1631.16         23.04         97.6           1.122         1.196         1.063         1.074       157.6  
  1652.75        1631.26         21.97         94.5           1.113         1.188         1.057         1.076       157.6  
  1653.00        1631.51         19.13         94.1           1.099         1.156         1.060         1.096       157.7  
  1653.25        1631.76         16.56         95.9           1.095         1.163         1.047         1.071       157.8  
  1653.50        1632.02         15.12         96.8           1.088         1.159         1.034         1.052       157.8  
  1653.75        1632.27         14.69         99.0           1.084         1.153         1.028         1.047       157.9  
  1654.00        1632.39         14.33         97.9           1.082         1.174         1.017         1.031       157.9  
  1654.25        1632.52         13.98         95.9           1.073         1.128         1.037         1.068       157.9  
  1654.50        1632.77         14.58         97.7           1.079         1.160         1.037         1.073       158.0  
  1654.75        1633.02         15.22         99.3           1.078         1.161         1.041         1.064       158.0  
  1655.00        1633.27         14.29         94.5           1.077         1.181         1.018         1.021       158.1  
  1655.25        1633.52         14.15         96.5           1.066         1.140         1.033         1.062       158.1  
  1655.50        1633.63         15.47         98.1           1.070         1.144         1.030         1.065       158.1  
  1655.75        1633.77         17.21         96.2           1.067         1.164         1.031         1.040       158.2  
  1656.00        1634.02         15.13         96.1           1.065         1.146         1.022         1.039       158.2  
  1656.25        1634.27         16.60         94.1           1.062         1.135         1.018         1.036       158.2  
  1656.50        1634.52         17.54         98.8           1.059         1.136         1.027         1.054       158.2  
  1656.75        1634.65         17.87         99.8           1.056         1.133         1.036         1.074       158.3  
  1657.00        1634.77         18.17         96.8           1.055         1.153         1.034         1.069       158.3  
  1657.25        1635.02         17.95         96.3           1.048         1.141         1.039         1.078       158.3  
  1657.50        1635.27         18.43         97.1           1.040         1.129         1.038         1.073       158.3  
  1657.75        1635.52         20.72         98.0           1.024         1.131         1.033         1.053       158.3  
  1658.00        1635.77         19.63        100.6           0.985         1.143         1.023         1.059       158.4  
  1658.25        1635.88         20.67         96.6           0.922         1.123         0.994         1.094       158.4  
  1658.50        1636.02         21.93         94.0           0.839         1.015         0.935         1.117       158.4  
  1658.75        1636.27         23.03         97.7           0.734         0.925         0.849         1.081       158.4  
  1659.00        1636.51         19.71         97.5           0.640         0.758         0.655         0.850       158.4  
  1659.25        1636.76         16.62         96.7           0.603         0.670         0.472         0.585       158.5  
  1659.50        1636.90         20.48         96.1           0.596         0.628         0.600         0.805       158.5  
  1659.75        1637.01         23.58         98.9           0.659         0.830         0.560         0.672       158.5  
  1660.00        1637.31          9.54         99.4           0.698         0.871         0.716         0.841       158.5  
  1660.25        1637.51          0.06         95.4           0.727         0.913         0.716         0.855       158.5  
  1660.50        1637.76          4.45         96.1           0.648         0.690         0.656         1.007       158.6  
  1660.75        1638.01          8.32         97.7           0.697         0.757         0.643         1.012       158.6  
  1661.00        1638.13         10.53         90.3           0.707         0.773         0.709         0.903       158.6  
  1661.25        1638.26         12.98         90.1           0.761         1.241         0.574         0.623       158.6  
  1661.50        1638.51         16.88         97.3           0.711         0.737         0.622         0.711       158.6  
  1661.75        1638.75         12.14         94.6           0.647         0.796         0.798         0.949       158.6  
  1662.00        1639.00         11.82         95.9           0.618         0.911         0.835         0.669       158.7  
  1662.25        1639.15         13.33         89.2           0.617         0.712         0.549         0.711       158.7  
  1662.50        1639.25         14.44        101.0           0.633         0.749         0.745         1.058       158.7  
  1662.75        1639.50         15.22         98.0           0.700         0.796         0.646         0.907       158.7  
  1663.00        1639.75         16.30         93.7           0.811         1.407         0.606         0.623       158.7  
  1663.25        1640.00         19.41        100.1           0.721         0.868         0.888         1.091       158.8  
  1663.50        1640.24         19.45        100.2           0.730         0.813         0.831         1.102       158.8  
  1663.75        1640.37         18.86         94.3           0.777         0.929         0.562         0.587       158.8  
  1664.00        1640.49         18.26         94.4           0.777         0.832         0.634         0.679       158.8  
  1664.25        1640.74         19.62         97.6           0.787         0.838         0.814         0.956       158.8  
  1664.50        1640.99         20.51         93.9           0.849         1.016         0.922         1.081       158.8  
  1664.75        1641.24         19.29         91.3           0.896         1.095         0.971         1.098       158.8  
  1665.00        1641.48         20.41         95.7           0.916         1.099         1.007         1.115       158.8  
  1665.25        1641.59         20.13         98.5           0.919         1.084         1.050         1.160       158.8  
  1665.50        1641.73         19.73         98.6           0.915         1.108         1.001         1.086       158.9  
  1665.75        1641.98         20.35         93.9           0.895         1.060         0.914         0.993       158.9  
  1666.00        1642.23         20.10         95.5           0.835         0.896         0.856         0.951       158.9  
  1666.25        1642.47         20.11         95.8           0.810         0.873         0.775         0.836       158.9  
  1666.50        1642.60         19.69         99.6           0.808         1.024         0.634         0.625       158.9  
  1666.75        1642.72         19.30         99.0           0.731         0.865         0.781         0.937       158.9  
  1667.00        1642.97         17.18         92.3           0.710         0.836         0.813         1.108       158.9  
  1667.25        1643.22         14.72         95.1           0.715         0.878         0.786         1.005       158.9  
  1667.50        1643.46         19.35         99.6           0.707         0.786         0.896         1.203       158.9  
  1667.75        1643.71         15.38         97.4           0.714         0.843         0.835         0.964       158.9  
  1668.00        1643.82         15.19         94.4           0.700         0.797         0.600         0.579       159.0  
  1668.25        1643.96         14.94         93.4           0.704         0.728         0.641         0.708       159.0  
  1668.50        1644.20         15.11         93.6           0.701         0.737         0.823         0.997       159.0  
  1668.75        1644.43         19.59         92.8           0.713         0.800         0.772         1.086       159.1  
  1669.00        1644.63         23.67         90.6           0.703         0.683         0.738         0.863       158.2  
  1669.25        1644.83         27.75         98.3           0.714         0.743         0.645         0.728       157.6  
  1669.50        1645.04         31.83         89.4           0.700         0.674         0.609         0.684       157.7  
  1669.75        1645.19         53.60         96.1           0.697         0.781         0.665         0.768       157.7  
  1670.00        1645.44         53.32         97.4           0.699         0.923         0.725         0.852       157.2  
  1670.25        1645.69         14.00         94.7           0.660         0.866         0.692         0.863       156.6  
  1670.50        1645.93         16.14         98.5           0.675         0.808         0.723         0.883       156.0  
  1670.75        1646.05         18.42         94.5           0.753         1.030         0.791         0.860       155.5  
  1671.00        1646.18         21.07         93.4           0.766         0.935         0.838         0.904       154.9  
  1671.25        1646.43         24.74         90.0           0.796         0.985         0.747         0.684       154.3  
  1671.50        1646.67         26.50         96.3           0.821         0.959         0.860         0.905       153.8  
  1671.75        1646.92         25.98         96.7           0.871         1.261         0.856         0.767       153.4  
  1672.00        1647.06         26.57         94.7           0.898         1.130         0.860         0.951       153.5  
  1672.25        1647.16         27.02         95.9           0.877         0.957         0.983         1.137       153.6  
  1672.50        1647.41         25.62         95.5           0.915         1.054         0.975         1.094       153.7  
  1672.75        1647.66         26.09         92.6           0.938         1.067         0.976         1.066       153.8  
  1673.00        1647.90         26.45         96.2           0.960         1.106         0.968         1.034       154.0  
  1673.25        1648.15         27.28         92.1           0.969         1.101         0.966         1.012       154.1  
  1673.50        1648.27         26.66         97.5           0.974         1.109         0.956         0.997       154.2  
  1673.75        1648.39         26.01         98.0           0.971         1.083         0.945         0.988       154.3  
  1674.00        1648.64         24.70         96.1           0.976         1.103         0.915         0.942       154.4  
  1674.25        1648.89         24.03         99.3           0.968         1.072         0.909         0.932       154.5  
  1674.50        1649.13         23.86         95.8           0.959         1.045         0.920         0.973       154.7  
  1674.75        1649.28         24.51         98.5           0.963         1.070         0.896         0.914       154.8  
  1675.00        1649.38         24.97         93.9           0.971         1.071         0.878         0.885       154.9  
  1675.25        1649.62         21.57         93.0           0.960         1.052         0.946         1.007       155.0  
  1675.50        1649.87         22.59         94.0           0.969         1.116         0.950         1.012       155.1  
  1675.75        1650.11         23.58         99.3           0.964         1.097         0.953         1.005       155.3  
  1676.00        1650.36         23.93         98.5           0.956         1.050         0.949         1.010       155.4  
  1676.25        1650.48         23.28         99.3           0.951         0.969         0.923         0.996       155.6  
  1676.50        1650.60         22.65         96.9           0.979         1.216         0.834         0.769       155.8  
  1676.75        1650.85         18.76         97.5           0.940         0.968         0.962         1.081       155.8  
  1677.00        1651.09         16.95         97.7           0.949         1.046         0.933         1.025       156.0  
  1677.25        1651.34         16.66         96.8           0.957         1.066         0.911         0.966       156.1  
  1677.50        1651.58         19.60         94.6           0.961         1.064         0.902         0.950       156.2  
  1677.75        1651.69         20.12         93.8           0.958         1.045         0.916         0.963       156.3  
  1678.00        1651.83         20.81         94.8           0.970         1.091         0.902         0.934       156.4  
  1678.25        1652.07         19.16         92.3           0.965         1.038         0.912         0.947       156.4  
  1678.50        1652.32         18.01         95.8           0.984         1.116         0.900         0.908       156.5  
  1678.75        1652.56         18.01         92.7           0.982         1.061         0.939         0.981       156.5  
  1679.00        1652.69         17.95         94.0           0.991         1.087         0.956         1.002       156.6  
  1679.25        1652.81         17.90         97.1           0.999         1.091         0.969         1.008       156.7  
  1679.50        1653.05         17.37         93.7           1.004         1.090         0.979         1.014       156.8  
  1679.75        1653.30         17.04         96.8           1.010         1.106         0.976         1.001       156.8  
  1680.00        1653.54         19.34         98.0           1.011         1.105         0.977         1.005       156.9  
  1680.25        1653.79         21.76         94.7           1.007         1.092         0.980         1.014       156.9  
  1680.50        1653.90         21.42         92.9           1.009         1.104         0.974         0.999       157.0  
  1680.75        1654.03         21.01         97.9           1.006         1.086         0.979         1.013       157.0  
  1681.00        1654.28         24.53         93.8           1.001         1.078         0.970         1.010       157.1  
  1681.25        1654.52         25.97         93.7           1.000         1.092         0.951         0.976       157.1  
  1681.50        1654.76         26.42         96.6           0.994         1.081         0.943         0.968       157.1  
  1681.75        1654.90         26.53         96.4           0.987         1.059         0.946         0.981       157.2  
  1682.00        1655.01         26.62         96.4           0.984         1.070         0.941         0.975       157.2  
  1682.25        1655.25         27.91         92.4           0.983         1.091         0.933         0.966       157.3  
  1682.50        1655.50         28.20         95.0           0.978         1.073         0.934         0.974       157.3  
  1682.75        1655.74         26.77         96.4           0.973         1.078         0.931         0.969       157.4  
  1683.00        1655.98         26.00         92.4           0.972         1.073         0.921         0.959       157.4  
  1683.25        1656.10         25.87         94.4           0.966         1.062         0.922         0.961       157.4  
  1683.50        1656.23         25.73         90.6           0.964         1.066         0.920         0.962       157.5  
  1683.75        1656.47         23.08         93.4           0.962         1.069         0.917         0.961       157.5  
  1684.00        1656.71         22.28         96.7           0.959         1.067         0.920         0.965       157.6  
  1684.25        1656.96         22.35         92.9           0.958         1.057         0.918         0.965       157.6  
  1684.50        1657.10         22.93         90.8           0.959         1.072         0.913         0.954       157.6  
  1684.75        1657.20         23.36         90.9           0.958         1.070         0.916         0.963       157.7  
  1685.00        1657.44         22.27         89.7           0.956         1.060         0.919         0.970       157.7  
  1685.25        1657.69         23.89         90.6           0.958         1.067         0.916         0.961       157.7  
  1685.50        1657.93         24.04         93.3           0.959         1.074         0.914         0.957       157.8  
  1685.75        1658.17         24.73         93.0           0.960         1.083         0.914         0.962       157.8  
  1686.00        1658.29         24.92         92.9           0.957         1.070         0.919         0.970       157.8  
  1686.25        1658.42         25.11         88.7           0.958         1.079         0.912         0.963       157.9  
  1686.50        1658.66         25.20         90.7           0.955         1.065         0.917         0.970       157.9  
  1686.75        1658.90         26.28         87.8           0.956         1.069         0.913         0.962       158.0  
  1687.00        1659.15         22.08         91.0           0.957         1.076         0.913         0.962       158.1  
  1687.25        1659.39         22.28         90.9           0.952         1.042         0.929         0.991       158.1  
  1687.50        1659.49         23.24         90.0           0.958         1.079         0.919         0.973       158.2  
  1687.75        1659.63         24.57         91.8           0.959         1.079         0.919         0.971       158.2  
  1688.00        1659.87         23.33         88.3           0.959         1.067         0.918         0.968       158.2  
  1688.25        1660.12         23.02         90.4           0.961         1.076         0.918         0.968       158.2  
  1688.50        1660.29         41.71         89.4           0.967         1.093         0.928         0.986       158.2  
  1688.75        1660.48         63.67         91.1           0.965         1.091         0.923         0.995       158.2  
  1689.00        1660.60         76.56         92.6           0.965         1.090         0.925         0.994       158.3  
  1689.25        1660.84         56.31         89.2           0.965         1.088         0.927         0.993       158.3  
  1689.50        1661.09         37.79         88.5           0.965         1.086         0.928         0.991       158.3  
  1689.75        1661.33         20.35         87.8           0.965         1.085         0.930         0.990       158.3  
  1690.00        1661.57         17.77         87.1           0.965         1.082         0.933         0.988       158.3  
  1690.25        1661.68         20.49         86.4           0.966         1.087         0.938         1.003       158.3  
  1690.50        1661.81         23.95         90.3           0.970         1.106         0.936         0.995       158.4  
  1690.75        1662.06         25.85         94.0           0.971         1.118         0.933         0.987       158.4  
  1691.00        1662.30         29.36         94.1           0.972         1.108         0.933         0.994       158.4  
  1691.25        1662.54         28.59         95.0           0.971         1.095         0.936         0.992       158.4  
  1691.50        1662.67         27.65         98.9           0.973         1.104         0.930         0.984       158.4  
  1691.75        1662.78         26.85         96.1           0.976         1.105         0.924         0.972       158.4  
  1692.00        1663.03         25.80         99.0           0.979         1.113         0.920         0.966       158.4  
  1692.25        1663.27         26.57        101.8           0.981         1.099         0.932         0.985       158.5  
  1692.50        1663.51         26.32         95.2           0.986         1.108         0.934         0.987       158.5  
  1692.75        1663.75         26.39         98.0           0.994         1.121         0.943         0.993       158.5  
  1693.00        1663.87         26.30        101.9           1.002         1.121         0.957         1.010       158.5  
  1693.25        1664.00         26.20        102.5           1.012         1.118         0.968         1.020       158.5  
  1693.50        1664.24         24.76        100.2           1.031         1.140         0.968         0.999       158.5  
  1693.75        1664.48         24.31        102.6           1.046         1.161         0.976         0.987       158.6  
  1694.00        1664.72         24.72        103.4           1.059         1.172         0.996         1.012       158.6  
  1694.25        1664.86         22.88         99.7           1.075         1.200         1.036         1.073       158.6  
  1694.50        1664.97         21.45         96.9           1.089         1.202         1.082         1.154       158.6  
  1694.75        1665.21         19.23         97.5           1.104         1.201         1.114         1.204       158.6  
  1695.00        1665.45         16.06         99.8           1.129         1.267         1.102         1.139       158.6  
  1695.25        1665.70         15.34         94.6           1.146         1.268         1.091         1.112       158.7  
  1695.50        1665.94         16.84         95.3           1.162         1.248         1.115         1.132       158.7  
  1695.75        1666.06         16.66         97.1           1.183         1.264         1.138         1.156       158.7  
  1696.00        1666.18         16.46         95.6           1.198         1.292         1.152         1.179       158.7  
  1696.25        1666.42         15.26         93.1           1.206         1.270         1.191         1.226       158.8  
  1696.50        1666.67         14.64         95.6           1.222         1.268         1.209         1.237       158.8  
  1696.75        1666.91         10.02         97.0           1.240         1.285         1.217         1.230       158.8  
  1697.00        1667.05          9.99         93.8           1.254         1.303         1.236         1.250       158.4  
  1697.25        1667.15          9.96         90.8           1.261         1.291         1.258         1.293       158.1  
  1697.50        1667.45         38.90         92.7           1.269         1.287         1.247         1.261       157.9  
  1697.75        1667.65         58.27         90.2           1.273         1.289         1.233         1.234       157.6  
  1698.00        1667.85         77.64         88.2           1.273         1.289         1.224         1.220       157.3  
  1698.25        1668.12        104.41         90.5           1.268         1.273         1.225         1.230       157.0  
  1698.50        1668.24         91.29         93.5           1.264         1.271         1.225         1.240       157.0  
  1698.75        1668.36         78.50         92.4           1.262         1.285         1.221         1.237       156.9  
  1699.00        1668.61         44.67         94.8           1.259         1.286         1.224         1.252       157.0  
  1699.25        1668.85         19.00         92.3           1.254         1.281         1.235         1.276       157.0  
  1699.50        1669.09         11.08         93.5           1.252         1.282         1.238         1.282       157.0  
  1699.75        1669.33         17.78         92.1           1.256         1.286         1.231         1.266       157.1  
  1700.00        1669.44         20.33         92.2           1.259         1.285         1.224         1.242       157.1  
  1700.25        1669.58         23.73         94.8           1.263         1.289         1.222         1.235       157.2  
  1700.50        1669.82         28.81         95.6           1.266         1.294         1.221         1.233       157.2  
  1700.75        1670.06         30.43         94.4           1.268         1.313         1.224         1.230       157.3  
  1701.00        1670.30         29.44         97.4           1.270         1.298         1.241         1.259       157.3  
  1701.25        1670.43         28.66         99.3           1.276         1.318         1.246         1.259       157.4  
  1701.50        1670.55         27.97         99.6           1.280         1.324         1.259         1.276       157.4  
  1701.75        1670.79         30.44        101.2           1.281         1.315         1.276         1.308       157.5  
  1702.00        1671.03         30.97         93.9           1.285         1.317         1.276         1.304       157.5  
  1702.25        1671.27         30.04         96.1           1.290         1.328         1.271         1.290       157.6  
  1702.50        1671.52         33.52         94.9           1.290         1.327         1.270         1.287       157.7  
  1702.75        1671.63         32.03         93.5           1.288         1.308         1.277         1.308       157.7  
  1703.00        1671.76         30.21         92.9           1.284         1.295         1.282         1.317       157.8  
  1703.25        1672.00         29.04         94.3           1.289         1.329         1.257         1.259       157.9  
  1703.50        1672.24         29.03         92.1           1.284         1.311         1.253         1.267       157.9  
  1703.75        1672.49         27.10         96.3           1.276         1.298         1.268         1.302       158.0  
  1704.00        1672.62         26.62         94.0           1.272         1.313         1.272         1.311       158.1  
  1704.25        1672.73         26.23         95.5           1.271         1.318         1.269         1.305       158.1  
  1704.50        1672.97         26.34         96.5           1.264         1.310         1.266         1.302       158.2  
  1704.75        1673.21         26.62         94.6           1.256         1.294         1.257         1.302       158.3  
  1705.00        1673.46         27.50         92.3           1.249         1.276         1.239         1.268       158.3  
  1705.25        1673.70         28.27         97.3           1.242         1.271         1.217         1.233       158.4  
  1705.50        1673.81         28.95         93.7           1.236         1.249         1.205         1.206       158.5  
  1705.75        1673.94         29.72         90.2           1.229         1.264         1.180         1.172       158.5  
  1706.00        1674.18         30.70         94.6           1.214         1.218         1.182         1.196       158.6  
  1706.25        1674.43         32.07         94.0           1.204         1.233         1.169         1.186       158.7  
  1706.50        1674.67         31.62         91.4           1.194         1.223         1.156         1.174       158.7  
  1706.75        1674.81         31.23         92.7           1.183         1.223         1.128         1.135       158.8  
  1707.00        1674.91         30.94         88.2           1.172         1.213         1.101         1.095       158.8  
  1707.25        1675.16         30.03         90.3           1.159         1.207         1.067         1.058       158.9  
  1707.50        1675.40         26.57         86.6           1.150         1.182         1.046         1.038       158.9  
  1707.75        1675.64         28.04         84.0           1.139         1.147         1.057         1.067       159.0  
  1708.00        1675.88         28.29         81.8           1.137         1.172         1.059         1.065       159.1  
  1708.25        1676.00         28.68         82.9           1.132         1.165         1.064         1.080       159.1  
  1708.50        1676.13         29.07         82.5           1.128         1.205         1.073         1.084       159.2  
  1708.75        1676.37         27.58         82.4           1.118         1.152         1.094         1.150       159.2  
  1709.00        1676.61         28.25         80.4           1.123         1.174         1.085         1.136       159.3  
  1709.25        1676.85         27.99         85.8           1.127         1.203         1.074         1.118       159.3  
  1709.50        1677.10         28.74         83.1           1.130         1.229         1.068         1.095       159.4  
  1709.75        1677.20         28.76         77.6           1.128         1.213         1.080         1.101       159.4  
  1710.00        1677.34         28.80         84.4           1.128         1.203         1.091         1.122       159.5  
  1710.25        1677.58         25.23         84.4           1.131         1.214         1.094         1.123       159.5  
  1710.50        1677.82         25.42         84.9           1.138         1.248         1.093         1.110       159.6  
  1710.75        1678.07         27.55         85.7           1.132         1.218         1.116         1.170       159.6  
  1711.00        1678.19         28.66         82.2           1.126         1.204         1.134         1.202       159.7  
  1711.25        1678.31         29.70         86.5           1.129         1.241         1.116         1.160       159.7  
  1711.50        1678.55         31.95         82.0           1.128         1.237         1.101         1.149       159.8  
  1711.75        1678.79         27.10         80.3           1.111         1.158         1.112         1.176       159.8  
  1712.00        1679.04         20.87         82.2           1.114         1.215         1.056         1.087       159.9  
  1712.25        1679.28         14.38         86.4           1.105         1.206         1.057         1.091       160.0  
  1712.50        1679.38         15.49         86.9           1.096         1.193         1.064         1.125       160.0  
  1712.75        1679.52         16.91         87.1           1.096         1.225         1.040         1.087       160.0  
  1713.00        1679.76         19.95         84.8           1.086         1.198         1.029         1.072       160.0  
  1713.25        1680.01         24.24         87.0           1.084         1.202         1.022         1.053       160.0  
  1713.50        1680.25         29.76         83.9           1.076         1.183         1.039         1.082       160.0  
  1713.75        1680.38         30.81         85.8           1.073         1.190         1.054         1.124       160.0  
  1714.00        1680.49         31.70         86.5           1.065         1.145         1.055         1.133       160.0  
  1714.25        1680.73         31.36         83.4           1.064         1.168         1.029         1.079       160.0  
  1714.50        1680.98         32.63         90.3           1.059         1.160         1.014         1.053       160.0  
  1714.75        1681.22         34.12         86.9           1.048         1.134         1.017         1.072       160.0  
  1715.00        1681.46         32.02         84.5           1.045         1.149         1.006         1.054       160.0  
  1715.25        1681.57         32.12         86.6           1.036         1.129         0.997         1.045       160.0  
  1715.50        1681.70         32.23         84.9           1.029         1.130         0.981         1.024       160.0  
  1715.75        1681.95         31.99         84.1           1.031         1.162         0.962         1.005       159.9  
  1716.00        1682.19         33.53         89.7           1.026         1.161         0.976         1.019       159.9  
  1716.25        1682.43         32.31         89.9           1.019         1.134         0.986         1.042       159.9  
  1716.50        1682.57         34.93         87.2           1.019         1.165         0.969         1.009       159.9  
  1716.75        1682.67         36.97         87.9           1.012         1.128         0.980         1.024       159.9  
  1717.00        1682.92         31.57         86.7           1.009         1.139         0.982         1.040       159.9  
  1717.25        1683.16         20.58         86.5           0.995         1.116         0.978         1.040       159.9  
  1717.50        1683.40         10.07         85.6           0.988         1.102         0.971         1.029       159.9  
  1717.75        1683.64         17.33         86.1           0.995         1.169         0.929         0.944       159.9  
  1718.00        1683.76         18.56         87.1           0.987         1.123         0.949         0.989       159.9  
  1718.25        1683.89         19.88         87.7           0.988         1.091         0.928         0.953       159.9  
  1718.50        1684.13         28.99         89.3           0.990         1.098         0.926         0.946       159.9  
  1718.75        1684.37         28.07         83.1           0.992         1.124         0.920         0.928       159.9  
  1719.00        1684.61         26.03         83.4           0.995         1.138         0.921         0.923       159.9  
  1719.25        1684.75         25.36         86.2           0.987         1.067         0.953         0.973       159.9  
  1719.50        1684.86         24.88         84.8           0.986         1.062         0.959         1.007       159.9  
  1719.75        1685.10         25.51         85.6           0.986         1.075         0.957         1.008       159.9  
  1720.00        1685.34         27.62         86.5           1.007         1.170         0.947         0.995       159.9  
  1720.25        1685.58         28.37         88.8           1.003         1.137         0.959         1.014       159.9  
  1720.50        1685.83         28.99         88.2           1.000         1.116         0.968         1.020       159.9  
  1720.75        1685.95         28.79         84.8           1.006         1.155         0.959         1.004       159.9  
  1721.00        1686.07         28.60         91.8           1.004         1.132         0.968         1.018       159.9  
  1721.25        1686.31         28.43         85.4           1.011         1.165         0.957         1.000       159.9  
  1721.50        1686.55         28.94         85.6           1.007         1.157         0.968         1.008       159.9  
  1721.75        1686.80         29.08         88.9           0.994         1.075         0.985         1.048       159.9  
  1722.00        1687.04         26.32         84.8           0.998         1.076         0.972         1.041       160.0  
  1722.25        1687.14         26.21         86.7           1.003         1.133         0.955         0.987       160.0  
  1722.50        1687.28         26.06         90.2           1.003         1.131         0.967         1.005       160.0  
  1722.75        1687.52         23.93         89.2           0.988         1.086         0.989         1.032       160.0  
  1723.00        1687.76         23.06         84.8           0.984         1.098         0.970         1.014       160.0  
  1723.25        1688.01         21.73         88.4           0.971         1.076         0.949         0.992       160.0  
  1723.50        1688.13         22.30         89.1           0.954         1.051         0.928         0.978       160.1  
  1723.75        1688.25         22.81         84.8           0.944         1.030         0.909         0.962       160.1  
  1724.00        1688.49         24.15         85.8           0.931         0.997         0.889         0.949       160.1  
  1724.25        1688.73         26.36         86.7           0.915         0.938         0.875         0.943       160.1  
  1724.50        1688.98         25.77         80.2           0.920         0.985         0.840         0.886       160.2  
  1724.75        1689.22         24.65         84.3           0.931         1.020         0.885         0.922       160.2  
  1725.00        1689.33         23.29         87.2           0.946         1.061         0.931         0.991       160.2  
  1725.25        1689.46         21.61         87.6           0.956         1.082         0.952         1.001       160.2  
  1725.50        1689.70         17.79         86.7           0.963         1.085         0.966         1.024       160.3  
  1725.75        1689.95         15.54         86.9           0.964         1.089         0.969         1.039       160.4  
  1726.00        1690.19         10.38         84.8           0.967         1.081         0.960         1.022       160.0  
  1726.25        1690.32          9.32         86.0           0.965         1.065         0.951         0.993       159.4  
  1726.50        1690.43          8.46         83.0           0.965         1.057         0.935         0.990       158.8  
  1726.75        1690.72          9.40         86.3           0.972         1.108         0.902         0.942       158.8  
  1727.00        1690.91         10.05         85.5           0.966         1.092         0.905         0.951       158.9  
  1727.25        1691.16          8.13         86.5           0.967         1.095         0.910         0.962       158.8  
  1727.50        1691.40          6.52         89.0           0.970         1.121         0.912         0.961       158.7  
  1727.75        1691.51          6.57         87.2           0.971         1.097         0.921         0.984       158.7  
  1728.00        1691.64          6.63         87.7           0.977         1.110         0.934         0.982       158.8  
  1728.25        1691.88          9.36         91.5           0.987         1.149         0.939         0.991       158.8  
  1728.50        1692.13         13.17         86.3           0.985         1.093         0.972         1.045       158.8  
  1728.75        1692.37         16.50         88.9           0.986         1.092         0.988         1.061       158.9  
  1729.00        1692.51         19.56         89.0           0.997         1.139         0.970         1.036       158.9  
  1729.25        1692.61         21.84         89.0           0.994         1.115         0.971         1.034       158.9  
  1729.50        1692.85         21.75         86.8           0.996         1.093         0.957         1.015       159.0  
  1729.75        1693.09         26.14         89.4           1.002         1.138         0.941         0.975       159.0  
  1730.00        1693.34         24.11         91.2           0.995         1.139         0.958         1.014       159.1  
  1730.25        1693.58         23.89         89.5           0.982         1.063         0.980         1.065       159.2  
  1730.50        1693.70         25.21         89.5           0.991         1.106         0.942         1.018       159.3  
  1730.75        1693.82         26.56         87.4           0.992         1.132         0.922         0.957       159.4  
  1731.00        1694.06         30.04         89.9           0.988         1.090         0.934         0.971       159.5  
  1731.25        1694.31         28.78         90.0           0.992         1.113         0.934         0.966       159.6  
  1731.50        1694.55         26.56         90.0           0.993         1.109         0.946         0.997       159.7  
  1731.75        1694.79         28.23         86.8           0.987         1.083         0.981         1.070       159.7  
  1732.00        1694.89         27.49         89.7           0.985         1.086         0.981         1.054       159.7  
  1732.25        1695.03         26.46         90.3           0.999         1.135         0.933         0.969       159.8  
  1732.50        1695.27         27.87         94.3           0.992         1.080         0.935         0.963       159.8  
  1732.75        1695.52         30.11         93.1           0.993         1.100         0.922         0.953       159.8  
  1733.00        1695.76         27.27         93.4           0.987         1.131         0.933         0.984       159.8  
  1733.25        1695.88         28.02         89.9           0.989         1.127         0.921         0.973       159.9  
  1733.50        1696.00         28.74         91.6           0.990         1.149         0.903         0.934       159.9  
  1733.75        1696.24         30.22         93.2           0.977         1.143         0.917         0.968       159.9  
  1734.00        1696.48         32.25         86.2           0.955         1.018         0.963         1.078       159.9  
  1734.25        1696.73         32.82         91.1           0.976         1.150         0.911         1.006       160.0  
  1734.50        1696.97         31.19         92.1           0.975         1.184         0.906         0.972       160.0  
  1734.75        1697.07         31.40         95.1           0.966         1.127         0.909         0.977       160.0  
  1735.00        1697.21         31.66         94.7           0.954         1.080         0.922         0.996       160.0  
  1735.25        1697.45         31.60         91.8           0.955         1.081         0.913         0.986       160.1  
  1735.50        1697.69         31.72         91.1           0.958         1.108         0.900         0.958       160.1  
  1735.75        1697.94         31.35         90.2           0.949         1.076         0.908         0.988       160.1  
  1736.00        1698.07         31.01         86.9           0.945         1.083         0.908         0.982       160.1  
  1736.25        1698.18         30.72         89.1           0.945         1.083         0.906         0.978       160.2  
  1736.50        1698.42         30.69         85.3           0.946         1.087         0.906         0.979       160.2  
  1736.75        1698.66         29.70         89.5           0.948         1.098         0.903         0.973       160.2  
  1737.00        1698.90         29.39         89.3           0.950         1.100         0.901         0.970       160.2  
  1737.25        1699.15         30.51         86.4           0.951         1.100         0.901         0.968       160.3  
  1737.50        1699.26         32.23         89.8           0.952         1.105         0.900         0.966       160.3  
  1737.75        1699.39         34.26         88.1           0.952         1.105         0.900         0.965       160.3  
  1738.00        1699.63         36.02         86.3           0.951         1.087         0.909         0.969       160.3  
  1738.25        1699.87         33.00         87.9           0.955         1.085         0.912         0.968       160.3  
  1738.50        1700.11         36.56         91.9           0.964         1.099         0.917         0.970       160.4  
  1738.75        1700.25         35.57         89.9           0.975         1.123         0.944         1.000       160.4  
  1739.00        1700.36         34.79         86.1           0.978         1.142         0.991         1.085       160.4  
  1739.25        1700.60         31.60         86.8           0.975         1.115         1.029         1.169       160.4  
  1739.50        1700.84         29.85         87.9           0.974         1.095         1.004         1.135       160.5  
  1739.75        1701.08         29.13         90.4           0.973         1.110         0.950         1.017       160.5  
  1740.00        1701.32         26.21         88.4           0.969         1.103         0.921         0.969       160.5  
  1740.25        1701.44         26.40         89.6           0.956         1.071         0.905         0.956       160.5  
  1740.50        1701.57         26.61         87.3           0.950         1.072         0.897         0.946       160.5  
  1740.75        1701.81         29.60         91.3           0.944         1.066         0.894         0.949       160.6  
  1741.00        1702.05         29.26         83.4           0.944         1.083         0.884         0.938       160.6  
  1741.25        1702.29         28.49         89.5           0.941         1.071         0.884         0.938       160.6  
  1741.50        1702.43         29.84         88.6           0.945         1.089         0.890         0.943       160.6  
  1741.75        1702.53         30.80         92.8           0.945         1.079         0.905         0.968       160.7  
  1742.00        1702.78         29.74         89.0           0.950         1.090         0.909         0.983       160.7  
  1742.25        1703.02         28.02         96.6           0.952         1.097         0.912         0.975       160.7  
  1742.50        1703.26         29.03         97.2           0.957         1.108         0.909         0.974       160.7  
  1742.75        1703.50         30.69         93.8           0.958         1.098         0.913         0.973       160.7  
  1743.00        1703.62         29.69         93.9           0.959         1.109         0.911         0.970       160.8  
  1743.25        1703.74         28.70         94.8           0.957         1.097         0.919         0.980       160.8  
  1743.50        1703.98         28.52         95.1           0.957         1.104         0.916         0.978       160.8  
  1743.75        1704.23         27.96         93.2           0.955         1.092         0.917         0.985       160.8  
  1744.00        1704.47         25.34         97.0           0.951         1.086         0.914         0.980       160.8  
  1744.25        1704.71         23.47         99.5           0.947         1.084         0.907         0.967       160.9  
  1744.50        1704.81         24.29         95.1           0.949         1.083         0.890         0.946       160.9  
  1744.75        1704.95         25.40         96.6           0.950         1.066         0.886         0.944       160.9  
  1745.00        1705.19         28.63         97.6           0.968         1.078         0.881         0.922       160.9  
  1745.25        1705.41         15.95         96.0           0.987         1.067         0.893         0.916       160.9  
  1745.50        1705.68          0.00         94.5           1.035         1.083         0.911         0.876       161.0  
  1745.75        1705.80          1.97         93.4           1.102         1.199         1.053         0.995       161.0  
  1746.00        1705.92          3.75         82.8           1.153         1.274         1.344         1.486       161.0  
  1746.25        1706.16         12.79         81.1           1.163         1.267         1.302         1.455       161.0  
  1746.50        1706.40         23.38         85.6           1.180         1.284         1.400         1.682       161.0  
  1746.75        1706.64         27.31         90.7           1.180         1.283         1.423         1.679       161.0  
  1747.00        1706.89         27.80         89.9           1.180         1.291         1.425         1.638       161.0  
  1747.25        1706.99         26.83         85.7           1.176         1.280         1.339         1.482       161.1  
  1747.50        1707.13         25.62         90.4           1.170         1.283         1.301         1.370       161.1  
  1747.75        1707.37         33.10         97.9           1.166         1.260         1.268         1.310       161.1  
  1748.00        1707.61         38.52        100.9           1.160         1.219         1.210         1.206       161.1  
  1748.25        1707.85         34.91         98.0           1.125         1.174         1.056         1.019       161.1  
  1748.50        1707.99         30.76         94.6           1.074         1.131         0.982         0.979       161.1  
  1748.75        1708.09         27.35         92.2           1.040         1.091         0.967         1.011       161.2  
  1749.00        1708.34         27.38         95.5           1.026         1.104         0.928         0.955       161.2  
  1749.25        1708.58         26.71         97.7           1.005         1.086         0.936         0.958       161.2  
  1749.50        1708.82         27.04         97.9           0.995         1.053         0.932         0.974       161.2  
  1749.75        1709.06         34.59         95.4           0.994         1.112         0.932         0.955       161.2  
  1750.00        1709.18         29.68         99.5           0.983         1.065         0.959         1.008       161.2  
  1750.25        1709.30         24.15         97.6           0.982         1.074         0.962         1.031       161.3  
  1750.50        1709.55         29.67         94.6           0.980         1.057         0.957         1.023       161.3  
  1750.75        1709.79         26.34         98.7           0.982         1.086         0.932         0.965       161.3  
  1751.00        1710.03         29.67         92.4           0.978         1.032         0.930         0.974       161.3  
  1751.25        1710.17         30.01         93.0           0.979         1.044         0.922         0.942       161.3  
  1751.50        1710.27         30.27         96.9           0.994         1.076         0.897         0.901       161.3  
  1751.75        1710.51         29.95         94.5           1.002         1.083         0.913         0.924       161.4  
  1752.00        1710.75         28.66         88.8           1.014         1.094         0.963         1.016       161.4  
  1752.25        1711.00         31.21         96.7           1.029         1.119         1.019         1.087       161.4  
  1752.50        1711.24         27.90         92.6           1.048         1.156         1.027         1.074       161.4  
  1752.75        1711.36         28.08         89.9           1.061         1.157         1.042         1.087       161.4  
  1753.00        1711.48         28.27         94.2           1.073         1.156         1.057         1.091       161.4  
  1753.25        1711.72         24.27         94.7           1.078         1.156         1.065         1.096       161.5  
  1753.50        1711.96         23.82         94.7           1.081         1.173         1.068         1.103       161.5  
  1753.75        1712.20         21.42         94.4           1.077         1.173         1.069         1.118       161.5  
  1754.00        1712.45         19.32         94.7           1.068         1.153         1.069         1.134       161.5  
  1754.25        1712.55         18.96         88.2           1.059         1.128         1.054         1.130       161.6  
  1754.50        1712.74         18.25         93.2           1.053         1.146         1.012         1.071       161.7  
  1754.75        1712.94         17.54         96.6           1.039         1.123         0.983         1.026       160.2  
  1755.00        1713.14         16.82         96.0           1.023         1.100         0.957         0.992       158.6  
  1755.25        1713.41         15.84         93.8           1.017         1.125         0.935         0.956       158.8  
  1755.50        1713.54         19.32         92.8           1.013         1.150         0.925         0.966       158.8  
  1755.75        1713.65         22.61         93.2           0.994         1.097         0.964         1.065       158.8  
  1756.00        1713.90         48.86         91.1           0.983         1.122         0.962         1.047       158.8  
  1756.25        1714.14         87.68         96.7           0.982         1.143         0.929         0.994       158.8  
  1756.50        1714.38         90.67        102.9           0.974         1.123         0.917         0.984       158.8  
  1756.75        1714.62         67.05         96.3           0.967         1.125         0.909         0.980       158.9  
  1757.00        1714.73         57.74         98.3           0.959         1.104         0.910         0.991       158.9  
  1757.25        1714.86         45.69         96.6           0.960         1.113         0.903         0.981       158.9  
  1757.50        1715.11         30.09         99.2           0.959         1.127         0.897         0.962       158.9  
  1757.75        1715.35         32.19        100.8           0.955         1.095         0.911         0.983       158.9  
  1758.00        1715.59         34.33         98.7           0.961         1.121         0.909         0.979       158.9  
  1758.25        1715.72         35.65        101.4           0.963         1.122         0.918         0.991       159.0  
  1758.50        1715.83         36.78        103.0           0.964         1.104         0.930         1.007       159.0  
  1758.75        1716.07         37.40        102.7           0.972         1.122         0.931         1.009       159.0  
  1759.00        1716.31         37.09        101.4           0.977         1.120         0.935         1.011       159.0  
  1759.25        1716.56         38.04        101.0           0.989         1.133         0.933         0.989       159.1  
  1759.50        1716.80         35.03        104.1           0.996         1.130         0.941         0.989       159.1  
  1759.75        1716.91         34.63        103.0           1.001         1.121         0.952         0.992       159.1  
  1760.00        1717.04         34.17         96.4           1.005         1.107         0.976         1.010       159.2  
  1760.25        1717.28         30.88         98.7           1.011         1.121         0.999         1.052       159.2  
  1760.50        1717.52         30.39         97.0           1.013         1.156         1.019         1.082       159.3  
  1760.75        1717.76         31.05         86.7           0.995         1.096         1.081         1.217       159.3  
  1761.00        1717.90         31.13         88.5           0.981         0.961         1.084         1.287       159.4  
  1761.25        1718.01         31.20         89.5           1.001         1.171         0.950         0.997       159.4  
  1761.50        1718.25         30.99         89.8           0.985         1.087         0.925         0.949       159.5  
  1761.75        1718.49         30.52         95.1           0.974         1.076         0.910         0.941       159.5  
  1762.00        1718.73         30.38         92.4           0.969         1.095         0.896         0.944       159.6  
  1762.25        1718.97         31.27         94.2           0.954         1.068         0.916         0.988       159.6  
  1762.50        1719.09         31.87         97.0           0.954         1.049         0.907         0.980       159.7  
  1762.75        1719.21         32.51         96.9           0.955         1.069         0.893         0.947       159.7  
  1763.00        1719.46         32.23         96.9           0.960         1.091         0.884         0.941       159.8  
  1763.25        1719.70         29.29        102.7           0.960         1.061         0.909         0.983       159.8  
  1763.50        1719.94         28.47        106.7           0.975         1.105         0.910         0.949       159.9  
  1763.75        1720.08         28.51         99.4           0.988         1.119         0.911         0.947       159.9  
  1764.00        1720.18         28.54         93.3           0.995         1.115         0.930         0.975       160.0  
  1764.25        1720.42         28.36         99.8           1.008         1.147         0.960         1.014       160.0  
  1764.50        1720.66         26.90        100.6           1.021         1.137         1.020         1.101       160.1  
  1764.75        1720.91         27.46        108.7           1.040         1.176         1.045         1.126       160.1  
  1765.00        1721.15         28.36        104.2           1.046         1.189         1.049         1.124       160.2  
  1765.25        1721.27         28.66        103.6           1.046         1.187         1.050         1.124       160.2  
  1765.50        1721.39         28.95        105.1           1.047         1.186         1.052         1.124       160.3  
  1765.75        1721.63         28.96        106.5           1.047         1.185         1.052         1.124       160.3  
  1766.00        1721.87         27.42        107.6           1.051         1.185         1.052         1.125       160.3  
  1766.25        1722.11         26.79        104.0           1.053         1.187         1.049         1.118       160.4  
  1766.50        1722.36         26.31        105.4           1.054         1.196         1.037         1.100       160.5  
  1766.75        1722.46         26.49        100.9           1.048         1.179         1.028         1.089       160.5  
  1767.00        1722.60         26.74        106.2           1.041         1.177         1.007         1.064       160.5  
  1767.25        1722.84         26.33        104.8           1.039         1.182         1.000         1.060       160.6  
  1767.50        1723.08         23.39        105.5           1.028         1.158         0.983         1.046       160.7  
  1767.75        1723.32         25.62        101.5           1.017         1.148         0.949         0.996       160.7  
  1768.00        1723.45         25.03         94.6           1.015         1.144         0.943         0.984       160.7  
  1768.25        1723.56         24.50         96.7           1.012         1.147         0.939         0.987       160.8  
  1768.50        1723.81         26.37         94.5           1.011         1.140         0.940         1.006       160.8  
  1768.75        1724.05         28.32         96.2           1.012         1.141         0.945         1.011       160.8  
  1769.00        1724.29         29.33         99.2           1.023         1.158         0.948         1.001       160.9  
  1769.25        1724.53         31.33         99.9           1.037         1.162         0.960         1.003       160.9  
  1769.50        1724.64         30.61         97.1           1.057         1.211         0.961         0.987       160.9  
  1769.75        1724.77         29.71         95.8           1.061         1.182         0.989         0.995       161.0  
  1770.00        1725.01         29.28        100.2           1.076         1.164         1.034         1.037       161.0  
  1770.25        1725.26         27.35         94.9           1.108         1.256         1.086         1.112       161.0  
  1770.50        1725.50         27.16         92.3           1.105         1.294         1.226         1.346       161.1  
  1770.75        1725.63         27.56         88.8           1.114         1.080         1.239         1.561       161.1  
  1771.00        1725.74         27.89         89.6           1.152         1.325         1.085         1.163       161.1  
  1771.25        1725.98         27.90         96.6           1.155         1.307         1.062         1.032       161.1  
  1771.50        1726.22         32.26         92.3           1.138         1.174         1.104         1.140       161.2  
  1771.75        1726.46         28.37         93.1           1.142         1.270         1.074         1.075       161.2  
  1772.00        1726.71         26.81         95.5           1.142         1.244         1.074         1.100       161.2  
  1772.25        1726.82         27.94         94.4           1.138         1.254         1.095         1.171       161.2  
  1772.50        1726.95         29.22         94.5           1.115         1.177         1.131         1.231       161.3  
  1772.75        1727.19         26.33         95.3           1.133         1.251         1.043         1.057       161.3  
  1773.00        1727.43         24.45         94.3           1.141         1.249         0.998         0.987       161.3  
  1773.25        1727.61         26.80         93.7           1.147         1.221         1.046         1.065       161.3  
  1773.50        1727.81         29.37         89.9           1.182         1.324         1.063         1.065       161.3  
  1773.75        1728.01         31.94         91.3           1.205         1.250         1.165         1.208       161.4  
  1774.00        1728.15         33.86         94.8           1.316         1.384         1.305         1.312       161.4  
  1774.25        1728.40         30.35         92.5           1.441         1.473         1.452         1.501       161.4  
  1774.50        1728.64         27.28         90.8           1.406         1.521         1.420         1.431       161.4  
  1774.75        1728.88         25.55         94.7           1.386         1.485         1.403         1.429       161.5  
  1775.00        1729.00         24.46         92.8           1.366         1.448         1.386         1.427       161.5  
  1775.25        1729.12         23.33         90.8           1.342         1.402         1.367         1.430       161.5  
  1775.50        1729.36         25.02         88.8           1.376         1.410         1.438         1.531       161.5  
  1775.75        1729.60         23.95         87.3           1.384         1.485         1.439         1.490       161.6  
  1776.00        1729.85         24.47         87.7           1.391         1.548         1.440         1.455       159.5  
  1776.25        1730.09         25.65         87.0           1.551         1.525         1.498         1.497       158.0  
  1776.50        1730.19         25.93         86.5           1.589         1.578         1.502         1.482       156.5  
  1776.75        1730.33         26.33         96.3           1.626         1.614         1.532         1.537       155.6  
  1777.00        1730.57         27.28         92.3           1.640         1.612         1.599         1.583       155.6  
  1777.25        1730.81         26.56         99.4           1.730         1.691         1.636         1.634       155.7  
  1777.50        1731.05         29.48        101.6           1.800         1.797         1.666         1.649       155.8  
  1777.75        1731.18         31.38         99.2           1.831         1.812         1.744         1.722       155.8  
  1778.00        1731.30         33.19         98.9           1.892         1.835         1.797         1.816       155.9  
  1778.25        1731.54         38.78        100.3           1.940         1.971         1.839         1.800       156.0  
  1778.50        1731.78         43.03         93.1           1.978         1.960         1.948         1.994       156.0  
  1778.75        1732.02         44.31         93.3           2.015         1.947         2.024         2.119       156.1  
  1779.00        1732.26         43.73         95.9           2.071         1.993         1.958         1.960       156.1  
  1779.25        1732.37         43.16        100.1           2.122         2.084         1.894         1.767       156.2  
  1779.50        1732.50         42.41         94.7           2.137         2.030         1.944         1.866       156.3  
  1779.75        1732.75         41.35         94.9           2.138         2.044         2.027         2.075       156.4  
  1780.00        1732.99         42.27         88.7           2.159         2.097         2.165         2.374       156.5  
  1780.25        1733.23         39.45         95.8           2.177         2.179         2.224         2.368       156.6  
  1780.50        1733.36         39.12         91.9           2.231         2.233         2.171         2.235       156.7  
  1780.75        1733.47         38.84         93.5           2.267         2.209         2.148         2.162       156.8  
  1781.00        1733.71         32.10        100.4           2.283         2.133         2.195         2.267       156.9  
  1781.25        1733.95         29.21         95.0           2.305         2.149         2.188         2.235       157.1  
  1781.50        1734.20         26.41         91.7           2.341         2.194         2.216         2.268       157.2  
  1781.75        1734.44         24.08         93.2           2.364         2.138         2.211         2.237       157.4  
  1782.00        1734.55         25.18         95.3           2.394         2.254         2.136         1.980       157.6  
  1782.25        1734.68         26.47         92.0           2.404         2.293         2.270         2.157       157.9  
  1782.50        1734.94         25.36         88.4           2.426         2.533         2.410         2.444       158.0  
  1782.75        1735.14         24.53         80.4           2.412         2.497         2.821         3.405       158.1  
  1783.00        1735.34         23.69         77.2           2.342         2.286         2.915         3.746       158.3  
  1783.25        1735.54         22.86         90.0           2.360         2.500         2.489         2.539       158.4  
  1783.50        1735.65         22.41         87.8           2.317         2.286         2.201         2.143       158.8  
  1783.75        1735.89          2.56         88.2           2.262         2.137         2.105         2.068       159.0  
  1784.00        1736.13         12.62         93.5           2.187         1.924         2.061         2.124       159.0  
  1784.25        1736.37         30.92         93.3           2.338         2.404         2.695         2.743       159.0  
  1784.50        1736.61         35.07         86.4           2.359         2.245         2.407         2.417       159.0  
  1784.75        1736.73         38.20         86.7           2.372         2.136         2.210         2.193       159.0  
  1785.00        1736.85         41.61         87.5           2.204         2.111         1.872         1.693       159.1  
  1785.25        1737.10         53.41         91.9           2.161         2.027         1.804         1.695       159.1  
  1785.50        1737.34         60.37         95.3           2.075         1.858         1.897         1.936       159.1  
  1785.75        1737.58         49.67         95.1           2.037         1.873         1.898         1.966       159.1  
  1786.00        1737.72         44.60        101.6           2.028         1.858         1.902         1.932       159.1  
  1786.25        1737.82         40.93        101.1           2.025         1.935         1.934         2.074       159.1  
  1786.50        1738.06         33.87        103.4           2.036         1.919         1.987         2.178       159.2  
  1786.75        1738.30         35.02        104.1           2.073         1.937         1.973         2.084       159.2  
  1787.00        1738.55         34.79         99.7           2.157         1.961         1.975         1.964       159.2  
  1787.25        1738.79         30.58         93.7           2.219         2.012         2.025         1.991       159.3  
  1787.50        1738.91         38.09         88.6           2.290         2.112         2.109         2.069       159.3  
  1787.75        1739.03         45.56         88.6           2.357         2.132         2.292         2.350       159.3  
  1788.00        1739.27         37.07         88.3           2.464         2.291         2.438         2.531       159.3  
  1788.25        1739.51         46.79         87.7           2.539         2.468         2.546         2.612       159.4  
  1788.50        1739.75         51.90         92.0           2.634         2.708         2.646         2.668       159.4  
  1788.75        1740.00         46.31         90.0           2.663         2.775         2.863         3.083       159.4  
  1789.00        1740.10         42.25         87.1           2.673         2.799         3.089         3.484       159.5  
  1789.25        1740.24         36.71         82.8           2.658         2.957         3.071         3.414       159.6  
  1789.50        1740.48         25.52         79.9           2.617         2.882         3.035         3.456       159.6  
  1789.75        1740.72         21.09         88.8           2.542         2.701         2.971         3.456       159.7  
  1790.00        1740.96         19.26         87.4           2.454         2.534         2.867         3.288       159.8  
  1790.25        1741.09         18.85         94.2           2.351         2.343         2.476         2.607       159.8  
  1790.50        1741.20         18.48         97.1           2.242         2.146         1.878         1.648       159.9  
  1790.75        1741.45         21.59         91.0           2.138         1.900         1.776         1.603       160.0  
  1791.00        1741.69         24.74         93.9           2.115         1.913         1.715         1.525       160.0  
  1791.25        1741.93         26.51         90.3           2.062         1.890         1.703         1.598       160.1  
  1791.50        1742.17         32.38         98.2           2.030         1.918         1.789         1.728       160.1  
  1791.75        1742.28         31.63         93.9           2.006         1.857         1.904         1.939       160.2  
  1792.00        1742.41         30.70         94.1           2.020         1.913         1.968         2.049       160.3  
  1792.25        1742.65         28.24         94.2           2.042         2.041         2.077         2.199       160.2  
  1792.50        1742.90         36.82         92.5           2.066         2.081         2.175         2.371       160.2  
  1792.75        1743.14         85.87         91.6           2.090         2.105         2.236         2.465       160.2  
  1793.00        1743.27         60.61         94.3           2.118         2.147         2.236         2.420       160.1  
  1793.25        1743.38         39.60         97.6           2.138         2.181         2.191         2.283       160.1  
  1793.50        1743.62         41.62         94.1           2.144         2.134         2.173         2.241       160.1  
  1793.75        1743.86         38.83         88.5           2.140         2.093         2.128         2.154       160.1  
  1794.00        1744.10         42.52         95.6           2.139         2.114         2.092         2.082       160.1  
  1794.25        1744.35         42.29         93.3           2.116         2.064         2.091         2.132       160.1  
  1794.50        1744.46         41.95         91.0           2.092         2.076         2.069         2.113       160.2  
  1794.75        1744.59         41.57         90.3           2.076         2.058         2.063         2.133       160.2  
  1795.00        1744.83         41.18         87.0           2.029         2.046         2.047         2.139       160.2  
  1795.25        1745.07         31.64         92.1           1.989         1.976         2.024         2.111       160.3  
  1795.50        1745.31         28.23         91.0           1.958         1.963         1.942         1.984       160.3  
  1795.75        1745.45         29.42         87.9           1.898         1.865         1.896         1.983       160.3  
  1796.00        1745.55         30.32         92.4           1.848         1.798         1.837         1.915       160.4  
  1796.25        1745.80         29.30         94.3           1.818         1.738         1.789         1.869       160.4  
  1796.50        1746.04         32.14         96.3           1.793         1.749         1.711         1.744       160.4  
  1796.75        1746.28         32.33         95.1           1.749         1.701         1.661         1.673       160.5  
  1797.00        1746.52         34.15         96.1           1.708         1.668         1.641         1.653       160.5  
  1797.25        1746.64         33.22         94.0           1.667         1.624         1.611         1.645       160.5  
  1797.50        1746.76         32.26         91.2           1.638         1.605         1.586         1.595       160.6  
  1797.75        1747.01         35.09         91.6           1.621         1.613         1.574         1.576       160.6  
  1798.00        1747.25         38.74         93.9           1.611         1.658         1.574         1.600       160.7  
  1798.25        1747.49         47.96         93.1           1.575         1.567         1.614         1.748       160.7  
  1798.50        1747.73         43.93         88.3           1.546         1.579         1.609         1.689       160.7  
  1798.75        1747.83         41.72         92.8           1.515         1.538         1.540         1.597       160.8  
  1799.00        1747.97         38.56         94.7           1.476         1.479         1.485         1.530       160.8  
  1799.25        1748.21         39.39         93.1           1.461         1.452         1.464         1.507       160.9  
  1799.50        1748.46         31.74         91.2           1.446         1.529         1.415         1.332       160.9  
  1799.75        1748.70         29.52         95.8           1.419         1.366         1.343         1.395       161.0  
  1800.00        1748.82         30.92         94.1           1.379         1.399         1.286         1.257       161.0  
  1800.25        1748.94         32.25         92.8           1.369         1.375         1.297         1.301       161.1  
  1800.50        1749.18         30.99         93.8           1.372         1.374         1.304         1.311       161.1  
  1800.75        1749.42         30.25         94.4           1.381         1.390         1.317         1.332       161.2  
  1801.00        1749.66         33.26         88.1           1.405         1.437         1.368         1.405       161.2  
  1801.25        1749.91         35.81         88.8           1.410         1.453         1.397         1.420       161.3  
  1801.50        1750.01         36.10         95.6           1.447         1.462         1.445         1.477       161.3  
  1801.75        1750.15         36.48         91.5           1.495         1.517         1.508         1.486       161.4  
  1802.00        1750.39         34.44         87.0           1.484         1.558         1.566         1.627       161.4  
  1802.25        1750.63         39.09         88.8           1.465         1.557         1.564         1.666       161.5  
  1802.50        1750.87         30.86         88.6           1.433         1.487         1.478         1.602       161.5  
  1802.75        1751.00         38.55         85.9           1.505         1.537         1.470         1.519       161.6  
  1803.00        1751.12         45.26         91.6           2.091         2.110         2.180         2.364       161.6  
  1803.25        1751.36         27.21         91.9           2.138         2.106         2.209         2.221       161.7  
  1803.50        1751.60         25.77         89.5           2.099         2.061         2.091         2.135       161.7  
  1803.75        1751.84         26.16         88.9           1.417         1.468         1.390         1.397       161.8  
  1804.00        1752.08         24.58         87.9           1.416         1.469         1.391         1.398       161.9  
  1804.25        1752.19         24.55         95.6           1.399         1.424         1.355         1.429       161.9  
  1804.50        1752.32         24.53         93.3           1.368         1.381         1.259         1.248       162.0  
  1804.75        1752.57         27.12         97.6           1.363         1.396         1.254         1.198       162.0  
  1805.00        1752.81         30.57         88.4           1.349         1.383         1.278         1.203       162.1  
  1805.25        1753.05         36.26         88.4           1.354         1.361         1.277         1.271       162.1  
  1805.50        1753.18         35.41         88.4           1.363         1.327         1.276         1.373       162.1  
  1805.75        1753.29         34.74         93.3           1.449         1.363         1.261         1.257       162.2  
  1806.00        1753.53         35.16        101.0           1.623         1.519         1.247         1.092       162.2  
  1806.25        1753.77         38.20         95.8           1.689         1.606         1.331         1.144       162.2  
  1806.50        1754.02         37.45        101.4           1.815         1.669         1.576         1.514       162.3  
  1806.75        1754.26         41.62        108.5           2.084         1.956         1.927         1.881       162.3  
  1807.00        1754.37         43.66        104.7           2.167         2.240         1.956         1.938       162.3  
  1807.25        1754.50         45.89         89.2           2.728         2.645         2.974         3.304       162.4  
  1807.50        1754.74         59.07         77.6           3.161         3.214         3.239         3.188       162.4  
  1807.75        1754.98         69.15         65.7           3.305         3.567         3.299         3.114       162.4  
  1808.00        1755.22         77.00         64.2           4.287         4.594         4.256         3.861       162.4  
  1808.25        1755.36         58.89         61.9           4.969         5.356         5.599         5.433       162.5  
  1808.50        1755.47         45.70         39.3           5.309         5.703         6.703         7.137       162.5  
  1808.75        1755.71         44.29         32.5           5.593         6.077         7.475         8.634       162.5  
  1809.00        1755.95         50.28         38.2           6.529         6.607         9.018         9.310       162.5  
  1809.25        1756.19         65.60         30.5           7.849         9.211        11.502        12.812       162.5  
  1809.50        1756.43         76.33         27.4           9.393        12.144        14.560        17.304       162.6  
  1809.75        1756.55         76.41         28.5          10.215        13.866        15.870        18.801       162.6  
  1810.00        1756.68         76.49         33.2           9.919        14.563        15.298        19.349       162.6  
  1810.25        1756.92         62.71         31.9          10.945        15.363        16.530        19.581       162.6  
  1810.50        1757.16         40.12         29.8          12.045        16.968        18.201        19.966       162.7  
  1810.75        1757.40         34.77         30.1          12.504        17.471        18.868        19.854       162.8  
  1811.00        1757.64         23.10         31.3          12.523        17.660        19.104        20.015       162.9  
  1811.25        1757.74         23.78         29.5          12.318        17.502        19.159        20.071       163.1  
  1811.50        1757.88         24.71         29.1          11.831        17.017        18.905        19.941       163.2  
  1811.75        1758.13         42.33         32.8          11.048        16.299        18.151        19.412       163.0  
  1812.00        1758.37         26.88         33.0          10.119        15.633        16.991        18.895       162.3  
  1812.25        1758.61         31.84         32.3           9.164        14.355        16.080        16.805       162.4  
  1812.50        1758.74         32.60         37.8           7.974        13.270        14.252        15.012       162.4  
  1812.75        1758.85         33.30         37.7           6.559        11.746        12.472        13.722       162.4  
  1813.00        1759.09        117.42         40.0           5.321         9.466        11.137        12.779       162.4  
  1813.25        1759.33        217.68         38.1           4.095         7.712         8.557        10.811       162.4  
  1813.50        1759.58        276.21         31.4           3.516         5.714         7.567        11.138       162.4  
  1813.75        1759.82        149.10         35.2           2.919         4.278         6.346        10.398       162.4  
  1814.00        1759.93        129.94         39.2           2.062         2.598         3.832         5.434       162.4  
  1814.25        1760.06        105.90         37.0           1.547         1.669         1.584         1.604       162.4  
  1814.50        1760.30         62.46         40.6           1.372         1.204         1.183         1.018       162.4  
  1814.75        1760.54         30.91         39.0           1.196         0.945         0.844         0.720       162.5  
  1815.00        1760.79         30.70         41.3           1.091         0.923         0.824         0.720       162.5  
  1815.25        1760.92         32.47         50.4           1.032         0.935         0.923         0.904       162.5  
  1815.50        1761.03         33.94         66.9           1.021         1.035         1.011         0.993       162.6  
  1815.75        1761.27         27.11         89.2           0.984         1.073         1.112         1.252       162.6  
  1816.00        1761.51         35.23        101.1           0.964         1.074         1.157         1.417       162.6  
  1816.25        1761.75         20.12         76.6           0.957         1.076         1.170         1.462       162.6  
  1816.50        1761.99         15.25         57.6           0.903         0.897         0.977         1.102       162.7  
  1816.75        1762.11         29.32         27.8           0.869         0.814         0.832         0.771       162.8  
  1817.00        1762.24         45.46         19.7           0.833         0.856         0.801         0.762       162.9  
  1817.25        1762.48         70.50         18.3           0.794         0.736         0.830         0.867       163.0  
  1817.50        1762.72         67.55         16.3           0.773         0.717         0.817         0.830       163.0  
  1817.75        1762.96         54.17         18.1           0.762         0.749         0.777         0.735       163.1  
  1818.00        1763.10         44.82         17.2           0.754         0.776         0.760         0.727       163.2  
  1818.25        1763.20         37.68         18.0           0.744         0.761         0.772         0.799       163.3  
  1818.50        1763.44         26.47         15.1           0.738         0.726         0.805         0.811       163.4  
  1818.75        1763.69         14.31         16.7           0.725         0.763         0.786         0.851       163.4  
  1819.00        1763.93         17.96         19.7           0.713         0.704         0.781         0.786       163.5  
  1819.25        1764.17         12.75         18.7           0.703         0.700         0.733         0.706       163.6  
  1819.50        1764.29         13.85         22.2           0.699         0.739         0.713         0.690       163.6  
  1819.75        1764.41         14.99         20.4           0.689         0.702         0.706         0.728       163.7  
  1820.00        1764.65         20.04         20.9           0.673         0.643         0.713         0.702       163.7  
  1820.25        1764.89         34.76         18.6           0.668         0.676         0.702         0.667       163.8  
  1820.50        1765.14         42.45         23.9           0.677         0.686         0.667         0.662       163.8  
  1820.75        1765.28         47.31         28.9           0.676         0.680         0.664         0.651       163.8  
  1821.00        1765.38         50.69         37.7           0.691         0.691         0.662         0.628       163.8  
  1821.25        1765.62         49.21         40.9           0.707         0.719         0.682         0.643       163.9  
  1821.50        1765.86         38.77         43.4           0.719         0.743         0.740         0.762       163.9  
  1821.75        1766.10         38.75         46.4           0.725         0.734         0.772         0.804       163.9  
  1822.00        1766.34         41.91         43.9           0.749         0.754         0.794         0.810       164.0  
  1822.25        1766.47         33.32         43.2           0.789         0.807         0.834         0.848       164.0  
  1822.50        1766.59         25.07         48.6           0.797         0.826         0.839         0.852       164.0  
  1822.75        1766.83         22.38         47.4           0.797         0.827         0.839         0.851       164.1  
  1823.00        1767.07         24.65         51.4           0.798         0.827         0.839         0.848       164.1  
  1823.25        1767.31         28.53         51.2           0.799         0.831         0.840         0.858       164.2  
  1823.50        1767.55         35.18         47.7           0.821         0.847         0.868         0.915       164.2  
  1823.75        1767.66         35.81         48.4           0.850         0.865         0.896         0.923       164.2  
  1824.00        1767.80         36.65         51.5           0.876         0.896         0.909         0.922       164.3  
  1824.25        1768.04         42.78         50.6           0.916         0.931         0.939         0.954       164.3  
  1824.50        1768.28         56.46         46.7           0.937         0.948         0.971         0.996       164.4  
  1824.75        1768.52         41.12         46.3           0.951         0.966         0.997         1.027       164.4  
  1825.00        1768.65         41.41         51.4           0.977         1.007         1.061         1.163       164.4  
  1825.25        1768.76         41.67         46.2           0.986         0.994         1.056         1.118       164.4  
  1825.50        1769.00         41.13         44.2           0.994         0.985         1.034         1.034       164.5  
  1825.75        1769.25         41.36         42.9           1.000         0.994         1.028         1.016       164.5  
  1826.00        1769.49         40.13         37.3           0.999         1.013         1.037         1.018       164.5  
  1826.25        1769.73         41.13         39.1           0.990         1.020         1.052         1.089       164.6  
  1826.50        1769.84         45.48         35.2           0.958         0.977         1.059         1.140       164.6  
  1826.75        1769.97         50.71         36.0           0.917         0.921         1.027         1.104       164.6  
  1827.00        1770.21         63.08         36.7           0.894         0.893         0.985         1.034       164.6  
  1827.25        1770.45         74.68         32.1           0.863         0.895         0.958         0.998       164.7  
  1827.50        1770.70         66.75         27.0           0.791         0.816         0.904         1.029       164.7  
  1827.75        1770.83         66.24         25.5           0.736         0.714         0.769         0.863       164.7  
  1828.00        1770.94         65.83         29.9           0.714         0.708         0.710         0.714       164.7  
  1828.25        1771.18         64.17         24.9           0.664         0.645         0.639         0.631       164.8  
  1828.50        1771.42         62.55         28.8           0.636         0.614         0.628         0.630       164.8  
  1828.75        1771.66         60.08         24.5           0.617         0.604         0.619         0.625       164.9  
  1829.00        1771.90         46.58         26.1           0.608         0.604         0.608         0.600       164.9  
  1829.25        1772.02         41.11         27.6           0.603         0.606         0.603         0.601       164.9  
  1829.50        1772.15         35.09         24.3           0.599         0.601         0.611         0.633       165.0  
  1829.75        1772.39         20.91         24.4           0.597         0.602         0.620         0.644       165.0  
  1830.00        1772.63         28.98         25.0           0.600         0.610         0.616         0.620       165.0  
  1830.25        1772.87         47.87         24.2           0.610         0.624         0.616         0.611       165.1  
  1830.50        1773.01         34.05         23.6           0.609         0.623         0.642         0.670       165.1  
  1830.75        1773.21         14.42         22.1           0.613         0.630         0.641         0.640       165.1  
  1831.00        1773.35          0.00         22.2           0.616         0.628         0.639         0.647       165.1  
  1831.25        1773.60          4.22         23.1           0.607         0.620         0.637         0.639       165.2  
  1831.50        1773.84         17.01         26.6           0.606         0.611         0.620         0.617       165.2  
  1831.75        1774.08         34.61         43.5           0.609         0.622         0.629         0.637       165.2  
  1832.00        1774.20         40.94         41.3           0.611         0.634         0.639         0.656       165.2  
  1832.25        1774.32         47.29         37.0           0.615         0.648         0.651         0.680       165.3  
  1832.50        1774.56         53.97         32.6           0.604         0.607         0.622         0.664       165.3  
  1832.75        1774.81         59.14         28.7           0.603         0.619         0.620         0.587       165.3  
  1833.00        1775.05         67.24         40.9           0.596         0.601         0.607         0.611       165.4  
  1833.25        1775.29         47.32         39.4           0.590         0.594         0.611         0.634       165.4  
  1833.50        1775.39         40.69         44.5           0.588         0.600         0.600         0.618       165.4  
  1833.75        1775.53         31.54         44.3           0.590         0.593         0.580         0.579       165.5  
  1834.00        1775.77         18.12         49.3           0.588         0.588         0.581         0.564       165.5  
  1834.25        1776.01         33.20         48.5           0.592         0.621         0.596         0.595       165.5  
  1834.50        1776.26         54.82         42.5           0.595         0.630         0.611         0.647       165.6  
  1834.75        1776.38         64.32         30.8           0.593         0.604         0.619         0.676       165.6  
  1835.00        1776.50         73.05         27.7           0.590         0.602         0.633         0.686       165.6  
  1835.25        1776.74         80.59         26.2           0.592         0.606         0.626         0.630       165.6  
  1835.50        1776.98         76.33         31.9           0.603         0.606         0.591         0.580       165.6  
  1835.75        1777.22         72.84         34.1           0.606         0.597         0.586         0.572       165.6  
  1836.00        1777.46         69.48         33.0           0.609         0.603         0.592         0.583       165.7  
  1836.25        1777.57         61.37         29.9           0.608         0.605         0.622         0.612       165.7  
  1836.50        1777.71         51.14         29.4           0.616         0.635         0.642         0.639       165.7  
  1836.75        1777.95         37.63         29.5           0.613         0.649         0.665         0.693       165.7  
  1837.00        1778.19         24.16         29.1           0.612         0.644         0.668         0.720       165.7  
  1837.25        1778.43         22.74         30.5           0.609         0.636         0.649         0.671       165.8  
  1837.50        1778.56         24.50         33.1           0.607         0.628         0.631         0.632       165.8  
  1837.75        1778.67         25.98         33.9           0.595         0.611         0.624         0.643       165.8  
  1838.00        1778.91         28.83         32.7           0.590         0.600         0.617         0.645       165.8  
  1838.25        1779.16         29.23         31.3           0.582         0.586         0.599         0.612       165.9  
  1838.50        1779.40         27.32         32.5           0.606         0.625         0.639         0.595       165.9  
  1838.75        1779.64         25.35         32.7           0.596         0.620         0.624         0.622       165.9  
  1839.00        1779.75         24.22         29.9           0.588         0.617         0.611         0.643       166.0  
  1839.25        1779.88         22.92         31.2           0.578         0.580         0.584         0.600       166.1  
  1839.50        1780.15         23.25         34.1           0.576         0.580         0.583         0.596       166.0  
  1839.75        1780.35         23.50         37.8           0.574         0.579         0.579         0.583       165.9  
  1840.00        1780.54         23.74         33.0           0.574         0.576         0.581         0.591       165.8  
  1840.25        1780.74         23.99         34.0           0.575         0.575         0.583         0.590       165.7  
  1840.50        1780.85         24.12         29.2           0.576         0.580         0.588         0.594       165.5  
  1840.75        1781.09         22.24         29.3           0.578         0.589         0.593         0.603       165.4  
  1841.00        1781.33         28.23         27.9           0.579         0.595         0.601         0.612       165.4  
  1841.25        1781.57         23.40         29.1           0.579         0.594         0.605         0.613       165.3  
  1841.50        1781.81         26.44         31.0           0.579         0.594         0.603         0.615       165.3  
  1841.75        1781.93         27.84         29.8           0.580         0.593         0.605         0.623       165.3  
  1842.00        1782.06         29.31         31.2           0.581         0.589         0.603         0.619       165.2  
  1842.25        1782.30         30.92         33.2           0.582         0.594         0.605         0.625       165.2  
  1842.50        1782.54         26.63         32.1           0.587         0.597         0.596         0.589       165.3  
  1842.75        1782.78         21.68         29.9           0.592         0.587         0.595         0.611       165.3  
  1843.00        1782.92         21.65         27.2           0.597         0.596         0.605         0.615       165.3  
  1843.25        1783.02         21.63         25.4           0.602         0.606         0.615         0.602       165.3  
  1843.50        1783.27         25.34         29.2           0.606         0.631         0.623         0.637       165.3  
  1843.75        1783.51         24.89         32.7           0.611         0.627         0.637         0.660       165.3  
  1844.00        1783.75         29.22         44.5           0.615         0.627         0.644         0.649       165.3  
  1844.25        1783.99         37.96         46.6           0.618         0.630         0.644         0.643       165.3  
  1844.50        1784.11         39.79         45.2           0.617         0.634         0.642         0.644       165.3  
  1844.75        1784.23         41.55         43.9           0.611         0.627         0.640         0.652       165.4  
  1845.00        1784.47         41.95         42.1           0.601         0.609         0.620         0.627       165.4  
  1845.25        1784.72         46.49         42.3           0.594         0.597         0.598         0.588       165.4  
  1845.50        1784.96         48.24         39.0           0.589         0.592         0.587         0.581       165.4  
  1845.75        1785.20         53.37         39.8           0.585         0.588         0.585         0.580       165.4  
  1846.00        1785.30         52.57         38.9           0.573         0.580         0.581         0.587       165.5  
  1846.25        1785.44         51.50         33.9           0.566         0.571         0.579         0.582       165.5  
  1846.50        1785.68         60.71         33.0           0.560         0.557         0.575         0.576       165.5  
  1846.75        1785.92         90.77         31.9           0.556         0.565         0.553         0.564       165.6  
  1847.00        1786.17        151.70         32.9           0.548         0.552         0.553         0.552       165.6  
  1847.25        1786.29        164.58         32.9           0.544         0.551         0.549         0.554       165.7  
  1847.50        1786.41        175.92         33.6           0.540         0.544         0.548         0.557       165.7  
  1847.75        1786.65        163.12         37.0           0.540         0.541         0.547         0.557       165.8  
  1848.00        1786.89        110.28         29.7           0.541         0.540         0.545         0.540       165.9  
  1848.25        1787.13         63.93         28.4           0.543         0.551         0.546         0.546       165.9  
  1848.50        1787.37         35.19         32.6           0.543         0.546         0.550         0.575       165.9  
  1848.75        1787.48         35.74         38.1           0.543         0.550         0.553         0.571       166.0  
  1849.00        1787.62         36.41         34.5           0.542         0.553         0.557         0.561       166.0  
  1849.25        1787.86         27.18         30.6           0.544         0.557         0.554         0.535       166.0  
  1849.50        1788.10         30.14         29.7           0.549         0.564         0.560         0.552       166.0  
  1849.75        1788.34         39.63         25.9           0.550         0.593         0.574         0.576       166.1  
  1850.00        1788.48         46.69         31.9           0.550         0.591         0.577         0.584       166.1  
  1850.25        1788.58         52.38         36.7           0.548         0.572         0.568         0.567       166.1  
  1850.50        1788.82         63.90         33.0           0.554         0.566         0.559         0.565       166.1  
  1850.75        1789.07         61.77         33.2           0.553         0.559         0.565         0.574       166.2  
  1851.00        1789.31         45.04         30.0           0.556         0.567         0.562         0.568       166.2  
  1851.25        1789.55         29.65         28.4           0.556         0.567         0.562         0.566       166.2  
  1851.50        1789.66         26.42         29.1           0.556         0.570         0.561         0.563       166.3  
  1851.75        1789.79         22.85         30.8           0.556         0.563         0.563         0.551       166.3  
  1852.00        1790.03         25.20         28.7           0.560         0.571         0.559         0.535       166.4  
  1852.25        1790.28         21.75         27.7           0.568         0.589         0.564         0.544       166.4  
  1852.50        1790.52         24.06         24.0           0.569         0.580         0.599         0.622       166.5  
  1852.75        1790.66         41.55         19.6           0.575         0.599         0.606         0.618       166.5  
  1853.00        1790.76         54.41         18.4           0.580         0.589         0.597         0.602       166.5  
  1853.25        1791.00         40.95         18.1           0.581         0.587         0.591         0.579       166.5  
  1853.50        1791.24         46.69         19.0           0.582         0.584         0.594         0.586       166.5  
  1853.75        1791.48         67.81         19.3           0.585         0.605         0.594         0.577       166.6  
  1854.00        1791.73         88.16         17.1           0.583         0.598         0.603         0.627       166.6  
  1854.25        1791.85         79.71         15.1           0.576         0.596         0.606         0.576       166.6  
  1854.50        1791.97         71.18         15.4           0.574         0.582         0.605         0.597       166.6  
  1854.75        1792.21         67.20         16.5           0.573         0.591         0.602         0.611       166.6  
  1855.00        1792.45         65.99         14.9           0.572         0.584         0.598         0.618       166.7  
  1855.25        1792.69         47.60         21.5           0.565         0.576         0.593         0.575       166.7  
  1855.50        1792.93         34.28         31.0           0.572         0.600         0.565         0.559       166.7  
  1855.75        1793.04         34.72         31.2           0.571         0.579         0.559         0.557       166.7  
  1856.00        1793.18         35.32         32.3           0.576         0.571         0.559         0.543       166.7  
  1856.25        1793.42         36.86         29.8           0.585         0.593         0.562         0.531       166.8  
  1856.50        1793.66         43.81         28.5           0.603         0.635         0.592         0.596       166.8  
  1856.75        1793.90         64.14         22.9           0.614         0.639         0.634         0.652       166.8  
  1857.00        1794.03         71.74         21.6           0.625         0.654         0.682         0.705       166.8  
  1857.25        1794.14         78.77         21.2           0.631         0.672         0.700         0.748       166.8  
  1857.50        1794.38         70.46         22.3           0.640         0.684         0.713         0.743       166.8  
  1857.75        1794.63         67.50         20.3           0.648         0.671         0.702         0.700       166.9  
  1858.00        1794.87         56.31         18.2           0.653         0.662         0.690         0.684       166.9  
  1858.25        1795.11         50.27         16.6           0.650         0.660         0.680         0.706       166.9  
  1858.50        1795.22         47.07         18.5           0.646         0.646         0.665         0.638       166.9  
  1858.75        1795.35         43.01         18.2           0.643         0.635         0.657         0.636       166.9  
  1859.00        1795.61         37.41         21.1           0.646         0.646         0.645         0.617       167.0  
  1859.25        1795.84         32.64         17.7           0.641         0.653         0.676         0.645       167.0  
  1859.50        1796.08          0.68         16.0           0.636         0.655         0.686         0.692       167.0  
  1859.75        1796.21          4.43         17.5           0.627         0.633         0.656         0.664       167.1  
  1860.00        1796.32          7.60         26.0           0.615         0.654         0.631         0.634       167.1  
  1860.25        1796.56         20.03         46.9           0.627         0.629         0.664         0.679       167.1  
  1860.50        1796.80         36.30         53.0           0.623         0.617         0.659         0.656       167.2  
  1860.75        1797.04         28.57         50.5           0.620         0.604         0.654         0.633       167.2  
  1861.00        1797.29         21.82         48.0           0.617         0.595         0.650         0.617       167.3  
  1861.25        1797.40         17.66         44.6           0.628         0.668         0.622         0.589       167.4  
  1861.50        1797.53         12.84         50.5           0.626         0.670         0.619         0.591       167.4  
  1861.75        1797.77         11.20         51.3           0.625         0.672         0.619         0.594       167.5  
  1862.00        1798.01         12.92         53.7           0.620         0.691         0.625         0.604       167.5  
  1862.25        1798.25         13.37         51.0           0.615         0.707         0.631         0.613       167.6  
  1862.50        1798.39         15.03         47.4           0.582         0.561         0.564         0.539       167.6  
  1862.75        1798.49         16.32         42.7           0.577         0.596         0.558         0.515       167.7  
  1863.00        1798.74         20.04         32.6           0.583         0.639         0.582         0.556       167.7  
  1863.25        1798.98         24.26         29.2           0.579         0.654         0.604         0.618       167.7  
  1863.50        1799.22         27.78         26.8           0.570         0.605         0.622         0.681       167.8  
  1863.75        1799.46         25.06         28.1           0.569         0.593         0.617         0.643       167.8  
  1864.00        1799.58         25.00         28.3           0.565         0.598         0.615         0.638       167.8  
  1864.25        1799.70         24.94         39.0           0.565         0.581         0.583         0.611       167.9  
  1864.50        1799.94         18.89         33.8           0.564         0.551         0.550         0.548       167.9  
  1864.75        1800.19         20.34         35.2           0.564         0.557         0.543         0.549       168.0  
  1865.00        1800.43         19.87         33.8           0.556         0.554         0.552         0.551       168.0  
  1865.25        1800.57         19.50         31.0           0.571         0.614         0.539         0.556       168.0  
  1865.50        1800.67         19.24         32.5           0.578         0.581         0.545         0.538       168.1  
  1865.75        1800.91         20.27         33.6           0.599         0.614         0.582         0.591       168.1  
  1866.00        1801.15         21.78         26.3           0.612         0.649         0.621         0.689       168.1  
  1866.25        1801.40         22.61         32.1           0.613         0.659         0.688         0.778       168.2  
  1866.50        1801.64         25.33         34.6           0.625         0.661         0.703         0.735       168.2  
  1866.75        1801.76         24.46         28.8           0.636         0.654         0.695         0.699       168.2  
  1867.00        1801.88         23.62         17.7           0.656         0.645         0.677         0.673       168.3  
  1867.25        1802.12         22.06         18.2           0.667         0.650         0.685         0.706       168.3  
  1867.50        1802.36         21.99         18.3           0.681         0.699         0.682         0.677       168.3  
  1867.75        1802.60         17.93         19.7           0.678         0.642         0.717         0.709       168.4  
  1868.00        1802.85         10.19         22.9           0.736         0.728         0.693         0.681       168.5  
  1868.25        1802.95         10.38         23.2           0.781         0.859         0.853         0.811       168.4  
  1868.50        1803.15         10.76         63.5           0.792         0.960         0.929         1.093       168.3  
  1868.75        1803.35         11.13         89.5           0.789         0.964         0.962         1.174       168.2  
  1869.00        1803.57         11.56         85.2           0.774         0.894         0.967         1.170       168.0  
  1869.25        1803.81         32.35         83.2           0.749         0.763         0.859         0.907       168.0  
  1869.50        1803.94         34.86         63.9           0.734         0.750         0.743         0.712       168.0  
  1869.75        1804.05         37.08         40.1           0.706         0.683         0.699         0.689       168.0  
  1870.00        1804.30         73.80         26.3           0.661         0.621         0.670         0.660       168.0  
  1870.25        1804.54        112.07         26.2           0.634         0.611         0.630         0.607       168.0  
  1870.50        1804.78        137.28         25.7           0.618         0.618         0.597         0.574       168.0  
  1870.75        1805.02         67.09         22.5           0.608         0.591         0.600         0.593       168.0  
  1871.00        1805.13         59.16         21.6           0.601         0.606         0.597         0.582       168.0  
  1871.25        1805.26         49.53         21.0           0.597         0.603         0.610         0.605       167.9  
  1871.50        1805.50         67.47         21.6           0.596         0.601         0.615         0.599       167.9  
  1871.75        1805.75         65.23         20.8           0.600         0.606         0.611         0.613       167.9  
  1872.00        1805.99         52.27         22.5           0.604         0.607         0.609         0.593       167.9  
  1872.25        1806.12         55.70         22.5           0.609         0.614         0.616         0.613       167.9  
  1872.50        1806.23         58.48         23.4           0.614         0.626         0.649         0.682       167.9  
  1872.75        1806.47         40.98         23.1           0.616         0.630         0.661         0.704       167.9  
  1873.00        1806.71         22.32         21.4           0.616         0.632         0.661         0.703       168.0  
  1873.25        1806.95         20.52         21.3           0.623         0.638         0.663         0.700       168.0  
  1873.50        1807.20         30.66         19.3           0.630         0.636         0.637         0.643       168.0  
  1873.75        1807.31         31.04         27.6           0.642         0.613         0.599         0.539       168.0  
  1874.00        1807.44         31.45         39.5           0.646         0.638         0.607         0.557       168.1  
  1874.25        1807.68         30.67         71.2           0.650         0.752         0.666         0.727       168.1  
  1874.50        1807.92         29.47         76.5           0.631         0.658         0.736         0.879       168.1  
  1874.75        1808.16         27.10         61.0           0.621         0.647         0.684         0.699       168.2  
  1875.00        1808.30         24.78         46.1           0.620         0.636         0.616         0.609       168.2  
  1875.25        1808.41         23.07         54.9           0.610         0.601         0.548         0.536       168.2  
  1875.50        1808.65         24.40         53.3           0.608         0.580         0.542         0.528       168.3  
  1875.75        1808.89         29.47         47.8           0.633         0.625         0.559         0.524       168.3  
  1876.00        1809.13         39.77         52.8           0.667         0.693         0.623         0.617       168.3  
  1876.25        1809.37         50.74         68.2           0.682         0.701         0.726         0.725       168.5  
  1876.50        1809.49         38.29         84.4           0.721         0.769         0.813         0.914       168.6  
  1876.75        1809.61         25.64         90.5           0.777         0.875         0.856         0.935       168.8  
  1877.00        1809.86         14.57         86.9           0.794         0.879         0.866         0.913       168.9  
  1877.25        1810.10          9.70         90.6           0.806         0.826         0.888         0.981       169.0  
  1877.50        1810.34         12.80         85.9           0.819         0.798         0.854         0.917       169.0  
  1877.75        1810.58         16.11         82.4           0.850         0.983         0.800         0.809       169.1  
  1878.00        1810.68         18.75         86.0           0.836         0.746         0.883         1.031       169.1  
  1878.25        1810.82         22.44         73.4           0.865         0.948         0.785         0.736       169.2  
  1878.50        1811.06         20.06         73.0           0.861         0.840         0.896         0.989       169.2  
  1878.75        1811.31         18.41         89.6           0.859         0.910         0.940         1.029       169.3  
  1879.00        1811.55         19.61         95.1           0.888         1.076         0.950         1.103       169.3  
  1879.25        1811.67         18.86         97.0           0.867         0.964         0.964         1.049       169.3  
  1879.50        1811.79         18.16         98.7           0.850         0.926         0.945         1.016       169.4  
  1879.75        1812.03         17.15         88.8           0.831         0.896         0.845         0.787       169.4  
  1880.00        1812.27         16.29         75.3           0.811         0.913         0.770         0.758       169.5  
  1880.25        1812.51         16.98         38.4           0.775         0.762         0.771         0.771       169.5  
  1880.50        1812.76         16.47         23.3           0.741         0.710         0.762         0.748       169.6  
  1880.75        1812.86         17.50         20.9           0.732         0.711         0.774         0.763       169.6  
  1881.00        1813.00         18.82         45.1           0.734         0.749         0.781         0.826       169.7  
  1881.25        1813.24         25.18         62.3           0.734         0.761         0.786         0.854       169.7  
  1881.50        1813.48         30.32         51.8           0.733         0.763         0.783         0.846       169.7  
  1881.75        1813.72         37.74         47.1           0.742         0.746         0.727         0.714       169.8  
  1882.00        1813.85         41.80         45.0           0.741         0.720         0.734         0.733       169.8  
  1882.25        1813.96         45.25         74.5           0.788         0.890         0.741         0.748       169.8  
  1882.50        1814.21         47.50         76.6           0.807         0.861         0.773         0.825       169.9  
  1882.75        1814.45         47.68         81.5           0.813         0.845         0.827         0.885       169.9  
  1883.00        1814.69         39.73         82.2           0.828         0.855         0.863         0.909       169.9  
  1883.25        1814.93         41.98         86.1           0.870         0.927         0.913         0.965       170.0  
  1883.50        1815.04         44.86         92.7           0.878         0.922         0.945         1.011       170.0  
  1883.75        1815.17         48.22         89.1           0.884         0.956         0.951         1.015       170.0  
  1884.00        1815.42         36.38         91.8           0.882         0.933         0.965         1.068       170.1  
  1884.25        1815.66         34.24         89.6           0.880         0.905         0.895         0.941       170.1  
  1884.50        1815.90         34.31         70.9           0.888         0.899         0.831         0.827       170.1  
  1884.75        1816.03         35.91         69.0           0.866         0.860         0.856         0.799       170.2  
  1885.00        1816.14         37.15         74.9           0.840         0.905         0.887         0.937       170.2  
  1885.25        1816.38         33.09         75.7           0.820         0.879         0.874         0.958       170.3  
  1885.50        1816.62         35.47         69.2           0.785         0.814         0.816         0.820       170.3  
  1885.75        1816.87         38.71         56.8           0.761         0.825         0.790         0.816       170.3  
  1886.00        1817.11         39.84         67.4           0.737         0.785         0.781         0.855       170.4  
  1886.25        1817.22         40.84         45.0           0.699         0.684         0.728         0.725       170.4  
  1886.50        1817.35         41.90         28.7           0.681         0.658         0.643         0.621       170.5  
  1886.75        1817.59         32.18         20.7           0.649         0.649         0.638         0.627       170.5  
  1887.00        1817.83         30.99         26.7           0.643         0.673         0.646         0.683       170.5  
  1887.25        1818.07         30.52         25.6           0.631         0.637         0.660         0.662       170.6  
  1887.50        1818.22         30.43         19.1           0.632         0.638         0.647         0.635       170.6  
  1887.75        1818.32         30.37         18.8           0.640         0.636         0.636         0.620       170.7  
  1888.00        1818.56         31.86         17.8           0.658         0.652         0.664         0.634       170.7  
  1888.25        1818.80         32.18         41.5           0.684         0.710         0.704         0.701       170.8  
  1888.50        1819.04         32.23         81.8           0.677         0.699         0.688         0.679       170.8  
  1888.75        1819.28         26.42         77.9           0.675         0.697         0.685         0.667       170.9  
  1889.00        1819.41         28.43         80.4           0.671         0.695         0.682         0.650       170.9  
  1889.25        1819.52         30.39         80.0           0.671         0.694         0.682         0.650       171.0  
  1889.50        1819.77         20.66         80.2           0.653         0.649         0.655         0.611       171.0  
  1889.75        1820.01         34.30         81.2           0.653         0.647         0.654         0.607       171.1  
  1890.00        1820.25         39.42         74.7           0.684         0.717         0.711         0.657       171.1  
  1890.25        1820.49         44.62         78.3           0.709         0.713         0.710         0.706       171.1  
  1890.50        1820.60         44.04         82.9           0.715         0.725         0.715         0.705       171.1  
  1890.75        1820.73         43.27         75.3           0.719         0.718         0.728         0.723       171.2  
  1891.00        1820.98         45.72         73.2           0.720         0.708         0.737         0.754       171.2  
  1891.25        1821.22         54.45         71.2           0.730         0.720         0.730         0.740       171.2  
  1891.50        1821.46         37.88         84.4           0.738         0.755         0.741         0.759       171.2  
  1891.75        1821.59         34.70         86.1           0.746         0.747         0.760         0.799       171.3  
  1892.00        1821.70         31.87         87.4           0.758         0.772         0.765         0.799       171.3  
  1892.25        1821.94         24.58         81.9           0.769         0.809         0.762         0.779       171.3  
  1892.50        1822.18         23.29         87.4           0.785         0.812         0.779         0.792       171.4  
  1892.75        1822.43         27.86         86.7           0.805         0.836         0.808         0.823       171.4  
  1893.00        1822.67         35.25         90.2           0.828         0.890         0.834         0.889       171.4  
  1893.25        1822.78         33.13         96.1           0.841         0.890         0.858         0.896       171.5  
  1893.50        1822.91         30.54         94.5           0.867         0.913         0.858         0.875       171.5  
  1893.75        1823.15         32.85         94.3           0.874         0.899         0.879         0.900       171.5  
  1894.00        1823.39         25.97         94.1           0.888         0.930         0.895         0.925       171.5  
  1894.25        1823.63         32.18        100.1           0.904         0.971         0.906         0.948       171.6  
  1894.50        1823.77         28.28        101.0           0.909         0.975         0.918         0.968       171.6  
  1894.75        1823.88         25.11         96.7           0.911         0.942         0.925         0.979       171.7  
  1895.00        1824.12         27.33         95.0           0.926         0.975         0.921         0.960       171.7  
  1895.25        1824.36         22.60        101.3           0.937         1.020         0.926         0.978       171.8  
  1895.50        1824.60         19.20        101.1           0.936         0.980         0.944         1.013       171.8  
  1895.75        1824.84         15.72        100.8           0.946         1.011         0.931         0.983       171.9  
  1896.00        1824.96         14.65        102.8           0.959         1.057         0.922         0.963       171.9  
  1896.25        1825.08         13.46        103.9           0.966         1.093         0.949         1.043       172.0  
  1896.50        1825.35         11.02        100.9           0.962         1.025         0.958         1.018       172.1  
  1896.75        1825.57          9.08        102.3           0.975         1.113         0.910         0.913       171.5  
  1897.00        1825.75          5.66        102.8           0.971         1.077         0.936         1.009       171.0  
  1897.25        1825.95          1.94        101.2           0.973         1.094         0.938         1.018       170.5  
  1897.50        1826.05          0.00         99.0           0.978         1.085         0.934         0.996       170.0  
  1897.75        1826.29          5.25        101.2           0.991         1.103         0.917         0.954       169.9  
  1898.00        1826.53         30.72        101.0           0.992         1.088         0.923         0.948       169.9  
  1898.25        1826.78         74.49        102.4           1.004         1.122         0.931         0.965       169.8  
  1898.50        1827.02         91.79        103.6           1.008         1.146         0.963         1.006       169.7  
  1898.75        1827.14         79.28         98.8           1.012         1.137         1.001         1.074       169.7  
  1899.00        1827.26         66.51         98.1           1.019         1.150         1.023         1.116       169.6  
  1899.25        1827.50         42.76         98.2           1.024         1.161         1.008         1.074       169.5  
  1899.50        1827.74         21.73         95.6           1.026         1.157         1.013         1.080       169.5  
  1899.75        1827.98         23.54         95.5           1.021         1.156         1.025         1.108       169.4  
  1900.00        1828.23         27.58         91.0           1.007         1.097         1.044         1.166       169.4  
  1900.25        1828.33         28.89         92.2           1.018         1.236         0.959         1.000       169.4  
  1900.50        1828.47         30.73         95.8           0.997         1.105         0.963         1.025       169.4  
  1900.75        1828.71         30.36         98.6           0.982         1.100         0.957         1.024       169.4  
  1901.00        1828.95         28.97         91.9           0.976         1.109         0.938         1.009       169.4  
  1901.25        1829.19         30.27         95.9           0.968         1.115         0.920         0.995       169.4  
  1901.50        1829.32         29.00         96.6           0.952         1.077         0.930         1.018       169.3  
  1901.75        1829.44         27.82         93.7           0.952         1.077         0.902         1.018       169.4  
  1902.00        1829.68         27.15         96.9           0.955         1.140         0.877         0.940       169.4  
  1902.25        1829.92         26.23         88.3           0.955         1.119         0.880         0.946       169.5  
  1902.50        1830.16         25.60         95.9           0.956         1.101         0.892         0.957       169.5  
  1902.75        1830.40         26.51        100.0           0.963         1.102         0.899         0.958       169.5  
  1903.00        1830.51         27.24         98.5           0.980         1.131         0.903         0.939       169.6  
  1903.25        1830.64         28.17         97.2           0.998         1.151         0.942         1.010       169.6  
  1903.50        1830.89         27.74        105.3           0.997         1.091         1.022         1.139       169.7  
  1903.75        1831.13         25.35        101.2           1.013         1.149         1.034         1.133       169.7  
  1904.00        1831.37         25.08        102.0           1.029         1.171         1.027         1.109       169.8  
  1904.25        1831.50         24.06        102.8           1.028         1.117         1.033         1.104       169.8  
  1904.50        1831.61         23.18         93.7           1.037         1.126         1.007         1.047       169.9  
  1904.75        1831.85         24.33         93.6           1.049         1.183         0.980         0.982       170.0  
  1905.00        1832.09         25.17         96.0           1.034         1.128         1.043         1.120       170.0  
  1905.25        1832.34         26.97         98.5           1.036         1.103         1.052         1.176       170.1  
  1905.50        1832.58         28.03        109.9           1.046         1.174         1.025         1.097       170.2  
  1905.75        1832.69         27.26        110.7           1.046         1.144         1.016         1.076       170.2  
  1906.00        1832.82         26.37        107.1           1.051         1.180         0.988         1.018       170.3  
  1906.25        1833.06         25.82        103.8           1.043         1.198         1.016         1.047       170.3  
  1906.50        1833.30         24.30        104.5           1.030         1.190         1.061         1.104       170.4  
  1906.75        1833.54         25.57        108.8           1.046         1.151         1.007         1.034       170.5  
  1907.00        1833.68         25.91        109.4           1.045         1.115         1.007         1.055       170.6  
  1907.25        1833.79         26.18        103.3           1.053         1.146         0.990         1.036       170.6  
  1907.50        1834.03         21.27        103.3           1.048         1.077         1.016         1.059       170.7  
  1907.75        1834.27         20.92        107.2           1.068         1.192         0.984         1.013       170.8  
  1908.00        1834.51         22.70        109.2           1.060         1.168         1.023         1.052       170.8  
  1908.25        1834.75         21.28        106.2           1.062         1.143         1.038         1.094       170.9  
  1908.50        1834.87         21.84        107.6           1.071         1.179         1.048         1.104       171.0  
  1908.75        1834.99         22.45        106.1           1.072         1.162         1.067         1.141       171.0  
  1909.00        1835.24         23.14        109.9           1.075         1.173         1.063         1.133       171.1  
  1909.25        1835.48         24.07        114.5           1.077         1.183         1.056         1.112       171.2  
  1909.50        1835.72         27.37        104.3           1.083         1.207         1.042         1.089       171.2  
  1909.75        1835.86         26.31        108.2           1.079         1.164         1.054         1.120       171.3  
  1910.00        1835.96         25.56        107.2           1.083         1.192         1.050         1.104       171.3  
  1910.25        1836.20         31.19        105.6           1.087         1.189         1.043         1.077       171.4  
  1910.50        1836.44         29.26        109.3           1.093         1.207         1.037         1.066       171.4  
  1910.75        1836.69         29.29        110.6           1.091         1.181         1.058         1.112       171.5  
  1911.00        1836.93         28.61        109.1           1.096         1.203         1.068         1.128       171.5  
  1911.25        1837.05         28.10        109.2           1.102         1.205         1.080         1.135       171.6  
  1911.50        1837.17         27.60        112.3           1.109         1.212         1.088         1.140       171.6  
  1911.75        1837.41         27.99        107.7           1.118         1.211         1.096         1.149       171.7  
  1912.00        1837.65         28.21        110.2           1.131         1.236         1.096         1.136       171.7  
  1912.25        1837.89         26.67        110.2           1.141         1.241         1.109         1.140       171.8  
  1912.50        1838.14         30.61        110.8           1.148         1.239         1.127         1.167       171.8  
  1912.75        1838.24         30.54        109.4           1.166         1.279         1.134         1.167       171.9  
  1913.00        1838.38         30.44        108.0           1.174         1.256         1.157         1.194       171.9  
  1913.25        1838.62         26.37        113.1           1.188         1.280         1.157         1.182       172.0  
  1913.50        1838.86         23.62        111.4           1.210         1.310         1.180         1.214       171.8  
  1913.75        1839.10         21.91        112.8           1.223         1.296         1.230         1.294       171.7  
  1914.00        1839.23         20.78        112.7           1.234         1.315         1.246         1.296       171.6  
  1914.25        1839.34         19.77        112.7           1.254         1.356         1.247         1.287       170.4  
  1914.50        1839.59         21.43        117.7           1.262         1.337         1.281         1.345       169.6  
  1914.75        1839.83         60.52        114.7           1.261         1.321         1.298         1.372       168.7  
  1915.00        1840.07         26.83        111.7           1.270         1.351         1.271         1.314       167.9  
  1915.25        1840.31         24.93        111.4           1.266         1.341         1.242         1.262       167.9  
  1915.50        1840.42         25.34        110.6           1.258         1.321         1.232         1.249       167.9  
  1915.75        1840.55         25.84        108.2           1.250         1.323         1.216         1.231       168.0  
  1916.00        1840.79         28.35        112.4           1.231         1.325         1.216         1.244       168.0  
  1916.25        1841.04         28.93        105.1           1.206         1.306         1.231         1.322       168.0  
  1916.50        1841.28         35.08         99.9           1.176         1.248         1.182         1.241       168.1  
  1916.75        1841.41         31.87        100.2           1.151         1.221         1.073         1.077       168.1  
  1917.00        1841.52         29.25         97.7           1.139         1.210         1.063         1.081       168.2  
  1917.25        1841.76         28.87         98.2           1.150         1.231         1.055         1.047       168.2  
  1917.50        1842.00         26.74         96.1           1.150         1.231         1.055         1.047       168.3  
  1917.75        1842.24         26.11         99.7           1.150         1.232         1.055         1.047       168.3  
  1918.00        1842.49         28.18         99.8           1.149         1.231         1.056         1.047       168.4  
  1918.25        1842.60         28.07         99.9           1.142         1.197         1.057         1.087       168.4  
  1918.50        1842.73         27.94         94.8           1.140         1.194         1.066         1.090       168.5  
  1918.75        1842.97         30.40         96.9           1.130         1.210         1.073         1.099       168.5  
  1919.00        1843.21         31.42         98.9           1.128         1.195         1.063         1.101       168.6  
  1919.25        1843.45         31.07        101.8           1.132         1.203         1.059         1.094       168.6  
  1919.50        1843.59         31.22         98.0           1.135         1.211         1.056         1.087       168.7  
  1919.75        1843.69         31.33         99.6           1.137         1.211         1.070         1.105       168.7  
  1920.00        1843.94         31.65         99.1           1.145         1.216         1.088         1.119       168.8  
  1920.25        1844.18         33.63         95.7           1.178         1.251         1.123         1.137       168.8  
  1920.50        1844.42         28.47         98.4           1.202         1.257         1.169         1.183       168.9  
  1920.75        1844.66         28.70         97.2           1.226         1.277         1.193         1.201       168.9  
  1921.00        1844.78         27.68        100.1           1.251         1.333         1.221         1.222       169.0  
  1921.25        1844.90         26.64         97.8           1.259         1.317         1.261         1.274       169.1  
  1921.50        1845.14         27.33         96.1           1.298         1.348         1.317         1.352       169.1  
  1921.75        1845.39         25.27         91.0           1.333         1.375         1.349         1.382       169.2  
  1922.00        1845.63         23.50         93.4           1.351         1.414         1.345         1.360       169.2  
  1922.25        1845.87         24.12         97.1           1.368         1.413         1.360         1.378       169.3  
  1922.50        1845.97         24.32         90.3           1.384         1.386         1.392         1.421       169.4  
  1922.75        1846.11         24.59         94.5           1.398         1.429         1.396         1.409       169.5  
  1923.00        1846.35         25.77         98.0           1.429         1.431         1.427         1.477       169.5  
  1923.25        1846.59         21.79         94.9           1.456         1.485         1.431         1.457       169.6  
  1923.50        1846.84         17.37         92.8           1.467         1.472         1.441         1.489       169.7  
  1923.75        1846.96         18.45         91.9           1.487         1.441         1.476         1.544       169.7  
  1924.00        1847.08         19.47         93.9           1.542         1.510         1.467         1.458       169.8  
  1924.25        1847.32         23.65         94.3           1.595         1.542         1.479         1.442       169.9  
  1924.50        1847.56         22.65         91.8           1.636         1.559         1.527         1.492       169.9  
  1924.75        1847.80         21.87         92.5           1.692         1.641         1.595         1.583       170.0  
  1925.00        1848.04         14.29         91.4           1.731         1.661         1.686         1.689       170.3  
  1925.25        1848.15         13.89         91.6           1.790         1.769         1.795         1.818       169.4  
  1925.50        1848.35         13.14         91.8           1.833         1.851         1.944         2.030       169.4  
  1925.75        1848.55         12.38         96.4           1.884         1.896         2.051         2.215       169.5  
  1926.00        1848.74         11.63         92.0           1.922         1.953         2.062         2.222       169.5  
  1926.25        1849.01         10.62         93.9           1.936         1.965         2.042         2.170       169.5  
  1926.50        1849.14         45.34         85.8           1.939         1.941         1.990         2.051       169.5  
  1926.75        1849.25         75.14         94.4           1.914         1.887         1.930         1.966       169.6  
  1927.00        1849.49         23.00         90.7           1.891         1.837         1.898         1.955       169.6  
  1927.25        1849.74         25.60         89.6           1.861         1.795         1.853         1.917       169.6  
  1927.50        1849.98         23.60         87.7           1.826         1.739         1.780         1.813       169.6  
  1927.75        1850.22         28.60         89.6           1.801         1.697         1.734         1.758       169.6  
  1928.00        1850.33         26.62         93.6           1.785         1.680         1.691         1.693       169.6  
  1928.25        1850.46         24.30         93.2           1.779         1.667         1.638         1.641       169.6  
  1928.50        1850.70         25.00         93.2           1.767         1.617         1.648         1.652       169.6  
  1928.75        1850.94         47.87         94.1           1.778         1.660         1.624         1.576       169.6  
  1929.00        1851.19         39.07         97.4           1.801         1.689         1.620         1.550       169.7  
  1929.25        1851.32         37.60         96.4           1.825         1.680         1.641         1.560       169.7  
  1929.50        1851.43         36.45        106.4           1.842         1.761         1.729         1.772       169.7  
  1929.75        1851.67         34.36        100.2           1.902         1.868         1.869         2.009       169.7  
  1930.00        1851.91         28.99         94.5           2.046         1.934         1.971         2.039       169.7  
  1930.25        1852.15         33.76         89.6           2.114         1.923         2.041         2.149       169.8  
  1930.50        1852.39         33.07         91.3           2.241         2.079         2.039         2.016       169.8  
  1930.75        1852.51         36.19         92.9           2.405         2.235         2.154         2.085       169.9  
  1931.00        1852.64         39.55         90.5           2.515         2.365         2.281         2.285       169.9  
  1931.25        1852.88         35.22         89.1           2.686         2.464         2.687         2.973       170.0  
  1931.50        1853.12         39.47         89.3           2.880         2.517         3.046         3.766       170.0  
  1931.75        1853.36         41.17         93.1           3.289         3.084         2.971         2.858       170.0  
  1932.00        1853.50         41.98         92.5           3.659         3.268         2.888         2.536       170.1  
  1932.25        1853.60         42.56         93.6           4.036         3.471         3.101         2.647       170.1  
  1932.50        1853.84         43.08         92.3           4.824         4.469         3.468         3.306       170.2  
  1932.75        1854.09         41.69         85.2           5.361         5.275         5.624         6.051       170.2  
  1933.00        1854.33         39.58         79.4           5.819         6.266         6.083         7.021       170.3  
  1933.25        1854.57         38.34         79.5           6.582         7.542         8.027        10.330       170.3  
  1933.50        1854.69         38.99         76.5           8.181        11.069        11.744        16.554       170.4  
  1933.75        1854.81         39.62         87.8           9.312        13.336        15.438        22.678       170.4  
  1934.00        1855.05         43.15         94.7          11.467        17.548        19.708        26.756       170.5  
  1934.25        1855.29         46.63         93.1          14.509        22.679        26.032        33.720       170.5  
  1934.50        1855.54         46.64         78.5          17.133        27.411        31.820        40.374       170.6  
  1934.75        1855.78         39.10         49.8          19.177        30.464        35.765        44.617       170.6  
  1935.00        1855.88         34.55         34.0          21.606        35.187        39.313        46.937       170.7  
  1935.25        1856.02         28.39         34.3          25.020        39.576        41.850        45.832       170.8  
  1935.50        1856.26         23.36         43.6          27.570        38.485        35.063        34.477       170.9  
  1935.75        1856.50         23.04         50.8          30.334        44.210        39.086        40.106       171.0  
  1936.00        1856.74         22.83         58.5          34.431        48.363        47.194        46.082       171.1  
  1936.25        1856.87         22.68         49.6          38.380        50.531        47.896        48.360       171.1  
  1936.50        1856.99         22.54         35.6          40.970        51.741        50.727        48.933       171.2  
  1936.75        1857.23         30.25         42.8          45.289        56.039        46.209        38.383       171.3  
  1937.00        1857.47         40.70         45.7          51.419        57.290        40.259        33.710       171.3  
  1937.25        1857.71         53.66         35.4          51.740        63.087        55.508        51.737       171.4  
  1937.50        1857.95         61.66         29.6          54.534        65.097        59.490        56.828       171.4  
  1937.75        1858.06         62.71         29.8          57.124        67.880        62.107        58.651       171.5  
  1938.00        1858.19         63.99         31.5          60.520        72.240        63.370        60.438       171.5  
  1938.25        1858.44         53.70         37.4          63.094        75.326        69.526        66.557       171.6  
  1938.50        1858.68         29.18         35.7          65.718        79.578        78.929        78.374       171.7  
  1938.75        1858.92         26.42         25.5          70.741        88.088        86.115        87.564       171.7  
  1939.00        1859.05         23.74         24.9          72.970        94.237        93.651        97.904       171.8  
  1939.25        1859.16         21.54         24.7          73.194        98.127        94.612        99.465       171.8  
  1939.50        1859.40         22.13         23.3          75.388       102.054        95.609       100.771       171.9  
  1939.75        1859.64         25.68         21.4          72.729       103.843        96.631       102.112       172.0  
  1940.00        1859.89         27.45         20.3          78.899       106.004        97.784       103.538       172.0  
  1940.25        1860.13         32.70         21.1          76.871       104.288        97.171       102.955       172.1  
  1940.50        1860.24         34.42         22.3          75.804       102.418        95.109       101.016       172.1  
  1940.75        1860.37         36.36         18.8          75.205        99.053        91.865        96.473       172.2  
  1941.00        1860.61         36.05         20.9          72.690        96.773        86.486        89.548       172.2  
  1941.25        1860.85         38.21         27.3          68.922        94.092        81.966        84.655       172.3  
  1941.50        1861.09         42.62         38.6          66.956        90.921        72.671        74.499       172.3  
  1941.75        1861.23         40.32         42.0          66.954        84.633        65.054        64.072       172.4  
  1942.00        1861.34         38.59         52.1          62.065        81.863        64.150        63.452       172.4  
  1942.25        1861.58         29.89         56.4          60.593        77.072        59.597        59.267       172.4  
  1942.50        1861.82         23.23         55.1          56.222        71.215        56.650        54.679       172.5  
  1942.75        1862.06         20.16         60.0          51.904        64.068        59.715        63.773       172.5  
  1943.00        1862.30         19.05         51.3          47.554        57.623        53.764        56.162       172.6  
  1943.25        1862.42         18.93         38.5          44.485        52.555        51.810        54.674       172.7  
  1943.50        1862.54         18.82         30.8          40.167        45.226        42.439        47.277       172.7  
  1943.75        1862.79         20.42         19.4          35.972        39.239        46.567        55.793       172.8  
  1944.00        1863.03         25.32         20.7          32.008        31.902        41.795        52.756       172.8  
  1944.25        1863.27         29.82         21.0          28.614        25.884        34.459        41.203       172.8  
  1944.50        1863.51         30.83         23.0          27.768        24.705        25.258        22.662       172.9  
  1944.75        1863.61         31.18         31.0          24.942        20.078        20.253        19.453       172.9  
  1945.00        1863.75         31.68         40.5          25.619        19.853        11.971         9.015       172.9  
  1945.25        1863.99         28.42         45.3          21.606        19.082        16.421        14.329       172.9  
  1945.50        1864.24         19.03         28.8          17.877        16.089        20.129        22.580       173.0  
  1945.75        1864.48         22.28         48.3          14.996        14.697        16.472        19.058       173.0  
  1946.00        1864.60         23.79         61.6          19.709        16.253        13.286        21.085       173.0  
  1946.25        1864.72         25.21         75.5          18.397        16.144        14.802        21.176       173.1  
  1946.50        1864.96         28.93         50.7          17.085        16.035        16.318        21.267       173.1  
  1946.75        1865.20         30.62         57.8          15.365        15.906        18.259        21.404       173.1  
  1947.00        1865.44         33.20         65.0          14.564        14.864        16.754        19.289       173.1  
  1947.25        1865.69         32.83         68.1          13.418        13.357        13.948        14.397       173.2  
  1947.50        1865.79         32.44         75.2          13.276        13.071        14.018        13.520       173.2  
  1947.75        1865.93         31.93         91.2          11.682        11.672        11.446        10.976       173.2  
  1948.00        1866.17         30.45         95.6          10.226        10.044        10.567        10.627       173.3  
  1948.25        1866.41         27.42         94.3           9.430         9.323         9.040         8.375       173.3  
  1948.50        1866.65         22.78         83.7           8.779         8.813         8.262         7.449       173.3  
  1948.75        1866.78         22.25         77.1           7.757         7.884         8.073         7.917       173.4  
  1949.00        1866.90         21.79         78.8           6.990         6.888         7.657         7.782       173.4  
  1949.25        1867.14         22.47         82.6           6.382         6.391         7.007         7.155       173.4  
  1949.50        1867.38         23.46         83.0           5.582         5.778         6.451         6.857       173.5  
  1949.75        1867.62         25.75         82.2           4.794         5.119         5.689         6.173       173.5  
  1950.00        1867.86         25.28         80.2           4.310         4.715         5.021         5.284       173.5  
  1950.25        1867.97         25.85         78.4           3.755         4.357         4.348         4.539       173.6  
  1950.50        1868.10         26.52         75.6           3.264         3.685         3.999         4.340       173.6  
  1950.75        1868.35         25.98         69.4           3.051         3.394         3.850         4.355       173.6  
  1951.00        1868.59         25.85         70.5           2.790         3.084         3.617         4.284       173.7  
  1951.25        1868.83         24.52         72.4           2.532         2.564         3.322         3.515       173.7  
  1951.50        1868.96         24.37         79.0           2.117         2.250         2.571         2.696       173.7  
  1951.75        1869.07         24.26         80.7           1.965         2.018         2.284         2.421       173.7  
  1952.00        1869.31         25.06         82.6           1.551         1.356         1.610         1.420       173.8  
  1952.25        1869.55         24.88         85.3           1.180         1.043         1.024         0.941       173.8  
  1952.50        1869.80         25.25         84.8           1.059         0.919         0.900         0.840       173.8  
  1952.75        1870.04         23.82         78.4           1.019         0.891         0.867         0.810       173.9  
  1953.00        1870.15         22.51         77.4           0.957         0.871         0.831         0.799       173.9  
  1953.25        1870.28         21.08         78.8           0.891         0.841         0.818         0.798       174.0  
  1953.50        1870.52         17.80         81.5           0.867         0.849         0.828         0.818       174.0  
  1953.75        1870.76         16.64         88.5           0.851         0.853         0.848         0.853       174.1  
  1954.00        1870.95         15.70         81.5           0.844         0.844         0.857         0.860       174.3  
  1954.25        1871.15         14.69         83.7           0.841         0.840         0.859         0.865       173.6  
  1954.50        1871.34         13.68         85.0           0.822         0.851         0.863         0.865       172.8  
  1954.75        1871.49         12.94         84.1           0.800         0.842         0.864         0.904       172.1  
  1955.00        1871.73         12.70         85.3           0.775         0.808         0.826         0.880       171.4  
  1955.25        1871.97         13.50         83.6           0.751         0.776         0.748         0.787       171.4  
  1955.50        1872.21         20.28         79.9           0.723         0.683         0.679         0.646       171.5  
  1955.75        1872.33         20.96         87.6           0.711         0.672         0.652         0.603       171.5  
  1956.00        1872.45         21.63         89.6           0.702         0.736         0.693         0.710       171.5  
  1956.25        1872.70         21.15         82.5           0.685         0.692         0.734         0.776       171.5  
  1956.50        1872.94         18.06         80.4           0.680         0.674         0.718         0.708       171.5  
  1956.75        1873.18         20.12         81.8           0.680         0.678         0.692         0.670       171.7  
  1957.00        1873.42         17.54         85.0           0.674         0.673         0.680         0.687       171.7  
  1957.25        1873.52         16.86         80.6           0.670         0.668         0.672         0.669       171.8  
  1957.50        1873.66         15.94         74.0           0.667         0.653         0.673         0.667       172.0  
  1957.75        1873.91         11.62         78.4           0.673         0.667         0.667         0.650       172.1  
  1958.00        1874.15         10.82         77.9           0.680         0.680         0.671         0.679       172.4  
  1958.25        1874.39         11.43         73.2           0.688         0.688         0.679         0.695       172.5  
  1958.50        1874.52         11.90         67.7           0.698         0.684         0.695         0.703       172.6  
  1958.75        1874.63         12.32         73.9           0.726         0.702         0.711         0.670       172.7  
  1959.00        1874.87         15.93         83.3           0.750         0.789         0.758         0.750       172.8  
  1959.25        1875.11         35.01         80.4           0.762         0.788         0.823         0.851       172.8  
  1959.50        1875.36         41.41         74.7           0.774         0.817         0.826         0.853       172.9  
  1959.75        1875.60         60.65         70.2           0.785         0.805         0.821         0.849       173.0  
  1960.00        1875.71         68.59         67.9           0.795         0.782         0.808         0.808       173.0  
  1960.25        1875.84         78.44         73.0           0.809         0.793         0.790         0.739       173.1  
  1960.50        1876.08         47.70         76.0           0.827         0.839         0.793         0.764       173.2  
  1960.75        1876.32         35.21         84.7           0.829         0.835         0.842         0.878       173.2  
  1961.00        1876.57         34.79         84.7           0.838         0.857         0.875         0.930       173.3  
  1961.25        1876.70         34.66         79.7           0.852         0.856         0.885         0.891       173.3  
  1961.50        1876.81         34.55         82.2           0.867         0.904         0.890         0.884       173.4  
  1961.75        1877.05         35.97         85.5           0.870         0.914         0.914         0.929       173.4  
  1962.00        1877.29         40.28         82.0           0.867         0.898         0.929         0.975       173.5  
  1962.25        1877.53         56.13         80.2           0.863         0.877         0.924         0.968       173.5  
  1962.50        1877.77         52.90         69.8           0.852         0.872         0.908         0.947       173.6  
  1962.75        1877.89         47.96         82.7           0.838         0.848         0.886         0.940       173.7  
  1963.00        1878.02         42.35         81.9           0.826         0.819         0.861         0.901       173.7  
  1963.25        1878.26         39.46         79.4           0.816         0.804         0.830         0.831       173.8  
  1963.50        1878.50         36.35         82.9           0.809         0.804         0.817         0.809       173.8  
  1963.75        1878.74         29.55         85.3           0.800         0.800         0.818         0.833       173.9  
  1964.00        1878.88         28.42         74.4           0.793         0.796         0.826         0.860       174.0  
  1964.25        1878.98         27.57         70.8           0.785         0.784         0.817         0.844       174.1  
  1964.50        1879.23         25.51         71.5           0.784         0.774         0.808         0.813       174.1  
  1964.75        1879.47         18.73         68.6           0.786         0.783         0.788         0.791       174.2  
  1965.00        1879.71         19.32         72.3           0.784         0.776         0.791         0.802       174.3  
  1965.25        1879.95         21.46         72.5           0.787         0.779         0.791         0.789       174.4  
  1965.50        1880.07         21.36         73.6           0.799         0.806         0.796         0.796       174.4  
  1965.75        1880.19         21.25         72.6           0.807         0.815         0.807         0.816       174.5  
  1966.00        1880.43         22.12         73.7           0.819         0.825         0.829         0.839       174.6  
  1966.25        1880.68         25.11         76.1           0.829         0.835         0.841         0.843       174.6  
  1966.50        1880.92         31.24         72.8           0.844         0.861         0.859         0.855       174.6  
  1966.75        1881.16         36.73         75.5           0.857         0.879         0.885         0.894       174.7  
  1967.00        1881.26         37.62         78.7           0.866         0.884         0.907         0.936       174.7  
  1967.25        1881.40         38.89         86.0           0.871         0.889         0.917         0.950       174.7  
  1967.50        1881.64         34.84         79.5           0.876         0.893         0.915         0.943       174.8  
  1967.75        1881.89         29.49         78.3           0.876         0.890         0.903         0.924       174.8  
  1968.00        1882.13         28.18         76.7           0.874         0.875         0.891         0.901       174.9  
  1968.25        1882.25         28.30         73.2           0.871         0.871         0.881         0.883       174.9  
  1968.50        1882.37         28.42         77.0           0.864         0.878         0.874         0.886       174.9  
  1968.75        1882.61         29.16         75.0           0.858         0.853         0.866         0.887       175.0  
  1969.00        1882.85         30.60         77.1           0.852         0.836         0.840         0.833       175.0  
  1969.25        1883.09         30.90         80.8           0.852         0.838         0.835         0.821       175.0  
  1969.50        1883.34         35.98         78.2           0.857         0.845         0.840         0.832       175.0  
  1969.75        1883.44         38.69         85.2           0.863         0.852         0.861         0.876       175.1  
  1970.00        1883.58         42.21         76.1           0.872         0.877         0.877         0.888       175.1  
  1970.25        1883.82         45.13         74.6           0.881         0.890         0.896         0.914       175.1  
  1970.50        1884.06         43.11         81.9           0.892         0.904         0.920         0.932       175.2  
  1970.75        1884.30         40.45         81.7           0.896         0.914         0.931         0.945       175.2  
  1971.00        1884.43         39.86         81.1           0.893         0.897         0.934         0.950       175.2  
  1971.25        1884.55         39.35         81.5           0.886         0.899         0.929         0.949       175.2  
  1971.50        1884.79         38.73         78.4           0.870         0.893         0.916         0.956       175.3  
  1971.75        1885.03         35.46         77.2           0.849         0.859         0.890         0.921       175.3  
  1972.00        1885.27         35.36         72.7           0.830         0.839         0.846         0.860       175.3  
  1972.25        1885.51         37.05         60.8           0.802         0.811         0.809         0.807       175.3  
  1972.50        1885.62         37.98         57.3           0.774         0.775         0.791         0.781       175.4  
  1972.75        1885.76         39.09         59.5           0.756         0.791         0.787         0.805       175.4  
  1973.00        1886.00         39.45         66.5           0.732         0.758         0.788         0.847       175.4  
  1973.25        1886.24         39.15         67.1           0.704         0.701         0.715         0.697       175.4  
  1973.50        1886.48         37.14         62.1           0.683         0.689         0.664         0.662       175.5  
  1973.75        1886.62         36.41         63.2           0.669         0.680         0.703         0.718       175.5  
  1974.00        1886.72         35.84         66.6           0.673         0.681         0.695         0.696       175.5  
  1974.25        1886.96         14.35         68.9           0.675         0.686         0.688         0.687       175.6  
  1974.50        1887.21         19.24         69.1           0.677         0.691         0.681         0.679       175.6  
  1974.75        1887.45         24.27         69.4           0.679         0.696         0.674         0.671       175.6  
  1975.00        1887.69         31.21         69.6           0.681         0.701         0.667         0.663       175.6  
  1975.25        1887.81         32.65         69.8           0.684         0.706         0.660         0.655       175.7  
  1975.50        1887.93         34.22         70.0           0.685         0.711         0.656         0.648       175.7  
  1975.75        1888.17         36.09         63.5           0.671         0.670         0.671         0.675       175.7  
  1976.00        1888.42         37.21         64.8           0.672         0.694         0.666         0.667       175.7  
  1976.25        1888.66         37.09         66.3           0.674         0.683         0.687         0.718       175.7  
  1976.50        1888.80         36.81         67.5           0.682         0.697         0.677         0.680       175.8  
  1976.75        1888.90         36.61         64.4           0.688         0.704         0.675         0.669       175.8  
  1977.00        1889.14         35.95         68.9           0.697         0.724         0.692         0.703       175.8  
  1977.25        1889.38         35.09         70.9           0.698         0.690         0.719         0.750       175.8  
  1977.50        1889.63         36.05         68.7           0.707         0.701         0.711         0.727       175.8  
  1977.75        1889.87         36.71         66.7           0.725         0.752         0.741         0.736       175.9  
  1978.00        1889.99         35.69         73.2           0.730         0.747         0.768         0.811       175.9  
  1978.25        1890.11         34.69         74.1           0.742         0.775         0.773         0.804       175.9  
  1978.50        1890.35         34.24         77.0           0.746         0.747         0.782         0.806       175.9  
  1978.75        1890.59         34.16         76.6           0.761         0.753         0.768         0.772       176.0  
  1979.00        1890.84         31.92         68.8           0.772         0.807         0.764         0.746       176.0  
  1979.25        1891.08         30.86         75.2           0.776         0.787         0.779         0.776       176.0  
  1979.50        1891.18         30.52         78.2           0.783         0.810         0.809         0.832       176.0  
  1979.75        1891.32         30.05         74.8           0.789         0.815         0.828         0.863       176.1  
  1980.00        1891.56         29.96         76.3           0.788         0.809         0.809         0.807       176.1  
  1980.25        1891.80         28.85         76.8           0.790         0.802         0.797         0.797       176.1  
  1980.50        1892.04         26.88         75.9           0.792         0.817         0.801         0.810       176.1  
  1980.75        1892.17         25.40         76.5           0.791         0.821         0.808         0.850       176.2  
  1981.00        1892.29         24.05         75.9           0.788         0.793         0.816         0.841       176.2  
  1981.25        1892.53         23.09         76.3           0.793         0.806         0.793         0.792       176.2  
  1981.50        1892.77         20.51         74.0           0.798         0.801         0.773         0.749       176.3  
  1981.75        1893.01         13.77         74.6           0.807         0.806         0.769         0.781       176.2  
  1982.00        1893.25         14.08         84.1           0.813         0.832         0.807         0.827       175.6  
  1982.25        1893.36         14.43         81.9           0.829         0.874         0.850         0.889       175.5  
  1982.50        1893.56         15.07         83.6           0.844         0.898         0.865         0.916       175.5  
  1982.75        1893.76         15.71         76.7           0.852         0.878         0.865         0.902       175.4  
  1983.00        1893.96         16.36         74.0           0.865         0.880         0.856         0.875       175.3  
  1983.25        1894.16         17.00         76.4           0.883         0.903         0.856         0.857       175.2  
  1983.50        1894.35         17.64         80.8           0.909         0.947         0.871         0.876       175.1  
  1983.75        1894.46         18.00         84.0           0.913         0.920         0.910         0.915       175.2  
  1984.00        1894.71         19.20         84.7           0.927         0.933         0.924         0.954       175.1  
  1984.25        1894.95         17.21         84.9           0.949         1.003         0.934         0.944       174.9  
  1984.50        1895.19         27.67         88.0           0.962         1.011         0.967         1.003       174.8  
  1984.75        1895.43         34.60         91.9           0.976         1.034         0.984         1.033       174.7  
  1985.00        1895.54         37.75         91.1           0.981         1.013         0.981         0.997       174.6  
  1985.25        1895.67         41.34         90.6           0.990         1.033         0.965         0.961       174.5  
  1985.50        1895.92         52.42         87.5           0.994         1.029         0.962         0.959       174.3  
  1985.75        1896.16         68.36         82.7           0.999         1.043         0.967         0.962       174.2  
  1986.00        1896.40         45.02         83.9           1.000         1.003         0.984         1.019       174.1  
  1986.25        1896.54         53.00         92.0           1.004         1.035         0.998         1.020       174.0  
  1986.50        1896.64         59.07         92.0           1.014         1.053         1.013         1.044       174.0  
  1986.75        1896.88         46.47         87.5           1.018         1.070         1.028         1.074       174.0  
  1987.00        1897.12         40.96         89.8           1.019         1.049         1.022         1.070       174.1  
  1987.25        1897.37         45.94         89.3           1.013         1.046         0.997         1.010       174.1  
  1987.50        1897.61         41.50         84.2           0.997         1.043         0.991         0.986       174.1  
  1987.75        1897.73         42.95         82.6           0.978         1.039         0.983         0.957       174.1  
  1988.00        1897.85         44.46         80.8           0.986         1.041         0.979         0.973       174.1  
  1988.25        1898.09         43.99         82.1           0.994         1.043         0.975         0.992       174.1  
  1988.50        1898.33         43.92         84.6           1.004         1.045         0.969         1.013       174.1  
  1988.75        1898.58         48.83         87.2           1.020         1.061         1.005         1.031       174.1  
  1989.00        1898.82         51.93         89.1           1.024         1.070         0.983         0.983       174.1  
  1989.25        1898.92         52.74         94.1           1.017         1.037         1.000         1.039       174.1  
  1989.50        1899.06         53.91         91.2           1.018         1.062         0.988         1.004       174.1  
  1989.75        1899.30         56.64         92.0           1.019         1.058         0.991         1.023       174.2  
  1990.00        1899.54         54.26         91.6           1.023         1.082         0.992         1.020       174.2  
  1990.25        1899.79         45.80         93.7           1.022         1.067         1.006         1.047       174.3  
  1990.50        1899.91         43.83         92.7           1.024         1.067         1.004         1.047       174.3  
  1990.75        1900.03         41.95         91.9           1.034         1.111         0.984         0.998       174.3  
  1991.00        1900.27         38.20         95.0           1.035         1.083         0.994         1.010       174.4  
  1991.25        1900.51         36.81         94.6           1.044         1.133         0.994         1.013       174.4  
  1991.50        1900.75         38.02         95.4           1.043         1.078         1.020         1.054       174.4  
  1991.75        1901.00         28.77         99.5           1.058         1.126         1.027         1.053       174.5  
  1992.00        1901.10         29.96         95.7           1.065         1.136         1.046         1.088       174.5  
  1992.25        1901.24         31.50         96.6           1.074         1.135         1.061         1.100       174.6  
  1992.50        1901.48         29.69         99.8           1.083         1.146         1.069         1.096       174.7  
  1992.75        1901.72         27.24        101.3           1.093         1.175         1.060         1.085       174.7  
  1993.00        1901.96         26.01         92.8           1.096         1.172         1.069         1.105       174.8  
  1993.25        1902.09         25.85         98.5           1.098         1.147         1.086         1.129       174.8  
  1993.50        1902.20         25.71         99.8           1.105         1.176         1.084         1.105       174.9  
  1993.75        1902.45         32.09         94.6           1.110         1.208         1.066         1.074       174.9  
  1994.00        1902.69         35.14         94.1           1.112         1.212         1.060         1.070       175.4  
  1994.25        1902.93         40.31         95.3           1.112         1.207         1.059         1.075       175.5  
  1994.50        1903.17         35.89         95.5           1.109         1.176         1.068         1.103       175.6  
  1994.75        1903.28         33.14         95.6           1.102         1.152         1.079         1.119       175.6  
  1995.00        1903.41         29.86         96.5           1.106         1.163         1.070         1.101       175.7  
  1995.25        1903.66         23.86         97.0           1.108         1.167         1.071         1.098       175.7  
  1995.50        1903.88         28.20         98.7           1.108         1.173         1.071         1.097       175.8  
  1995.75        1904.14         33.34         98.3           1.109         1.177         1.071         1.096       175.8  
  1996.00        1904.27         32.59        100.1           1.104         1.222         1.095         1.115       175.9  
  1996.25        1904.38         32.00         98.4           1.095         1.186         1.071         1.127       175.9  
  1996.50        1904.62         28.58         96.6           1.091         1.176         1.051         1.109       175.9  
  1996.75        1904.87         22.30        101.2           1.083         1.220         1.038         1.059       176.0  
  1997.00        1905.11         22.90         97.4           1.068         1.137         1.051         1.108       176.0  
  1997.25        1905.35         25.60         98.6           1.072         1.207         1.016         1.054       176.1  
  1997.50        1905.47         23.16         99.2           1.061         1.176         1.016         1.059       176.1  
  1997.75        1905.59         20.50         96.5           1.055         1.194         1.009         1.046       176.1  
  1998.00        1905.83         28.52         96.4           1.044         1.133         1.019         1.081       176.2  
  1998.25        1906.08         27.30         97.2           1.042         1.165         0.998         1.044       176.2  
  1998.50        1906.32         26.34         98.3           1.038         1.172         0.989         1.039       176.3  
  1998.75        1906.46         28.37         96.7           1.034         1.143         0.995         1.051       176.3  
  1999.00        1906.56         29.84         98.2           1.039         1.148         0.995         1.046       176.4  
  1999.25        1906.80         26.08         97.0           1.049         1.174         0.999         1.059       176.4  
  1999.50        1907.04         28.21         96.1           1.045         1.123         1.028         1.107       176.4  
  1999.75        1907.29         30.09        100.6           1.055         1.136         1.017         1.089       176.5  
  2000.00        1907.53         30.31         96.5           1.071         1.193         1.003         1.025       176.5  
  2000.25        1907.65         29.70         95.9           1.078         1.202         1.006         1.018       176.6  
  2000.50        1907.77         29.09         95.4           1.077         1.196         1.065         1.100       176.6  
  2000.75        1908.01         27.99         93.2           1.088         1.190         1.075         1.160       176.7  
  2001.00        1908.25         27.07         99.6           1.109         1.222         1.068         1.136       176.7  
  2001.25        1908.49         25.26        100.3           1.133         1.213         1.065         1.130       176.7  
  2001.50        1908.74         27.51        100.9           1.187         1.236         1.067         1.105       176.8  
  2001.75        1908.84         29.20        101.9           1.262         1.280         1.089         1.096       176.8  
  2002.00        1908.98         31.51         98.8           1.367         1.382         1.122         1.053       176.8  
  2002.25        1909.24         31.77        100.7           1.770         1.901         1.408         1.230       176.8  
  2002.50        1909.46         32.00         76.9           2.036         2.309         2.117         2.224       176.9  
  2002.75        1909.70         25.60         41.5           2.374         3.183         2.930         3.359       176.9  
  2003.00        1909.83         42.98         36.7           3.154         4.822         5.591         8.038       176.9  
  2003.25        1909.95         58.88         29.2           4.442         7.511        10.146        15.779       176.9  
  2003.50        1910.19         48.37         21.3           4.334         7.451        10.599        18.375       177.0  
  2003.75        1910.43         41.94         20.7           4.401         7.450         9.853        15.453       177.0  
  2004.00        1910.67         86.20         20.5           4.487         7.687        10.085        15.727       177.0  
  2004.25        1910.91         61.36         20.7           4.796         8.568        11.162        17.083       177.1  
  2004.50        1911.02         55.72         21.6           4.823         8.625        11.387        17.599       177.1  
  2004.75        1911.16         48.64         20.8           4.815         8.661        11.377        17.655       177.1  
  2005.00        1911.40         46.18         20.6           4.809         8.689        11.370        17.698       177.1  
  2005.25        1911.64         41.05         22.5           4.072         7.501         9.713        17.394       177.2  
  2005.50        1911.88         33.17         21.8           3.352         5.903         7.653        12.754       177.2  
  2005.75        1912.01         32.12         18.8           2.974         5.506         6.799        12.192       177.2  
  2006.00        1912.12         31.24         20.4           2.597         4.572         6.172        12.705       177.3  
  2006.25        1912.36         32.25         21.6           1.930         2.577         3.302         6.767       177.3  
  2006.50        1912.61         32.00         21.3           1.730         2.103         2.268         2.672       177.3  
  2006.75        1912.85         32.84         19.9           1.490         1.690         1.731         1.785       177.4  
  2007.00        1913.09         31.14         17.2           1.318         1.406         1.553         1.790       177.4  
  2007.25        1913.20         30.70         16.1           1.284         1.354         1.487         1.801       177.5  
  2007.50        1913.33         30.19         19.1           1.191         1.216         1.311         1.829       177.5  
  2007.75        1913.57         19.32         18.3           1.100         1.131         1.145         1.513       177.6  
  2008.00        1913.82         24.56         17.2           0.871         0.918         0.727         0.718       177.6  
  2008.25        1914.06         25.07         21.0           0.715         0.719         0.686         0.645       177.6  
  2008.50        1914.20         29.30         24.2           0.681         0.657         0.674         0.668       177.6  
  2008.75        1914.30         32.52         22.6           0.676         0.667         0.659         0.662       177.6  
  2009.00        1914.54         37.90         25.6           0.672         0.659         0.656         0.635       177.7  
  2009.25        1914.78         39.25         24.9           0.677         0.680         0.654         0.636       177.7  
  2009.50        1915.03         39.11         29.5           0.683         0.688         0.665         0.640       177.7  
  2009.75        1915.27         39.31         26.2           0.700         0.706         0.686         0.686       177.7  
  2010.00        1915.39         38.77         27.4           0.714         0.712         0.717         0.726       177.7  
  2010.25        1915.51         38.21         27.4           0.741         0.744         0.738         0.744       177.8  
  2010.50        1915.75         31.04         26.2           0.773         0.776         0.767         0.769       177.8  
  2010.75        1915.99         16.49         23.5           0.810         0.796         0.793         0.786       177.9  
  2011.00        1916.23         18.67         25.7           0.865         0.858         0.851         0.813       177.9  
  2011.25        1916.38         18.16         38.1           0.903         0.966         0.929         0.930       177.9  
  2011.50        1916.48         17.81         63.3           0.932         0.986         1.047         1.183       177.8  
  2011.75        1916.72         11.10         54.8           0.945         0.995         1.056         1.112       176.3  
  2012.00        1916.96         31.68         38.0           0.960         1.008         1.012         1.041       174.8  
  2012.25        1917.20         26.50         34.0           0.956         0.954         0.975         0.917       174.7  
  2012.50        1917.44         18.82         29.4           0.951         0.913         0.907         0.844       174.7  
  2012.75        1917.57         39.13         25.1           0.943         0.872         0.891         0.851       174.7  
  2013.00        1917.69         58.61         24.5           0.940         0.935         0.931         0.928       174.7  
  2013.25        1917.93         47.00         53.2           0.933         0.933         0.973         1.003       174.7  
  2013.50        1918.17         56.85         61.7           0.932         0.935         0.979         1.011       174.6  
  2013.75        1918.41         67.02         67.5           0.930         0.940         0.988         1.032       174.6  
  2014.00        1918.65         75.24         63.2           0.941         1.030         0.984         1.081       174.6  
  2014.25        1918.76         72.78         62.6           0.931         1.020         0.929         0.986       174.6  
  2014.50        1918.90         69.55         56.9           0.921         0.897         0.892         0.889       174.6  
  2014.75        1919.14         62.10         49.3           0.906         0.841         0.836         0.755       174.6  
  2015.00        1919.38         57.23         71.4           0.888         0.967         0.914         0.847       174.6  
  2015.25        1919.62         67.35         75.8           0.836         0.909         0.978         1.208       174.6  
  2015.50        1919.75         78.27         50.9           0.825         0.824         0.880         0.963       174.6  
  2015.75        1919.86         87.85         28.4           0.815         0.797         0.798         0.744       174.6  
  2016.00        1920.10         58.00         27.6           0.784         0.753         0.761         0.740       174.6  
  2016.25        1920.35         57.00         27.4           0.756         0.744         0.763         0.776       174.6  
  2016.50        1920.59         83.35         28.7           0.744         0.731         0.764         0.772       174.6  
  2016.75        1920.83         65.22         30.1           0.739         0.735         0.751         0.745       174.6  
  2017.00        1920.94         62.30         26.7           0.730         0.719         0.734         0.738       174.6  
  2017.25        1921.07         58.79         27.7           0.722         0.717         0.737         0.724       174.7  
  2017.50        1921.31         57.25         30.1           0.724         0.739         0.741         0.735       174.7  
  2017.75        1921.56         56.55         34.0           0.722         0.743         0.758         0.779       174.7  
  2018.00        1921.80         58.14         31.0           0.717         0.725         0.757         0.763       174.7  
  2018.25        1921.93         59.20         26.9           0.717         0.723         0.736         0.724       174.7  
  2018.50        1922.04         60.05         24.1           0.711         0.711         0.723         0.728       174.7  
  2018.75        1922.28         60.22         23.7           0.705         0.696         0.723         0.739       174.7  
  2019.00        1922.52         59.90         23.7           0.702         0.677         0.713         0.711       174.7  
  2019.25        1922.77         59.63         29.0           0.706         0.691         0.707         0.678       174.7  
  2019.50        1923.01         49.38         28.8           0.707         0.738         0.712         0.695       174.7  
  2019.75        1923.12         47.38         26.0           0.694         0.722         0.736         0.734       174.8  
  2020.00        1923.25         45.18         24.2           0.687         0.724         0.746         0.798       174.8  
  2020.25        1923.49         47.43         24.0           0.677         0.706         0.741         0.782       174.8  
  2020.50        1923.73         52.31         22.5           0.674         0.684         0.706         0.735       174.9  
  2020.75        1923.97         56.65         22.7           0.673         0.687         0.688         0.697       174.9  
  2021.00        1924.11         52.72         18.6           0.659         0.654         0.651         0.619       174.9  
  2021.25        1924.22         49.84         23.8           0.658         0.659         0.654         0.644       174.9  
  2021.50        1924.51         33.25         22.4           0.652         0.669         0.680         0.724       175.0  
  2021.75        1924.70         22.60         20.5           0.650         0.664         0.684         0.704       175.0  
  2022.00        1924.94         29.16         19.3           0.651         0.661         0.677         0.678       175.0  
  2022.25        1925.18         37.27         20.2           0.657         0.656         0.670         0.662       175.0  
  2022.50        1925.30         42.06         19.0           0.669         0.670         0.680         0.696       175.1  
  2022.75        1925.43         46.88         20.9           0.680         0.690         0.689         0.702       175.1  
  2023.00        1925.67         53.67         19.0           0.687         0.702         0.693         0.711       175.1  
  2023.25        1925.91         55.01         20.4           0.699         0.705         0.701         0.715       175.2  
  2023.50        1926.15         58.43         21.3           0.708         0.694         0.718         0.734       175.2  
  2023.75        1926.39         48.06         20.8           0.742         0.737         0.763         0.739       175.2  
  2024.00        1926.49         48.31         28.0           0.769         0.826         0.813         0.806       175.3  
  2024.25        1926.63         48.65         34.5           0.777         0.858         0.857         0.898       175.3  
  2024.50        1926.88         50.17         28.8           0.776         0.839         0.887         0.975       175.4  
  2024.75        1927.12         48.65         26.9           0.771         0.793         0.843         0.878       175.4  
  2025.00        1927.36         48.43         24.1           0.765         0.776         0.800         0.791       175.4  
  2025.25        1927.49         47.25         24.5           0.765         0.772         0.823         0.794       175.5  
  2025.50        1927.60         46.17         23.6           0.747         0.739         0.768         0.766       175.5  
  2025.75        1927.84         40.10         20.8           0.736         0.725         0.755         0.763       175.6  
  2026.00        1928.09         34.94         22.1           0.728         0.723         0.745         0.758       175.6  
  2026.25        1928.33         31.25         21.1           0.718         0.708         0.734         0.748       175.7  
  2026.50        1928.57         25.70         21.8           0.709         0.701         0.717         0.725       175.7  
  2026.75        1928.68         24.27         21.5           0.704         0.695         0.706         0.717       175.8  
  2027.00        1928.81         22.46         20.3           0.703         0.688         0.699         0.697       175.9  
  2027.25        1929.05         26.27         19.8           0.709         0.702         0.693         0.710       175.9  
  2027.50        1929.29         36.54         21.5           0.727         0.747         0.763         0.796       176.0  
  2027.75        1929.54         39.86         20.3           0.733         0.754         0.793         0.836       176.0  
  2028.00        1929.67         37.08         21.8           0.738         0.773         0.804         0.847       176.1  
  2028.25        1929.78         34.73         21.7           0.740         0.768         0.799         0.820       176.1  
  2028.50        1930.02         38.97         23.7           0.737         0.775         0.784         0.799       176.1  
  2028.75        1930.26         43.00         20.9           0.721         0.747         0.761         0.790       176.2  
  2029.00        1930.50         50.39         21.4           0.706         0.706         0.730         0.734       176.2  
  2029.25        1930.74         52.79         20.8           0.699         0.708         0.698         0.685       176.2  
  2029.50        1930.86         50.13         20.8           0.682         0.675         0.699         0.725       176.3  
  2029.75        1930.99         47.05         19.4           0.672         0.662         0.695         0.707       176.3  
  2030.00        1931.23         43.11         20.3           0.670         0.669         0.690         0.702       176.3  
  2030.25        1931.47         41.11         22.4           0.669         0.680         0.682         0.700       176.4  
  2030.50        1931.71         41.42         24.8           0.670         0.658         0.686         0.706       176.4  
  2030.75        1931.85         34.84         26.7           0.694         0.680         0.677         0.653       176.5  
  2031.00        1931.95         29.79         28.3           0.730         0.723         0.693         0.672       176.5  
  2031.25        1932.20          0.00         27.6           0.941         0.973         0.992         1.012       176.6  
  2031.50        1932.44         10.92         23.6           1.047         0.994         1.171         1.051       176.6  
  2031.75        1932.68         21.82         78.1           1.024         0.996         1.084         0.932       176.6  
  2032.00        1932.92         31.07         85.1           1.007         1.053         1.019         0.987       176.7  
  2032.25        1933.04         33.54         96.9           1.034         1.170         1.140         1.317       176.7  
  2032.50        1933.16         36.14         96.2           1.047         1.199         1.199         1.379       176.8  
  2032.75        1933.40         37.87         97.0           1.101         1.331         1.382         1.621       176.9  
  2033.00        1933.65         33.05        102.0           1.144         1.377         1.534         1.873       177.1  
  2033.25        1933.89         27.28        106.7           1.131         1.327         1.506         1.829       177.3  
  2033.50        1934.03         25.16         85.5           1.099         1.257         1.364         1.689       177.4  
  2033.75        1934.13         23.68         65.6           1.065         1.182         1.302         1.601       177.5  
  2034.00        1934.37         21.68         39.1           1.022         1.047         1.192         1.465       177.5  
  2034.25        1934.61         22.95         34.4           0.973         0.974         0.990         1.142       177.5  
  2034.50        1934.86         27.17         35.6           0.935         0.802         0.817         0.801       177.5  
  2034.75        1935.10         31.04         32.3           0.917         0.848         0.775         0.651       177.5  
  2035.00        1935.22         39.00         35.3           0.864         0.888         0.846         0.778       177.6  
  2035.25        1935.34         46.68         43.1           0.808         0.916         0.896         0.889       177.6  
  2035.50        1935.58         71.53         43.6           0.775         0.809         0.872         1.034       177.6  
  2035.75        1935.82         39.06         39.5           0.759         0.750         0.814         0.882       177.6  
  2036.00        1936.07         30.41         32.3           0.731         0.735         0.737         0.776       177.7  
  2036.25        1936.31         26.30         25.2           0.722         0.712         0.725         0.719       177.7  
  2036.50        1936.41         26.25         26.4           0.712         0.704         0.711         0.716       177.7  
  2036.75        1936.55         26.18         30.9           0.699         0.724         0.716         0.741       177.8  
  2037.00        1936.79         26.61         24.0           0.684         0.692         0.699         0.732       177.8  
  2037.25        1937.04         18.51         32.4           0.677         0.682         0.679         0.674       177.8  
  2037.50        1937.28         14.94         27.7           0.673         0.678         0.656         0.673       177.9  
  2037.75        1937.41         13.20         26.8           0.669         0.661         0.678         0.691       178.0  
  2038.00        1937.52         11.68         21.0           0.669         0.669         0.683         0.707       178.1  
  2038.25        1937.76          8.10         25.6           0.676         0.682         0.696         0.710       178.2  
  2038.50        1938.00          7.94         21.7           0.682         0.691         0.710         0.738       178.3  
  2038.75        1938.25          7.74         19.4           0.687         0.695         0.728         0.771       178.3  
  2039.00        1938.49          6.71         22.4           0.696         0.710         0.724         0.734       178.4  
  2039.25        1938.60          7.46         28.5           0.703         0.704         0.720         0.717       178.4  
  2039.50        1938.73          8.36         27.6           0.710         0.729         0.732         0.741       178.6  
  2039.75        1939.00         11.57         25.1           0.715         0.743         0.749         0.754       178.1  
  2040.00        1939.20         13.98         22.9           0.717         0.741         0.760         0.793       177.2  
  2040.25        1939.39         16.39         25.0           0.717         0.733         0.762         0.779       177.3  
  2040.50        1939.59         18.80         24.4           0.718         0.719         0.741         0.754       177.3  
  2040.75        1939.70         20.11         23.0           0.716         0.694         0.724         0.683       177.3  
  2041.00        1939.94         39.25         23.8           0.715         0.700         0.723         0.689       177.3  
  2041.25        1940.19         39.09         22.1           0.719         0.733         0.726         0.703       177.3  
  2041.50        1940.43         44.38         22.1           0.710         0.740         0.743         0.753       177.3  
  2041.75        1940.67         43.46         23.3           0.695         0.712         0.758         0.809       177.3  
  2042.00        1940.79         44.52         25.2           0.698         0.698         0.729         0.732       177.3  
  2042.25        1940.91         45.68         27.4           0.699         0.710         0.709         0.711       177.3  
  2042.50        1941.16         48.90         26.2           0.692         0.705         0.713         0.711       177.2  
  2042.75        1941.40         52.27         26.3           0.683         0.722         0.718         0.775       177.2  
  2043.00        1941.64         59.08         26.0           0.673         0.632         0.712         0.705       177.2  
  2043.25        1941.78         65.31         29.1           0.693         0.680         0.685         0.648       177.2  
  2043.50        1941.88         69.89         29.5           0.702         0.738         0.680         0.691       177.2  
  2043.75        1942.13         81.86         26.0           0.697         0.700         0.725         0.766       177.2  
  2044.00        1942.37         77.35         22.5           0.703         0.718         0.759         0.799       177.2  
  2044.25        1942.61         67.82         24.1           0.710         0.726         0.761         0.753       177.2  
  2044.50        1942.85         66.81         22.3           0.720         0.735         0.768         0.775       177.3  
  2044.75        1942.98         65.19         21.1           0.723         0.747         0.767         0.799       177.3  
  2045.00        1943.10         63.56         21.0           0.717         0.729         0.770         0.790       177.3  
  2045.25        1943.34         65.67         16.3           0.716         0.728         0.755         0.770       177.3  
  2045.50        1943.58         66.67         18.0           0.714         0.714         0.732         0.749       177.3  
  2045.75        1943.83         64.49         17.5           0.714         0.695         0.711         0.689       177.3  
  2046.00        1944.07         60.92         21.2           0.714         0.693         0.701         0.675       177.3  
  2046.25        1944.17         60.00         19.7           0.715         0.718         0.714         0.693       177.3  
  2046.50        1944.31         58.71         20.5           0.713         0.729         0.741         0.755       177.4  
  2046.75        1944.55         54.63         20.6           0.715         0.736         0.758         0.786       177.4  
  2047.00        1944.80         52.60         20.5           0.717         0.736         0.761         0.762       177.4  
  2047.25        1945.04         52.51         19.9           0.715         0.722         0.755         0.754       177.4  
  2047.50        1945.17         52.56         19.5           0.710         0.708         0.747         0.774       177.4  
  2047.75        1945.28         52.61         18.1           0.706         0.701         0.728         0.730       177.4  
  2048.00        1945.53         52.21         16.4           0.701         0.695         0.722         0.710       177.5  
  2048.25        1945.77         53.80         18.5           0.694         0.684         0.720         0.703       177.5  
  2048.50        1946.01         54.61         18.3           0.687         0.681         0.711         0.678       177.5  
  2048.75        1946.25         48.87         18.1           0.682         0.677         0.706         0.660       177.6  
  2049.00        1946.36         46.28         18.2           0.677         0.670         0.695         0.672       177.6  
  2049.25        1946.50         43.00         19.4           0.663         0.643         0.696         0.713       177.6  
  2049.50        1946.74         39.86         17.1           0.648         0.654         0.690         0.714       177.7  
  2049.75        1946.98         36.12         19.0           0.641         0.644         0.675         0.689       177.7  
  2050.00        1947.23         38.99         17.2           0.641         0.644         0.674         0.684       177.7  
  2050.25        1947.36         37.86         18.0           0.641         0.644         0.674         0.682       177.8  
  2050.50        1947.47         36.90         17.7           0.641         0.643         0.673         0.679       177.8  
  2050.75        1947.71         37.14         17.4           0.641         0.643         0.673         0.676       177.9  
  2051.00        1947.96         38.88         17.0           0.641         0.642         0.672         0.675       177.9  
  2051.25        1948.20         34.92         17.0           0.641         0.641         0.670         0.673       178.0  
  2051.50        1948.44         32.13         17.0           0.641         0.639         0.667         0.670       178.0  
  2051.75        1948.55         32.03         17.0           0.640         0.638         0.665         0.662       178.1  
  2052.00        1948.69         31.91         15.3           0.637         0.630         0.641         0.634       178.1  
  2052.25        1948.93         31.89         16.7           0.633         0.616         0.629         0.611       178.1  
  2052.50        1949.17         31.42         16.7           0.632         0.646         0.628         0.600       178.2  
  2052.75        1949.41         32.57         19.4           0.627         0.640         0.642         0.639       178.2  
  2053.00        1949.55         32.71         17.0           0.627         0.623         0.644         0.632       178.3  
  2053.25        1949.66         32.83         16.5           0.630         0.623         0.648         0.635       178.3  
  2053.50        1949.90         33.40         15.5           0.631         0.618         0.654         0.621       178.4  
  2053.75        1950.14         33.33         15.3           0.636         0.636         0.652         0.618       178.4  
  2054.00        1950.39         34.82         16.1           0.642         0.661         0.660         0.629       178.5  
  2054.25        1950.63         34.91         16.9           0.645         0.659         0.675         0.643       178.5  
  2054.50        1950.75         33.88         17.7           0.643         0.646         0.704         0.697       178.5  
  2054.75        1950.87         32.79         18.8           0.642         0.658         0.706         0.688       178.6  
  2055.00        1951.12         33.48         18.3           0.637         0.629         0.690         0.638       178.6  
  2055.25        1951.36         33.79         18.2           0.632         0.622         0.674         0.653       178.7  
  2055.50        1951.60         34.74         15.9           0.628         0.603         0.658         0.671       178.7  
  2055.75        1951.75         34.83         16.7           0.623         0.611         0.629         0.568       178.8  
  2056.00        1951.85         34.89         18.5           0.619         0.594         0.625         0.551       178.8  
  2056.25        1952.09         31.55         18.4           0.631         0.634         0.610         0.555       178.9  
  2056.50        1952.34         28.65         20.4           0.643         0.642         0.616         0.601       178.9  
  2056.75        1952.58         25.32         17.0           0.646         0.645         0.659         0.653       179.0  
  2057.00        1952.82         29.31         19.8           0.655         0.684         0.679         0.657       179.0  
  2057.25        1952.95         31.57         23.4           0.669         0.713         0.711         0.709       179.0  
  2057.50        1953.07         33.75         22.8           0.676         0.704         0.731         0.745       179.0  
  2057.75        1953.31         36.90         19.6           0.686         0.703         0.731         0.745       179.1  
  2058.00        1953.55         31.81         20.5           0.688         0.701         0.726         0.725       179.1  
  2058.25        1953.75         27.49         20.1           0.682         0.700         0.721         0.733       179.1  
  2058.50        1953.94         23.18         20.8           0.670         0.671         0.709         0.710       179.1  
  2058.75        1954.14         18.87         17.2           0.660         0.649         0.684         0.678       179.1  
  2059.00        1954.34         14.55         15.7           0.650         0.639         0.668         0.647       179.2  
  2059.25        1954.54         10.24         15.1           0.640         0.634         0.667         0.653       179.2  
  2059.50        1954.77          5.35         17.4           0.637         0.638         0.657         0.660       179.2  
  2059.75        1955.02          5.37         16.5           0.636         0.635         0.646         0.623       179.2  
  2060.00        1955.14          7.92         16.8           0.639         0.646         0.666         0.656       179.2  
  2060.25        1955.26         10.17         17.1           0.643         0.651         0.645         0.605       179.3  
  2060.50        1955.50         17.10         17.1           0.643         0.659         0.646         0.607       179.3  
  2060.75        1955.75         24.27         18.2           0.643         0.669         0.647         0.609       179.3  
  2061.00        1955.99         26.47         19.1           0.640         0.667         0.646         0.614       179.4  
  2061.25        1956.24         27.74         19.9           0.639         0.662         0.654         0.631       179.4  
  2061.50        1956.35         27.41         18.9           0.641         0.659         0.660         0.637       179.4  
  2061.75        1956.48         27.01         18.3           0.641         0.658         0.660         0.636       179.4  
  2062.00        1956.72         28.41         16.6           0.636         0.632         0.680         0.698       179.5  
  2062.25        1956.97         29.65         17.0           0.634         0.632         0.677         0.690       179.5  
  2062.50        1957.21         32.70         17.7           0.633         0.631         0.677         0.684       179.5  
  2062.75        1957.35         33.10         19.0           0.632         0.629         0.660         0.631       179.6  
  2063.00        1957.46         33.43         16.2           0.629         0.638         0.654         0.648       179.6  
  2063.25        1957.70         32.41         14.5           0.622         0.608         0.645         0.639       179.7  
  2063.50        1957.95         30.39         13.6           0.614         0.595         0.632         0.597       179.7  
  2063.75        1958.19         28.16         16.3           0.611         0.599         0.625         0.601       179.7  
  2064.00        1958.44         20.28         20.2           0.605         0.594         0.629         0.651       179.8  
  2064.25        1958.55         17.21         17.2           0.600         0.567         0.638         0.632       179.8  
  2064.50        1958.68         13.81         17.7           0.605         0.588         0.631         0.605       179.9  
  2064.75        1958.93          8.24         16.6           0.608         0.616         0.632         0.616       179.9  
  2065.00        1959.17          9.84         16.9           0.611         0.633         0.635         0.648       179.9  
  2065.25        1959.42         15.88         19.0           0.610         0.598         0.636         0.645       179.9  
  2065.50        1959.56         19.27         16.3           0.611         0.612         0.632         0.651       180.0  
  2065.75        1959.66         21.78         16.6           0.613         0.597         0.635         0.689       180.0  
  2066.00        1959.91         24.15         18.7           0.610         0.571         0.644         0.642       180.0  
  2066.25        1960.16         24.03         24.2           0.630         0.652         0.632         0.615       180.0  
  2066.50        1960.40         22.60         24.2           0.635         0.663         0.652         0.695       180.1  
  2066.75        1960.65         22.26         19.7           0.625         0.607         0.676         0.659       180.1  
  2067.00        1960.77         21.81         20.0           0.628         0.647         0.677         0.673       180.1  
  2067.25        1960.89         21.35         18.8           0.624         0.634         0.670         0.688       180.1  
  2067.50        1961.14         19.65         17.4           0.618         0.603         0.655         0.672       180.2  
  2067.75        1961.38         17.88         14.5           0.613         0.591         0.635         0.632       180.2  
  2068.00        1961.63         17.99         15.2           0.610         0.588         0.628         0.601       180.2  
  2068.25        1961.78         17.21         16.3           0.609         0.589         0.623         0.589       180.3  
  2068.50        1961.98         16.14         15.9           0.608         0.588         0.626         0.601       180.0  
  2068.75        1962.18         15.07         17.8           0.607         0.604         0.635         0.601       179.7  
  2069.00        1962.38         14.00         18.1           0.603         0.608         0.647         0.633       179.4  
  2069.25        1962.59         12.93         19.9           0.600         0.603         0.647         0.630       174.6  
  2069.50        1962.79         11.86         18.9           0.596         0.594         0.636         0.628       169.9  
  2069.75        1962.99         10.79         17.8           0.590         0.569         0.616         0.590       165.1  
  2070.00        1963.11         10.16         16.5           0.587         0.569         0.603         0.572       160.3  
  2070.25        1963.36         23.17         16.5           0.585         0.584         0.598         0.549       155.1  
  2070.50        1963.60         30.54         16.8           0.580         0.606         0.599         0.547       155.1  
  2070.75        1963.85         36.67         17.0           0.576         0.590         0.599         0.599       155.1  
  2071.00        1964.10         44.52         19.0           0.574         0.594         0.590         0.597       155.1  
  2071.25        1964.21         47.32         18.1           0.562         0.573         0.590         0.588       155.1  
  2071.50        1964.34         50.89         21.0           0.556         0.585         0.580         0.585       155.1  
  2071.75        1964.59         48.40         20.9           0.548         0.560         0.562         0.565       155.2  
  2072.00        1964.84         35.93         17.7           0.540         0.550         0.544         0.539       155.2  
  2072.25        1965.09         27.00         16.8           0.534         0.538         0.529         0.543       155.2  
  2072.50        1965.22         25.05         17.8           0.527         0.530         0.528         0.539       155.2  
  2072.75        1965.33         23.39         18.2           0.524         0.530         0.527         0.529       155.3  
  2073.00        1965.58         21.64         19.3           0.524         0.540         0.530         0.532       155.4  
  2073.25        1965.83         22.82         21.6           0.525         0.542         0.534         0.541       155.5  
  2073.50        1966.08         25.34         18.3           0.523         0.532         0.542         0.565       155.5  
  2073.75        1966.32         28.54         19.9           0.525         0.542         0.537         0.540       155.6  
  2074.00        1966.44         30.73         21.7           0.525         0.538         0.534         0.540       155.7  
  2074.25        1966.57         33.27         19.9           0.523         0.529         0.535         0.549       155.8  
  2074.50        1966.82         34.64         20.9           0.523         0.523         0.535         0.541       155.8  
  2074.75        1967.07         33.44         20.0           0.527         0.533         0.531         0.548       155.9  
  2075.00        1967.31         33.41         23.0           0.526         0.543         0.531         0.553       156.0  
  2075.25        1967.45         32.95         24.4           0.527         0.533         0.531         0.530       156.1  
  2075.50        1967.56         32.59         25.0           0.527         0.533         0.530         0.535       156.2  
  2075.75        1967.81         32.78         22.5           0.528         0.536         0.530         0.543       156.2  
  2076.00        1968.06         32.75         22.5           0.535         0.539         0.535         0.541       156.3  
  2076.25        1968.31         33.01         27.3           0.541         0.551         0.554         0.573       156.4  
  2076.50        1968.56         32.24         31.3           0.543         0.557         0.559         0.575       156.5  
  2076.75        1968.68         30.11         34.5           0.545         0.554         0.559         0.573       156.7  
  2077.00        1968.80         27.84         31.9           0.546         0.551         0.555         0.564       156.8  
  2077.25        1969.05         22.81         25.0           0.550         0.549         0.548         0.557       156.9  
  2077.50        1969.30         20.33         27.7           0.552         0.551         0.555         0.565       157.1  
  2077.75        1969.55         19.16         32.7           0.561         0.563         0.554         0.559       157.2  
  2078.00        1969.70         16.44         30.2           0.569         0.560         0.557         0.558       157.4  
  2078.25        1969.80         14.51         33.1           0.585         0.571         0.572         0.555       157.6  
  2078.50        1970.05         14.95         37.6           0.603         0.626         0.617         0.592       157.7  
  2078.75        1970.30         19.54         49.3           0.607         0.660         0.672         0.729       157.9  
  2079.00        1970.55         23.53         64.1           0.603         0.632         0.690         0.766       158.0  
  2079.25        1970.80         27.68         63.2           0.609         0.646         0.650         0.672       158.1  
  2079.50        1970.92         27.61         55.4           0.603         0.607         0.597         0.592       158.2  
  2079.75        1971.05         27.54         41.5           0.595         0.577         0.577         0.573       158.3  
  2080.00        1971.29         26.05         37.2           0.593         0.581         0.569         0.571       158.4  
  2080.25        1971.54         25.53         41.1           0.594         0.578         0.572         0.564       158.5  
  2080.50        1971.79         24.60         49.0           0.603         0.589         0.585         0.579       158.6  
  2080.75        1972.04         24.07         44.1           0.620         0.605         0.598         0.593       158.7  
  2081.00        1972.15         24.16         38.5           0.633         0.617         0.614         0.590       158.9  
  2081.25        1972.29         24.29         33.0           0.650         0.658         0.658         0.645       159.0  
  2081.50        1972.54         24.55         46.5           0.662         0.710         0.719         0.736       159.1  
  2081.75        1972.79         24.91         58.7           0.661         0.727         0.771         0.860       159.2  
  2082.00        1973.04         25.23         38.2           0.642         0.670         0.709         0.726       159.3  
  2082.25        1973.17         25.17         22.9           0.631         0.643         0.641         0.642       159.3  
  2082.50        1973.29         25.12         17.0           0.618         0.614         0.596         0.588       159.4  
  2082.75        1973.54         27.09         14.6           0.596         0.588         0.571         0.569       159.4  
  2083.00        1973.79         40.17         13.5           0.582         0.558         0.577         0.581       159.5  
  2083.25        1974.04         57.05         13.7           0.585         0.596         0.571         0.576       159.5  
  2083.50        1974.29         81.21         13.8           0.581         0.588         0.591         0.617       159.6  
  2083.75        1974.41         87.02         11.3           0.578         0.583         0.608         0.640       159.6  
  2084.00        1974.54         94.13         12.3           0.580         0.591         0.611         0.628       159.7  
  2084.25        1974.79         74.70         12.2           0.580         0.587         0.601         0.606       159.8  
  2084.50        1975.04         65.75         13.5           0.580         0.587         0.583         0.583       159.8  
  2084.75        1975.30         62.42         12.2           0.575         0.571         0.586         0.594       159.9  
  2085.00        1975.43         52.28         13.1           0.569         0.567         0.587         0.600       159.9  
  2085.25        1975.55         44.02         12.3           0.571         0.573         0.575         0.586       160.0  
  2085.50        1975.80         32.44         13.8           0.570         0.570         0.571         0.585       160.1  
  2085.75        1976.05         29.01         13.2           0.569         0.569         0.572         0.581       160.2  
  2086.00        1976.30         23.99         12.6           0.569         0.567         0.578         0.591       160.4  
  2086.25        1976.55         18.21         13.5           0.576         0.580         0.580         0.591       160.5  
  2086.50        1976.67         18.19         14.4           0.585         0.593         0.603         0.618       160.6  
  2086.75        1976.80         18.18         13.1           0.592         0.612         0.616         0.623       160.7  
  2087.00        1977.05         18.46         13.3           0.594         0.606         0.635         0.652       160.9  
  2087.25        1977.30         19.25         12.4           0.593         0.598         0.645         0.685       161.0  
  2087.50        1977.55         21.46         13.3           0.591         0.582         0.635         0.661       161.1  
  2087.75        1977.70         20.48         12.3           0.592         0.586         0.612         0.600       161.2  
  2088.00        1977.81         19.75         12.2           0.591         0.594         0.598         0.583       161.4  
  2088.25        1978.06          0.00         12.3           0.595         0.593         0.593         0.584       161.6  
  2088.50        1978.31          0.61         12.2           0.598         0.614         0.624         0.641       161.8  
  2088.75        1978.56          5.84         17.2           0.606         0.615         0.615         0.619       162.6  
  2089.00        1978.81         12.86         20.3           0.590         0.608         0.633         0.638       162.7  
  2089.25        1978.94         14.52         17.3           0.591         0.608         0.632         0.646       162.8  
  2089.50        1979.06         16.21         15.3           0.592         0.608         0.632         0.654       162.9  
  2089.75        1979.32         15.39         18.3           0.594         0.607         0.631         0.662       163.1  
  2090.00        1979.57         14.57         21.2           0.593         0.604         0.634         0.654       163.2  
  2090.25        1979.82         10.56         22.7           0.597         0.564         0.640         0.564       163.6  
  2090.50        1980.07          8.74         20.2           0.588         0.584         0.595         0.584       163.7  
  2090.75        1980.18          9.08         18.2           0.592         0.598         0.637         0.642       163.9  
  2091.00        1980.33          9.57         10.1           0.601         0.605         0.622         0.569       164.0  
  2091.25        1980.58         10.39         18.8           0.607         0.618         0.616         0.617       164.2  
  2091.50        1980.83         10.91         19.0           0.601         0.588         0.625         0.662       164.4  
  2091.75        1981.08          9.85         15.9           0.608         0.602         0.615         0.608       164.4  
  2092.00        1981.22         10.72         17.0           0.613         0.615         0.614         0.604       164.6  
  2092.25        1981.34         11.55         16.0           0.615         0.628         0.625         0.634       164.7  
  2092.50        1981.59         11.89         15.8           0.615         0.619         0.633         0.657       164.8  
  2092.75        1981.84         11.01         14.0           0.617         0.616         0.649         0.699       165.0  
  2093.00        1982.10          9.86         13.5           0.620         0.613         0.668         0.707       165.2  
  2093.25        1982.35          8.70         12.9           0.629         0.630         0.652         0.658       165.3  
  2093.50        1982.46          9.71         12.5           0.632         0.633         0.657         0.669       165.4  
  2093.75        1982.60         10.99         12.1           0.631         0.621         0.667         0.711       165.5  
  2094.00        1982.86         12.15         12.9           0.628         0.604         0.678         0.705       165.6  
  2094.25        1983.11         15.30         13.3           0.628         0.602         0.673         0.664       165.7  
  2094.50        1983.36         15.31         13.9           0.634         0.623         0.662         0.650       165.8  
  2094.75        1983.50         14.03         15.0           0.637         0.652         0.668         0.673       165.9  
  2095.00        1983.62         12.95         19.1           0.626         0.660         0.681         0.739       166.0  
  2095.25        1983.87         12.65         23.5           0.608         0.598         0.664         0.701       166.1  
  2095.50        1984.13         10.98         40.5           0.604         0.599         0.649         0.674       166.3  
  2095.75        1984.38         10.80         50.6           0.608         0.643         0.625         0.690       166.4  
  2096.00        1984.64         10.50         49.3           0.600         0.621         0.604         0.624       166.5  
  2096.25        1984.75         12.52         46.8           0.586         0.590         0.585         0.595       166.7  
  2096.50        1984.89         14.89         59.1           0.582         0.588         0.580         0.597       166.8  
  2096.75        1985.14          8.64         52.6           0.571         0.582         0.582         0.605       167.0  
  2097.00        1985.40          5.13         35.9           0.562         0.568         0.580         0.596       167.6  
  2097.25        1985.65          4.60         27.7           0.555         0.551         0.571         0.594       163.8  
  2097.50        1985.80         15.34         33.1           0.550         0.552         0.559         0.575       160.5  
  2097.75        1985.91         23.72         37.1           0.548         0.548         0.556         0.574       157.3  
  2098.00        1986.22         30.17         40.4           0.549         0.549         0.551         0.554       155.3  
  2098.25        1986.42         34.58         37.0           0.552         0.568         0.563         0.587       155.8  
  2098.50        1986.63         38.98         30.1           0.553         0.578         0.577         0.618       155.5  
  2098.75        1986.84         43.38         26.0           0.561         0.582         0.557         0.583       154.7  
  2099.00        1987.05         47.79         26.7           0.568         0.591         0.559         0.615       155.1  
  2099.25        1987.18         47.52         24.4           0.574         0.539         0.575         0.570       155.4  
  2099.50        1987.44         24.85         30.8           0.617         0.678         0.579         0.502       155.7  
  2099.75        1987.70         31.23         36.2           0.637         0.816         0.610         0.565       156.0  
  2100.00        1987.95         26.48         27.6           0.642         0.706         0.713         0.802       156.2  
  2100.25        1988.10         24.49         23.3           0.654         0.678         0.747         0.826       156.4  
  2100.50        1988.21         23.07         20.9           0.666         0.651         0.744         0.712       156.5  
  2100.75        1988.46         21.96         24.2           0.672         0.651         0.734         0.670       156.6  
  2101.00        1988.72         28.86         24.9           0.689         0.671         0.718         0.684       156.7  
  2101.25        1988.97         32.56         24.5           0.696         0.672         0.731         0.730       156.8  
  2101.50        1989.23         28.57         28.9           0.708         0.716         0.748         0.773       157.0  
  2101.75        1989.36         27.19         25.0           0.710         0.708         0.765         0.792       157.1  
  2102.00        1989.49         25.85         20.3           0.713         0.704         0.770         0.774       157.4  
  2102.25        1989.74         22.40         19.4           0.727         0.744         0.767         0.754       157.9  
  2102.50        1990.00         14.39         19.7           0.727         0.759         0.778         0.803       160.0  
  2102.75        1990.26          7.84         19.9           0.721         0.731         0.782         0.840       160.9  
  2103.00        1990.51         12.20         19.8           0.718         0.714         0.769         0.792       161.2  
  2103.25        1990.62         12.01         19.2           0.715         0.717         0.729         0.711       161.2  
  2103.50        1990.77         11.76         19.8           0.710         0.713         0.724         0.714       161.2  
  2103.75        1991.03         12.80         18.4           0.704         0.704         0.722         0.739       161.2  
  2104.00        1991.28         11.24         18.2           0.699         0.688         0.720         0.763       161.2  
  2104.25        1991.54         12.64         17.8           0.697         0.675         0.709         0.671       161.2  
  2104.50        1991.68         14.26         18.2           0.696         0.709         0.724         0.702       161.3  
  2104.75        1991.80         15.71         18.6           0.685         0.692         0.740         0.792       161.3  
  2105.00        1992.06         18.81         18.9           0.676         0.663         0.731         0.774       161.3  
  2105.25        1992.31         15.94         18.9           0.667         0.653         0.680         0.651       161.4  
  2105.50        1992.57         14.44         22.8           0.659         0.635         0.626         0.576       161.5  
  2105.75        1992.83         12.91         27.8           0.667         0.691         0.609         0.609       161.6  
  2106.00        1992.94         13.44         23.8           0.661         0.667         0.644         0.695       161.6  
  2106.25        1993.09         14.08         30.5           0.648         0.632         0.703         0.702       161.7  
  2106.50        1993.34         14.32         35.6           0.672         0.685         0.700         0.690       161.8  
  2106.75        1993.60         15.21         23.9           0.678         0.704         0.714         0.737       161.9  
  2107.00        1993.86         14.77         21.8           0.677         0.711         0.711         0.716       162.0  
  2107.25        1994.00         16.38         20.4           0.670         0.667         0.721         0.733       162.0  
  2107.50        1994.12         17.70         17.7           0.660         0.631         0.722         0.687       162.1  
  2107.75        1994.38         15.87         15.5           0.664         0.656         0.688         0.664       162.2  
  2108.00        1994.64         16.09         15.7           0.661         0.663         0.668         0.638       162.2  
  2108.25        1994.89         16.38         16.8           0.652         0.647         0.668         0.661       162.3  
  2108.50        1995.15         14.76         17.3           0.641         0.614         0.674         0.667       162.5  
  2108.75        1995.27         12.29         16.1           0.647         0.649         0.657         0.647       162.6  
  2109.00        1995.41          9.51         18.0           0.649         0.654         0.647         0.639       162.7  
  2109.25        1995.67         11.13         19.9           0.655         0.661         0.639         0.620       162.7  
  2109.50        1995.93         14.63         21.5           0.666         0.663         0.660         0.644       162.8  
  2109.75        1996.19         13.26         23.9           0.677         0.709         0.677         0.644       162.8  
  2110.00        1996.34         12.46         25.7           0.694         0.746         0.720         0.738       162.8  
  2110.25        1996.45         11.86         20.0           0.697         0.714         0.755         0.799       162.7  
  2110.50        1996.71         12.77         18.6           0.700         0.696         0.767         0.828       162.7  
  2110.75        1996.96         12.44         18.0           0.709         0.686         0.751         0.750       162.7  
  2111.00        1997.22         11.89         16.9           0.718         0.694         0.737         0.685       162.8  
  2111.25        1997.48         15.95         19.4           0.720         0.732         0.775         0.808       162.8  
  2111.50        1997.61         15.27         20.4           0.714         0.736         0.806         0.889       162.9  
  2111.75        1997.74         14.57         19.8           0.705         0.740         0.800         0.871       163.0  
  2112.00        1998.00         16.69         19.5           0.694         0.691         0.760         0.775       163.0  
  2112.25        1998.26         19.18         17.8           0.684         0.681         0.715         0.723       163.1  
  2112.50        1998.52         20.30         17.9           0.672         0.687         0.684         0.698       163.1  
  2112.75        1998.78         21.07         17.3           0.646         0.641         0.679         0.714       163.2  
  2113.00        1998.89         19.53         17.1           0.637         0.628         0.665         0.693       163.3  
  2113.25        1999.04         17.36         17.8           0.632         0.629         0.637         0.642       163.4  
  2113.50        1999.30         16.68         16.7           0.631         0.649         0.632         0.650       163.5  
  2113.75        1999.56         15.77         17.6           0.624         0.610         0.656         0.685       163.5  
  2114.00        1999.82         16.87         17.9           0.629         0.628         0.661         0.685       163.6  
  2114.25        1999.96         18.73         18.4           0.631         0.641         0.670         0.686       163.7  
  2114.50        2000.08         20.47         20.1           0.632         0.629         0.676         0.670       163.8  
  2114.75        2000.34         20.60         20.2           0.635         0.662         0.664         0.673       163.9  
  2115.00        2000.61         17.38         18.8           0.619         0.598         0.674         0.693       163.9  
  2115.25        2000.87         15.51         16.8           0.614         0.602         0.650         0.650       164.1  
  2115.50        2001.13         13.50         16.0           0.611         0.596         0.628         0.621       164.3  
  2115.75        2001.24         12.58         15.4           0.610         0.599         0.599         0.581       164.3  
  2116.00        2001.39         11.39         16.7           0.600         0.587         0.610         0.631       164.4  
  2116.25        2001.65         11.47         18.1           0.593         0.568         0.625         0.639       164.5  
  2116.50        2001.91         13.37         19.1           0.602         0.593         0.608         0.588       164.6  
  2116.75        2002.17         12.12         18.6           0.610         0.606         0.608         0.607       164.7  
  2117.00        2002.31         12.38         17.3           0.615         0.615         0.644         0.655       164.8  
  2117.25        2002.43         12.61         18.0           0.621         0.611         0.664         0.687       164.9  
  2117.50        2002.69         12.11         16.0           0.633         0.607         0.647         0.632       165.0  
  2117.75        2002.96         12.26         14.8           0.634         0.647         0.679         0.659       165.1  
  2118.00        2003.22         11.90         17.8           0.623         0.596         0.647         0.646       164.6  
  2118.25        2003.48         12.67         16.7           0.634         0.605         0.659         0.592       163.9  
  2118.50        2003.60         12.47         17.7           0.630         0.598         0.643         0.637       163.0  
  2118.75        2003.74         12.24         18.5           0.632         0.598         0.647         0.639       163.0  
  2119.00        2004.00         12.48         19.1           0.637         0.590         0.670         0.604       163.1  
  2119.25        2004.26         12.53         17.8           0.631         0.648         0.695         0.657       163.2  
  2119.50        2004.53         12.59         15.9           0.615         0.604         0.682         0.677       163.2  
  2119.75        2004.67         13.24         16.9           0.597         0.587         0.620         0.593       163.4  
  2120.00        2004.79         13.76         19.1           0.592         0.596         0.582         0.532       163.5  
  2120.25        2005.05         13.45         19.6           0.586         0.579         0.568         0.531       163.7  
  2120.50        2005.31         14.64         22.9           0.581         0.602         0.571         0.564       163.8  
  2120.75        2005.58         15.85         29.0           0.565         0.583         0.598         0.613       163.9  
  2121.00        2005.84         14.76         29.5           0.559         0.577         0.590         0.616       164.0  
  2121.25        2005.96         14.62         28.4           0.557         0.572         0.565         0.574       164.2  
  2121.50        2006.10         14.46         28.7           0.555         0.562         0.548         0.552       164.3  
  2121.75        2006.36         14.42         28.2           0.551         0.550         0.546         0.551       164.4  
  2122.00        2006.63         14.55         31.1           0.552         0.548         0.550         0.561       164.6  
  2122.25        2006.89         13.57         32.9           0.563         0.561         0.549         0.550       164.7  
  2122.50        2007.04         13.09         32.8           0.580         0.596         0.551         0.537       164.8  
  2122.75        2007.15         12.75         26.7           0.595         0.601         0.573         0.597       165.0  
  2123.00        2007.42         12.10         19.4           0.606         0.596         0.631         0.658       165.1  
  2123.25        2007.68         11.24         19.2           0.630         0.661         0.700         0.732       165.2  
  2123.50        2007.94         10.61         25.2           0.635         0.695         0.740         0.793       165.4  
  2123.75        2008.20         11.11         35.9           0.632         0.677         0.732         0.796       165.5  
  2124.00        2008.34         11.69         25.2           0.622         0.643         0.666         0.691       165.6  
  2124.25        2008.47         12.27         27.9           0.605         0.607         0.618         0.622       165.7  
  2124.50        2008.73         12.39         30.1           0.592         0.595         0.581         0.579       165.8  
  2124.75        2009.00         12.10         32.7           0.563         0.552         0.547         0.534       165.9  
  2125.00        2009.26         13.13         32.6           0.543         0.530         0.525         0.517       166.0  
  2125.25        2009.52         12.60         33.6           0.525         0.516         0.509         0.510       166.1  
  2125.50        2009.63         12.09         34.9           0.517         0.515         0.504         0.505       166.2  
  2125.75        2009.79         11.41         35.0           0.505         0.495         0.510         0.524       166.5  
  2126.00        2010.05          7.99         38.4           0.506         0.508         0.502         0.505       164.8  
  2126.25        2010.28          7.99         38.8           0.508         0.514         0.510         0.531       162.9  
  2126.50        2010.50          7.99         41.3           0.512         0.516         0.509         0.530       164.1  
  2126.75        2010.72          7.99         39.0           0.518         0.517         0.505         0.505       164.4  
  2127.00        2010.94          7.99         38.2           0.531         0.535         0.502         0.495       164.4  
  2127.25        2011.15          7.99         47.7           0.576         0.576         0.537         0.522       164.5  
  2127.50        2011.37          7.99         69.9           0.640         0.698         0.676         0.771       164.5  
  2127.75        2011.59          7.99         98.9           0.707         0.788         0.795         0.850       164.5  
  2128.00        2011.81          7.99        102.2           0.775         0.833         0.837         0.860       164.5  
  2128.25        2012.02          7.99         99.0           0.818         0.881         0.845         0.852       164.7  
  2128.50        2012.24          7.99         99.5           0.836         0.874         0.861         0.882       164.7  
  2128.75        2012.46          7.99         97.3           0.854         0.829         0.837         0.823       164.8  
  2129.00        2012.67          7.99         95.6           0.897         0.894         0.775         0.707       165.0  
  2129.25        2012.89          7.99         95.6           0.896         0.902         0.841         0.824       165.1  
  2129.50        2013.11          7.99        105.4           0.909         0.925         0.892         0.899       165.3  
  2129.75        2013.33          7.99        104.9           0.924         0.959         0.912         0.911       165.4  
  2130.00        2013.54          7.99        105.8           0.921         0.959         0.934         0.943       165.6  
  2130.25        2013.76          7.99        104.5           0.899         0.939         0.955         0.967       165.8  
  2130.50        2013.98          7.99        105.4           0.868         0.920         0.947         0.967       166.0  
  2130.75        2014.19          7.99        100.3           0.830         0.906         0.917         0.949       166.1  
  2131.00        2014.41          7.99         92.5           0.772         0.846         0.863         0.945       166.2  
  2131.25        2014.63          7.99         68.4           0.677         0.644         0.707         0.722       166.3  
  2131.50        2014.85          7.99         51.6           0.645         0.601         0.591         0.557       166.5  
  2131.75        2015.06          7.99         48.6           0.622         0.571         0.549         0.509       166.6  
  2132.00        2015.28          7.99         57.2           0.599         0.598         0.563         0.589       166.7  
  2132.25        2015.50          7.99         48.8           0.577         0.565         0.586         0.593       166.8  
  2132.50        2015.61          8.53         41.7           0.571         0.559         0.556         0.514       166.9  
  2132.75        2015.88         21.42         42.9           0.572         0.571         0.553         0.544       167.0  
  2133.00        2016.14         20.42         36.7           0.562         0.591         0.605         0.663       167.1  
  2133.25        2016.41         18.51         22.8           0.554         0.549         0.545         0.553       167.2  
  2133.50        2016.67         14.90         18.0           0.554         0.555         0.537         0.521       167.4  
  2133.75        2016.81         15.26         21.2           0.556         0.558         0.550         0.565       167.5  
  2134.00        2016.94         15.62         19.8           0.566         0.554         0.553         0.531       167.6  
  2134.25        2017.21         17.24         21.0           0.578         0.605         0.563         0.565       167.7  
  2134.50        2017.47         17.50         20.4           0.584         0.592         0.636         0.655       167.8  
  2134.75        2017.74         15.38         17.7           0.588         0.591         0.638         0.614       167.9  
  2135.00        2018.01         15.50         25.0           0.597         0.631         0.624         0.604       168.0  
  2135.25        2018.12         16.18         22.9           0.608         0.593         0.618         0.643       168.1  
  2135.50        2018.27         17.15         14.8           0.603         0.579         0.627         0.628       168.2  
  2135.75        2018.54         16.59         16.5           0.615         0.621         0.620         0.587       168.2  
  2136.00        2018.81         16.23         16.6           0.623         0.646         0.634         0.625       168.3  
  2136.25        2019.07         16.64         16.5           0.631         0.650         0.649         0.670       168.3  
  2136.50        2019.21         16.59         15.0           0.632         0.630         0.663         0.691       168.4  
  2136.75        2019.34         16.55         14.6           0.633         0.633         0.658         0.654       168.5  
  2137.00        2019.61         17.59         17.1           0.639         0.637         0.662         0.686       168.5  
  2137.25        2019.87         19.07         16.8           0.643         0.641         0.688         0.731       168.6  
  2137.50        2020.14         20.37         21.5           0.647         0.664         0.693         0.715       168.6  
  2137.75        2020.41         21.99         18.1           0.646         0.646         0.684         0.684       168.7  
  2138.00        2020.52         20.41         17.1           0.650         0.667         0.645         0.616       168.7  
  2138.25        2020.68         18.37         16.9           0.652         0.670         0.637         0.637       168.8  
  2138.50        2020.94         18.70         16.7           0.641         0.617         0.668         0.725       168.9  
  2138.75        2021.21         18.12         29.1           0.642         0.593         0.698         0.763       168.9  
  2139.00        2021.48         19.58         60.9           0.656         0.648         0.695         0.731       168.9  
  2139.25        2021.62         20.09         70.7           0.679         0.733         0.706         0.680       169.0  
  2139.50        2021.74         20.52         73.9           0.670         0.707         0.719         0.738       169.0  
  2139.75        2022.01         16.56         54.1           0.662         0.714         0.697         0.708       169.0  
  2140.00        2022.28         18.82         47.8           0.630         0.655         0.695         0.758       169.1  
  2140.25        2022.55         19.72         34.3           0.614         0.637         0.613         0.660       169.1  
  2140.50        2022.82         20.84         32.6           0.590         0.585         0.556         0.535       169.1  
  2140.75        2022.94         21.45         33.7           0.572         0.570         0.544         0.533       169.2  
  2141.00        2023.08         22.17         27.7           0.565         0.570         0.550         0.541       169.2  
  2141.25        2023.35         22.27         30.4           0.564         0.570         0.574         0.582       169.1  
  2141.50        2023.62         42.81         40.4           0.565         0.584         0.592         0.612       167.6  
  2141.75        2023.89         36.51         46.5           0.570         0.598         0.583         0.579       167.6  
  2142.00        2024.04         36.55         47.7           0.569         0.570         0.571         0.552       167.7  
  2142.25        2024.16         36.58         40.9           0.575         0.572         0.570         0.565       167.8  
  2142.50        2024.43         43.21         42.6           0.585         0.583         0.575         0.572       167.9  
  2142.75        2024.69         42.96         49.2           0.595         0.589         0.593         0.580       167.9  
  2143.00        2024.96         49.86         55.9           0.606         0.607         0.616         0.609       168.0  
  2143.25        2025.23         48.58         62.8           0.623         0.642         0.639         0.636       168.1  
  2143.50        2025.36         48.39         65.8           0.631         0.665         0.675         0.695       168.2  
  2143.75        2025.50         48.19         72.3           0.623         0.663         0.700         0.747       168.2  
  2144.00        2025.77         43.39         63.4           0.602         0.611         0.632         0.615       169.2  
  2144.25        2026.04         39.80         48.7           0.573         0.566         0.564         0.550       168.0  
  2144.50        2026.31         37.84         37.0           0.554         0.564         0.557         0.559       167.0  
  2144.75        2026.46         38.65         29.3           0.538         0.555         0.551         0.553       166.0  
  2145.00        2026.58         39.23         47.7           0.523         0.533         0.529         0.528       164.9  
  2145.25        2026.84         38.20         76.0           0.518         0.531         0.520         0.523       163.9  
  2145.50        2027.11         36.54         23.1           0.521         0.540         0.523         0.520       162.8  
  2145.75        2027.38         35.61         20.8           0.526         0.549         0.528         0.519       162.9  
  2146.00        2027.65         31.06         21.1           0.552         0.557         0.559         0.560       163.1  
  2146.25        2027.79         28.72         24.5           0.562         0.565         0.556         0.542       163.3  
  2146.50        2027.92         26.40         37.0           0.558         0.567         0.557         0.546       163.5  
  2146.75        2028.19         22.06         34.0           0.540         0.550         0.549         0.534       163.8  
  2147.00        2028.46         17.78         32.4           0.529         0.544         0.535         0.515       164.0  
  2147.25        2028.73         16.70         57.6           0.521         0.530         0.531         0.529       164.2  
  2147.50        2029.00         16.82         44.0           0.516         0.533         0.525         0.515       164.5  
  2147.75        2029.11         16.19         19.1           0.514         0.527         0.521         0.517       164.8  
  2148.00        2029.27         15.35         18.1           0.515         0.527         0.519         0.524       165.0  
  2148.25        2029.54         16.37         21.4           0.518         0.530         0.521         0.529       165.3  
  2148.50        2029.81         17.52         23.8           0.520         0.532         0.525         0.534       165.5  
  2148.75        2030.08         17.29         21.8           0.524         0.530         0.529         0.539       165.7  
  2149.00        2030.22         17.44         23.6           0.532         0.541         0.535         0.538       166.0  
  2149.25        2030.35         17.58         30.3           0.537         0.550         0.544         0.560       166.1  
  2149.50        2030.62         19.39         35.2           0.542         0.549         0.553         0.567       166.4  
  2149.75        2030.89         20.60         38.7           0.548         0.555         0.559         0.574       166.6  
  2150.00        2031.16         19.85         37.0           0.550         0.555         0.559         0.576       166.7  
  2150.25        2031.43         20.10         33.4           0.556         0.553         0.557         0.566       166.9  
  2150.50        2031.55         19.75         35.5           0.566         0.570         0.563         0.563       167.1  
  2150.75        2031.70         19.32         47.0           0.573         0.578         0.599         0.629       167.3  
  2151.00        2031.97         18.90         48.2           0.582         0.596         0.592         0.606       167.5  
  2151.25        2032.24         19.11         49.7           0.585         0.580         0.593         0.598       167.7  
  2151.50        2032.51         17.89         50.1           0.593         0.591         0.596         0.606       167.9  
  2151.75        2032.66         17.15         54.5           0.603         0.610         0.607         0.615       168.0  
  2152.00        2032.78         16.53         57.5           0.607         0.602         0.630         0.659       168.3  
  2152.25        2033.05         16.43         54.7           0.620         0.641         0.631         0.641       168.5  
  2152.50        2033.32         15.11         55.7           0.634         0.635         0.644         0.664       168.7  
  2152.75        2033.60         13.76         54.0           0.655         0.645         0.641         0.635       168.8  
  2153.00        2033.87         12.58         59.5           0.669         0.661         0.670         0.672       169.2  
  2153.25        2033.99         13.07         57.7           0.692         0.720         0.709         0.724       169.5  
  2153.50        2034.22         13.92         62.7           0.703         0.733         0.773         0.829       170.0  
  2153.75        2034.44         14.77         59.5           0.728         0.734         0.758         0.825       170.5  
  2154.00        2034.66         15.62         57.2           0.735         0.767         0.738         0.726       171.1  
  2154.25        2034.88         16.47         56.7           0.731         0.744         0.756         0.770       170.7  
  2154.50        2035.11         17.33         51.0           0.732         0.803         0.763         0.776       170.7  
  2154.75        2035.22         17.77         58.1           0.715         0.763         0.810         0.908       170.7  
  2155.00        2035.49         22.91         48.8           0.691         0.726         0.757         0.793       170.7  
  2155.25        2035.77         18.26         43.1           0.673         0.681         0.671         0.646       170.7  
  2155.50        2036.04         15.95         40.4           0.641         0.620         0.636         0.634       170.7  
  2155.75        2036.31         11.40         37.4           0.611         0.594         0.588         0.583       170.6  
  2156.00        2036.44         12.61         35.5           0.593         0.586         0.579         0.583       170.4  
  2156.25        2036.58         13.87         23.8           0.587         0.595         0.594         0.617       170.4  
  2156.50        2036.85         17.64         21.6           0.576         0.591         0.610         0.645       170.5  
  2156.75        2037.12         21.06         24.9           0.570         0.587         0.593         0.619       170.5  
  2157.00        2037.40         22.06         31.0           0.564         0.574         0.583         0.596       170.6  
  2157.25        2037.67         18.14         31.4           0.552         0.559         0.561         0.582       170.6  
  2157.50        2037.78         17.78         28.7           0.546         0.549         0.552         0.566       170.7  
  2157.75        2037.94         17.28         29.4           0.541         0.542         0.544         0.552       170.9  
  2158.00        2038.21         16.62         32.1           0.535         0.540         0.539         0.548       171.0  
  2158.25        2038.48         15.97         47.1           0.534         0.537         0.538         0.546       171.1  
  2158.50        2038.76         14.10         39.9           0.533         0.536         0.538         0.549       171.2  
  2158.75        2038.90         13.28         37.8           0.532         0.538         0.538         0.547       171.5  
  2159.00        2039.03         12.50         34.1           0.530         0.539         0.541         0.550       171.7  
  2159.25        2039.30         10.95         33.9           0.533         0.541         0.538         0.551       171.9  
  2159.50        2039.57         10.35         37.1           0.529         0.539         0.542         0.547       172.0  
  2159.75        2039.84         10.58         34.5           0.530         0.543         0.539         0.546       172.2  
  2160.00        2040.12         15.12         33.1           0.531         0.542         0.536         0.537       172.3  
  2160.25        2040.24         17.49         35.3           0.532         0.542         0.534         0.536       172.4  
  2160.50        2040.39         20.58         39.3           0.534         0.545         0.534         0.534       172.4  
  2160.75        2040.66         24.96         37.2           0.535         0.546         0.537         0.540       172.5  
  2161.00        2040.94         22.98         40.3           0.536         0.547         0.541         0.535       172.6  
  2161.25        2041.21         22.78         35.7           0.544         0.554         0.540         0.535       172.7  
  2161.50        2041.35         24.39         40.9           0.553         0.571         0.554         0.570       172.7  
  2161.75        2041.48         25.78         42.3           0.560         0.575         0.579         0.608       172.8  
  2162.00        2041.75         29.34         45.6           0.565         0.567         0.593         0.608       172.9  
  2162.25        2042.03         32.43         42.7           0.584         0.596         0.576         0.586       172.9  
  2162.50        2042.30         31.52         37.8           0.597         0.575         0.565         0.556       173.0  
  2162.75        2042.57         27.60         32.0           0.624         0.625         0.585         0.566       173.1  
  2163.00        2042.70         26.08         36.9           0.663         0.743         0.633         0.698       173.1  
  2163.25        2042.85         24.26         52.7           0.667         0.747         0.723         0.799       173.2  
  2163.50        2043.12         23.82         60.1           0.697         0.786         0.773         0.882       173.2  
  2163.75        2043.39         24.18         55.3           0.728         0.737         0.710         0.687       173.3  
  2164.00        2043.67         21.95         47.6           0.746         0.737         0.721         0.682       173.3  
  2164.25        2043.82         22.69         57.8           0.768         0.832         0.793         0.788       173.4  
  2164.50        2043.94         23.28         69.0           0.772         0.883         0.897         1.015       173.4  
  2164.75        2044.21         23.89         68.2           0.752         0.851         0.935         1.115       173.5  
  2165.00        2044.49         24.31         57.6           0.724         0.815         0.830         0.930       173.5  
  2165.25        2044.76         29.91         42.7           0.694         0.737         0.737         0.782       173.5  
  2165.50        2045.03         33.92         34.8           0.643         0.632         0.595         0.571       173.5  
  2165.75        2045.17         34.38         30.3           0.605         0.585         0.563         0.557       173.5  
  2166.00        2045.31         34.89         29.3           0.581         0.576         0.562         0.571       173.6  
  2166.25        2045.58         33.01         29.7           0.573         0.567         0.563         0.571       173.6  
  2166.50        2045.86         25.78         28.2           0.569         0.563         0.563         0.578       173.6  
  2166.75        2046.13         23.52         26.9           0.566         0.564         0.562         0.573       173.6  
  2167.00        2046.29         26.08         29.0           0.563         0.565         0.564         0.566       173.6  
  2167.25        2046.40         27.93         30.5           0.563         0.568         0.579         0.584       173.6  
  2167.50        2046.68         18.13         25.8           0.567         0.575         0.581         0.588       173.7  
  2167.75        2046.95         21.21         27.1           0.570         0.579         0.584         0.591       173.7  
  2168.00        2047.23         44.20         28.2           0.572         0.585         0.589         0.595       173.7  
  2168.25        2047.50         38.30         28.8           0.573         0.588         0.590         0.590       173.7  
  2168.50        2047.64         41.77         29.6           0.571         0.582         0.591         0.597       173.7  
  2168.75        2047.78         45.22         26.1           0.569         0.572         0.576         0.580       173.7  
  2169.00        2048.05         48.84         25.8           0.566         0.570         0.576         0.580       173.8  
  2169.25        2048.33         45.41         25.4           0.565         0.575         0.588         0.604       173.8  
  2169.50        2048.60         43.09         25.0           0.566         0.578         0.592         0.613       173.8  
  2169.75        2048.87         42.36         27.3           0.567         0.572         0.579         0.592       173.8  
  2170.00        2048.99         41.73         28.2           0.566         0.567         0.571         0.576       173.8  
  2170.25        2049.15         40.86         25.8           0.566         0.567         0.573         0.591       173.8  
  2170.50        2049.42         39.87         23.4           0.568         0.574         0.580         0.594       173.8  
  2170.75        2049.70         38.81         22.1           0.570         0.578         0.582         0.593       173.8  
  2171.00        2049.97         34.23         20.7           0.570         0.575         0.581         0.597       173.8  
  2171.25        2050.12         33.31         20.0           0.569         0.576         0.577         0.591       173.8  
  2171.50        2050.25         32.47         17.9           0.569         0.573         0.574         0.581       173.8  
  2171.75        2050.52         27.37         22.1           0.569         0.574         0.580         0.590       173.8  
  2172.00        2050.80         23.98         22.8           0.568         0.576         0.586         0.603       173.9  
  2172.25        2051.07         19.48         21.5           0.566         0.579         0.581         0.599       173.9  
  2172.50        2051.35         15.82         18.7           0.562         0.568         0.572         0.586       174.0  
  2172.75        2051.47         14.28         20.3           0.559         0.571         0.569         0.577       174.3  
  2173.00        2051.63         12.36         27.5           0.558         0.574         0.573         0.587       174.4  
  2173.25        2051.90         10.44         35.7           0.558         0.563         0.560         0.578       174.5  
  2173.50        2052.18         10.59         36.3           0.601         0.566         0.551         0.559       174.5  
  2173.75        2052.45         10.18         28.4           0.557         0.587         0.549         0.570       174.6  
  2174.00        2052.60         10.19         33.0           0.557         0.587         0.549         0.570       174.7  
  2174.25        2052.73         10.19         22.6           0.550         0.552         0.576         0.584       174.8  
  2174.50        2053.00          9.25         38.7           0.550         0.552         0.576         0.585       174.9  
  2174.75        2053.28         10.29         35.6           0.550         0.558         0.575         0.580       175.0  
  2175.00        2053.55         18.79         34.7           0.551         0.568         0.569         0.570       175.1  
  2175.25        2053.83         31.02         31.6           0.552         0.572         0.565         0.575       175.1  
  2175.50        2053.96         31.06         29.0           0.552         0.577         0.561         0.579       175.2  
  2175.75        2054.11         31.09         25.1           0.554         0.556         0.550         0.563       175.3  
  2176.00        2054.38         31.64         25.4           0.602         0.571         0.551         0.561       175.3  
  2176.25        2054.66         28.31         32.5           0.639         0.582         0.574         0.579       175.4  
  2176.50        2054.93         24.03         37.4           0.680         0.614         0.609         0.613       175.4  
  2176.75        2055.09         24.17         41.1           0.737         0.650         0.647         0.610       175.5  
  2177.00        2055.21         24.27         40.2           0.806         0.756         0.710         0.622       175.6  
  2177.25        2055.49         20.74         51.4           0.872         0.897         0.835         0.757       175.7  
  2177.50        2055.76         15.17         66.5           0.915         0.957         1.040         1.161       175.9  
  2177.75        2056.04         11.61         82.2           0.957         0.973         1.166         1.455       175.9  
  2178.00        2056.32         12.03         87.7           1.026         1.102         1.196         1.418       176.0  
  2178.25        2056.45         11.93         91.3           1.107         1.276         1.252         1.394       176.1  
  2178.50        2056.59         11.83         91.8           1.158         1.303         1.318         1.417       176.2  
  2178.75        2056.87         13.17         94.2           1.228         1.371         1.307         1.341       176.3  
  2179.00        2057.14         14.36         97.7           1.251         1.340         1.299         1.339       176.3  
  2179.25        2057.42         18.11         94.7           1.264         1.326         1.290         1.329       176.4  
  2179.50        2057.70         18.55         90.7           1.275         1.322         1.270         1.300       176.5  
  2179.75        2057.81         19.12         98.3           1.275         1.309         1.275         1.323       176.5  
  2180.00        2057.97         19.93         92.4           1.285         1.353         1.249         1.289       176.6  
  2180.25        2058.25         19.31         96.1           1.290         1.392         1.220         1.224       176.6  
  2180.50        2058.53         18.81         95.1           1.286         1.385         1.205         1.195       176.7  
  2180.75        2058.81         18.65         96.3           1.269         1.329         1.211         1.221       176.8  
  2181.00        2058.95         17.19         94.3           1.272         1.380         1.190         1.184       176.9  
  2181.25        2059.08         15.80         97.4           1.263         1.355         1.206         1.218       177.0  
  2181.50        2059.36         14.43         97.1           1.245         1.324         1.232         1.279       177.1  
  2181.75        2059.63         13.13        100.4           1.231         1.324         1.217         1.263       177.0  
  2182.00        2059.91         11.77         97.9           1.214         1.282         1.194         1.235       176.9  
  2182.25        2060.19         11.92        100.2           1.203         1.266         1.152         1.150       176.2  
  2182.50        2060.31          6.76         97.5           1.200         1.271         1.099         1.074       175.2  
  2182.75        2060.47          0.00         97.8           1.182         1.232         1.084         1.078       175.2  
  2183.00        2060.75          1.16         93.7           1.177         1.231         1.076         1.065       175.1  
  2183.25        2061.02         13.75         96.1           1.176         1.215         1.104         1.105       175.1  
  2183.50        2061.30         34.38         97.8           1.188         1.267         1.107         1.099       175.1  
  2183.75        2061.45         44.82        101.6           1.189         1.274         1.111         1.101       175.1  
  2184.00        2061.58         53.92         98.5           1.189         1.278         1.113         1.102       175.1  
  2184.25        2061.86         45.48         95.4           1.190         1.276         1.130         1.125       175.1  
  2184.50        2062.13         35.60         94.6           1.190         1.262         1.156         1.172       175.2  
  2184.75        2062.41         30.68         96.4           1.194         1.246         1.187         1.231       175.2  
  2185.00        2062.69         25.90         98.0           1.208         1.276         1.183         1.208       175.2  
  2185.25        2062.82         25.74        101.9           1.217         1.289         1.179         1.182       175.2  
  2185.50        2062.97         25.56         98.1           1.220         1.273         1.192         1.208       175.2  
  2185.75        2063.24         26.79         99.0           1.224         1.275         1.194         1.202       175.3  
  2186.00        2063.52         29.33        100.9           1.233         1.299         1.177         1.159       175.4  
  2186.25        2063.80         26.75        100.4           1.235         1.275         1.186         1.180       175.4  
  2186.50        2063.96         28.06         96.4           1.238         1.296         1.199         1.205       175.5  
  2186.75        2064.08         29.10        100.1           1.242         1.309         1.205         1.222       175.6  
  2187.00        2064.36         25.40        105.7           1.244         1.319         1.205         1.203       175.7  
  2187.25        2064.64         24.27        105.1           1.254         1.312         1.180         1.179       175.8  
  2187.50        2064.91         19.91        105.3           1.258         1.294         1.207         1.196       175.9  
  2187.75        2065.19         18.35         94.3           1.272         1.330         1.207         1.194       176.0  
  2188.00        2065.32         19.53         98.2           1.279         1.336         1.221         1.208       176.1  
  2188.25        2065.47         20.83        101.4           1.279         1.326         1.245         1.240       176.3  
  2188.50        2065.75         23.27        103.8           1.279         1.339         1.273         1.316       176.4  
  2188.75        2066.03         25.59        100.1           1.281         1.341         1.275         1.314       176.5  
  2189.00        2066.31         22.81         99.7           1.279         1.342         1.272         1.311       176.6  
  2189.25        2066.47         22.77        102.6           1.276         1.342         1.256         1.286       176.8  
  2189.50        2066.58         22.74        105.9           1.266         1.337         1.225         1.236       176.9  
  2189.75        2066.86         21.27        102.1           1.253         1.323         1.205         1.215       177.0  
  2190.00        2067.14         21.79        104.3           1.239         1.315         1.192         1.196       177.2  
  2190.25        2067.42         21.48         98.2           1.226         1.308         1.193         1.202       177.3  
  2190.50        2067.70         21.94        105.8           1.213         1.290         1.193         1.212       177.4  
  2190.75        2067.84         22.72        107.5           1.197         1.295         1.179         1.202       177.5  
  2191.00        2067.98         23.50        103.3           1.172         1.273         1.158         1.198       177.6  
  2191.25        2068.26         23.60         98.4           1.145         1.237         1.125         1.163       177.7  
  2191.50        2068.54         21.30        104.2           1.127         1.219         1.114         1.154       177.8  
  2191.75        2068.75         19.22        105.1           1.094         1.160         1.080         1.152       177.8  
  2192.00        2068.98         17.04        101.8           1.035         1.030         0.936         1.044       177.9  
  2192.25        2069.21         14.86        103.0           1.037         0.862         0.846         0.702       177.9  
  2192.50        2069.37         13.32        102.0           1.038         0.988         0.936         0.962       178.0  
  2192.75        2069.65         16.69        107.3           1.050         1.091         1.026         1.116       178.0  
  2193.00        2069.93         21.15        106.3           1.082         1.135         1.049         1.091       178.1  
  2193.25        2070.21         24.58        108.5           1.098         1.145         1.050         1.062       178.1  
  2193.50        2070.36         25.84        105.7           1.112         1.144         1.048         1.045       178.2  
  2193.75        2070.49         26.99        105.8           1.126         1.144         1.062         1.028       178.2  
  2194.00        2070.77         27.85        106.9           1.148         1.173         1.092         1.038       178.2  
  2194.25        2071.05         27.35        106.6           1.164         1.240         1.155         1.142       178.3  
  2194.50        2071.33         28.06         94.3           1.154         1.227         1.196         1.249       178.3  
  2194.75        2071.61         30.49        106.8           1.145         1.253         1.359         1.580       178.4  
  2195.00        2071.73         33.44         83.4           1.125         1.213         1.359         1.646       178.4  
  2195.25        2071.89         37.14         84.5           1.079         1.133         1.179         1.291       178.4  
  2195.50        2072.17         43.62         82.9           1.021         1.011         1.002         0.953       178.5  
  2195.75        2072.45         44.96         83.4           0.974         0.947         0.944         0.905       178.5  
  2196.00        2072.73         39.80         86.9           0.921         0.918         0.901         0.879       178.5  
  2196.25        2072.88         44.77         95.6           0.822         0.830         0.856         0.927       178.6  
  2196.50        2073.01         48.92         80.7           0.769         0.784         0.734         0.786       178.6  
  2196.75        2073.29         45.44         77.0           0.733         0.744         0.689         0.686       178.6  
  2197.00        2073.57         43.45         82.0           0.679         0.657         0.644         0.649       178.7  
  2197.25        2073.85         42.45         82.3           0.666         0.650         0.617         0.612       178.7  
  2197.50        2074.13         44.77         88.8           0.663         0.649         0.632         0.609       178.7  
  2197.75        2074.26         40.92         72.9           0.666         0.660         0.666         0.660       178.8  
  2198.00        2074.41         36.51         71.6           0.674         0.685         0.677         0.675       178.8  
  2198.25        2074.69         30.70         78.8           0.680         0.684         0.683         0.674       178.8  
  2198.50        2074.97         31.09         70.8           0.688         0.692         0.691         0.669       178.9  
  2198.75        2075.25         28.71         69.2           0.695         0.712         0.703         0.687       178.9  
  2199.00        2075.41         29.36         75.5           0.688         0.712         0.739         0.762       179.0  
  2199.25        2075.53         29.86         67.3           0.673         0.704         0.719         0.739       179.0  
  2199.50        2075.81         25.27         55.1           0.660         0.674         0.677         0.686       179.0  
  2199.75        2076.09         27.86         40.1           0.631         0.629         0.615         0.612       179.1  
  2200.00        2076.37         27.94         35.7           0.617         0.610         0.602         0.606       179.1  
  2200.25        2076.65         25.62         45.9           0.617         0.614         0.607         0.603       179.2  
  2200.50        2076.79         25.89         60.0           0.618         0.625         0.624         0.634       179.2  
  2200.75        2076.93         26.18         62.0           0.621         0.627         0.638         0.647       179.3  
  2201.00        2077.21         24.96         61.8           0.620         0.624         0.635         0.650       179.3  
  2201.25        2077.49         24.34         49.2           0.623         0.632         0.627         0.626       179.3  
  2201.50        2077.77         25.61         49.5           0.618         0.636         0.643         0.658       179.4  
  2201.75        2077.94         25.15         62.8           0.600         0.603         0.599         0.588       179.4  
  2202.00        2078.06         24.82         54.6           0.589         0.592         0.591         0.586       179.4  
  2202.25        2078.34         23.68         44.0           0.601         0.603         0.609         0.608       179.5  
  2202.50        2078.62         21.10         45.5           0.613         0.615         0.629         0.631       179.1  
  2202.75        2078.90         21.72         56.0           0.606         0.598         0.605         0.596       178.5  
  2203.00        2079.18         25.12         55.2           0.604         0.595         0.600         0.589       178.5  
  2203.25        2079.32         27.08         49.1           0.600         0.616         0.607         0.614       178.5  
  2203.50        2079.46         28.95         38.8           0.595         0.610         0.609         0.627       178.5  
  2203.75        2079.74         30.90         38.1           0.595         0.608         0.611         0.624       178.5  
  2204.00        2080.02         32.66         37.1           0.596         0.605         0.613         0.618       178.5  
  2204.25        2080.30         35.10         36.2           0.590         0.589         0.605         0.584       178.5  
  2204.50        2080.59         35.72         35.6           0.576         0.588         0.580         0.586       178.5  
  2204.75        2080.71         37.74         41.0           0.573         0.577         0.580         0.579       178.5  
  2205.00        2080.87         40.40         36.1           0.571         0.574         0.571         0.573       178.5  
  2205.25        2081.15         38.42         34.7           0.571         0.574         0.570         0.574       178.5  
  2205.50        2081.43         37.79         32.3           0.575         0.583         0.576         0.584       178.5  
  2205.75        2081.71         40.16         40.1           0.585         0.588         0.588         0.592       178.5  
  2206.00        2081.86         38.11         39.4           0.592         0.599         0.602         0.616       178.5  
  2206.25        2081.99         36.32         38.4           0.596         0.597         0.601         0.616       178.5  
  2206.50        2082.28         34.68         29.2           0.609         0.596         0.591         0.591       178.6  
  2206.75        2082.56         31.95         36.7           0.629         0.609         0.607         0.593       178.6  
  2207.00        2082.84         30.06         35.2           0.645         0.662         0.635         0.619       178.6  
  2207.25        2083.12         25.89         28.2           0.651         0.681         0.692         0.725       178.6  
  2207.50        2083.25         22.43         27.9           0.654         0.680         0.680         0.680       178.7  
  2207.75        2083.40         18.26         36.2           0.646         0.635         0.649         0.662       178.7  
  2208.00        2083.69         18.59         42.9           0.643         0.644         0.639         0.642       178.8  
  2208.25        2083.97         17.14         39.3           0.647         0.652         0.635         0.630       178.9  
  2208.50        2084.25         16.53         37.7           0.649         0.656         0.655         0.671       178.9  
  2208.75        2084.41         17.82         44.6           0.653         0.668         0.666         0.697       178.9  
  2209.00        2084.53         18.86         41.3           0.666         0.669         0.661         0.664       179.0  
  2209.25        2084.81         19.14         54.2           0.676         0.684         0.690         0.676       179.0  
  2209.50        2085.10         19.71         62.6           0.686         0.710         0.736         0.753       179.1  
  2209.75        2085.38         17.28         63.1           0.692         0.737         0.757         0.788       179.2  
  2210.00        2085.56         16.87         63.4           0.680         0.723         0.737         0.787       179.3  
  2210.25        2085.80         16.36         57.1           0.660         0.682         0.665         0.687       178.6  
  2210.50        2086.03         15.85         40.4           0.639         0.620         0.614         0.603       177.9  
  2210.75        2086.26         15.34         38.4           0.625         0.598         0.597         0.586       177.2  
  2211.00        2086.49         14.83         38.5           0.619         0.608         0.604         0.616       176.1  
  2211.25        2086.79         14.17         36.5           0.621         0.623         0.616         0.617       176.0  
  2211.50        2086.95         16.44         31.4           0.617         0.618         0.636         0.646       176.0  
  2211.75        2087.07         24.44         27.3           0.619         0.643         0.631         0.626       176.1  
  2212.00        2087.36         72.99         28.8           0.614         0.624         0.619         0.613       176.1  
  2212.25        2087.64         93.73         29.9           0.609         0.590         0.586         0.573       176.1  
  2212.50        2087.92        125.31         35.4           0.612         0.596         0.586         0.574       176.1  
  2212.75        2088.21         67.47         40.1           0.617         0.606         0.614         0.613       176.1  
  2213.00        2088.35         61.68         39.2           0.631         0.627         0.623         0.612       176.2  
  2213.25        2088.49         55.86         37.8           0.641         0.638         0.629         0.603       176.2  
  2213.50        2088.77         42.51         35.3           0.649         0.662         0.632         0.606       176.2  
  2213.75        2089.05         28.56         35.0           0.653         0.680         0.648         0.637       176.3  
  2214.00        2089.34         24.96         43.9           0.651         0.668         0.687         0.766       176.4  
  2214.25        2089.62         22.79         44.7           0.658         0.675         0.699         0.720       176.4  
  2214.50        2089.74         22.18         46.0           0.666         0.671         0.667         0.671       176.5  
  2214.75        2089.90         21.34         39.7           0.673         0.662         0.653         0.640       176.5  
  2215.00        2090.19         19.38         50.2           0.686         0.681         0.688         0.722       176.7  
  2215.25        2090.47         21.01         52.5           0.710         0.744         0.725         0.737       176.8  
  2215.50        2090.75         24.23         53.8           0.733         0.753         0.733         0.745       176.9  
  2215.75        2090.90         22.90         59.2           0.752         0.750         0.744         0.766       177.0  
  2216.00        2091.04         21.67         50.7           0.792         0.757         0.734         0.683       177.2  
  2216.25        2091.32         21.03         53.2           0.831         0.815         0.809         0.778       177.2  
  2216.50        2091.60         22.11         67.7           0.875         0.873         0.903         0.927       177.3  
  2216.75        2091.89         23.16         68.4           0.925         0.941         0.950         0.953       177.4  
  2217.00        2092.17         24.53         71.7           0.957         0.988         0.988         0.982       177.5  
  2217.25        2092.30         25.12         77.5           0.969         0.989         1.020         1.044       177.6  
  2217.50        2092.46         25.85         75.7           0.973         0.998         1.010         1.038       177.7  
  2217.75        2092.74         27.14         76.1           0.966         0.984         0.985         0.999       177.8  
  2218.00        2093.02         28.07         74.1           0.945         0.931         0.935         0.934       177.8  
  2218.25        2093.31         27.75         71.9           0.926         0.895         0.873         0.845       178.0  
  2218.50        2093.46         26.32         66.8           0.915         0.892         0.850         0.831       178.1  
  2218.75        2093.59         25.12         73.7           0.907         0.891         0.874         0.897       178.2  
  2219.00        2093.87         26.04         75.7           0.918         0.922         0.881         0.886       178.3  
  2219.25        2094.16         24.31         74.7           0.939         0.953         0.890         0.882       178.4  
  2219.50        2094.44         21.27         81.5           0.959         0.956         0.958         1.009       178.5  
  2219.75        2094.73         19.63         81.6           0.985         1.008         1.000         1.035       178.6  
  2220.00        2094.86         20.72         83.2           1.013         1.055         1.029         1.051       178.7  
  2220.25        2095.01         21.99         86.6           1.028         1.070         1.069         1.120       178.8  
  2220.50        2095.30         21.85         82.1           1.046         1.065         1.033         1.045       178.9  
  2220.75        2095.58         23.13         85.8           1.067         1.057         1.000         0.972       179.1  
  2221.00        2095.86         22.69         86.1           1.072         1.077         0.998         0.956       179.1  
  2221.25        2096.02         23.25         88.2           1.066         1.074         0.993         0.961       179.2  
  2221.50        2096.15         23.68         90.9           1.061         1.072         0.989         0.965       179.2  
  2221.75        2096.43         23.88         91.3           1.061         1.022         1.008         1.019       179.3  
  2222.00        2096.72         25.68         90.3           1.071         1.077         0.993         0.949       179.4  
  2222.25        2097.00         27.93         89.9           1.083         1.073         1.054         1.056       179.4  
  2222.50        2097.29         30.39         86.9           1.101         1.142         1.109         1.152       179.5  
  2222.75        2097.42         30.64         86.3           1.112         1.148         1.137         1.190       179.5  
  2223.00        2097.57         30.91         83.6           1.122         1.150         1.141         1.175       179.6  
  2223.25        2097.86         30.56         87.0           1.134         1.155         1.116         1.113       179.7  
  2223.50        2098.14         29.33         85.6           1.140         1.153         1.105         1.093       179.7  
  2223.75        2098.42         30.35         88.4           1.142         1.146         1.120         1.124       179.8  
  2224.00        2098.59         30.23         89.2           1.144         1.170         1.124         1.125       179.8  
  2224.25        2098.71         30.15         92.9           1.143         1.173         1.128         1.132       179.9  
  2224.50        2098.99         28.23         90.4           1.142         1.159         1.126         1.131       179.9  
  2224.75        2099.28         28.90         89.8           1.137         1.149         1.113         1.109       180.0  
  2225.00        2099.56         29.12         89.3           1.131         1.147         1.108         1.120       180.0  
  2225.25        2099.85         27.78         91.6           1.124         1.137         1.108         1.124       180.1  
  2225.50        2099.99         28.24         92.1           1.118         1.145         1.094         1.104       180.1  
  2225.75        2100.13         28.67         92.9           1.111         1.128         1.083         1.086       180.2  
  2226.00        2100.42         28.19         94.4           1.103         1.118         1.066         1.067       180.2  
  2226.25        2100.71         27.86         93.4           1.097         1.115         1.049         1.042       180.3  
  2226.50        2100.99         27.77         87.9           1.088         1.095         1.048         1.044       180.3  
  2226.75        2101.28         27.99         94.3           1.083         1.094         1.045         1.038       180.4  
  2227.00        2101.40         27.71         94.4           1.077         1.104         1.038         1.026       180.4  
  2227.25        2101.56         27.34         96.3           1.063         1.081         1.044         1.062       180.4  
  2227.50        2101.85         28.50         94.7           1.051         1.071         1.023         1.035       180.5  
  2227.75        2102.13         28.16         96.5           1.044         1.069         0.976         0.962       180.5  
  2228.00        2102.42         27.14         96.2           1.019         1.036         0.964         0.952       180.6  
  2228.25        2102.57         27.47         94.0           1.003         1.020         0.955         0.963       180.6  
  2228.50        2102.70         27.77         95.6           0.999         1.015         0.931         0.920       180.7  
  2228.75        2102.99         26.58         96.2           0.998         1.007         0.950         0.958       180.7  
  2229.00        2103.27         19.99         98.2           1.009         1.024         0.968         0.976       180.8  
  2229.25        2103.51         14.54         94.4           1.025         1.059         0.994         1.008       180.8  
  2229.50        2103.74          9.09         96.7           1.042         1.069         1.009         1.013       180.9  
  2229.75        2103.97          3.64         97.7           1.058         1.078         1.019         1.020       180.9  
  2230.00        2104.13          0.00         97.9           1.069         1.094         1.017         1.006       181.0  
  2230.25        2104.42          0.20         97.1           1.066         1.090         1.017         1.012       181.2  
  2230.50        2104.70          1.43         92.3           1.062         1.085         1.018         1.018       181.3  
  2230.75        2104.99          3.52         92.5           1.057         1.081         1.020         1.026       181.3  
  2231.00        2105.15          6.12         92.6           1.058         1.086         1.022         1.026       181.4  
  2231.25        2105.28          8.23         96.9           1.062         1.091         1.026         1.029       181.4  
  2231.50        2105.56         14.04         98.5           1.062         1.095         1.024         1.022       181.4  
  2231.75        2105.85         19.18         97.2           1.066         1.090         1.025         1.022       181.5  
  2232.00        2106.13         25.85         97.6           1.062         1.082         1.039         1.058       181.5  
  2232.25        2106.42         27.53         95.0           1.061         1.090         1.039         1.059       181.5  
  2232.50        2106.56         26.27         94.8           1.057         1.084         1.029         1.042       181.5  
  2232.75        2106.71         24.87         97.0           1.065         1.081         1.024         1.024       181.6  
  2233.00        2106.99         23.43         97.1           1.051         1.079         1.014         1.032       181.6  
  2233.25        2107.28         21.90         95.5           1.041         1.065         1.005         1.012       181.6  
  2233.50        2107.57         20.87         96.8           1.033         1.043         0.997         0.998       181.6  
  2233.75        2107.73         20.87         98.1           1.029         1.048         0.977         0.968       181.7  
  2234.00        2107.85         20.87         98.7           1.021         1.043         0.975         0.978       181.7  
  2234.25        2108.14         20.58         96.7           1.014         1.031         0.972         0.971       181.7  
  2234.50        2108.43         21.18         99.7           1.008         1.025         0.974         0.983       181.7  
  2234.75        2108.71         21.04         98.9           1.008         1.032         0.968         0.972       181.7  
  2235.00        2109.00         22.96        101.5           1.003         1.020         0.962         0.962       181.8  
  2235.25        2109.14         23.14         97.7           1.002         1.023         0.961         0.960       181.8  
  2235.50        2109.29         23.32         98.9           1.010         1.031         0.975         0.979       181.8  
  2235.75        2109.57         22.82        101.8           1.059         1.072         1.028         1.014       181.8  
  2236.00        2109.86         23.26        101.9           1.054         1.063         1.020         0.994       181.8  
  2236.25        2110.15         22.41        102.1           1.048         1.050         1.009         0.967       181.8  
  2236.50        2110.43         19.31        101.0           1.017         1.023         0.972         0.977       181.8  
  2236.75        2110.56         18.75        100.2           1.002         1.026         0.962         0.961       181.8  
  2237.00        2110.72         17.97        100.9           0.999         1.016         0.961         0.961       181.8  
  2237.25        2111.01         16.72        101.5           0.999         1.020         0.958         0.956       181.8  
  2237.50        2111.30         15.06         99.5           0.999         1.019         0.962         0.962       181.8  
  2237.75        2111.58         14.01        106.0           0.998         1.021         0.965         0.968       181.9  
  2238.00        2111.73         14.54        105.1           1.000         1.022         0.964         0.966       181.9  
  2238.25        2111.97         15.37        103.9           0.998         1.015         0.965         0.967       181.7  
  2238.50        2112.21         16.21        100.8           1.000         1.021         0.962         0.962       181.5  
  2238.75        2112.44         17.05        104.6           1.001         1.024         0.965         0.967       181.3  
  2239.00        2112.68         17.88        105.7           1.001         1.028         0.968         0.970       180.9  
  2239.25        2113.02         19.11        100.9           1.001         1.021         0.969         0.973       180.5  
  2239.50        2113.15         20.28        104.5           1.000         1.026         0.966         0.961       180.3  
  2239.75        2113.31         21.77        102.9           0.999         1.021         0.962         0.967       180.0  
  2240.00        2113.60         19.14         99.1           0.993         1.013         0.960         0.963       179.9  
  2240.25        2113.89         17.59         98.1           0.991         1.014         0.956         0.959       179.8  
  2240.50        2114.17         23.01         96.7           0.990         1.013         0.955         0.959       179.8  
  2240.75        2114.33         18.81         96.4           0.990         1.013         0.955         0.958       179.7  
  2241.00        2114.46         15.26         95.4           0.989         1.012         0.954         0.957       180.6  
  2241.25        2114.75         17.38         94.7           0.988         1.014         0.952         0.957       180.6  
  2241.50        2115.04         18.35         98.4           0.982         1.003         0.950         0.956       180.6  
  2241.75        2115.33         21.51        103.0           0.981         0.999         0.939         0.939       180.6  
  2242.00        2115.61         21.24        103.0           0.982         0.995         0.933         0.929       180.7  
  2242.25        2115.75         23.15         97.5           0.984         0.998         0.942         0.933       180.7  
  2242.50        2115.90         25.36         98.1           0.988         1.009         0.954         0.959       180.7  
  2242.75        2116.19         18.50         99.5           0.992         1.008         0.964         0.976       180.8  
  2243.00        2116.48         15.39        100.0           1.000         1.017         0.962         0.952       181.0  
  2243.25        2116.77         12.63        103.4           1.000         1.024         0.973         0.975       181.1  
  2243.50        2116.93         12.51        105.2           1.000         1.022         0.986         1.001       180.2  
  2243.75        2117.06         12.41        104.3           0.998         1.012         0.979         0.979       179.3  
  2244.00        2117.35         13.88        100.5           0.996         1.007         0.962         0.960       178.5  
  2244.25        2117.64         20.62        101.3           0.993         1.014         0.953         0.955       177.6  
  2244.50        2117.92         20.62        107.0           0.993         1.018         0.943         0.947       176.7  
  2244.75        2118.21         21.56        105.1           0.994         0.999         0.939         0.927       175.4  
  2245.00        2118.35         21.56        103.9           0.999         0.995         0.944         0.937       175.4  
  2245.25        2118.50         21.56        108.8           1.008         1.017         0.959         0.942       175.5  
  2245.50        2118.79         21.11        103.8           1.013         1.038         0.971         0.954       175.6  
  2245.75        2119.08         18.20        103.5           1.000         1.017         1.023         1.028       175.7  
  2246.00        2119.37         18.25        104.2           0.986         1.064         1.067         1.061       175.8  
  2246.25        2119.54         20.00         86.8           0.912         1.051         1.140         1.352       175.9  
  2246.50        2119.66         21.23         41.3           0.823         0.896         1.048         1.319       176.0  
  2246.75        2119.95         27.36         25.1           0.750         0.780         0.801         0.895       176.0  
  2247.00        2120.24         31.91         25.1           0.650         0.616         0.603         0.579       176.1  
  2247.25        2120.53         38.64         29.4           0.598         0.571         0.554         0.547       176.2  
  2247.50        2120.81         40.01         29.8           0.573         0.559         0.538         0.537       176.2  
  2247.75        2120.96         40.84         28.0           0.555         0.539         0.536         0.539       176.3  
  2248.00        2121.10         41.64         26.7           0.546         0.543         0.533         0.550       176.4  
  2248.25        2121.39         34.49         22.7           0.544         0.532         0.539         0.560       176.5  
  2248.50        2121.67         33.20         27.6           0.553         0.544         0.534         0.540       176.6  
  2248.75        2121.97         31.84         29.7           0.564         0.552         0.534         0.543       176.6  
  2249.00        2122.26         40.54         24.3           0.577         0.555         0.561         0.579       176.7  
  2249.25        2122.39         39.13         29.4           0.631         0.618         0.612         0.588       176.8  
  2249.50        2122.55         37.26         70.0           0.670         0.715         0.730         0.778       176.9  
  2249.75        2122.84         33.55         82.4           0.691         0.778         0.820         0.922       177.0  
  2250.00        2123.13         26.08         71.2           0.692         0.743         0.808         0.874       177.1  
  2250.25        2123.42         24.88         57.9           0.674         0.677         0.688         0.665       177.2  
  2250.50        2123.58         25.77         43.9           0.645         0.613         0.618         0.606       177.2  
  2250.75        2123.71         26.55         45.1           0.636         0.613         0.614         0.610       177.3  
  2251.00        2124.00         30.09         48.9           0.642         0.647         0.626         0.641       177.4  
  2251.25        2124.29         32.93         45.7           0.643         0.632         0.659         0.685       177.5  
  2251.50        2124.58         32.62         43.7           0.657         0.647         0.651         0.644       177.6  
  2251.75        2124.87         29.11         50.1           0.682         0.689         0.702         0.707       177.7  
  2252.00        2125.00         30.01         63.9           0.680         0.706         0.707         0.713       177.8  
  2252.25        2125.16         31.11         66.7           0.696         0.709         0.750         0.754       177.9  
  2252.50        2125.45         30.18         59.5           0.695         0.740         0.772         0.825       177.9  
  2252.75        2125.74         32.94         57.3           0.667         0.665         0.680         0.714       178.0  
  2253.00        2126.03         33.94         37.5           0.645         0.624         0.611         0.608       178.1  
  2253.25        2126.19         34.53         42.3           0.621         0.593         0.583         0.580       178.2  
  2253.50        2126.32         35.00         48.7           0.601         0.575         0.572         0.571       178.3  
  2253.75        2126.61         35.19         43.9           0.589         0.570         0.560         0.560       178.4  
  2254.00        2126.91         35.85         44.6           0.587         0.567         0.560         0.563       178.5  
  2254.25        2127.20         33.50         53.3           0.585         0.580         0.573         0.583       178.5  
  2254.50        2127.49         27.68         63.3           0.589         0.596         0.601         0.617       178.6  
  2254.75        2127.62         27.17         71.3           0.591         0.599         0.601         0.603       178.7  
  2255.00        2127.78         26.61         62.6           0.582         0.589         0.593         0.609       178.8  
  2255.25        2128.07         22.21         47.8           0.578         0.575         0.572         0.577       178.9  
  2255.50        2128.36         22.55         39.6           0.573         0.564         0.564         0.563       179.1  
  2255.75        2128.65         23.23         39.4           0.575         0.570         0.567         0.575       179.2  
  2256.00        2128.82         21.58         40.4           0.584         0.579         0.576         0.584       179.3  
  2256.25        2128.94         20.37         50.0           0.592         0.585         0.594         0.602       179.3  
  2256.50        2129.23         19.93         57.8           0.602         0.602         0.586         0.578       179.5  
  2256.75        2129.52         18.64         60.4           0.617         0.612         0.591         0.590       179.6  
  2257.00        2129.81         18.89         74.5           0.641         0.655         0.648         0.663       179.7  
  2257.25        2130.11         19.51         85.4           0.670         0.718         0.724         0.758       179.8  
  2257.50        2130.25         19.02         82.6           0.671         0.725         0.756         0.803       179.9  
  2257.75        2130.40         18.51         71.2           0.651         0.668         0.677         0.696       180.0  
  2258.00        2130.69         19.10         57.1           0.627         0.604         0.596         0.584       180.1  
  2258.25        2130.98         19.66         50.5           0.626         0.626         0.622         0.629       180.2  
  2258.50        2131.27         19.27         55.6           0.639         0.643         0.630         0.632       180.3  
  2258.75        2131.56         17.44         54.2           0.676         0.686         0.681         0.700       180.3  
  2259.00        2131.68         17.89         62.4           0.648         0.640         0.652         0.640       180.4  
  2259.25        2131.85         18.52         69.1           0.648         0.641         0.651         0.644       180.5  
  2259.50        2132.15         17.71         60.0           0.648         0.641         0.651         0.649       180.6  
  2259.75        2132.44         19.23         62.5           0.637         0.620         0.627         0.624       180.6  
  2260.00        2132.73         15.90         65.0           0.623         0.604         0.590         0.572       180.7  
  2260.25        2132.88         18.39         59.9           0.624         0.620         0.594         0.591       180.8  
  2260.50        2133.02         20.71         51.0           0.626         0.629         0.602         0.613       181.0  
  2260.75        2133.31         21.21         56.6           0.629         0.617         0.636         0.673       181.1  
  2261.00        2133.60         25.39         52.1           0.643         0.657         0.657         0.689       181.1  
  2261.25        2133.90         25.31         54.2           0.786         0.794         0.789         0.799       181.1  
  2261.50        2134.19         25.91         64.7           0.964         0.974         0.981         1.024       181.1  
  2261.75        2134.32         23.40         82.3           0.979         0.996         1.004         1.051       181.1  
  2262.00        2134.48         20.21         87.2           0.987         0.978         0.969         0.961       181.1  
  2262.25        2134.77         20.42         81.7           0.998         0.951         0.918         0.863       181.1  
  2262.50        2135.06         24.53         84.0           1.014         0.980         0.954         0.940       181.2  
  2262.75        2135.36         23.08         87.0           1.032         1.017         1.010         1.024       181.2  
  2263.00        2135.51         22.26         90.2           1.061         1.067         1.054         1.045       181.2  
  2263.25        2135.65         21.56         88.4           1.071         1.094         1.111         1.148       181.3  
  2263.50        2135.94         20.34         90.2           1.068         1.099         1.113         1.157       181.3  
  2263.75        2136.23         22.37         95.2           1.052         1.074         1.074         1.090       181.3  
  2264.00        2136.52         22.46         93.3           1.022         1.030         1.041         1.054       181.4  
  2264.25        2136.82         22.22         93.3           0.977         1.001         0.989         1.006       181.4  
  2264.50        2136.95         21.66         93.1           0.913         0.894         0.942         0.973       181.5  
  2264.75        2137.11         21.00         84.4           0.862         0.827         0.796         0.737       181.5  
  2265.00        2137.40         20.23         77.4           0.822         0.757         0.763         0.738       181.6  
  2265.25        2137.69         19.72         75.3           0.792         0.761         0.741         0.731       181.6  
  2265.50        2137.98         19.92         83.1           0.768         0.757         0.737         0.737       181.7  
  2265.75        2138.15         20.71         83.7           0.752         0.736         0.737         0.746       181.7  
  2266.00        2138.28         21.33         80.0           0.751         0.736         0.717         0.710       181.8  
  2266.25        2138.57         20.93         76.7           0.763         0.763         0.744         0.742       181.8  
  2266.50        2138.86         19.56         73.8           0.784         0.790         0.788         0.795       181.9  
  2266.75        2139.15         16.57         83.3           0.813         0.823         0.805         0.810       181.9  
  2267.00        2139.35         16.75         85.0           0.844         0.847         0.838         0.840       181.9  
  2267.25        2139.59         16.96         84.2           0.881         0.900         0.872         0.885       181.2  
  2267.50        2139.83         17.18         90.0           0.903         0.897         0.909         0.938       180.6  
  2267.75        2140.07         17.39         90.5           0.941         0.943         0.915         0.909       180.1  
  2268.00        2140.31         17.61         87.3           0.961         0.949         0.946         0.952       179.1  
  2268.25        2140.62         17.88         94.1           0.966         0.948         0.952         0.962       178.0  
  2268.50        2140.79         17.88         90.2           0.967         0.953         0.952         0.962       177.6  
  2268.75        2140.91         17.88         91.6           0.968         0.956         0.952         0.962       177.4  
  2269.00        2141.20         62.14         93.0           0.969         0.959         0.953         0.962       177.4  
  2269.25        2141.50         55.72         94.3           0.971         0.963         0.953         0.962       177.5  
  2269.50        2141.79         19.81         96.3           0.973         0.973         0.952         0.957       177.5  
  2269.75        2142.08         19.29         95.2           0.988         1.000         0.952         0.948       177.6  
  2270.00        2142.23         19.95         93.3           1.009         1.003         0.985         0.971       177.7  
  2270.25        2142.37         20.59         91.2           1.063         1.061         1.053         1.055       177.8  
  2270.50        2142.67         21.14         98.5           1.079         1.090         1.068         1.069       177.8  
  2270.75        2142.96         20.29         98.1           1.100         1.129         1.081         1.082       177.9  
  2271.00        2143.25         22.36         96.4           1.109         1.120         1.102         1.116       178.0  
  2271.25        2143.55         22.21         94.3           1.115         1.126         1.112         1.126       178.2  
  2271.50        2143.67         22.62         95.4           1.119         1.128         1.115         1.119       178.3  
  2271.75        2143.84         23.18         96.5           1.120         1.131         1.107         1.100       178.4  
  2272.00        2144.13         22.85         96.2           1.109         1.087         1.093         1.093       178.4  
  2272.25        2144.42         23.47         94.7           1.095         1.061         1.020         0.948       178.6  
  2272.50        2144.72         23.09         91.7           1.078         1.031         1.024         1.054       178.7  
  2272.75        2144.87         22.05         94.3           1.080         1.062         1.044         1.055       178.8  
  2273.00        2145.01         21.11         94.6           1.086         1.094         1.055         1.051       178.9  
  2273.25        2145.30         23.72         97.8           1.075         1.045         1.023         1.033       179.0  
  2273.50        2145.60         26.25         89.3           1.092         1.034         0.974         0.868       179.2  
  2273.75        2145.89         28.39         94.1           1.081         1.029         1.071         1.050       179.2  
  2274.00        2146.18         26.44        101.8           1.090         1.085         1.093         1.150       179.3  
  2274.25        2146.32         26.19         99.0           1.098         1.116         1.094         1.136       179.5  
  2274.50        2146.48         25.88         92.1           1.109         1.090         1.054         1.023       179.6  
  2274.75        2146.77         25.35         93.5           1.110         1.096         1.091         1.099       179.7  
  2275.00        2147.06         23.69        100.4           1.121         1.133         1.096         1.078       179.8  
  2275.25        2147.36         23.08        100.7           1.118         1.124         1.101         1.095       179.9  
  2275.50        2147.52         22.82        101.4           1.113         1.117         1.096         1.095       180.0  
  2275.75        2147.65         22.60         96.7           1.105         1.107         1.083         1.077       180.1  
  2276.00        2147.94         21.34         97.2           1.100         1.113         1.067         1.057       180.2  
  2276.25        2148.24         17.99         96.0           1.084         1.083         1.064         1.067       180.3  
  2276.50        2148.48         15.27         98.4           1.078         1.084         1.039         1.027       180.4  
  2276.75        2148.72         12.55        100.8           1.069         1.058         1.024         1.004       180.5  
  2277.00        2148.96          9.84         96.0           1.060         1.048         1.002         0.966       180.6  
  2277.25        2149.20          7.12        101.5           1.049         1.034         1.002         0.995       180.8  
  2277.50        2149.45          4.40        102.0           1.039         1.028         0.999         0.994       180.9  
  2277.75        2149.71          1.46        100.5           1.034         1.024         0.994         0.980       181.0  
  2278.00        2150.00          3.15        101.0           1.025         1.017         0.998         0.994       181.1  
  2278.25        2150.17          4.93        101.2           1.013         1.008         0.995         0.994       181.1  
  2278.50        2150.29          6.25        107.2           1.004         1.002         0.993         0.974       181.1  
  2278.75        2150.59         12.12        103.0           0.994         1.011         1.008         0.980       181.2  
  2279.00        2150.88         16.69        108.2           0.991         1.012         1.015         0.988       181.2  
  2279.25        2151.18         20.87        110.1           0.981         1.020         1.039         1.044       181.2  
  2279.50        2151.47         28.97        111.3           0.951         1.011         1.066         1.175       181.2  
  2279.75        2151.62         34.30        103.8           0.903         0.937         0.955         1.045       181.2  
  2280.00        2151.76         39.75         92.6           0.818         0.766         0.740         0.687       181.3  
  2280.25        2152.06         46.03         78.0           0.784         0.707         0.698         0.647       181.3  
  2280.50        2152.35         46.83         76.8           0.762         0.718         0.689         0.660       181.3  
  2280.75        2152.65         51.15         87.6           0.742         0.732         0.743         0.752       181.3  
  2281.00        2152.94         53.11         89.7           0.737         0.757         0.760         0.743       181.4  
  2281.25        2153.06         49.17         68.0           0.766         0.717         0.705         0.693       181.4  
  2281.50        2153.23         43.64         84.9           0.721         0.749         0.777         0.803       181.4  
  2281.75        2153.53         39.03         77.6           0.682         0.722         0.769         0.855       181.4  
  2282.00        2153.82         39.26         42.6           0.652         0.687         0.670         0.701       181.5  
  2282.25        2154.12         45.00         34.0           0.600         0.600         0.599         0.627       181.5  
  2282.50        2154.27         47.73         38.0           0.574         0.567         0.548         0.548       181.5  
  2282.75        2154.41         50.27         44.5           0.568         0.559         0.540         0.542       181.6  
  2283.00        2154.71         42.58         45.4           0.558         0.549         0.548         0.555       181.6  
  2283.25        2155.00         43.45         45.3           0.562         0.556         0.548         0.550       181.6  
  2283.50        2155.29         43.87         51.3           0.570         0.573         0.573         0.586       181.7  
  2283.75        2155.59         40.63         56.7           0.570         0.574         0.577         0.590       181.7  
  2284.00        2155.72         39.75         60.4           0.577         0.578         0.587         0.596       181.7  
  2284.25        2155.88         38.63         62.6           0.602         0.611         0.622         0.636       181.8  
  2284.50        2156.18         31.00         61.9           0.610         0.613         0.623         0.629       181.8  
  2284.75        2156.47         28.76         60.5           0.616         0.608         0.600         0.594       181.9  
  2285.00        2156.77         29.41         57.7           0.624         0.606         0.601         0.594       181.9  
  2285.25        2156.93         31.46         68.0           0.652         0.655         0.658         0.667       181.9  
  2285.50        2157.06         33.21         71.0           0.682         0.710         0.738         0.772       182.0  
  2285.75        2157.36         33.93         86.5           0.696         0.714         0.729         0.736       182.0  
  2286.00        2157.65         28.96         75.5           0.698         0.697         0.707         0.705       182.1  
  2286.25        2157.95         25.45         72.4           0.706         0.729         0.739         0.753       182.1  
  2286.50        2158.24         24.44         82.6           0.702         0.737         0.759         0.790       182.2  
  2286.75        2158.38         23.55        104.2           0.676         0.687         0.701         0.713       182.3  
  2287.00        2158.53         22.51        121.1           0.649         0.652         0.655         0.663       182.3  
  2287.25        2158.83          3.85         85.5           0.629         0.634         0.638         0.650       182.3  
  2287.50        2159.12          4.14         87.3           0.605         0.603         0.607         0.616       182.4  
  2287.75        2159.42          9.39         70.9           0.595         0.596         0.602         0.611       182.4  
  2288.00        2159.59         12.24         62.9           0.622         0.618         0.642         0.650       182.4  
  2288.25        2159.71         14.45         37.9           0.652         0.652         0.673         0.675       182.5  
  2288.50        2160.01         18.38         51.1           0.696         0.701         0.718         0.712       182.5  
  2288.75        2160.30         21.16         64.2           0.696         0.701         0.718         0.712       182.6  
  2289.00        2160.60         20.60         75.9           0.697         0.699         0.717         0.711       182.4  
  2289.25        2160.89         20.91         79.2           0.708         0.700         0.730         0.703       182.3  
  2289.50        2161.04         21.37         80.8           0.709         0.711         0.737         0.732       182.2  
  2289.75        2161.19         21.86         83.4           0.710         0.734         0.752         0.792       182.1  
  2290.00        2161.49         20.88        104.6           0.704         0.735         0.745         0.789       181.9  
  2290.25        2161.78         20.01        118.5           0.692         0.738         0.730         0.782       181.8  
  2290.50        2162.08         17.11        105.5           0.671         0.704         0.697         0.729       181.7  
  2290.75        2162.25         15.73         94.9           0.619         0.623         0.628         0.636       181.7  
  2291.00        2162.37         14.75         84.5           0.589         0.601         0.598         0.616       181.8  
  2291.25        2162.67         14.39         33.8           0.586         0.589         0.602         0.626       181.8  
  2291.50        2162.96         13.19         20.6           0.584         0.581         0.599         0.610       181.9  
  2291.75        2163.26         10.65         22.5           0.588         0.592         0.589         0.587       182.1  
  2292.00        2163.55         10.92         22.7           0.588         0.597         0.616         0.653       182.1  
  2292.25        2163.70         11.96         19.4           0.584         0.589         0.622         0.662       182.2  
  2292.50        2163.85         12.97         19.3           0.581         0.589         0.598         0.614       182.3  
  2292.75        2164.14         11.63         25.1           0.572         0.573         0.584         0.598       182.4  
  2293.00        2164.44         11.43         33.9           0.568         0.568         0.566         0.571       182.4  
  2293.25        2164.74         12.76         38.8           0.560         0.564         0.560         0.569       182.5  
  2293.50        2165.03         13.75         38.7           0.556         0.562         0.558         0.572       182.6  
  2293.75        2165.16         13.11         32.0           0.551         0.549         0.557         0.570       182.7  
  2294.00        2165.33         12.25         34.9           0.552         0.555         0.555         0.565       182.8  
  2294.25        2165.62         11.92         35.5           0.549         0.550         0.562         0.579       182.9  
  2294.50        2165.92          7.61         35.2           0.549         0.547         0.562         0.578       183.0  
  2294.75        2166.22          6.26         39.4           0.551         0.550         0.557         0.565       183.2  
  2295.00        2166.37          5.63         40.7           0.554         0.555         0.557         0.560       183.3  
  2295.25        2166.51          5.07         39.9           0.554         0.556         0.567         0.581       183.3  
  2295.50        2166.81          4.27         45.5           0.558         0.558         0.569         0.584       183.3  
  2295.75        2167.10          4.71         48.0           0.562         0.564         0.570         0.578       183.4  
  2296.00        2167.34          3.44         42.6           0.567         0.568         0.574         0.585       183.6  
  2296.25        2167.59          2.15         44.9           0.571         0.570         0.577         0.587       183.2  
  2296.50        2167.83          0.86         51.1           0.578         0.580         0.581         0.584       183.0  
  2296.75        2167.99          0.00         52.8           0.585         0.587         0.585         0.590       182.8  
  2297.00        2168.29          0.30         61.0           0.598         0.592         0.596         0.602       182.6  
  2297.25        2168.58         12.56         66.2           0.613         0.598         0.613         0.606       182.5  
  2297.50        2168.88         42.09         86.8           0.633         0.647         0.668         0.675       182.5  
  2297.75        2169.04         58.08         95.5           0.640         0.671         0.694         0.740       182.4  
  2298.00        2169.18         71.16         94.1           0.646         0.635         0.638         0.623       182.4  
  2298.25        2169.47         54.21         95.6           0.652         0.644         0.635         0.623       182.3  
  2298.50        2169.77         36.39         91.6           0.656         0.676         0.691         0.722       182.4  
  2298.75        2170.07         20.39         96.2           0.662         0.694         0.709         0.733       182.4  
  2299.00        2170.36         11.94         92.9           0.655         0.672         0.688         0.713       182.5  
  2299.25        2170.50         11.73         90.4           0.645         0.646         0.643         0.634       182.6  
  2299.50        2170.66         11.49         88.0           0.632         0.628         0.631         0.628       182.7  
  2299.75        2170.96         12.34         73.7           0.620         0.615         0.613         0.613       182.8  
  2300.00        2171.25         17.38         59.5           0.610         0.597         0.600         0.600       182.9  
  2300.25        2171.55         13.14         51.6           0.608         0.596         0.590         0.580       183.0  
  2300.50        2171.72         12.56         56.7           0.615         0.610         0.604         0.594       183.2  
  2300.75        2171.85         12.12         66.3           0.627         0.640         0.633         0.636       183.4  
  2301.00        2172.14         10.48         54.9           0.631         0.661         0.681         0.715       183.6  
  2301.25        2172.44         10.28         31.7           0.625         0.645         0.688         0.731       183.7  
  2301.50        2172.74         10.48         24.6           0.621         0.618         0.632         0.633       183.9  
  2301.75        2173.03         10.67         20.9           0.610         0.588         0.603         0.607       184.0  
  2302.00        2173.18         11.23         21.7           0.608         0.593         0.592         0.593       184.2  
  2302.25        2173.33         11.79         20.0           0.612         0.614         0.615         0.621       184.3  
  2302.50        2173.63         11.33         19.7           0.612         0.618         0.656         0.729       184.4  
  2302.75        2173.93         10.82         21.1           0.621         0.630         0.623         0.617       184.5  
  2303.00        2174.22         11.83         20.8           0.625         0.633         0.632         0.640       184.6  
  2303.25        2174.52         12.22         26.4           0.619         0.636         0.665         0.705       184.7  
  2303.50        2174.64         12.65         34.3           0.612         0.623         0.655         0.692       184.8  
  2303.75        2174.82         13.26         75.7           0.609         0.630         0.611         0.610       184.9  
  2304.00        2175.12         12.77         71.2           0.593         0.597         0.592         0.592       185.0  
  2304.25        2175.41         12.02         59.3           0.577         0.571         0.575         0.579       185.1  
  2304.50        2175.71         12.65         49.8           0.568         0.561         0.558         0.556       185.1  
  2304.75        2175.86         13.15         37.3           0.560         0.552         0.555         0.560       185.2  
  2305.00        2176.01         13.62         40.3           0.555         0.550         0.554         0.561       185.2  
  2305.25        2176.30         13.94         48.0           0.554         0.554         0.559         0.571       185.3  
  2305.50        2176.60         13.47         46.8           0.554         0.561         0.567         0.579       185.4  
  2305.75        2176.90         13.01         54.8           0.554         0.559         0.561         0.569       185.4  
  2306.00        2177.20         12.80         59.9           0.554         0.555         0.558         0.566       185.5  
  2306.25        2177.33         11.64         54.8           0.556         0.556         0.560         0.569       185.6  
  2306.50        2177.49         10.14         39.5           0.556         0.553         0.569         0.584       185.6  
  2306.75        2177.79          8.89         39.1           0.559         0.563         0.571         0.580       185.7  
  2307.00        2178.09          8.97         45.7           0.564         0.571         0.572         0.581       185.7  
  2307.25        2178.39         10.04         48.7           0.567         0.573         0.575         0.582       185.8  
  2307.50        2178.55         10.17         54.6           0.570         0.574         0.577         0.584       185.8  
  2307.75        2178.69         10.29         53.4           0.572         0.577         0.581         0.592       185.9  
  2308.00        2178.98         10.69         48.4           0.572         0.573         0.577         0.586       185.9  
  2308.25        2179.28         10.11         45.7           0.572         0.569         0.570         0.576       186.0  
  2308.50        2179.58          9.85         47.0           0.573         0.566         0.568         0.575       186.0  
  2308.75        2179.88          9.63         47.1           0.576         0.572         0.573         0.578       186.1  
  2309.00        2180.01          9.92         53.2           0.581         0.578         0.582         0.592       186.1  
  2309.25        2180.18         10.25         51.8           0.587         0.590         0.594         0.602       186.2  
  2309.50        2180.47         10.38         59.7           0.588         0.589         0.601         0.619       186.2  
  2309.75        2180.77         11.95         53.4           0.591         0.585         0.587         0.590       186.2  
  2310.00        2181.07         15.11         58.0           0.598         0.588         0.587         0.584       186.3  
  2310.25        2181.24         15.96         69.1           0.608         0.605         0.608         0.614       186.3  
  2310.50        2181.37         16.63         77.3           0.625         0.637         0.642         0.659       186.3  
  2310.75        2181.67         16.54         81.1           0.636         0.647         0.663         0.695       186.3  
  2311.00        2181.96         13.16         76.7           0.650         0.650         0.658         0.662       186.4  
  2311.25        2182.26         12.67         75.7           0.660         0.661         0.670         0.671       186.2  
  2311.50        2182.56         13.02         81.2           0.673         0.678         0.695         0.696       186.2  
  2311.75        2182.70         12.85         83.0           0.682         0.709         0.722         0.730       186.2  
  2312.00        2182.86         12.67         86.5           0.679         0.711         0.743         0.775       186.2  
  2312.25        2183.16         15.03         87.8           0.679         0.690         0.691         0.645       186.2  
  2312.50        2183.46         15.22         89.9           0.655         0.692         0.711         0.740       186.2  
  2312.75        2183.75         17.41         87.5           0.642         0.669         0.649         0.649       186.2  
  2313.00        2183.93         17.25         78.5           0.630         0.610         0.594         0.556       186.2  
  2313.25        2184.05         17.14         76.9           0.626         0.615         0.628         0.615       186.3  
  2313.50        2184.35         18.11         71.6           0.638         0.667         0.663         0.681       186.3  
  2313.75        2184.65         15.65         70.0           0.642         0.654         0.649         0.636       186.3  
  2314.00        2184.95         13.55         75.0           0.643         0.636         0.643         0.633       186.4  
  2314.25        2185.25         14.79         81.9           0.651         0.657         0.658         0.652       186.4  
  2314.50        2185.40         14.62         78.9           0.653         0.689         0.709         0.760       186.4  
  2314.75        2185.55         14.45         79.1           0.644         0.647         0.646         0.648       186.5  
  2315.00        2185.84         15.72         65.8           0.636         0.617         0.620         0.622       186.5  
  2315.25        2186.14         15.51         63.5           0.647         0.645         0.643         0.641       186.5  
  2315.50        2186.44         16.29         67.5           0.672         0.696         0.702         0.707       186.5  
  2315.75        2186.74         18.37         69.3           0.696         0.720         0.715         0.698       186.6  
  2316.00        2186.87         18.04         76.2           0.713         0.734         0.729         0.715       186.6  
  2316.25        2187.04         17.59         77.3           0.633         0.611         0.614         0.619       186.6  
  2316.50        2187.34         18.82         76.1           0.652         0.623         0.648         0.632       186.5  
  2316.75        2187.64         20.06         63.6           0.656         0.663         0.654         0.643       186.2  
  2317.00        2187.94         22.87         63.7           0.680         0.705         0.697         0.703       186.0  
  2317.25        2188.09         19.81         64.7           0.697         0.731         0.717         0.721       185.8  
  2317.50        2188.24         17.06         73.7           0.707         0.741         0.731         0.706       185.5  
  2317.75        2188.53         16.51         78.5           0.706         0.741         0.731         0.706       185.3  
  2318.00        2188.83         17.53         79.3           0.706         0.741         0.732         0.705       185.1  
  2318.25        2189.13         15.85         80.5           0.707         0.735         0.733         0.710       185.1  
  2318.50        2189.43         15.16         78.8           0.728         0.740         0.725         0.713       185.1  
  2318.75        2189.56         14.82         78.5           0.755         0.773         0.766         0.758       185.1  
  2319.00        2189.73         14.40         84.1           0.784         0.812         0.792         0.802       185.1  
  2319.25        2190.03         12.95         86.3           0.795         0.820         0.825         0.855       185.2  
  2319.50        2190.33         13.16         87.0           0.814         0.823         0.823         0.824       185.3  
  2319.75        2190.63         13.67         85.6           0.839         0.833         0.823         0.797       185.4  
  2320.00        2190.79         13.83         86.8           0.859         0.860         0.861         0.868       185.5  
  2320.25        2190.93         13.97         87.1           0.877         0.875         0.878         0.882       185.6  
  2320.50        2191.23         14.03         80.7           0.897         0.897         0.889         0.878       185.7  
  2320.75        2191.53         14.55         88.8           0.907         0.896         0.913         0.929       185.8  
  2321.00        2191.82         14.80         94.1           0.921         0.918         0.917         0.917       185.9  
  2321.25        2192.12         15.61         90.7           0.932         0.938         0.944         0.976       186.0  
  2321.50        2192.26         15.45         91.8           0.943         0.944         0.958         0.979       186.1  
  2321.75        2192.42         15.26         91.4           0.949         0.941         0.952         0.961       186.2  
  2322.00        2192.72         15.72         87.5           0.952         0.939         0.945         0.952       186.3  
  2322.25        2193.02         15.39         93.2           0.956         0.938         0.939         0.936       186.4  
  2322.50        2193.32         15.01         96.4           0.963         0.946         0.945         0.930       186.5  
  2322.75        2193.49         13.04         93.2           0.964         0.958         0.967         0.973       186.6  
  2323.00        2193.62         11.56         89.4           0.964         0.955         0.963         0.976       182.1  
  2323.25        2193.92          8.90         86.3           0.961         0.943         0.950         0.955       182.3  
  2323.50        2194.22          7.23         87.5           0.962         0.940         0.944         0.937       182.8  
  2323.75        2194.52          5.52         90.1           0.962         0.940         0.947         0.948       183.5  
  2324.00        2194.82          4.55         87.0           0.960         0.939         0.952         0.957       184.1  
  2324.25        2194.97          4.24         88.8           0.962         0.944         0.941         0.932       184.7  
  2324.50        2195.12          3.92         85.4           0.962         0.940         0.941         0.941       184.8  
  2324.75        2195.42          4.95         87.6           0.969         0.951         0.942         0.929       184.9  
  2325.00        2195.72          6.86         88.4           0.976         0.966         0.966         0.969       185.1  
  2325.25        2195.95          7.38         88.5           0.986         0.981         0.990         1.011       185.1  
  2325.50        2196.32          8.20         90.9           0.997         0.986         0.980         0.981       185.1  
  2325.75        2196.44          8.74         86.7           1.005         0.977         0.971         0.960       185.1  
  2326.00        2196.61          9.50         89.6           1.015         0.979         0.980         0.967       185.0  
  2326.25        2196.91         11.20         89.0           1.040         1.021         1.018         1.013       185.0  
  2326.50        2197.21         15.00         93.8           1.062         1.061         1.053         1.055       185.0  
  2326.75        2197.51         17.00         98.1           1.074         1.074         1.084         1.098       185.0  
  2327.00        2197.67         23.35         93.5           1.081         1.069         1.070         1.038       185.0  
  2327.25        2197.81         29.35         87.7           1.077         1.059         1.055         1.028       185.0  
  2327.50        2198.11         26.80         91.1           1.067         1.063         1.050         1.023       185.0  
  2327.75        2198.41         23.07         90.3           1.048         1.041         1.041         1.051       185.1  
  2328.00        2198.71         19.00         87.9           1.029         1.010         0.988         0.961       185.1  
  2328.25        2199.01         19.17         92.1           0.999         0.973         0.981         0.984       185.1  
  2328.50        2199.14         19.29         90.8           0.983         0.964         0.960         0.955       185.1  
  2328.75        2199.31         19.44         95.6           0.956         0.934         0.933         0.930       185.2  
  2329.00        2199.61         20.19         87.6           0.944         0.911         0.910         0.894       185.3  
  2329.25        2199.91         20.97         83.7           0.921         0.879         0.879         0.873       185.3  
  2329.50        2200.21         22.23         85.2           0.922         0.885         0.882         0.871       185.4  
  2329.75        2200.37         22.49         89.0           0.925         0.894         0.898         0.890       185.5  
  2330.00        2200.51         22.71         91.1           0.935         0.923         0.921         0.925       185.5  
  2330.25        2200.81         22.75         90.0           0.943         0.929         0.918         0.902       185.6  
  2330.50        2201.11         22.98         85.9           0.950         0.915         0.920         0.911       185.7  
  2330.75        2201.41         22.14         88.9           0.965         0.944         0.927         0.904       185.7  
  2331.00        2201.71         20.48         91.7           0.979         0.953         0.936         0.896       185.8  
  2331.25        2201.85         20.55         91.1           0.988         0.969         0.951         0.911       185.9  
  2331.50        2202.01         20.63         94.7           1.001         0.992         0.983         0.965       186.0  
  2331.75        2202.31         20.20         92.8           1.008         0.998         0.989         0.974       186.0  
  2332.00        2202.61         19.98         94.7           1.010         0.995         0.999         1.003       186.1  
  2332.25        2202.91         20.32         94.1           1.010         0.994         1.008         1.009       186.2  
  2332.50        2203.08         19.84         96.6           1.008         0.995         1.005         1.016       186.3  
  2332.75        2203.21         19.45         98.8           1.006         0.993         0.969         0.955       186.4  
  2333.00        2203.51         18.23         96.1           0.997         0.962         0.947         0.922       186.4  
  2333.25        2203.81         18.67         93.9           0.996         0.965         0.955         0.946       186.5  
  2333.50        2204.11         18.36         95.7           1.004         0.995         0.980         0.986       186.6  
  2333.75        2204.41         18.97         97.5           1.016         1.003         0.986         0.976       186.7  
  2334.00        2204.56         18.77         95.1           1.028         0.998         0.993         0.974       186.7  
  2334.25        2204.71         18.56         98.7           1.041         1.030         1.007         0.984       186.8  
  2334.50        2205.01         16.62         96.0           1.046         1.043         1.047         1.070       186.9  
  2334.75        2205.31         15.89         97.0           1.055         1.049         1.042         1.044       187.0  
  2335.00        2205.61         16.01         95.8           1.060         1.035         1.020         0.994       187.0  
  2335.25        2205.79         15.46         91.7           1.062         1.023         1.007         0.975       187.1  
  2335.50        2205.91         15.06         92.9           1.060         1.012         1.016         0.989       187.2  
  2335.75        2206.21         15.00         98.1           1.060         1.012         1.021         1.001       187.3  
  2336.00        2206.51         15.30        104.4           1.061         1.017         1.022         1.006       187.3  
  2336.25        2206.81         16.51        102.9           1.066         1.045         1.022         1.001       187.4  
  2336.50        2207.11         15.51         96.4           1.062         1.029         1.029         1.014       187.5  
  2336.75        2207.26         15.60         97.0           1.057         1.030         1.028         1.029       187.5  
  2337.00        2207.41         15.69         99.7           1.059         1.042         1.016         1.001       187.5  
  2337.25        2207.71         13.62         98.0           1.052         1.038         1.012         0.986       187.4  
  2337.50        2208.01         11.66         96.7           1.040         1.023         1.016         1.017       187.3  
  2337.75        2208.32          9.90         96.5           1.035         1.023         0.987         0.964       187.3  
  2338.00        2208.62         10.35         97.8           1.027         1.003         0.980         0.960       187.3  
  2338.25        2208.74         10.17         96.8           1.022         0.997         0.989         0.985       187.3  
  2338.50        2208.92          9.93        101.0           1.024         1.007         0.983         0.958       187.3  
  2338.75        2209.22         10.14         98.8           1.021         0.996         0.971         0.943       187.3  
  2339.00        2209.52         11.12         98.6           1.018         0.980         0.959         0.922       187.4  
  2339.25        2209.82         11.94         96.9           1.020         0.975         0.940         0.889       187.4  
  2339.50        2209.98         13.52         88.2           1.024         0.985         0.968         0.959       187.5  
  2339.75        2210.12         14.94         95.0           1.044         1.016         1.000         0.984       187.5  
  2340.00        2210.42         13.62         98.8           1.064         1.036         1.018         0.987       187.6  
  2340.25        2210.72         11.64        101.1           1.080         1.055         1.029         0.998       187.7  
  2340.50        2211.02         10.70        102.2           1.094         1.063         1.043         1.012       187.8  
  2340.75        2211.32         10.69         98.3           1.104         1.083         1.059         1.019       187.8  
  2341.00        2211.45         10.50         97.4           1.104         1.089         1.079         1.068       187.9  
  2341.25        2211.62         10.27        100.4           1.101         1.077         1.051         1.014       188.0  
  2341.50        2211.92          9.32         99.3           1.093         1.052         1.022         0.979       188.1  
  2341.75        2212.22          8.63        101.0           1.084         1.039         1.005         0.966       188.2  
  2342.00        2212.52          8.29         97.0           1.074         1.025         1.002         0.965       188.3  
  2342.25        2212.69          7.76        104.5           1.072         1.023         0.992         0.938       188.3  
  2342.50        2212.82          7.32        100.0           1.064         1.031         1.014         0.990       188.5  
  2342.75        2213.13          6.63         98.4           1.064         1.037         1.013         0.991       188.5  
  2343.00        2213.43          6.82         96.5           1.059         1.028         0.996         0.959       188.6  
  2343.25        2213.73          8.76         97.1           1.057         1.015         0.991         0.951       188.6  
  2343.50        2213.92         10.95         98.4           1.066         1.035         1.008         0.972       188.6  
  2343.75        2214.17         13.71        100.6           1.074         1.046         1.025         0.995       188.6  
  2344.00        2214.33         15.50         93.4           1.075         1.046         1.032         1.004       188.7  
  2344.25        2214.63         15.47         99.7           1.047         1.008         0.986         0.958       188.7  
  2344.50        2214.93         14.17         97.0           1.075         1.059         1.022         1.001       188.7  
  2344.75        2215.23         11.90         98.8           1.072         1.054         1.014         0.985       188.5  
  2345.00        2215.40         10.16         97.8           1.072         1.047         1.023         0.989       187.0  
  2345.25        2215.53          8.84        102.0           1.037         0.970         0.950         0.896       186.9  
  2345.50        2215.83         11.28         88.6           1.018         0.964         0.946         0.909       186.9  
  2345.75        2216.13         13.31         96.3           1.019         0.966         0.943         0.896       186.9  
  2346.00        2216.43         13.74         94.9           1.020         0.976         0.956         0.916       186.9  
  2346.25        2216.74         17.71         96.9           1.020         0.996         0.984         0.973       186.9  
  2346.50        2216.88         18.39        101.2           1.025         0.988         0.983         0.971       187.0  
  2346.75        2217.04         19.09        100.8           1.032         0.992         0.951         0.904       187.0  
  2347.00        2217.34         23.83         92.8           1.027         0.978         0.968         0.962       187.0  
  2347.25        2217.64         24.90        102.9           1.045         0.995         0.959         0.917       187.1  
  2347.50        2217.94         24.14         97.1           1.060         1.014         0.991         0.983       187.1  
  2347.75        2218.24         23.79        100.0           1.073         1.022         1.032         1.030       187.2  
  2348.00        2218.37         23.72         99.6           1.097         1.056         1.053         1.025       187.2  
  2348.25        2218.54         23.63        102.5           1.114         1.084         1.078         1.043       187.3  
  2348.50        2218.84         23.40         95.6           1.125         1.095         1.078         1.049       187.3  
  2348.75        2219.15         21.16        101.5           1.132         1.100         1.065         1.003       187.4  
  2349.00        2219.45         19.47        103.5           1.128         1.099         1.076         1.040       187.4  
  2349.25        2219.60         20.57        103.2           1.127         1.085         1.052         1.002       187.5  
  2349.50        2219.75         21.61         99.4           1.118         1.068         1.050         1.019       187.6  
  2349.75        2220.05         19.23        101.0           1.110         1.075         1.055         1.045       187.7  
  2350.00        2220.35         20.07        100.0           1.108         1.091         1.042         1.026       187.7  
  2350.25        2220.65         20.93        100.9           1.091         1.039         1.008         0.977       187.8  
  2350.50        2220.95         19.23        102.6           1.082         1.015         0.982         0.932       187.9  
  2350.75        2221.08         18.15        102.6           1.074         1.028         0.994         0.968       187.9  
  2351.00        2221.25         16.75        101.8           1.058         0.996         1.016         1.016       188.0  
  2351.25        2221.56         15.27        104.3           1.060         1.001         0.966         0.910       188.1  
  2351.50        2221.86         15.45        104.8           1.050         0.983         0.953         0.905       188.2  
  2351.75        2222.16         12.83        101.7           1.040         0.972         0.945         0.900       188.3  
  2352.00        2222.32         12.17        101.9           1.036         0.984         0.955         0.926       188.4  
  2352.25        2222.46         11.59        107.1           1.034         0.997         0.975         0.961       188.6  
  2352.50        2222.76         12.50        109.4           1.038         1.010         0.986         0.970       187.8  
  2352.75        2223.06         11.60        100.8           1.042         1.025         0.992         0.972       186.8  
  2353.00        2223.37         12.90        104.1           1.042         1.014         0.991         0.966       186.1  
  2353.25        2223.56         12.80        100.9           1.043         1.016         0.991         0.960       186.1  
  2353.50        2223.80         12.68        105.4           1.046         1.028         1.001         0.963       186.1  
  2353.75        2223.97         12.60        105.5           1.046         1.047         1.030         1.014       186.1  
  2354.00        2224.27         11.40        102.2           1.044         1.054         1.047         1.061       186.1  
  2354.25        2224.57         12.29        103.6           1.041         1.036         1.030         1.032       186.1  
  2354.50        2224.87         13.33        102.4           1.040         1.027         1.009         0.982       186.2  
  2354.75        2225.04         14.26        101.5           1.040         1.026         1.003         0.972       186.3  
  2355.00        2225.18         14.99         99.1           1.040         1.025         0.998         0.964       186.4  
  2355.25        2225.48         17.04        102.7           1.040         1.021         0.985         0.937       186.5  
  2355.50        2225.78         16.01        100.9           1.037         0.996         0.971         0.921       186.5  
  2355.75        2226.08         14.94        100.2           1.045         0.990         0.969         0.918       186.7  
  2356.00        2226.38         15.40        100.9           1.072         1.038         0.990         0.921       186.9  
  2356.25        2226.53         16.00         92.9           1.084         1.088         1.078         1.100       187.0  
  2356.50        2226.68         16.66         94.9           1.103         1.128         1.138         1.210       187.1  
  2356.75        2226.99         18.19         95.1           1.123         1.126         1.109         1.093       187.3  
  2357.00        2227.29         19.62         96.7           1.120         1.127         1.118         1.137       187.4  
  2357.25        2227.59         16.03         97.8           1.118         1.118         1.071         1.039       187.6  
  2357.50        2227.77         15.18         97.9           1.115         1.071         1.015         0.949       187.7  
  2357.75        2227.89         14.57         93.8           1.176         1.143         1.079         1.037       187.9  
  2358.00        2228.19         13.29         88.3           1.314         1.228         1.190         1.125       188.0  
  2358.25        2228.50         13.14         87.2           1.446         1.371         1.290         1.203       188.3  
  2358.50        2228.80         12.28         82.3           1.631         1.548         1.491         1.446       188.3  
  2358.75        2229.10         12.58         81.6           1.799         1.647         1.599         1.509       188.4  
  2359.00        2229.25         13.97         85.9           2.011         1.714         1.654         1.429       188.5  
  2359.25        2229.40         15.35         80.6           2.285         1.821         1.806         1.466       188.6  
  2359.50        2229.70         18.40         80.7           2.579         2.131         2.062         1.616       188.7  
  2359.75        2230.01         21.09         68.2           2.894         2.548         2.541         2.160       188.8  
  2360.00        2230.31         23.68         68.9           3.286         3.001         2.883         2.464       188.8  
  2360.25        2230.61         25.65         72.2           3.657         3.357         2.981         2.299       188.9  
  2360.50        2230.74         26.74         74.5           3.838         3.759         3.180         2.451       189.0  
  2360.75        2230.91         28.24         73.3           4.042         4.530         3.610         2.879       189.0  
  2361.00        2231.22         28.56         74.6           4.280         6.091         3.853         3.017       189.1  
  2361.25        2231.52         26.01         64.7           3.926         4.348         4.549         4.738       189.1  
  2361.50        2231.82         24.57         54.2           3.667         3.746         4.976         6.299       189.2  
  2361.75        2231.98         24.50         52.4           3.439         3.152         4.808         6.561       189.2  
  2362.00        2232.12         24.44         55.8           3.077         2.468         4.568        10.633       189.3  
  2362.25        2232.42         21.39         54.4           2.752         2.188         4.122         8.229       189.3  
  2362.50        2232.73         19.83         56.6           2.588         1.970         3.686         7.002       189.4  
  2362.75        2232.97         12.51         66.2           2.428         1.727         3.473         8.097       189.4  
  2363.00        2233.33          1.63         73.3           2.592         2.306         3.172         5.111       189.5  
  2363.25        2233.47          2.37         68.4           2.526         2.618         3.401         4.409       189.5  
  2363.50        2233.63          3.29         70.3           2.492         2.600         3.588         4.914       189.6  
  2363.75        2233.94          8.72         72.5           2.503         2.770         3.608         4.617       189.6  
  2364.00        2234.24         12.65         74.3           2.517         2.872         3.597         4.461       189.6  
  2364.25        2234.54         16.45         73.9           2.518         2.914         3.598         4.473       189.7  
  2364.50        2234.71         17.09         73.6           2.502         2.927         3.696         4.918       189.7  
  2364.75        2234.84         17.62         86.1           2.555         3.685         3.825         4.617       189.8  
  2365.00        2235.15         15.85         92.7           2.534         3.730         3.792         4.866       189.9  
  2365.25        2235.45         14.12         94.8           2.386         3.076         3.632         5.297       189.9  
  2365.50        2235.75         13.52         97.7           2.226         2.615         3.536         5.847       190.0  
  2365.75        2236.05         10.06        115.2           2.096         2.211         2.755         3.977       190.0  
  2366.00        2236.20          9.90        128.0           2.080         2.129         2.057         2.014       186.7  
  2366.25        2236.36          9.71        124.4           1.961         1.917         1.833         1.742       181.1  
  2366.50        2236.66         11.40        118.8           1.831         1.694         1.751         1.802       181.3  
  2366.75        2236.96         14.47        116.1           1.759         1.655         1.623         1.613       181.4  
  2367.00        2237.26         19.19        113.5           1.691         1.580         1.558         1.522       181.5  
  2367.25        2237.44         20.88        107.6           1.649         1.570         1.536         1.507       181.7  
  2367.50        2237.57         22.16        107.5           1.613         1.558         1.545         1.553       181.8  
  2367.75        2237.87         24.16         99.8           1.589         1.537         1.519         1.507       182.0  
  2368.00        2238.17         25.98         93.7           1.557         1.489         1.467         1.432       182.1  
  2368.25        2238.48         24.79         96.4           1.530         1.474         1.470         1.485       182.2  
  2368.50        2238.78         26.83         96.2           1.516         1.471         1.463         1.472       182.3  
  2368.75        2238.93         26.93         91.8           1.497         1.430         1.426         1.397       182.5  
  2369.00        2239.08         27.04         93.3           1.478         1.444         1.424         1.396       182.6  
  2369.25        2239.38         24.93         94.4           1.449         1.468         1.474         1.522       182.7  
  2369.50        2239.69         25.73         90.4           1.421         1.431         1.429         1.463       182.9  
  2369.75        2239.99         24.35         95.3           1.383         1.387         1.364         1.333       183.0  
  2370.00        2240.29         23.50         96.3           1.305         1.322         1.345         1.419       183.1  
  2370.25        2240.42         23.79         91.6           1.244         1.249         1.238         1.254       183.3  
  2370.50        2240.59         24.19         91.5           1.186         1.156         1.145         1.125       183.4  
  2370.75        2240.90         21.83         95.8           1.129         1.093         1.085         1.086       183.5  
  2371.00        2241.20         20.81         94.7           1.087         1.057         1.036         1.036       183.6  
  2371.25        2241.50         19.81         95.6           1.057         1.015         1.009         1.002       183.7  
  2371.50        2241.66         18.18         95.8           1.039         1.029         1.004         1.011       183.8  
  2371.75        2241.91         15.57         94.8           1.029         1.023         0.996         1.000       183.9  
  2372.00        2242.16         12.95         92.3           1.029         0.999         0.972         0.945       184.0  
  2372.25        2242.40         10.34         95.7           1.034         1.009         0.996         0.995       184.0  
  2372.50        2242.72          7.07         92.5           1.049         1.014         0.995         0.969       184.1  
  2372.75        2243.02         10.29         94.4           1.069         1.047         1.032         1.002       184.2  
  2373.00        2243.15         12.08         93.2           1.299         1.260         1.269         1.240       184.3  
  2373.25        2243.32         14.41         94.4           1.280         1.227         1.234         1.188       184.3  
  2373.50        2243.62         18.54         94.0           1.057         1.029         1.026         1.006       184.4  
  2373.75        2243.93         19.40         93.9           1.066         1.043         1.032         1.007       184.6  
  2374.00        2244.23         19.56         87.4           1.064         1.040         1.040         1.036       184.7  
  2374.25        2244.39         20.12         86.7           1.068         1.043         1.033         0.998       184.8  
  2374.50        2244.53         20.61         90.6           1.070         1.053         1.050         1.046       184.9  
  2374.75        2244.84         21.87         92.7           1.070         1.061         1.063         1.061       185.0  
  2375.00        2245.14         22.38         93.8           1.070         1.066         1.068         1.075       185.1  
  2375.25        2245.44         21.89         93.7           1.070         1.069         1.069         1.081       185.2  
  2375.50        2245.75         21.22         94.7           1.068         1.059         1.055         1.062       185.3  
  2375.75        2245.88         22.40         92.6           1.068         1.037         1.028         1.010       185.3  
  2376.00        2246.05         23.80         92.4           1.062         1.021         1.014         0.979       185.5  
  2376.25        2246.35         19.92         92.6           1.055         1.017         1.013         0.998       185.5  
  2376.50        2246.66         20.14         90.8           1.050         1.017         1.013         0.998       185.6  
  2376.75        2246.96         20.35         92.3           1.044         1.011         1.007         0.999       185.7  
  2377.00        2247.13         20.50         91.3           1.028         0.998         0.991         0.975       185.8  
  2377.25        2247.26         20.61         94.1           1.014         0.986         0.988         0.982       185.9  
  2377.50        2247.57         20.66         89.9           1.004         0.972         0.976         0.970       185.9  
  2377.75        2247.87         20.45         90.8         -999.25       -999.25       -999.25       -999.25       186.0  
  2378.00        2248.17         21.24      -999.25         -999.25       -999.25       -999.25       -999.25       186.1  
  2378.25        2248.48         20.55      -999.25         -999.25       -999.25       -999.25       -999.25       186.2  
  2378.50        2248.62         20.60      -999.25         -999.25       -999.25       -999.25       -999.25       186.2  
  2378.75        2248.78         20.66      -999.25         -999.25       -999.25       -999.25       -999.25       186.3  
  2379.00        2249.08         21.04      -999.25         -999.25       -999.25       -999.25       -999.25       186.4  
  2379.25        2249.39         20.02      -999.25         -999.25       -999.25       -999.25       -999.25       186.4  
  2379.50        2249.69         19.70      -999.25         -999.25       -999.25       -999.25       -999.25       186.5  
  2379.75        2249.87         19.37      -999.25         -999.25       -999.25       -999.25       -999.25       186.6  
  2380.00        2249.99         19.13      -999.25         -999.25       -999.25       -999.25       -999.25       186.7  
  2380.25        2250.30         18.14      -999.25         -999.25       -999.25       -999.25       -999.25       186.8  
  2380.50        2250.60         15.45      -999.25         -999.25       -999.25       -999.25       -999.25       186.9  
  2380.75        2250.90         12.74      -999.25         -999.25       -999.25       -999.25       -999.25       186.9  
  2381.00        2251.11         10.58      -999.25         -999.25       -999.25       -999.25       -999.25       176.4  
  2381.25        2251.36          7.96      -999.25         -999.25       -999.25       -999.25       -999.25       164.5  
  2381.50        2251.61          5.35      -999.25         -999.25       -999.25       -999.25       -999.25       164.6  
  2381.75        2251.86          2.74      -999.25         -999.25       -999.25       -999.25       -999.25       164.8  
  2382.00        2252.12          0.00      -999.25         -999.25       -999.25       -999.25       -999.25       164.9  
  2382.25        2252.42          1.03      -999.25         -999.25       -999.25       -999.25       -999.25       165.1  
  2382.50        2252.72          5.49      -999.25         -999.25       -999.25       -999.25       -999.25       165.3  
  2382.75        2252.85          7.92      -999.25         -999.25       -999.25       -999.25       -999.25       165.4  
  2383.00        2253.03         11.26      -999.25         -999.25       -999.25       -999.25       -999.25       165.5  
  2383.25        2253.33         17.46      -999.25         -999.25       -999.25       -999.25       -999.25       165.6  
  2383.50        2253.64         28.29      -999.25         -999.25       -999.25       -999.25       -999.25       165.7  
  2383.75        2253.94         29.21      -999.25         -999.25       -999.25       -999.25       -999.25       165.8  
  2384.00        2254.10         34.79      -999.25         -999.25       -999.25       -999.25       -999.25       165.9  
  2384.25        2254.24         39.89      -999.25         -999.25       -999.25       -999.25       -999.25       166.0  
  2384.50        2254.55         41.89      -999.25         -999.25       -999.25       -999.25       -999.25       166.1  
  2384.75        2254.85         42.24      -999.25         -999.25       -999.25       -999.25       -999.25       166.2  
  2385.00        2255.15         40.60      -999.25         -999.25       -999.25       -999.25       -999.25       166.3  
