DEPTH	ROP_A	VG                 GRAM	RACLM	RPCLM	RACHM	RPCHM
m	m/hr	API	ohm.m	ohm.m	ohm.m	ohm.m
840	16.66	27.6	0.684	1.175	0.894	2.385
840.25	17.79	27.2	0.686	1.209	0.926	2.524
840.5	18.65	29.1	0.685	1.254	0.943	2.988
840.75	19.37	30.9	0.691	1.276	0.956	2.959
841	20.27	30.2	0.695	1.288	0.957	2.946
841.25	21.55	32.2	0.693	1.335	0.953	3.286
841.5	21.11	29.8	0.694	1.368	0.964	3.486
841.75	20.15	29	0.692	1.42	0.975	4.032
842	20.02	27.9	0.693	1.464	0.988	4.416
842.25	19.88	25.7	0.694	1.466	0.995	4.417
842.5	19.92	25.3	0.691	1.465	0.972	4.385
842.75	20.1	26.5	0.689	1.406	0.962	3.951
843	20.87	25.8	0.69	1.393	0.929	4.062
843.25	20.78	27	0.685	1.366	0.903	3.676
843.5	20.71	26.1	0.68	1.369	0.862	4.094
843.75	20.56	24.9	0.678	1.337	0.823	3.684
844	21.51	29.3	0.681	1.285	0.803	3.44
844.25	26.47	32	0.683	1.278	0.811	2.907
844.5	34.94	34.7	0.689	1.227	0.837	2.24
844.75	40.84	41	0.678	1.048	0.794	2.047
845	46.99	42.5	0.677	1.068	0.807	1.95
845.25	54.21	47.3	0.666	0.892	0.626	1.21
845.5	54.49	40.9	0.659	0.86	0.584	1.088
845.75	55.24	41.5	0.628	0.733	0.365	0.736
846	55.51	36.6	0.614	0.704	0.325	0.809
846.25	55.02	34.7	0.608	0.723	0.288	0.902
846.5	54.31	34.8	0.629	0.769	0.308	1.13
846.75	56.5	38.1	0.625	0.811	0.358	1.188
847	52.86	44.2	0.637	0.861	0.554	1.108
847.25	49.82	47.2	0.628	0.85	0.479	0.988
847.5	48.78	46.4	0.592	0.725	0.241	0.703
847.75	47.79	39.2	0.598	0.763	0.215	0.748
848	44.31	33.2	0.591	0.732	0.222	0.734
848.25	44.92	22.1	0.588	0.716	0.225	0.769
848.5	45.96	21.4	0.588	0.719	0.199	0.723
848.75	44.25	22.5	0.589	0.699	0.197	0.619
849	39.96	21.6	0.596	0.683	0.252	0.51
849.25	34.34	24.2	0.604	0.678	0.25	0.495
849.5	35.71	23.7	0.61	0.675	0.272	0.509
849.75	36.2	23.4	0.615	0.673	0.271	0.529
850	39.21	23.6	0.625	0.676	0.268	0.487
850.25	40.29	24.4	0.628	0.679	0.259	0.477
850.5	41.23	27.5	0.642	0.694	0.25	0.46
850.75	40.42	31.3	0.66	0.72	0.272	0.439
851	41.87	37.8	0.675	0.741	0.264	0.427
851.25	40.53	32	0.686	0.763	0.295	0.458
851.5	41.06	31.8	0.702	0.783	0.326	0.492
851.75	39.06	32.9	0.722	0.814	0.409	0.633
852	36.66	33.2	0.763	0.871	0.432	0.758
852.25	35.99	32.4	0.797	0.91	0.462	0.837
852.5	41.47	32.7	0.804	0.896	0.471	0.797
852.75	41.86	31.6	0.824	0.866	0.604	0.804
853	43.24	33.9	0.819	0.85	0.581	0.742
853.25	44.33	32.4	0.817	0.853	0.591	0.726
853.5	47.41	32.3	0.825	0.858	0.681	0.78
853.75	35.14	32.5	0.811	0.817	0.692	0.734
854	23.8	30.4	0.798	0.812	0.648	0.719
854.25	12.45	32.3	0.789	0.818	0.63	0.69
854.5	11.71	33.6	0.779	0.814	0.618	0.671
854.75	10.9	36	0.767	0.78	0.628	0.657
855	10.52	36.3	0.758	0.758	0.591	0.603
855.25	10.17	32.9	0.785	0.759	0.614	0.622
855.5	9.49	33.2	0.864	0.823	0.71	0.708
855.75	9.06	32.2	0.991	0.982	0.882	0.833
856	8.75	34.6	1.127	1.132	1.227	1.068
856.25	8.59	66.6	1.203	1.228	1.29	1.192
856.5	8.55	97.4	1.253	1.268	1.322	1.224
856.75	8.94	100	8                   1.257	1.268	1.312	1.227
857	9.39	101	2                   1.220	1.227	1.267	1.197
857.25	9.66	97.6	1.151	1.124	1.154	1.107
857.5	9.93	93.7	1.089	0.96	1.02	0.892
857.75	11.1	85	1.054	0.904	0.959	0.822
858	12.38	67	1.048	0.952	1.002	0.902
858.25	11.92	68.5	1.067	1.006	1.054	0.969
858.5	11.98	74	1.089	1.05	1.095	1.028
858.75	11.78	80.8	1.11	1.053	1.105	1.023
859	11.5	80.6	1.136	1.024	1.082	0.952
859.25	11.12	74.6	1.175	1.065	1.115	0.969
859.5	11.29	68	1.214	1.165	1.215	1.119
859.75	11.53	78	1.243	1.215	1.271	1.181
860	11.52	85.4	1.256	1.207	1.279	1.134
860.25	11.51	96.3	1.244	1.213	1.271	1.154
860.5	11.44	101	7                   1.210	1.194	1.253	1.142
860.75	11.39	104	6                   1.149	1.14	1.186	1.112
861	11.47	104	1                   1.080	1.044	1.083	0.997
861.25	11	99	0.995	0.929	0.962	0.895
861.5	11.01	75	0.938	0.827	0.863	0.758
861.75	11.01	64.5	0.908	0.865	0.891	0.815
862	11.12	55.3	0.885	0.924	0.94	0.941
862.25	11.37	66.6	0.852	0.836	0.865	0.82
862.5	11.38	71.4	0.819	0.769	0.791	0.721
862.75	11.4	57.5	0.811	0.766	0.792	0.733
863	11.43	50.3	0.816	0.776	0.803	0.737
863.25	11.42	50.7	0.824	0.811	0.834	0.785
863.5	11.39	53.4	0.828	0.831	0.855	0.807
863.75	11.72	53.7	0.83	0.838	0.866	0.806
864	10.92	59.3	0.823	0.851	0.872	0.844
864.25	10.87	62.7	0.795	0.813	0.832	0.815
864.5	10.83	54.7	0.752	0.701	0.737	0.679
864.75	11.22	50.5	0.74	0.661	0.692	0.617
865	11.31	42.6	0.767	0.721	0.734	0.698
865.25	11.87	43.3	0.819	0.789	0.796	0.772
865.5	12.44	37.3	0.888	0.844	0.873	0.785
865.75	12.87	52.1	0.978	0.967	0.999	0.922
866	13.76	59.8	1.115	1.131	1.163	1.093
866.25	13.91	76.7	1.195	1.169	1.232	1.099
866.5	13.85	84.8	1.225	1.208	1.259	1.156
866.75	13.49	94.9	1.231	1.183	1.239	1.145
867	13.6	94.6	1.219	1.118	1.198	1.034
867.25	13.72	95.4	0.985	0.893	0.934	0.836
867.5	14.47	98.3	0.903	0.858	0.876	0.83
867.75	13.88	100	4                   0.913	0.906	0.924	0.899
868	12.58	102	0                   0.916	0.903	0.926	0.893
868.25	11.82	65.8	0.918	0.879	0.904	0.846
868.5	11.29	76.7	0.925	0.866	0.897	0.814
868.75	14.94	79.6	0.928	0.866	0.898	0.795
869	25.35	84.3	0.93	0.893	0.929	0.833
869.25	17.22	91.8	0.942	0.991	0.976	0.953
869.5	16.47	94.2	0.95	1.026	1.042	1.067
869.75	15.94	98.1	0.945	1.021	1.044	1.052
870	15.44	97	0.941	1.017	1.047	1.039
870.25	17.29	88.6	0.939	1.015	1.047	1.049
870.5	19.76	76	0.938	1.014	1.046	1.056
870.75	26.4	67.5	0.93	1.003	1.047	1.052
871	33.46	66.8	0.924	0.995	1.048	1.049
871.25	39.67	66.6	0.92	0.99	1.048	1.047
871.5	47.84	66.7	0.9	0.933	0.999	1.01
871.75	64.48	66.7	0.886	0.878	0.944	0.917
872	115.1	7                  60.6	0.869	0.812	0.879	0.806
872.25	174.6	8                  51.5	0.853	0.777	0.84	0.749
872.5	201.8	7                  53.8	0.846	0.767	0.822	0.734
872.75	225.7	1                  55.8	0.836	0.752	0.794	0.711
873	228.1	8                  54.4	0.828	0.74	0.773	0.694
873.25	239.9	8                  57.9	0.826	0.736	0.769	0.688
873.5	139.9	3                  64.5	0.824	0.732	0.764	0.681
873.75	206.2	2                  62.9	0.825	0.732	0.769	0.685
874	183.3	4                  60.7	0.826	0.732	0.777	0.692
874.25	155.8	4                  57.9	0.828	0.732	0.783	0.697
874.5	179.4	1                  59.1	0.821	0.726	0.772	0.684
874.75	204.7	2                  61.1	0.815	0.72	0.761	0.673
875	226.7	5                  62.0	0.811	0.716	0.754	0.665
875.25	220.1	1                  63.9	0.809	0.72	0.755	0.669
875.5	214.7	9                  65.7	0.808	0.722	0.756	0.672
875.75	233.5	4                  66.6	0.806	0.725	0.757	0.674
876	244.6	2                  67.7	0.809	0.73	0.76	0.677
876.25	264.4	2                  68.6	0.811	0.735	0.762	0.679
876.5	231.9	6                  68.4	0.813	0.74	0.764	0.681
876.75	240.4	8                  68.2	0.815	0.743	0.766	0.682
877	249.8	6                  68.0	0.845	0.831	0.846	0.804
877.25	265.9	7                  67.6	0.871	0.878	0.888	0.882
877.5	272.9	8                  73.9	0.877	0.865	0.889	0.87
877.75	294.9	9                  91.8	0.879	0.859	0.889	0.864
878	315.9	3                  104.	3                   0.882	0.854	0.882	0.821
878.25	331.2	5                  108.	9                   0.884	0.85	0.877	0.789
878.5	429.2	9                  107.	2                   0.892	0.842	0.871	0.777
878.75	229.5	8                  105.	1                   0.902	0.847	0.864	0.767
879	135.3	0                  103.	0                   0.894	0.905	0.875	0.804
879.25	195.8	7                  109.	0                   0.745	0.73	0.619	0.6
879.5	215.3	6                  108.	4                   0.697	0.682	0.547	0.54
879.75	234.9	5                  59.9	0.716	0.716	0.589	0.595
880	233.5	4                  29.5	0.758	0.767	0.639	0.668
880.25	236.8	9                  41.2	0.799	0.8	0.691	0.691
880.5	135.1	4                  34.7	0.842	0.845	0.758	0.759
880.75	86.93	45.5	0.901	0.944	0.919	0.925
881	71.39	36.9	0.896	0.933	0.932	0.907
881.25	49.92	25.9	0.735	0.707	0.724	0.682
881.5	39.01	22.8	0.669	0.63	0.647	0.6
881.75	31.73	24.3	0.668	0.632	0.649	0.6
882	28.17	40.6	0.67	0.637	0.652	0.599
882.25	28.14	48.3	0.687	0.67	0.675	0.634
882.5	28.11	53.8	0.701	0.704	0.713	0.692
882.75	24.1	48.4	0.708	0.727	0.734	0.737
883	19.11	43.2	0.707	0.71	0.713	0.684
883.25	19.98	40.2	0.694	0.678	0.694	0.647
883.5	20.71	42.6	0.678	0.681	0.676	0.632
883.75	22.44	43	0.659	0.658	0.645	0.627
884	24.63	45.5	0.662	0.642	0.627	0.53
884.25	26.08	53.8	0.652	0.682	0.642	0.612
884.5	30.18	56.8	0.658	0.488	0.602	0.521
884.75	34.52	47.1	0.664	0.664	0.623	0.544
885	34.52	59.3	0.676	0.659	0.61	0.555
885.25	34.52	58	0.723	0.717	0.679	0.608
885.5	35.91	41.1	0.77	0.755	0.714	0.632
885.75	41.77	54.5	0.797	0.812	0.74	0.74
886	44.04	85.7	0.808	0.867	0.766	0.883
886.25	39.44	40.2	0.797	0.807	0.705	0.71
886.5	37.95	30	0.782	0.785	0.713	0.73
886.75	36.23	29.5	0.759	0.77	0.704	0.714
887	38.26	28.7	0.752	0.752	0.714	0.711
887.25	32.91	27.3	0.746	0.73	0.713	0.697
887.5	28.85	27.9	0.746	0.714	0.696	0.663
887.75	27.86	26.5	0.753	0.718	0.722	0.68
888	27.09	22.6	0.764	0.738	0.727	0.72
888.25	23.87	20.1	0.79	0.781	0.758	0.759
888.5	21.53	22.8	0.827	0.9	0.903	0.906
888.75	19.62	36.3	0.821	0.845	0.86	0.86
889	19.16	48.5	0.793	0.747	0.765	0.702
889.25	20.32	36.3	0.782	0.722	0.748	0.682
889.5	21.55	38.4	0.792	0.763	0.779	0.73
889.75	23.66	43.2	0.799	0.828	0.802	0.815
890	25.29	41.1	0.796	0.822	0.738	0.736
890.25	25.38	30.7	0.794	0.803	0.709	0.704
890.5	24.85	28	0.791	0.788	0.691	0.667
890.75	24.47	29.7	0.796	0.797	0.697	0.687
891	23.67	30.4	0.823	0.803	0.793	0.751
891.25	23.07	29.1	0.845	0.84	0.83	0.821
891.5	23.19	28.5	0.843	0.863	0.764	0.816
891.75	22.54	31.2	0.855	0.852	0.843	0.82
892	22.31	24.6	0.856	0.848	0.837	0.811
892.25	22.08	26.1	0.849	0.844	0.828	0.802
892.5	22.01	26.7	0.827	0.839	0.808	0.826
892.75	18.45	25	0.784	0.801	0.73	0.821
893	10.53	25.7	0.763	0.765	0.707	0.776
893.25	9.47	23.1	0.745	0.738	0.684	0.761
893.5	9.6	22.5	0.745	0.726	0.681	0.742
893.75	9.77	22.5	0.773	0.749	0.757	0.742
894	10.61	26.4	0.8	0.764	0.8	0.72
894.25	10.65	58.6	0.784	0.786	0.707	0.808
894.5	10.26	58.1	0.759	0.867	0.707	1.08
894.75	9.82	35.3	0.737	0.78	0.595	0.775
895	9.44	22.5	0.746	0.771	0.666	0.743
895.25	9.52	21.4	0.763	0.824	0.672	0.96
895.5	9.73	21.7	0.767	0.756	0.684	0.725
895.75	9.53	25.1	0.769	0.748	0.7	0.703
896	9.59	29.8	0.773	0.77	0.723	0.752
896.25	9.13	30.4	0.779	0.777	0.786	0.76
896.5	8.56	30.1	0.778	0.778	0.764	0.738
896.75	26.3	29.9	0.778	0.766	0.75	0.74
897	10.72	43.4	0.776	0.772	0.752	0.748
897.25	19.13	48.5	0.789	0.772	0.754	0.735
897.5	27.69	52.5	0.812	0.84	0.757	0.896
897.75	34.59	59.7	0.832	0.88	0.774	0.974
898	38.24	50.5	0.843	0.877	0.732	0.936
898.25	52.89	36.7	0.844	0.881	0.757	0.909
898.5	58.02	71.5	0.851	0.871	0.741	0.896
898.75	52.95	58.1	0.872	0.854	0.788	0.801
899	46.5	57.2	0.882	0.843	0.804	0.765
899.25	39.38	50.2	0.894	0.846	0.794	0.745
899.5	29.22	45.8	0.916	0.837	0.834	0.752
899.75	66.87	42	0.929	0.851	0.808	0.75
900	31.94	36.7	0.901	0.844	0.801	0.747
900.25	36.69	29.4	0.958	0.901	0.877	0.806
900.5	40.18	28.6	0.947	0.883	0.811	0.753
900.75	36.63	26.3	0.974	0.959	0.919	0.97
901	100.1	4                  28.7	0.994	1.03	0.911	0.969
901.25	53.67	27	1.012	1.071	0.998	1.105
901.5	61.73	25.9	1.025	1.091	0.999	1.102
901.75	75.5	28.3	1.036	1.108	1	1.099
902	89.41	26.2	1.066	1.122	1.002	1.104
902.25	50.53	25.7	1.045	1.111	0.994	1.098
902.5	47.04	25.1	1.059	1.117	1.003	1.099
902.75	39.33	23.9	1.042	1.111	1.008	1.102
903	135.8	5                  23.5	1.079	1.135	1.014	1.122
903.25	120.6	3                  27.6	1.128	1.176	1.054	1.178
903.5	99.5	29.2	1.133	1.167	1.069	1.151
903.75	143.1	6                  26.4	1.134	1.165	1.064	1.147
904	177.7	2                  27.3	1.134	1.164	1.056	1.14
904.25	107.4	0                  26.6	1.133	1.143	1.067	1.124
904.5	107.3	1                  25.4	1.132	1.146	1.042	1.118
904.75	107.2	3                  23.8	1.133	1.149	1.034	1.118
905	37.82	27.4	1.13	1.149	1.024	1.119
905.25	134.7	9                  24.9	1.133	1.14	1.061	1.122
905.5	164.1	9                  24.8	1.13	1.143	1.035	1.119
905.75	70.32	28.5	1.133	1.137	1.032	1.105
906	112.5	6                  27.1	1.12	1.091	0.995	1.045
906.25	166.1	2                  27.7	1.122	1.095	1.021	1.065
906.5	122.1	0                  27.1	1.123	1.101	1.007	1.047
906.75	89.32	28	1.119	1.09	0.958	1.024
907	122.9	1                  28.3	1.11	1.096	0.962	1.049
907.25	161.6	1                  28.2	1.11	1.113	0.975	1.053
907.5	194.3	1                  28.0	1.107	1.145	1.013	1.133
907.75	82.39	29.8	1.085	1.146	0.989	1.152
908	73.06	25.3	0.986	1.012	0.882	1.02
908.25	71.21	27	0.904	0.905	0.82	0.91
908.5	77.09	24.8	0.881	0.89	0.757	0.896
908.75	77.47	24.9	0.868	0.898	0.713	0.892
909	77.9	23.7	0.861	0.885	0.71	0.889
909.25	54.99	23.2	0.861	0.877	0.708	0.872
909.5	3.72	22.2	0.845	0.861	0.617	0.861
909.75	5.66	21.3	0.854	0.878	0.709	0.877
910	9.35	24.1	0.874	0.918	0.725	0.953
910.25	12.19	22.3	0.949	0.987	0.944	1.017
910.5	22.78	23.4	0.936	0.949	0.926	0.934
910.75	40.01	24.7	0.918	0.94	0.885	0.938
911	32.24	26.2	0.903	0.883	0.899	0.861
911.25	40.27	27	0.895	0.875	0.864	0.821
911.5	42.18	25	0.89	0.863	0.862	0.813
911.75	44.19	28	0.886	0.86	0.868	0.823
912	25.25	29.3	0.881	0.863	0.838	0.8
912.25	15.17	29.9	0.882	0.862	0.825	0.813
912.5	10.04	26.6	0.912	0.927	0.905	0.899
912.75	12.91	27.3	0.857	0.852	0.833	0.79
913	14.93	26.6	0.79	0.781	0.703	0.69
913.25	22.65	40.1	0.771	0.77	0.666	0.675
913.5	34.08	37.2	0.765	0.771	0.656	0.671
913.75	43.42	28.4	0.764	0.77	0.652	0.658
914	27.56	25.9	0.763	0.772	0.664	0.659
914.25	24.52	27.1	0.765	0.782	0.67	0.664
914.5	21.56	31.1	0.76	0.786	0.657	0.661
914.75	17.22	31.5	0.753	0.769	0.626	0.622
915	12.52	31	0.753	0.747	0.607	0.592
915.25	8.28	31.7	0.76	0.755	0.58	0.588
915.5	1.92	34.6	0.784	0.829	0.581	0.677
915.75	3.43	35	0.813	0.931	0.645	0.817
916	5.44	30.8	0.821	0.941	0.666	0.854
916.25	6.99	29.8	0.804	0.868	0.623	0.799
916.5	9.56	27.2	0.776	0.789	0.547	0.671
916.75	8.57	24.9	0.763	0.799	0.553	0.736
917	7.06	27.8	0.755	0.78	0.5	0.699
917.25	5.73	26.4	0.759	0.795	0.516	0.739
917.5	6.22	25.6	0.772	0.846	0.59	0.924
917.75	8.32	26	0.763	0.91	0.549	1.231
918	9.98	22.9	0.759	0.941	0.519	1.437
918.25	9.5	23	0.765	0.958	0.536	1.507
918.5	8.99	22.9	0.774	0.952	0.54	1.455
918.75	8.38	22.5	0.777	0.949	0.582	1.326
919	9.81	22.3	0.786	0.934	0.55	1.328
919.25	8.08	22.2	0.797	0.897	0.568	1.035
919.5	6.81	23.2	0.792	0.913	0.542	1.043
919.75	6.77	23.5	0.783	0.926	0.457	1.107
920	6.73	24.3	0.757	0.915	0.461	1.073
920.25	6.62	23.1	0.728	0.782	0.378	0.709
920.5	8.18	24.7	0.724	0.753	0.422	0.697
920.75	9.64	26.9	0.715	0.834	0.311	0.876
921	11.24	26	0.776	0.919	0.488	1.074
921.25	10.97	25.9	0.765	0.866	0.472	0.962
921.5	10.67	25.1	0.744	0.913	0.377	1.222
921.75	10.44	24.2	0.751	0.93	0.392	1.439
922	9.13	24	0.769	0.957	0.566	1.623
922.25	9.27	24.1	0.766	0.964	0.554	1.627
922.5	8.76	22.2	0.762	0.974	0.531	1.692
922.75	8.38	24.7	0.751	0.99	0.529	1.926
923	0.05	21.5	0.739	0.955	0.506	1.876
923.25	8.82	20.7	0.733	0.896	0.515	1.321
923.5	14	22.3	0.726	0.892	0.518	1.34
923.75	29.3	22.1	0.724	0.884	0.512	1.334
924	39.69	21.3	0.714	0.832	0.455	1.017
924.25	50.24	23.4	0.719	0.827	0.463	0.999
924.5	46.32	22.6	0.725	0.825	0.535	0.974
924.75	28.89	21.8	0.724	0.807	0.517	0.906
925	39.17	21.6	0.725	0.788	0.493	0.843
925.25	29.31	24.5	0.731	0.788	0.487	0.861
925.5	26.36	27.4	0.742	0.77	0.525	0.673
925.75	22.26	23.8	0.758	0.822	0.534	0.743
926	24.17	24.5	0.763	0.837	0.606	0.844
926.25	24.81	21.8	0.765	0.837	0.62	0.848
926.5	33.84	24	0.767	0.819	0.617	0.779
926.75	37.15	24.2	0.767	0.795	0.615	0.704
927	40.22	22.6	0.757	0.797	0.598	0.754
927.25	37.95	23.9	0.73	0.801	0.445	0.693
927.5	29.33	23.4	0.741	0.793	0.473	0.698
927.75	26.74	24.2	0.726	0.816	0.439	0.762
928	25.39	22.8	0.727	0.801	0.429	0.726
928.25	24.21	23.6	0.722	0.805	0.425	0.758
928.5	22.72	24.5	0.729	0.807	0.475	0.769
928.75	23.61	22.2	0.729	0.799	0.452	0.742
929	25.17	22.6	0.717	0.789	0.417	0.702
929.25	23.05	22.6	0.697	0.802	0.419	0.716
929.5	21.11	23.1	0.69	0.791	0.358	0.716
929.75	19.47	24	0.667	0.776	0.32	0.734
930	19.08	22.9	0.676	0.763	0.348	0.702
930.25	20.06	22.2	0.674	0.757	0.328	0.735
930.5	19.51	24.9	0.649	0.733	0.276	0.663
930.75	20.57	23.3	0.656	0.719	0.313	0.603
931	20.46	24	0.638	0.728	0.311	0.681
931.25	20.33	22.5	0.645	0.73	0.277	0.708
931.5	21.9	22.1	0.649	0.726	0.236	0.73
931.75	12.96	26.2	0.644	0.73	0.231	0.72
932	15.86	21.7	0.639	0.735	0.225	0.71
932.25	23.86	23	0.637	0.737	0.216	0.71
932.5	30.08	24.7	0.634	0.74	0.2	0.709
932.75	36.34	26.8	0.63	0.743	0.184	0.709
933	40.01	25.7	0.628	0.745	0.172	0.708
933.25	124	3                  24.1	0.623	0.748	0.166	0.631
933.5	204.9	8                  22.2	0.618	0.751	0.16	0.55
933.75	253.9	8                  23.3	0.623	0.753	0.142	0.56
934	306.1	7                  24.7	0.633	0.757	0.113	0.576
934.25	301.9	7                  26.2	0.636	0.774	0.135	0.591
934.5	300.3	0                  27.0	0.641	0.778	0.173	0.667
934.75	307.1	5                  27.8	0.648	0.782	0.219	0.759
935	306.7	3                  28.2	0.659	0.779	0.249	0.749
935.25	306.4	2                  29.8	0.671	0.776	0.278	0.739
935.5	292.1	1                  30.8	0.678	0.775	0.294	0.734
935.75	154.9	9                  31.2	0.672	0.774	0.332	0.727
936	124.3	1                  31.5	0.669	0.774	0.358	0.722
936.25	175.2	2                  30.6	0.666	0.774	0.377	0.719
936.5	188.9	5                  29.5	0.66	0.778	0.376	0.709
936.75	202.3	3                  28.4	0.656	0.781	0.375	0.701
937	238.3	3                  27.8	0.652	0.784	0.374	0.694
937.25	234.4	5                  29.7	0.656	0.776	0.372	0.701
937.5	240.7	9                  31.4	0.661	0.768	0.371	0.707
937.75	268.3	7                  32.5	0.665	0.76	0.369	0.713
938	271.1	6                  34.2	0.67	0.75	0.318	0.646
938.25	274.8	9                  35.9	0.675	0.74	0.268	0.58
938.5	281.3	3                  37.3	0.68	0.73	0.22	0.518
938.75	299.8	1                  41.5	0.683	0.769	0.228	0.518
939	296.5	4                  46.6	0.685	0.806	0.237	0.518
939.25	289.9	8                  43.8	0.686	0.825	0.241	0.517
939.5	284.1	4                  38.3	0.695	0.806	0.281	0.533
939.75	260.6	3                  30.4	0.685	0.791	0.26	0.517
940	271.5	8                  28.6	0.692	0.775	0.31	0.591
940.25	267.2	7                  23.8	0.688	0.777	0.318	0.584
940.5	255.3	7                  26.0	0.684	0.779	0.326	0.578
940.75	249.5	6                  27.4	0.662	0.729	0.299	0.473
941	242.4	6                  29.2	0.619	0.687	0.319	0.538
941.25	243.4	8                  30.4	0.615	0.684	0.302	0.607
941.5	155.3	9                  27.3	0.628	0.731	0.285	0.723
941.75	109.6	0                  23.8	0.655	0.819	0.378	1.202
942	97.14	25.4	0.668	0.769	0.43	0.912
942.25	86.99	22.8	0.666	0.769	0.402	0.873
942.5	117.1	5                  22.1	0.679	0.74	0.394	0.699
942.75	72.25	22.3	0.693	0.754	0.361	0.681
943	59.27	22.3	0.697	0.792	0.434	0.831
943.25	48.98	21.5	0.701	0.81	0.44	0.874
943.5	44.67	26.1	0.683	0.789	0.368	0.948
943.75	39.87	22.9	0.67	0.805	0.36	1.166
944	26.59	23.8	0.66	0.823	0.378	1.244
944.25	20.98	22	0.651	0.809	0.344	1.25
944.5	17.64	20.5	0.641	0.781	0.281	1.227
944.75	16.51	20.7	0.636	0.773	0.267	1.17
945	15.66	21.7	0.632	0.767	0.242	1.354
945.25	14.43	21.9	0.628	0.788	0.307	1.535
945.5	16.43	24.6	0.605	0.79	0.291	2.349
945.75	21.07	20.9	0.641	0.796	0.374	4.546
946	28.47	20.3	0.619	0.845	0.311	16.61
946.25	33.76	20.9	0.621	0.9	0.33	7.916
946.5	39.17	22.6	0.607	0.951	0.389	53.36
946.75	49.46	22.5	0.609	0.941	0.458	23.24
947	60.86	22.6	0.606	0.906	0.456	3.562
947.25	51.35	22.6	0.583	0.946	0.423	14.93
947.5	35.61	23	0.587	0.872	0.44	3.746
947.75	29.17	20.8	0.572	0.915	0.407	15.82
948	20.13	20.7	0.578	0.867	0.436	9.066
948.25	12.96	22.5	0.555	0.879	0.402	21127
948.5	12.14	22.3	0.577	0.835	0.359	5.304
948.75	17.28	21.7	0.601	0.873	0.403	4.187
949	21.51	21.1	0.614	0.981	0.496	7.575
949.25	25.47	22.5	0.633	1.12	0.622	6.272
949.5	39.29	23.9	0.621	1.067	0.622	6.182
949.75	35.56	23.9	0.628	0.99	0.59	4.233
950	31.74	23.3	0.639	0.949	0.565	3.234
950.25	28.76	21.8	0.718	0.898	0.703	1.545
950.5	27.16	23.3	0.745	0.755	0.612	0.707
950.75	25.11	44.2	0.698	0.828	0.502	3.901
951	20.34	64.4	0.68	0.743	0.597	0.878
951.25	17.96	41.3	0.704	0.735	0.659	0.779
951.5	16.15	29.1	0.682	0.718	0.584	0.787
951.75	15.28	37.4	0.665	0.73	0.567	0.9
952	14.54	31.9	0.67	0.717	0.587	0.837
952.25	11.49	23.5	0.668	0.714	0.543	0.816
952.5	9.6	22.6	0.671	0.723	0.534	0.853
952.75	10.4	22.9	0.677	0.733	0.565	0.865
953	11.82	23.3	0.688	0.728	0.562	0.835
953.25	12.9	23.8	0.693	0.725	0.559	0.804
953.5	14.15	26.1	0.71	0.716	0.585	0.748
953.75	19.37	24.7	0.731	0.719	0.631	0.698
954	23.09	28.5	0.738	0.738	0.644	0.722
954.25	26.63	31.9	0.763	0.77	0.633	0.779
954.5	30.36	36.9	0.817	0.81	0.77	0.763
954.75	33.28	37.2	0.886	0.89	0.88	0.84
955	42.76	38.9	0.972	0.978	0.995	0.939
955.25	62.47	59.5	1.042	1.027	1.049	0.977
955.5	52.85	89.9	1.082	0.981	1.05	0.904
955.75	57.5	97.8	1.08	0.982	1.04	0.922
956	57.6	91	1.089	0.976	1.057	0.902
956.25	57.7	91.2	1.092	0.994	1.061	0.935
956.5	53.12	94.1	1.104	1.027	1.081	0.977
956.75	43.94	89.1	1.115	1.041	1.095	0.993
957	34.68	90.2	1.131	1.047	1.102	0.987
957.25	30.76	87.3	1.155	1.066	1.119	0.995
957.5	27.98	84.3	1.174	1.095	1.137	1.038
957.75	27.79	86.1	1.195	1.115	1.168	1.048
958	24.38	89.9	1.213	1.136	1.186	1.083
958.25	24.58	91.5	1.236	1.133	1.194	1.056
958.5	23.89	92.1	1.257	1.161	1.237	1.068
958.75	24.21	88.1	1.257	1.225	1.266	1.199
959	24.52	79.8	1.263	1.237	1.278	1.22
959.25	25.78	70.9	1.263	1.221	1.267	1.187
959.5	26.2	71	1.258	1.199	1.256	1.151
959.75	25.94	69.2	1.251	1.18	1.245	1.123
960	25.62	85	1.246	1.176	1.24	1.126
960.25	25.73	84.7	1.244	1.172	1.236	1.128
960.5	25.87	91.2	1.242	1.169	1.24	1.124
960.75	25.81	90.9	1.237	1.144	1.225	1.081
961	26.64	86.2	1.227	1.131	1.215	1.055
961.25	26.32	86.5	1.222	1.129	1.206	1.059
961.5	32.3	88.1	1.215	1.129	1.194	1.08
961.75	37.65	85.7	1.193	1.115	1.17	1.084
962	48.55	88.7	1.187	1.103	1.171	1.085
962.25	65.76	87.4	1.187	1.101	1.15	1.014
962.5	66.3	88.4	1.172	1.058	1.144	0.999
962.75	70.23	85.1	1.165	1.053	1.129	0.99
963	72.44	86.9	1.163	1.051	1.116	0.993
963.25	75.16	86.6	1.164	1.048	1.12	0.989
963.5	71.88	85.5	1.163	1.047	1.121	0.982
963.75	68.21	86.1	1.162	1.063	1.133	1.004
964	70.66	90.1	1.163	1.08	1.14	1.031
964.25	69.88	90.8	1.165	1.08	1.144	1.024
964.5	69.24	89.1	1.167	1.083	1.151	1.022
964.75	68.53	92.3	1.166	1.091	1.152	1.037
965	71.87	92.8	1.166	1.093	1.154	1.04
965.25	61.09	87.7	1.166	1.094	1.151	1.044
965.5	48.67	84.2	1.164	1.1	1.151	1.061
965.75	46.41	84.3	1.162	1.1	1.146	1.057
966	43.87	83.1	1.159	1.1	1.135	1.052
966.25	37.31	78.8	1.158	1.099	1.148	1.048
966.5	42.78	81.4	1.156	1.101	1.147	1.046
966.75	48.73	82.1	1.157	1.1	1.147	1.046
967	51.8	82	1.157	1.098	1.144	1.062
967.25	54.09	83.8	1.148	1.108	1.138	1.08
967.5	50.93	88.5	1.145	1.108	1.141	1.067
967.75	38.77	89.6	1.13	1.063	1.108	1.059
968	32.37	87.9	1.129	1.055	1.098	0.994
968.25	29.96	89.5	1.111	1.003	1.078	0.91
968.5	35.92	92.7	1.11	1	1.064	0.903
968.75	42.05	91	1.091	0.99	1.058	0.915
969	51.27	92.1	1.087	0.998	1.063	0.915
969.25	40.88	89	1.084	1.002	1.057	0.926
969.5	44.85	91.7	1.021	1.031	1.063	1.026
969.75	47.26	101	0                   0.931	0.935	0.969	0.97
970	51.46	103	7                   0.866	0.752	0.812	0.698
970.25	57.39	104	8                   0.850	0.742	0.782	0.684
970.5	55.41	79.6	0.895	0.868	0.892	0.842
970.75	58.84	78.7	0.936	0.877	0.921	0.816
971	36.5	88.1	0.953	0.897	0.931	0.844
971.25	29.08	91.3	0.972	0.893	0.947	0.829
971.5	22.11	89.9	0.976	0.918	0.975	0.871
971.75	20.02	92.1	0.976	0.908	0.972	0.856
972	17.73	90.5	0.971	0.902	0.961	0.85
972.25	15.38	91.1	0.964	0.894	0.953	0.843
972.5	16.71	90.4	0.95	0.887	0.938	0.836
972.75	16.79	88.4	0.929	0.856	0.898	0.794
973	16.9	86.2	0.923	0.854	0.892	0.794
973.25	15.9	90	0.919	0.861	0.897	0.788
973.5	15.42	93.9	0.915	0.872	0.925	0.8
973.75	15.24	92.9	0.881	0.896	0.882	0.881
974	14.64	103	0                   0.799	0.755	0.763	0.702
974.25	14.13	89.4	0.763	0.72	0.687	0.614
974.5	11.81	85.6	0.729	0.714	0.704	0.638
974.75	16.09	78.5	0.716	0.706	0.689	0.634
975	18.78	69	0.7	0.694	0.679	0.633
975.25	25.08	62.7	0.701	0.668	0.671	0.582
975.5	25.04	69.2	0.704	0.67	0.653	0.57
975.75	24.99	77.7	0.702	0.668	0.668	0.593
976	24.18	85.1	0.708	0.702	0.694	0.657
976.25	24.1	86.9	0.704	0.703	0.676	0.636
976.5	24.41	90.6	0.71	0.696	0.668	0.599
976.75	25.8	80.9	0.734	0.693	0.685	0.612
977	26.89	87.2	0.818	0.807	0.816	0.764
977.25	34.24	83	0.849	0.846	0.867	0.806
977.5	43.4	89.1	0.82	0.833	0.862	0.817
977.75	53.39	93.8	0.764	0.741	0.767	0.706
978	57.6	83	0.709	0.657	0.694	0.626
978.25	55.28	70.5	0.68	0.633	0.654	0.603
978.5	52.77	49.5	0.646	0.62	0.64	0.602
978.75	45.82	38.7	0.632	0.624	0.623	0.63
979	37.8	38.5	0.641	0.626	0.632	0.611
979.25	32.16	29.7	0.754	0.739	0.741	0.71
979.5	31.13	26.4	0.638	0.642	0.59	0.579
979.75	30.4	39.8	0.639	0.644	0.56	0.524
980	31.49	55.2	0.641	0.641	0.555	0.518
980.25	29.44	52	0.648	0.634	0.54	0.503
980.5	31.51	51.4	0.645	0.633	0.566	0.541
980.75	22.97	51.5	0.642	0.633	0.598	0.589
981	18.77	51.7	0.626	0.64	0.573	0.536
981.25	14.64	50.8	0.635	0.647	0.564	0.519
981.5	16.12	50	0.639	0.636	0.534	0.488
981.75	66.07	52.5	0.656	0.632	0.568	0.446
982	103.1	6                  50.1	0.682	0.658	0.61	0.467
982.25	149.1	6                  52.6	0.744	0.725	0.696	0.588
982.5	143	4                  63.7	0.813	0.799	0.79	0.726
982.75	134.7	7                  69.1	0.852	0.936	0.904	0.914
983	103.2	2                  74.2	0.829	0.9	0.925	0.909
983.25	67	76.2	0.805	0.827	0.863	0.851
983.5	55.68	63	0.755	0.714	0.726	0.65
983.75	62.48	55	0.697	0.649	0.668	0.619
984	68.59	47.4	0.647	0.62	0.646	0.597
984.25	94.22	49.3	0.626	0.628	0.619	0.643
984.5	104.4	2                  49.9	0.631	0.616	0.625	0.619
984.75	100.8	6                  48.3	0.645	0.614	0.649	0.589
985	99.24	30.4	0.653	0.63	0.641	0.619
985.25	83.29	31.9	0.651	0.628	0.643	0.618
985.5	63.6	29.7	0.666	0.629	0.646	0.617
985.75	54.53	31.5	0.666	0.628	0.649	0.619
986	49.5	31.9	0.686	0.634	0.661	0.609
986.25	50.63	34.1	0.716	0.646	0.671	0.605
986.5	53.49	32.3	0.753	0.684	0.702	0.617
986.75	55.85	43.3	0.903	0.969	0.947	0.941
987	63.44	48.7	0.927	0.89	0.966	0.885
987.25	66.85	56.2	0.872	0.786	0.842	0.753
987.5	71.74	81.5	0.824	0.832	0.832	0.831
987.75	73.5	85	0.787	0.729	0.786	0.725
988	73.59	84.1	0.779	0.718	0.766	0.682
988.25	73.68	85.7	0.776	0.715	0.746	0.667
988.5	59.82	82.9	0.746	0.696	0.725	0.696
988.75	50.38	79.6	0.757	0.676	0.708	0.635
989	44.58	74.3	0.793	0.769	0.797	0.742
989.25	45.12	70.6	0.82	0.793	0.824	0.752
989.5	45.53	76.9	0.829	0.816	0.831	0.789
989.75	47.31	79.5	0.828	0.84	0.861	0.823
990	46.75	83.7	0.819	0.838	0.866	0.856
990.25	43.65	83.9	0.808	0.795	0.827	0.744
990.5	38.4	87	0.778	0.743	0.796	0.709
990.75	38.08	82.4	0.748	0.695	0.73	0.681
991	37.75	78.9	0.72	0.659	0.691	0.617
991.25	38.77	74.1	0.706	0.657	0.687	0.628
991.5	36.97	68.8	0.693	0.665	0.685	0.643
991.75	36.72	64.6	0.688	0.665	0.689	0.635
992	41.43	68.6	0.686	0.667	0.69	0.637
992.25	42.45	73.4	0.686	0.667	0.69	0.637
992.5	43.9	67.8	0.682	0.67	0.69	0.656
992.75	41.7	64.6	0.676	0.664	0.681	0.662
993	37.79	64.2	0.675	0.154	0.677	0.656
993.25	35.47	66.7	0.674	0.654	0.676	0.648
993.5	49.1	66	0.673	0.646	0.669	0.63
993.75	61.96	70	0.671	0.628	0.651	0.589
994	69.81	62.6	0.67	0.627	0.651	0.589
994.25	87.65	63.7	0.668	0.624	0.651	0.59
994.5	117.3	6                  65.8	0.667	0.625	0.653	0.595
994.75	126.1	2                  63.0	0.667	0.626	0.655	0.602
995	121.3	9                  60.0	0.668	0.634	0.658	0.614
995.25	115.2	6                  63.3	0.668	0.64	0.661	0.625
995.5	133.4	4                  68.1	0.67	0.64	0.66	0.623
995.75	170	1                  65.6	0.676	0.635	0.659	0.613
996	210.5	4                  64.0	0.681	0.636	0.659	0.6
996.25	196.5	2                  64.9	0.693	0.659	0.678	0.63
996.5	184.4	2                  72.0	0.701	0.668	0.682	0.648
996.75	174.7	4                  71.4	0.731	0.685	0.693	0.647
997	158.3	1                  74.7	0.752	0.72	0.737	0.666
997.25	131.6	2                  81.3	0.782	0.763	0.808	0.742
997.5	88.47	83.4	0.804	0.789	0.822	0.769
997.75	82.72	90.1	0.825	0.815	0.836	0.795
998	75.91	82.1	0.835	0.827	0.842	0.806
998.25	95.19	84.5	0.841	0.834	0.845	0.812
998.5	100.3	5                  86.6	0.848	0.84	0.859	0.829
998.75	93.7	83.2	0.854	0.842	0.871	0.821
999	96.17	81.7	0.859	0.843	0.879	0.815
999.25	98.11	86	0.882	0.847	0.89	0.806
999.5	109.5	7                  86.4	0.888	0.852	0.894	0.806
999.75	134.7	5                  86.7	0.893	0.856	0.897	0.805
1000	4                 130.3	7                  85.3	0.9	0.866	0.902	0.814
1000.2	4                 138.9	0                  87.9	0.904	0.871	0.907	0.825
1000.5	9                 136.4	5                  89.1	0.911	0.881	0.917	0.848
1000.7	5                 133.8	0                  87.2	0.917	0.89	0.924	0.858
1001	5                 138.0	0                  91.0	0.925	0.9	0.932	0.87
1001.2	5                 138.5	7                  96.8	0.938	0.914	0.944	0.883
1001.5	6                 152.5	0                  90.7	0.959	0.923	0.962	0.887
1001.7	4                 166.3	7                  85.5	0.989	0.946	0.984	0.908
1002	6                 176.3	6                  93.4	0.995	0.94	0.983	0.901
1002.2	7                 155.6	1                  90.6	0.994	0.958	0.997	0.934
1002.5	7                 165.7	9                  86.9	0.985	0.926	0.98	0.896
1002.7	8                 153.4	0                  82.9	0.976	0.874	0.925	0.807
1003	8                 137.3	6                  85.9	1.002	0.929	0.979	0.877
1003.2	4                 113.8	7                  82.9	1.023	0.971	1.016	0.932
1003.5	9                 90.63	90.5	1.038	1.001	1.04	0.967
1003.7	9                 48.61	89.6	1.052	1	1.048	0.968
1004	0                 29.47	83.9	1.056	0.985	1.033	0.925
1004.2	0                 28.40	86.8	1.04	0.985	1.033	0.937
1004.5	1                 24.24	85.7	0.991	0.93	0.976	0.883
1004.7	4                 24.09	92.5	0.928	0.855	0.901	0.809
1005	1                 23.88	87.8	0.903	0.843	0.883	0.798
1005.2	2                 24.80	81.8	0.896	0.845	0.882	0.802
1005.5	2                 25.32	90.8	0.893	0.842	0.88	0.795
1005.7	3                 26.23	100	4                   0.884	0.852	0.886	0.817
1006	9                 25.53	90.6	0.861	0.826	0.861	0.799
1006.2	3                 24.90	89.5	0.838	0.776	0.807	0.726
1006.5	4                 22.10	83.8	0.82	0.764	0.796	0.726
1006.7	4                 19.27	80.1	0.809	0.764	0.797	0.734
1007	5                 19.40	84.6	0.8	0.772	0.799	0.747
1007.2	5                 21.41	84.8	0.792	0.79	0.809	0.775
1007.5	9                 21.47	80	0.784	0.772	0.8	0.771
1007.7	6                 21.55	81.8	0.778	0.718	0.756	0.672
1008	6                 23.47	76.1	0.91	0.877	0.875	0.808
1008.2	6                 23.00	74	0.819	0.788	0.689	0.626
1008.5	7                 23.48	80.6	0.781	0.73	0.691	0.628
1008.7	4                 23.81	88.7	0.79	0.731	0.696	0.635
1009	7                 24.09	76	0.793	0.735	0.697	0.627
1009.2	8                 25.21	66.3	0.794	0.74	0.676	0.608
1009.5	8                 23.49	68.2	0.787	0.733	0.685	0.616
1009.7	9                 22.19	70.9	0.771	0.728	0.744	0.659
1010	9                 22.66	67.8	0.787	0.734	0.666	0.577
1010.2	4                 22.91	67.8	0.786	0.734	0.679	0.617
1010.5	0                 23.20	67.1	0.784	0.712	0.63	0.564
1010.7	0                 18.14	65.7	0.88	0.803	0.678	0.628
1011	1                 19.20	67.2	0.96	0.951	0.758	0.815
1011.2	1                 27.92	64.5	1.065	1.305	1.196	1.24
1011.5	9                 41.60	70.9	1.052	1.521	1.292	2.306
1011.7	2                 51.94	64.9	1.047	1.973	1.473	3.608
1012	2                 67.73	59	1.044	2.059	1.567	4.623
1012.2	3                 57.70	49.6	1.047	2.292	1.931	6.714
1012.5	3                 45.41	50.1	1.052	2.516	2.251	8.206
1012.7	4                 36.23	51.3	1.029	2.497	2.251	8.191
1013	9                 36.07	48.9	0.992	1.707	1.904	4.713
1013.2	4                 35.90	41.9	0.903	1.105	0.837	0.863
1013.5	5                 48.79	48.5	0.827	0.887	0.61	0.673
1013.7	5                 53.67	52.6	0.726	0.735	0.417	0.459
1014	6                 56.48	57.2	0.664	0.672	0.347	0.364
1014.2	6                 51.56	71.6	0.612	0.636	0.337	0.388
1014.5	9                 50.25	61.5	0.594	0.621	0.367	0.348
1014.7	7                 48.38	54.2	0.575	0.592	0.396	0.309
1015	7                 44.85	52.6	0.559	0.582	0.376	0.322
1015.2	7                 42.27	36.3	0.549	0.578	0.375	0.332
1015.5	8                 40.12	32	0.545	0.58	0.392	0.307
1015.7	4                 37.06	30.9	0.54	0.582	0.395	0.237
1016	8                 34.16	30.9	0.551	0.576	0.441	0.318
1016.2	9                 32.71	33.4	0.556	0.575	0.457	0.291
1016.5	9                 32.91	28.7	0.56	0.59	0.479	0.311
1016.7	0                 33.45	31.7	0.568	0.597	0.468	0.32
1017	0                 33.47	40.5	0.566	0.596	0.475	0.309
1017.2	4                 32.84	38.9	0.575	0.594	0.515	0.33
1017.5	1                 32.03	43.7	0.582	0.594	0.509	0.315
1017.7	1                 31.97	46.2	0.58	0.595	0.51	0.303
1018	2                 30.94	46	0.583	0.601	0.516	0.348
1018.2	2                 31.54	43.8	0.594	0.613	0.517	0.358
1018.5	9                 32.27	40.9	0.592	0.615	0.53	0.385
1018.7	3                 32.90	40.2	0.596	0.615	0.522	0.401
1019	3                 39.31	39.5	0.596	0.614	0.518	0.382
1019.2	4                 50.50	35.4	0.593	0.615	0.5	0.359
1019.5	4                 67.81	40.4	0.591	0.616	0.492	0.334
1019.7	5                 59.93	35.5	0.59	0.62	0.485	0.32
1020	9                 62.45	37.4	0.59	0.622	0.477	0.317
1020.2	5                 65.46	39.8	0.59	0.624	0.478	0.324
1020.5	6                 67.19	41.5	0.59	0.628	0.475	0.319
1020.7	6                 71.14	42.6	0.589	0.63	0.472	0.329
1021	7                 79.62	42.9	0.591	0.634	0.455	0.351
1021.2	4                 76.22	36.5	0.591	0.627	0.453	0.362
1021.5	7                 73.52	41.8	0.603	0.616	0.45	0.351
1021.7	8                 72.75	41.5	0.605	0.615	0.441	0.343
1022	8                 78.26	41.7	0.622	0.609	0.583	0.55
1022.2	8                 76.51	45.8	0.623	0.619	0.587	0.562
1022.5	9                 81.83	48.3	0.626	0.626	0.589	0.565
1022.7	4                 57.04	49.3	0.625	0.624	0.596	0.572
1023	9                 30.08	49.1	0.634	0.628	0.599	0.552
1023.2	0                 29.58	56.1	0.639	0.638	0.603	0.553
1023.5	0                 30.53	53.8	0.639	0.643	0.617	0.577
1023.7	1                 70.51	49.3	0.638	0.651	0.617	0.595
1024	9                 44.72	50.5	0.625	0.657	0.559	0.524
1024.2	1                 26.05	44.8	0.632	0.655	0.569	0.544
1024.5	2                 28.83	45.2	0.621	0.646	0.497	0.453
1024.7	2                 30.97	49.7	0.617	0.637	0.464	0.418
1025	3                 31.40	46.4	0.615	0.636	0.442	0.407
1025.2	3                 30.20	48.3	0.614	0.633	0.484	0.437
1025.5	9                 31.50	42.5	0.619	0.635	0.49	0.432
1025.7	4                 32.79	48.7	0.621	0.635	0.484	0.42
1026	4                 29.29	43.7	0.619	0.635	0.475	0.404
1026.2	5                 29.60	46.6	0.621	0.638	0.508	0.43
1026.5	5                 30.08	52	0.628	0.636	0.515	0.443
1026.7	6                 24.24	43.6	0.653	0.662	0.529	0.448
1027	9                 24.84	44.6	0.687	0.726	0.56	0.5
1027.2	6                 25.65	50.3	0.706	0.751	0.531	0.545
1027.5	7                 22.70	60	0.708	0.74	0.653	0.559
1027.7	7                 22.02	67.1	0.65	0.627	0.54	0.41
1028	8                 23.46	80	0.632	0.609	0.515	0.39
1028.2	4                 22.50	80.5	0.642	0.641	0.566	0.481
1028.5	8                 21.63	63.9	0.625	0.62	0.575	0.508
1028.7	9                 22.64	54.7	0.626	0.613	0.551	0.449
1029	9                 19.80	54.1	0.665	0.664	0.641	0.605
1029.2	9                 9.35	48.7	0.696	0.684	0.712	0.681
1029.5	0                 8.81	74.5	0.709	0.7	0.669	0.635
1029.7	4                 8.88	69.2	0.707	0.739	0.591	0.57
1030	0                 8.96	57	0.706	0.737	0.571	0.571
1030.2	1                 8.74	58.9	0.703	0.711	0.569	0.57
1030.5	1                 11.60	54.9	0.707	0.708	0.591	0.563
1030.7	2                 14.75	51.3	0.713	0.71	0.59	0.558
1031	9                 15.66	52.8	0.721	0.743	0.642	0.632
1031.2	2                 16.42	54.4	0.725	0.76	0.671	0.646
1031.5	3                 12.89	67.6	0.726	0.747	0.693	0.616
1031.7	3                 10.27	83	0.716	0.693	0.709	0.656
1032	4                 7.28	81.9	0.707	0.676	0.693	0.636
1032.2	4                 6.06	72.4	0.701	0.663	0.671	0.614
1032.5	9                 6.05	56.8	0.693	0.652	0.655	0.595
1032.7	5                 6.03	59.2	0.697	0.675	0.662	0.609
1033	5                 7.23	58.2	0.718	0.701	0.663	0.65
1033.2	6                 8.14	62.3	0.745	0.742	0.732	0.702
1033.5	6                 9.46	58.8	0.768	0.759	0.749	0.711
1033.7	4                 10.91	62.5	0.782	0.756	0.748	0.701
1034	7                 12.01	65.2	0.799	0.786	0.768	0.725
1034.2	7                 16.83	66.8	0.813	0.803	0.782	0.76
1034.5	8                 14.77	69.2	0.775	0.751	0.748	0.704
1034.7	8                 13.54	63.5	0.722	0.704	0.719	0.654
1035	9                 11.38	71.4	0.777	0.753	0.753	0.693
1035.2	3                 12.48	75.2	0.864	0.818	0.829	0.753
1035.5	9                 13.62	59.7	0.879	0.846	0.853	0.785
1035.7	0                 12.99	66.7	0.896	0.885	0.875	0.832
1036	0                 10.39	90.1	0.905	0.892	0.887	0.834
1036.2	0                 7.28	94.6	0.926	0.892	0.86	0.804
1036.5	1                 5.79	99.2	0.955	0.911	0.895	0.831
1036.7	3                 5.40	101	0                   0.978	0.915	0.94	0.83
1037	1                 4.84	98	1.003	0.943	0.984	0.883
1037.2	2                 7.30	99.5	1.029	0.973	1.021	0.922
1037.5	2                 9.93	95.4	1.042	0.99	1.044	0.949
1037.7	3                 14.13	91.5	1.051	0.994	1.046	0.96
1038	8                 15.59	85.2	1.062	0.971	1.034	0.905
1038.2	3                 16.98	88.5	1.057	0.987	1.052	0.951
1038.5	4                 19.88	85.4	1.057	0.971	1.033	0.915
1038.7	4                 19.02	84.1	1.06	0.981	1.035	0.924
1039	5                 19.40	90.7	1.064	1.023	1.058	0.985
1039.2	5                 18.99	89.9	1.059	1.011	1.049	0.968
1039.5	8                 18.33	86.8	1.018	0.95	0.979	0.878
1039.7	6                 17.47	90.6	0.942	0.875	0.91	0.789
1040	6                 15.43	91	0.975	0.89	0.951	0.831
1040.2	7                 13.75	91.4	0.977	0.902	0.965	0.848
1040.5	7                 13.65	87.1	0.977	0.92	0.967	0.877
1040.7	3                 13.32	94.1	0.98	0.926	0.97	0.893
1041	8                 13.02	92	0.983	0.919	0.974	0.866
1041.2	8                 10.59	92.3	0.976	0.917	0.958	0.874
1041.5	9                 8.38	88.8	0.973	0.907	0.949	0.857
1041.7	9                 7.74	89.6	0.965	0.913	0.95	0.866
1042	0                 8.27	90.4	0.956	0.902	0.943	0.843
1042.2	3                 11.18	91.3	0.949	0.902	0.949	0.853
1042.5	0                 14.66	90.8	0.94	0.902	0.942	0.862
1042.7	1                 23.49	93.4	0.935	0.871	0.936	0.831
1043	1                 31.12	92.4	0.924	0.805	0.871	0.681
1043.2	1                 29.95	97.1	0.912	0.759	0.835	0.631
1043.5	8                 27.35	96.8	0.912	0.755	0.834	0.637
1043.7	2                 25.28	92.1	0.916	0.77	0.818	0.628
1044	2                 26.06	93.1	0.913	0.762	0.801	0.62
1044.2	3                 25.91	89.9	0.901	0.761	0.8	0.634
1044.5	3                 28.95	86.9	0.881	0.758	0.798	0.656
1044.7	4                 35.42	85.2	0.882	0.732	0.819	0.628
1045	8                 29.42	89.5	0.881	0.728	0.82	0.618
1045.2	4                 22.86	94.5	0.879	0.722	0.822	0.603
1045.5	5                 23.83	90	0.873	0.724	0.814	0.607
1045.7	5                 24.91	91.3	0.866	0.724	0.816	0.596
1046	6                 21.75	92.8	0.869	0.727	0.866	0.62
1046.2	3                 22.10	85.9	0.861	0.769	0.85	0.664
1046.5	6                 22.35	90.2	0.854	0.796	0.853	0.715
1046.7	7                 21.26	88.8	0.844	0.817	0.873	0.781
1047	7                 22.72	85.1	0.83	0.792	0.841	0.777
1047.2	8                 21.44	93.6	0.831	0.765	0.797	0.734
1047.5	8                 21.81	88.9	0.835	0.749	0.77	0.67
1047.7	3                 22.44	92.4	0.835	0.761	0.776	0.687
1048	9                 23.08	89.5	0.836	0.774	0.784	0.687
1048.2	9                 22.17	85.2	0.836	0.777	0.791	0.723
1048.5	0                 23.44	88.4	0.835	0.807	0.838	0.799
1048.7	0                 22.17	89.6	0.838	0.827	0.849	0.815
1049	1                 23.08	93.3	0.842	0.842	0.86	0.827
1049.2	3                 22.09	93.5	0.843	0.846	0.852	0.82
1049.5	1                 20.72	86.6	0.846	0.855	0.875	0.832
1049.7	2                 21.44	91.3	0.847	0.854	0.879	0.831
1050	2                 20.06	93.5	0.854	0.868	0.885	0.843
1050.2	2                 21.48	94.2	0.861	0.893	0.898	0.862
1050.5	8                 21.20	91.3	0.861	0.896	0.899	0.868
1050.7	3                 20.94	89.5	0.862	0.901	0.902	0.882
1051	3                 21.56	91.4	0.862	0.897	0.911	0.878
1051.2	4                 20.94	89.4	0.863	0.893	0.914	0.871
1051.5	4                 21.15	89.5	0.854	0.867	0.892	0.861
1051.7	5                 18.76	87.4	0.838	0.79	0.774	0.764
1052	8                 19.24	89.4	0.829	0.754	0.722	0.715
1052.2	5                 19.85	90.7	0.821	0.732	0.689	0.679
1052.5	6                 18.43	92.3	0.834	0.784	0.786	0.743
1052.7	6                 19.30	85.9	0.85	0.83	0.85	0.788
1053	7                 19.52	91.2	0.861	0.819	0.82	0.755
1053.2	3                 18.93	88.8	0.889	0.846	0.833	0.793
1053.5	7                 18.43	93.5	0.925	0.886	0.878	0.816
1053.7	8                 17.88	91.3	0.956	0.913	0.901	0.83
1054	8                 18.43	95	0.987	0.955	0.958	0.881
1054.2	9                 19.56	95.1	0.997	0.95	0.98	0.88
1054.5	9                 33.63	99	0.986	0.931	0.964	0.859
1054.7	3                 28.62	94.4	0.976	0.914	0.952	0.847
1055	0                 22.87	92.2	0.954	0.891	0.932	0.824
1055.2	0                 12.03	92.8	0.95	0.888	0.929	0.815
1055.5	1                 9.93	91.1	0.962	0.903	0.941	0.831
1055.7	1                 10.60	93.9	0.996	0.9	0.939	0.82
1056	8                 10.34	91.2	1.098	0.975	1.013	0.841
1056.2	2                 10.14	91.7	1.239	1.273	1.279	1.256
1056.5	2                 10.54	95.8	1.352	1.415	1.415	1.405
1056.7	2                 11.00	107	7                   1.417	1.441	1.472	1.395
1057	3                 11.54	107	4                   1.432	1.366	1.42	1.284
1057.2	3                 13.37	108	3                   1.377	1.243	1.303	1.144
1057.5	8                 13.91	107	6                   1.344	1.193	1.271	1.101
1057.7	4                 14.48	108	0                   1.318	1.175	1.23	1.092
1058	4                 15.35	106	2                   1.273	1.157	1.185	1.103
1058.2	5                 18.11	101	2                   1.248	1.147	1.179	1.118
1058.5	5                 17.37	100	1                   1.235	1.139	1.184	1.111
1058.7	3                 15.45	94.2	1.219	1.118	1.179	1.07
1059	6                 14.11	91.8	1.202	1.093	1.16	1.026
1059.2	6                 12.22	90.4	1.174	1.077	1.136	1.03
1059.5	7                 12.63	90.6	1.149	1.034	1.1	0.969
1059.7	7                 14.10	92.1	1.124	1.018	1.078	0.959
1060	8                 15.14	88.8	1.105	1.011	1.072	0.957
1060.2	3                 18.16	88.2	1.096	1.004	1.061	0.952
1060.5	8                 21.07	87.9	1.081	0.99	1.053	0.932
1060.7	9                 18.65	89.2	1.062	0.969	1.028	0.917
1061	9                 19.12	85.2	1.048	0.939	1.005	0.875
1061.2	0                 17.27	89.2	1.045	0.937	0.999	0.876
1061.5	0                 17.29	88.6	1.052	0.942	1.001	0.882
1061.7	3                 19.17	85.9	1.074	0.958	1.021	0.889
1062	1                 21.65	86.2	1.11	1.02	1.069	0.962
1062.2	1                 22.88	90.1	1.147	1.071	1.126	1.011
1062.5	2                 21.55	90.5	1.181	1.117	1.17	1.073
1062.7	2                 21.10	94	1.218	1.147	1.201	1.095
1063	8                 20.88	92.5	1.237	1.16	1.216	1.112
1063.2	3                 20.68	88.8	1.244	1.132	1.197	1.068
1063.5	3                 21.34	90.5	1.244	1.121	1.187	1.041
1063.7	3                 21.02	89.2	1.241	1.143	1.201	1.084
1064	4                 23.61	87.8	1.239	1.152	1.213	1.101
1064.2	4                 21.47	88.8	1.229	1.147	1.209	1.091
1064.5	8                 21.59	85.7	1.207	1.129	1.189	1.074
1064.7	5                 21.72	85.8	1.17	1.083	1.144	1.023
1065	5                 17.14	86.4	1.136	1.031	1.098	0.959
1065.2	6                 15.79	86.2	1.105	1.011	1.06	0.935
1065.5	6                 15.07	89.2	1.056	0.987	1.024	0.919
1065.7	3                 15.06	88.3	1.183	1.082	1.146	1.004
1066	7                 15.06	89.4	1.119	1.007	1.072	0.913
1066.2	7                 14.59	91.7	1.12	1.008	1.072	0.912
1066.5	8                 13.24	86.6	1.12	1.009	1.071	0.911
1066.7	8                 11.61	90.7	1.122	1.007	1.061	0.909
1067	9                 8.71	91.3	1.114	1.006	1.056	0.911
1067.2	3                 8.83	91.6	1.074	1.001	1.023	0.918
1067.5	9                 8.95	82.9	1.055	0.981	0.993	0.886
1067.7	0                 17.24	88.1	1.049	0.974	0.992	0.877
1068	0                 18.65	90.3	1.038	0.968	0.987	0.878
1068.2	1                 19.19	90.3	1.023	0.957	0.969	0.876
1068.5	8                 17.93	91.4	1.014	0.941	0.969	0.857
1068.7	1                 17.01	91.8	1.004	0.929	0.963	0.85
1069	2                 19.55	90.1	1.001	0.924	0.96	0.849
1069.2	2                 21.15	91.1	0.996	0.925	0.956	0.851
1069.5	3                 19.19	89.1	0.992	0.928	0.953	0.861
1069.7	3                 17.84	87.7	0.985	0.92	0.952	0.865
1070	8                 18.02	87.6	0.982	0.913	0.948	0.851
1070.2	4                 18.21	88.4	0.977	0.908	0.941	0.839
1070.5	4                 15.49	84.6	0.977	0.908	0.937	0.836
1070.7	4                 19.65	87.5	0.974	0.905	0.931	0.829
1071	5                 18.90	87	0.973	0.903	0.923	0.818
1071.2	5                 22.31	90.2	0.972	0.9	0.921	0.814
1071.5	8                 21.72	90.1	0.97	0.909	0.911	0.823
1071.7	6                 20.91	91.2	0.973	0.915	0.919	0.824
1072	6                 15.84	94.1	0.976	0.916	0.922	0.825
1072.2	7                 15.11	92.6	0.978	0.917	0.934	0.829
1072.5	7                 16.00	95	0.978	0.924	0.941	0.843
1072.7	3                 18.62	89.7	0.978	0.927	0.938	0.853
1073	8                 21.03	92	0.979	0.92	0.937	0.848
1073.2	8                 24.95	90	0.972	0.907	0.933	0.835
1073.5	9                 28.77	93.6	0.969	0.902	0.929	0.825
1073.7	9                 25.66	88.7	0.965	0.901	0.925	0.829
1074	0                 27.35	93.1	0.964	0.902	0.921	0.832
1074.2	3                 27.37	91.8	0.962	0.901	0.922	0.829
1074.5	0                 27.41	87.6	0.962	0.899	0.924	0.826
1074.7	1                 26.83	94.2	0.962	0.897	0.923	0.823
1075	1                 25.47	87.6	0.963	0.896	0.921	0.816
1075.2	2                 27.54	87.8	0.959	0.897	0.913	0.817
1075.5	8                 27.78	88	0.961	0.893	0.919	0.813
1075.7	2                 27.98	89.1	0.962	0.892	0.919	0.808
1076	3                 29.55	94.8	0.963	0.891	0.92	0.804
1076.2	3                 30.59	98	0.962	0.891	0.922	0.801
1076.5	4                 32.17	94.8	0.96	0.894	0.921	0.809
1076.7	4                 37.45	92.4	0.961	0.9	0.921	0.818
1077	8                 37.62	99.4	0.961	0.9	0.923	0.818
1077.2	5                 37.81	94.1	0.961	0.9	0.925	0.817
1077.5	5                 38.76	98.7	0.961	0.901	0.918	0.814
1077.7	5                 35.42	97.2	0.961	0.902	0.916	0.813
1078	6                 30.99	95.3	0.96	0.903	0.91	0.813
1078.2	3                 31.07	88.7	0.962	0.906	0.914	0.819
1078.5	6                 31.13	100	3                   0.963	0.909	0.907	0.82
1078.7	7                 27.02	94.9	0.963	0.91	0.91	0.818
1079	7                 23.92	96.8	0.964	0.91	0.915	0.816
1079.2	8                 23.45	94.4	0.964	0.914	0.918	0.82
1079.5	8                 16.28	97.1	0.961	0.919	0.912	0.838
1079.7	3                 18.93	87.2	0.962	0.913	0.917	0.835
1080	9                 21.73	96.3	0.961	0.908	0.913	0.818
1080.2	9                 22.70	92.3	0.961	0.897	0.907	0.804
1080.5	0                 22.97	96.6	0.958	0.89	0.905	0.8
1080.7	0                 23.87	89.1	0.957	0.889	0.903	0.798
1081	8                 22.97	95.9	0.956	0.889	0.904	0.799
1081.2	1                 22.34	95.8	0.954	0.888	0.907	0.809
1081.5	1                 23.53	97.5	0.953	0.889	0.907	0.811
1081.7	2                 23.05	94.4	0.951	0.889	0.907	0.815
1082	2                 21.81	95.9	0.948	0.888	0.908	0.817
1082.2	3                 21.62	94.9	0.948	0.888	0.91	0.819
1082.5	8                 20.84	93.4	0.946	0.887	0.913	0.82
1082.7	3                 20.08	90.1	0.946	0.887	0.911	0.823
1083	4                 19.93	92.1	0.945	0.886	0.911	0.821
1083.2	4                 20.83	93.1	0.944	0.877	0.912	0.812
1083.5	5                 18.14	90	0.939	0.874	0.914	0.81
1083.7	5                 19.66	91.4	0.928	0.866	0.9	0.814
1084	8                 17.83	91.7	0.917	0.85	0.887	0.791
1084.2	6                 15.41	88.7	0.916	0.864	0.893	0.813
1084.5	6                 21.60	92.3	0.915	0.868	0.896	0.831
1084.7	6                 19.40	88.5	0.912	0.845	0.877	0.789
1085	7                 28.90	90.9	0.912	0.826	0.858	0.757
1085.2	3                 25.55	88.4	0.907	0.82	0.841	0.748
1085.5	7                 22.60	90.6	0.905	0.82	0.84	0.765
1085.7	8                 32.23	89.3	0.904	0.823	0.835	0.768
1086	8                 24.44	90.6	0.914	0.826	0.86	0.771
1086.2	9                 17.50	91.6	0.921	0.852	0.879	0.802
1086.5	9                 14.26	88.5	0.937	0.871	0.911	0.82
1086.7	3                 15.03	85.4	0.95	0.884	0.929	0.832
1087	0                 15.96	91.5	0.965	0.896	0.945	0.84
1087.2	0                 19.65	89.4	0.975	0.912	0.952	0.861
1087.5	1                 21.45	90.2	0.986	0.912	0.956	0.849
1087.7	1                 21.05	90.8	0.993	0.925	0.962	0.867
1088	8                 20.42	90.1	0.998	0.933	0.973	0.875
1088.2	2                 19.92	90.5	1.007	0.945	0.983	0.893
1088.5	2                 18.88	93.1	1.021	0.94	0.987	0.876
1088.7	3                 17.25	92.6	1.034	0.95	0.995	0.882
1089	3                 16.61	90	1.049	0.978	1.019	0.913
1089.2	4                 16.43	92.2	1.065	1.009	1.046	0.957
1089.5	8                 16.79	88.8	1.08	1.023	1.062	0.97
1089.7	4                 17.20	90.6	1.094	1.024	1.068	0.954
1090	5                 17.38	93.9	1.102	1.047	1.084	0.989
1090.2	5                 16.93	89.9	1.103	1.048	1.084	1.003
1090.5	6                 18.05	92.7	1.107	1.01	1.063	0.928
1090.7	3                 18.20	92	1.11	1.021	1.062	0.945
1091	6                 18.32	96.8	1.116	1.036	1.069	0.968
1091.2	7                 19.41	95.1	1.126	1.051	1.083	0.985
1091.5	7                 20.70	95.2	1.14	1.078	1.109	1.013
1091.7	7                 21.43	90.1	1.146	1.095	1.125	1.045
1092	8                 20.19	94	1.146	1.077	1.124	1.014
1092.2	3                 19.26	93.8	1.136	1.066	1.122	0.999
1092.5	8                 18.33	92.4	1.117	1.064	1.118	1.025
1092.7	9                 19.44	91.9	1.101	1.03	1.084	0.98
1093	9                 20.29	90.5	1.075	0.983	1.042	0.927
1093.2	0                 20.28	90.2	1.059	0.984	1.038	0.934
1093.5	0                 21.44	93.2	1.055	0.982	1.043	0.927
1093.7	3                 21.07	90.4	1.046	0.979	1.039	0.927
1094	1                 20.55	91.7	1.036	0.968	1.021	0.909
1094.2	1                 20.02	90.8	1.025	0.964	0.99	0.905
1094.5	2                 19.64	93.5	1.015	0.94	0.971	0.852
1094.7	2                 19.21	92.4	1.001	0.934	0.949	0.85
1095	8                 19.32	93.8	0.981	0.942	0.956	0.885
1095.2	3                 19.42	91.5	0.957	0.921	0.941	0.865
1095.5	3                 19.19	92.1	0.917	0.87	0.882	0.814
1095.7	4                 18.89	94.3	0.891	0.805	0.838	0.73
1096	4                 18.95	88.1	0.916	0.862	0.883	0.787
1096.2	5                 18.41	93	0.966	0.909	0.933	0.834
1096.5	8                 18.18	90.4	0.962	0.905	0.933	0.83
1096.7	5                 17.87	93.7	0.96	0.931	0.941	0.878
1097	6                 17.11	90.8	0.955	0.901	0.932	0.828
1097.2	6                 15.95	90.2	0.951	0.89	0.925	0.821
1097.5	7                 14.01	90.2	0.944	0.879	0.918	0.81
1097.7	3                 13.00	93.1	0.941	0.876	0.914	0.805
1098	7                 12.14	88.6	0.936	0.87	0.91	0.8
1098.2	8                 9.34	90.5	0.928	0.866	0.901	0.795
1098.5	8                 8.27	95.9	0.924	0.86	0.897	0.793
1098.7	8                 8.23	95.7	0.918	0.852	0.885	0.78
1099	9                 11.63	89.1	0.917	0.832	0.871	0.748
1099.2	3                 13.39	90.3	0.914	0.848	0.865	0.765
1099.5	9                 15.43	91.6	0.919	0.859	0.886	0.785
1099.7	0                 20.30	94.7	0.926	0.863	0.892	0.792
1100	0                 21.43	96.7	0.934	0.868	0.893	0.789
1100.2	1                 24.19	93.4	0.943	0.885	0.907	0.813
1100.5	8                 24.47	95.3	0.96	0.903	0.932	0.844
1100.7	1                 24.69	92.6	0.976	0.908	0.939	0.85
1101	2                 26.20	97.4	0.989	0.906	0.945	0.83
1101.2	2                 28.12	90.8	1.007	0.928	0.979	0.845
1101.5	3                 27.27	94.2	1.018	0.975	1.006	0.957
1101.7	3                 28.17	95	1.045	0.961	1.023	0.891
1102	8                 28.67	92.9	1.044	1.019	1.054	0.995
1102.2	4                 29.21	91.8	1.035	1.004	1.055	1.002
1102.5	4                 32.08	92.8	1.031	0.955	1.032	0.903
1102.7	5                 43.06	91.4	1.02	0.922	0.994	0.836
1103	5                 36.55	89.2	1.005	0.906	0.963	0.822
1103.2	3                 34.97	93.1	0.996	0.902	0.945	0.827
1103.5	6                 33.86	91.6	0.991	0.899	0.942	0.826
1103.7	6                 32.87	93.6	0.984	0.898	0.939	0.824
1104	7                 32.51	93.7	0.978	0.902	0.938	0.835
1104.2	7                 43.11	93.7	0.973	0.904	0.93	0.844
1104.5	8                 53.92	87	0.967	0.895	0.924	0.83
1104.7	3                 54.77	98.3	0.964	0.882	0.922	0.816
1105	8                 55.60	88.5	0.963	0.879	0.92	0.809
1105.2	9                 66.97	99	0.962	0.876	0.918	0.8
1105.5	9                 71.36	92.9	0.961	0.872	0.907	0.783
1105.7	9                 45.90	86.8	0.955	0.866	0.89	0.776
1106	0                 50.70	92.8	0.949	0.872	0.881	0.783
1106.2	3                 55.26	98	0.95	0.883	0.883	0.793
1106.5	0                 61.32	99.5	0.953	0.893	0.891	0.781
1106.7	1                 63.58	91.9	0.947	0.902	0.869	0.799
1107	1                 65.74	95.5	0.947	0.921	0.876	0.849
1107.2	2                 60.50	97.3	0.948	0.938	0.901	0.879
1107.5	8                 62.30	90.3	0.948	0.939	0.903	0.875
1107.7	2                 63.89	89.2	0.948	0.936	0.916	0.861
1108	3                 62.65	98.2	0.947	0.935	0.927	0.879
1108.2	3                 61.96	94.8	0.942	0.941	0.922	0.893
1108.5	4                 62.64	98.4	0.939	0.939	0.922	0.895
1108.7	4                 65.88	94.8	0.936	0.936	0.929	0.892
1109	8                 68.71	93.3	0.934	0.929	0.887	0.866
1109.2	5                 72.16	93.5	0.925	0.888	0.874	0.822
1109.5	5                 77.63	87	0.921	0.874	0.85	0.782
1109.7	6                 85.98	89.6	0.919	0.867	0.837	0.761
1110	6                 87.38	94.5	0.918	0.857	0.849	0.759
1110.2	3                 89.08	96.4	0.913	0.848	0.852	0.759
1110.5	7                 90.46	93.7	0.906	0.841	0.852	0.754
1110.7	7                 73.68	103	6                   0.902	0.844	0.854	0.765
1111	8                 70.65	88.9	0.902	0.846	0.857	0.768
1111.2	8                 73.50	92.1	0.902	0.847	0.859	0.771
1111.5	9                 77.36	91.8	0.902	0.849	0.867	0.773
1111.7	3                 78.53	91.9	0.901	0.853	0.868	0.778
1112	9                 79.82	95.7	0.899	0.851	0.871	0.782
1112.2	0                 76.14	94.2	0.898	0.841	0.867	0.771
1112.5	0                 73.21	95.7	0.901	0.844	0.873	0.771
1112.7	0                 71.18	89.7	0.9	0.848	0.87	0.784
1113	8                 63.38	95.7	0.904	0.835	0.856	0.748
1113.2	1                 57.60	92.5	0.908	0.852	0.86	0.767
1113.5	1                 65.45	94.3	0.913	0.866	0.866	0.775
1113.7	2                 50.67	92	0.913	0.87	0.87	0.781
1114	2                 33.57	92.8	0.908	0.86	0.87	0.772
1114.2	3                 28.77	95.1	0.895	0.842	0.853	0.756
1114.5	8                 26.34	95.5	0.882	0.82	0.837	0.722
1114.7	3                 23.88	95.2	0.867	0.817	0.823	0.728
1115	4                 18.93	96.3	0.855	0.804	0.807	0.716
1115.2	4                 18.55	93.5	0.846	0.784	0.782	0.692
1115.5	5                 18.27	93.1	0.852	0.791	0.781	0.7
1115.7	5                 17.80	90.7	0.87	0.825	0.816	0.738
1116	8                 17.62	94.9	0.878	0.88	0.815	0.823
1116.2	6                 17.38	91.6	0.896	0.891	0.862	0.831
1116.5	6                 16.73	97.6	0.899	0.875	0.899	0.82
1116.7	7                 16.08	101	4                   0.883	0.826	0.849	0.74
1117	7                 15.77	99.4	0.86	0.787	0.8	0.702
1117.2	3                 15.64	98.4	0.847	0.759	0.775	0.66
1117.5	8                 15.51	101	2                   0.835	0.766	0.776	0.676
1117.7	8                 16.69	99.4	0.83	0.778	0.785	0.691
1118	9                 17.79	92.3	0.822	0.776	0.78	0.693
1118.2	9                 18.79	95.2	0.815	0.764	0.773	0.676
1118.5	0                 18.38	96	0.81	0.753	0.771	0.666
1118.7	3                 18.62	95.4	0.803	0.754	0.767	0.67
1119	0                 18.92	94.9	0.801	0.753	0.769	0.672
1119.2	1                 18.88	96.6	0.799	0.753	0.766	0.672
1119.5	1                 19.02	92.5	0.799	0.756	0.77	0.679
1119.7	1                 18.64	93.5	0.799	0.753	0.769	0.68
1120	8                 18.44	94.9	0.801	0.754	0.773	0.682
1120.2	2                 18.28	92.8	0.803	0.763	0.783	0.7
1120.5	2                 17.96	93.4	0.803	0.761	0.784	0.699
1120.7	3                 17.68	94.2	0.804	0.755	0.785	0.692
1121	3                 17.59	92.6	0.803	0.754	0.784	0.694
1121.2	4                 18.36	93.9	0.803	0.751	0.785	0.691
1121.5	8                 18.34	94.9	0.802	0.754	0.784	0.703
1121.7	4                 18.31	92.9	0.801	0.752	0.783	0.698
1122	5                 17.49	96.1	0.802	0.75	0.783	0.699
1122.2	5                 17.03	93.4	0.803	0.749	0.783	0.697
1122.5	6                 15.85	91.2	0.807	0.751	0.783	0.698
1122.7	3                 15.97	97.6	0.82	0.759	0.792	0.703
1123	6                 16.07	92.2	0.841	0.766	0.805	0.709
1123.2	7                 16.48	93.5	0.879	0.781	0.817	0.705
1123.5	7                 16.21	98.2	0.978	0.959	0.964	0.913
1123.7	8                 17.28	98.6	1.073	1.036	1.053	0.956
1124	8                 20.67	84	1.111	1.079	1.092	1.029
1124.2	3                 20.56	75.3	1.119	1.109	1.112	1.067
1124.5	9                 20.43	82.6	1.055	1.001	1.03	0.953
1124.7	9                 24.22	79.5	0.969	0.902	0.942	0.846
1125	0                 23.43	77.8	1.158	1.173	1.217	1.201
1125.2	0                 20.28	81.8	1.186	1.155	1.201	1.118
1125.5	8                 19.24	84.4	1.178	1.114	1.166	1.06
1125.7	1                 18.50	87.4	1.173	1.106	1.153	1.046
1126	1                 16.99	86.9	1.141	1.065	1.118	1.014
1126.2	2                 12.78	91.5	1.127	1.048	1.107	1.003
1126.5	2                 8.79	93.1	1.127	1.046	1.098	0.997
1126.7	2                 7.37	90.3	1.118	1.019	1.071	0.962
1127	8                 6.88	89.9	1.119	0.981	1.033	0.889
1127.2	3                 6.40	90.1	1.154	1.044	1.081	0.953
1127.5	3                 9.87	92.3	1.172	1.134	1.16	1.113
1127.7	4                 7.48	92.6	1.207	1.17	1.203	1.151
1128	4                 10.33	93.2	1.222	1.17	1.203	1.14
1128.2	5                 13.09	91.7	1.211	1.17	1.211	1.134
1128.5	8                 14.18	93.6	1.221	1.168	1.213	1.109
1128.7	5                 15.63	95	1.253	1.159	1.217	1.074
1129	6                 15.65	95.8	1.255	1.159	1.21	1.097
1129.2	6                 18.13	97	1.245	1.163	1.208	1.077
1129.5	7                 23.85	97.3	1.266	1.168	1.214	1.065
1129.7	3                 33.06	95	1.274	1.177	1.219	1.09
1130	7                 41.26	96.2	1.299	1.178	1.23	1.086
1130.2	8                 59.36	97.9	1.317	1.182	1.254	1.066
1130.5	8                 52.02	101	5                   1.321	1.212	1.262	1.132
1130.7	9                 52.79	98.4	1.322	1.212	1.262	1.139
1131	9                 55.43	100	5                   1.326	1.201	1.253	1.112
1131.2	3                 57.76	95.7	1.327	1.188	1.252	1.112
1131.5	0                 60.61	95.7	1.33	1.169	1.241	1.037
1131.7	0                 50.51	95	1.316	1.213	1.25	1.127
1132	1                 39.79	94.1	1.318	1.215	1.253	1.168
1132.2	1                 31.93	98.2	1.317	1.219	1.259	1.201
1132.5	8                 31.09	89.9	1.311	1.233	1.251	1.186
1132.7	2                 30.41	91.2	1.315	1.219	1.278	1.24
1133	2                 34.99	87.2	1.308	1.235	1.271	1.229
1133.2	3                 26.36	90	1.306	1.221	1.265	1.178
1133.5	3                 31.68	93.2	1.306	1.176	1.254	1.124
1133.7	3                 86.89	92.7	1.302	1.164	1.239	1.057
1134	8                 70.96	89.2	1.298	1.157	1.233	1.052
1134.2	4                 53.17	90.4	1.299	1.154	1.216	1.055
1134.5	4                 56.28	90.9	1.286	1.147	1.207	1.05
1134.7	5                 47.33	91.7	1.281	1.14	1.218	1.037
1135	5                 36.04	94	1.25	1.161	1.213	1.079
1135.2	3                 30.64	90.5	1.251	1.158	1.217	1.103
1135.5	6                 26.62	93.2	1.235	1.165	1.205	1.146
1135.7	6                 44.08	94	1.228	1.145	1.201	1.113
1136	7                 53.19	91.7	1.216	1.076	1.165	0.981
1136.2	7                 54.37	90	1.203	1.043	1.11	0.907
1136.5	8                 42.27	89.3	1.195	1.04	1.12	0.909
1136.7	3                 41.64	87.2	1.18	1.038	1.093	0.931
1137	8                 40.98	93	1.163	1.045	1.088	0.951
1137.2	9                 34.15	94.4	1.159	1.047	1.092	0.96
1137.5	9                 30.31	95	1.129	1.05	1.079	0.972
1137.7	0                 32.04	97.7	1.092	1.017	1.039	0.944
1138	0                 25.96	94.8	1.044	0.929	0.962	0.831
1138.2	3                 27.25	92.7	1.018	0.907	0.937	0.807
1138.5	1                 29.05	93.1	1.008	0.929	0.95	0.861
1138.7	1                 38.77	88.2	1.009	0.925	0.953	0.839
1139	2                 26.94	87.3	1.008	0.923	0.952	0.834
1139.2	2                 17.41	92	1.003	0.942	0.96	0.868
1139.5	8                 13.98	89.6	0.999	0.948	0.966	0.885
1139.7	3                 10.79	90	0.993	0.927	0.951	0.854
1140	3                 8.82	90.7	0.984	0.895	0.932	0.816
1140.2	4                 8.92	93.9	0.971	0.885	0.927	0.813
1140.5	4                 9.39	91.2	0.968	0.9	0.942	0.843
1140.7	4                 9.48	88.3	0.967	0.882	0.932	0.835
1141	8                 9.49	86.9	0.966	0.876	0.925	0.826
1141.2	5                 9.51	85.2	0.969	0.876	0.921	0.818
1141.5	5                 12.06	90.8	0.972	0.891	0.937	0.843
1141.7	6                 13.24	87.5	0.974	0.892	0.941	0.845
1142	6                 14.29	86.3	0.972	0.884	0.934	0.832
1142.2	3                 15.50	89.1	0.97	0.873	0.927	0.803
1142.5	7                 16.52	89.5	0.97	0.869	0.928	0.8
1142.7	7                 16.44	87	0.951	0.87	0.923	0.805
1143	8                 18.42	89.9	0.938	0.868	0.918	0.806
1143.2	8                 17.28	90.7	0.893	0.86	0.898	0.83
1143.5	9                 16.71	91.3	0.829	0.787	0.827	0.766
1143.7	3                 17.02	88.5	0.789	0.729	0.759	0.678
1144	9                 17.38	87.2	0.783	0.724	0.76	0.679
1144.2	0                 19.45	84.3	0.779	0.738	0.768	0.701
1144.5	0                 22.90	85.3	0.776	0.748	0.77	0.72
1144.7	1                 23.71	83.5	0.785	0.754	0.775	0.715
1145	8                 23.17	87.9	0.792	0.772	0.797	0.747
1145.2	1                 22.75	86.4	0.794	0.778	0.804	0.749
1145.5	2                 18.98	89.2	0.784	0.761	0.792	0.736
1145.7	2                 18.50	89.8	0.761	0.708	0.734	0.666
1146	3                 21.02	84.9	0.749	0.691	0.711	0.633
1146.2	3                 17.62	84	0.754	0.726	0.747	0.712
1146.5	8                 16.04	83	0.766	0.72	0.742	0.661
1146.7	4                 14.35	84	0.79	0.751	0.765	0.7
1147	4                 17.43	84.2	0.834	0.811	0.826	0.756
1147.2	5                 16.32	81.6	0.848	0.828	0.842	0.778
1147.5	5                 19.88	86	0.871	0.848	0.858	0.802
1147.7	3                 19.52	88.2	0.886	0.844	0.871	0.78
1148	5                 19.26	84.9	0.89	0.848	0.878	0.781
1148.2	6                 19.06	91.2	0.889	0.862	0.879	0.818
1148.5	6                 16.94	89.6	0.89	0.842	0.86	0.778
1148.7	7                 15.61	89.4	0.891	0.835	0.846	0.755
1149	7                 15.46	90.9	0.904	0.865	0.874	0.798
1149.2	3                 15.07	91.1	0.912	0.868	0.878	0.791
1149.5	8                 14.68	90.3	0.917	0.872	0.882	0.793
1149.7	8                 15.87	91.6	0.926	0.885	0.9	0.814
1150	9                 16.73	89.8	0.938	0.883	0.911	0.796
1150.2	9                 16.61	88.5	0.938	0.887	0.899	0.802
1150.5	0                 12.83	92	0.938	0.887	0.899	0.818
1150.7	3                 12.16	91.9	0.938	0.887	0.901	0.81
1151	0                 11.26	91.6	0.937	0.887	0.902	0.82
1151.2	1                 11.37	89.5	0.937	0.888	0.903	0.815
1151.5	1                 12.75	88.3	0.935	0.891	0.893	0.814
1151.7	2                 13.26	89.1	0.934	0.879	0.886	0.796
1152	8                 12.79	89	0.933	0.878	0.884	0.796
1152.2	2                 12.38	90.8	0.932	0.879	0.885	0.802
1152.5	3                 11.96	87.1	0.932	0.877	0.882	0.795
1152.7	3                 10.82	88.6	0.932	0.878	0.894	0.798
1153	4                 12.02	87.1	0.927	0.88	0.886	0.8
1153.2	4                 10.61	90.7	0.949	0.888	0.907	0.807
1153.5	8                 10.86	88	0.922	0.866	0.881	0.786
1153.7	5                 11.16	91.2	0.911	0.875	0.879	0.802
1154	5                 12.61	89.7	0.906	0.859	0.877	0.786
1154.2	6                 16.48	88.1	0.896	0.835	0.853	0.759
1154.5	6                 15.20	89	0.892	0.821	0.844	0.734
1154.7	3                 13.87	87.8	0.886	0.819	0.844	0.737
1155	7                 12.79	87	0.879	0.822	0.85	0.751
1155.2	7                 9.45	84.6	0.875	0.813	0.842	0.737
1155.5	7                 8.76	88.2	0.875	0.818	0.842	0.75
1155.7	8                 9.14	87.4	0.879	0.821	0.848	0.751
1156	8                 22.19	86.9	0.88	0.826	0.85	0.759
1156.2	3                 19.70	86.7	0.882	0.827	0.851	0.765
1156.5	9                 16.91	88.3	0.886	0.828	0.853	0.757
1156.7	9                 21.30	89.7	0.893	0.842	0.858	0.766
1157	0                 20.37	88.3	0.9	0.85	0.862	0.77
1157.2	0                 17.95	89.1	0.899	0.85	0.86	0.768
1157.5	8                 15.55	91.3	0.899	0.85	0.858	0.764
1157.7	1                 13.76	90.4	0.9	0.848	0.857	0.763
1158	1                 11.46	92	0.9	0.849	0.861	0.766
1158.2	2                 14.46	91.4	0.901	0.85	0.86	0.766
1158.5	2                 11.46	91.7	0.901	0.849	0.86	0.766
1158.7	3                 14.85	85.5	0.901	0.85	0.862	0.767
1159	8                 21.10	89.5	0.904	0.855	0.86	0.773
1159.2	3                 27.52	93.7	0.907	0.855	0.865	0.775
1159.5	4                 56.71	97.1	0.912	0.858	0.867	0.776
1159.7	4                 65.49	93.4	0.916	0.865	0.88	0.791
1160	5                 87.72	92.1	0.921	0.865	0.887	0.795
1160.2	5                 136.3	2                  96.1	0.922	0.864	0.887	0.796
1160.5	8                 104.8	7                  94.2	0.921	0.865	0.887	0.797
1160.7	6                 60.49	93	0.921	0.865	0.886	0.795
1161	6                 62.61	94.8	0.921	0.865	0.883	0.793
1161.2	7                 76.04	98.5	0.922	0.866	0.886	0.794
1161.5	7                 55.38	97.6	0.923	0.867	0.894	0.799
1161.7	3                 46.63	96.8	0.922	0.872	0.894	0.803
1162	8                 38.42	93.9	0.923	0.871	0.901	0.807
1162.2	8                 118.2	7                  94.0	0.923	0.866	0.892	0.799
1162.5	9                 174.4	2                  94.7	0.926	0.862	0.885	0.79
1162.7	9                 290.1	0                  94.4	0.929	0.862	0.884	0.787
1163	9                 77.41	94.5	0.929	0.862	0.887	0.791
1163.2	3                 90.19	94.4	0.929	0.862	0.89	0.797
1163.5	0                 106.6	6                  94.5	0.928	0.861	0.888	0.796
1163.7	0                 177.1	6                  91.9	0.927	0.861	0.887	0.795
1164	1                 32.21	89.7	0.927	0.861	0.885	0.794
1164.2	1                 45.99	91.9	0.925	0.861	0.89	0.795
1164.5	8                 54.24	93.7	0.925	0.861	0.891	0.797
1164.7	2                 61.33	94.7	0.926	0.861	0.89	0.795
1165	2                 81.36	91	0.927	0.861	0.89	0.793
1165.2	3                 121.4	7                  96.0	0.927	0.862	0.889	0.793
1165.5	3                 205.9	0                  98.6	0.927	0.862	0.881	0.786
1165.7	4                 265.1	4                  102.	0                   0.927	0.862	0.884	0.791
1166	8                 276.7	1                  95.0	0.926	0.861	0.879	0.78
1166.2	4                 290.3	3                  89.5	0.937	0.873	0.899	0.801
1166.5	5                 208.2	7                  97.0	0.97	0.88	0.91	0.788
1166.7	5                 189.7	2                  99.3	0.968	0.88	0.904	0.773
1167	6                 185.6	5                  94.4	0.966	0.879	0.889	0.764
1167.2	3                 144.3	7                  82.4	0.972	1.009	0.965	0.935
1167.5	6                 111.9	9                  75.3	0.963	1.049	0.931	0.974
1167.7	7                 110.4	4                  73.2	0.915	0.974	0.871	0.879
1168	7                 94.69	64.4	0.803	0.785	0.67	0.679
1168.2	8                 74.25	62.7	0.765	0.751	0.66	0.666
1168.5	8                 106.1	1                  46.8	0.747	0.741	0.68	0.678
1168.7	3                 98.98	45.8	0.736	0.738	0.693	0.703
1169	9                 91.31	41.6	0.738	0.729	0.697	0.686
1169.2	9                 58.39	43	0.741	0.734	0.707	0.689
1169.5	0                 34.79	48	0.738	0.731	0.71	0.691
1169.7	0                 31.74	48.2	0.714	0.724	0.688	0.694
1170	8                 28.80	46.3	0.677	0.674	0.65	0.652
1170.2	0                 26.69	41.9	0.646	0.592	0.567	0.484
1170.5	1                 19.14	40	0.647	0.649	0.585	0.594
1170.7	1                 16.16	49.4	0.669	0.661	0.657	0.608
1171	2                 15.77	39.1	0.674	0.642	0.669	0.57
1171.2	2                 14.91	49.9	0.688	0.645	0.669	0.596
1171.5	8                 14.44	59.6	0.695	0.723	0.734	0.72
1171.7	3                 13.97	54.1	0.667	0.676	0.673	0.589
1172	3                 14.00	55.4	0.62	0.608	0.584	0.503
1172.2	4                 15.17	62.1	0.599	0.584	0.57	0.466
1172.5	4                 17.65	60	0.581	0.569	0.554	0.448
1172.7	5                 17.14	47.6	0.551	0.541	0.531	0.463
1173	8                 18.00	45.1	0.528	0.536	0.488	0.359
1173.2	5                 19.17	47.8	0.528	0.536	0.483	0.363
1173.5	6                 19.39	41.2	0.527	0.539	0.473	0.34
1173.7	6                 18.37	35.7	0.528	0.546	0.479	0.324
1174	7                 20.06	38.9	0.528	0.555	0.48	0.334
1174.2	3                 18.76	38.1	0.527	0.555	0.438	0.299
1174.5	7                 17.59	37.7	0.525	0.551	0.423	0.304
1174.7	8                 14.07	31.8	0.525	0.546	0.419	0.294
1175	8                 12.87	28.7	0.531	0.562	0.382	0.29
1175.2	9                 9.98	30.5	0.533	0.576	0.356	0.278
1175.5	9                 10.31	30.8	0.551	0.58	0.329	0.256
1175.7	3                 9.47	30.5	0.536	0.578	0.322	0.251
1176	0                 8.44	32	0.541	0.568	0.405	0.324
1176.2	0                 8.36	29.2	0.571	0.585	0.498	0.502
1176.5	1                 8.00	29.3	0.563	0.586	0.432	0.454
1176.7	1                 6.70	30.6	0.54	0.6	0.26	0.303
1177	8                 6.10	30	0.543	0.6	0.277	0.325
1177.2	2                 5.61	29.5	0.543	0.601	0.287	0.372
1177.5	2                 6.00	29	0.533	0.598	0.242	0.335
1177.7	2                 6.95	28.1	0.53	0.594	0.259	0.378
1178	3                 12.10	26	0.535	0.574	0.335	0.435
1178.2	3                 9.58	24.4	0.541	0.564	0.386	0.436
1178.5	8                 10.52	25.6	0.548	0.567	0.396	0.472
1178.7	4                 11.58	27.4	0.563	0.582	0.364	0.417
1179	4                 11.25	28.3	0.598	0.621	0.383	0.284
1179.2	5                 11.04	27.7	0.642	0.68	0.561	0.507
1179.5	5                 11.03	41.6	0.656	0.65	0.492	0.537
1179.7	3                 11.65	56.1	0.651	0.666	0.432	0.567
1180	6                 12.12	33.2	0.655	0.744	0.536	0.82
1180.2	6                 11.60	24.8	0.652	0.745	0.51	0.837
1180.5	7                 10.50	24.3	0.639	0.686	0.386	0.657
1180.7	7                 11.53	24.2	0.661	0.7	0.5	0.697
1181	8                 10.45	24	0.676	0.706	0.557	0.666
1181.2	3                 10.61	24.8	0.67	0.705	0.569	0.739
1181.5	8                 10.77	27	0.688	0.712	0.59	0.713
1181.7	9                 11.96	26	0.714	0.721	0.753	0.684
1182	9                 13.49	24.2	0.712	0.721	0.766	0.708
1182.2	0                 14.37	37.8	0.7	0.677	0.729	0.671
1182.5	0                 11.91	43	0.696	0.664	0.691	0.618
1182.7	3                 12.57	48.3	0.682	0.653	0.661	0.625
1183	1                 13.50	40.5	0.664	0.657	0.618	0.639
1183.2	1                 8.01	39.8	0.657	0.654	0.634	0.687
1183.5	2                 7.48	45.6	0.646	0.606	0.626	0.547
1183.7	2                 45.62	51.1	0.648	0.636	0.652	0.613
1184	8                 53.49	44.5	0.651	0.618	0.653	0.61
1184.2	3                 60.92	51.5	0.654	0.593	0.617	0.543
1184.5	3                 60.22	45.8	0.677	0.61	0.619	0.536
1184.7	4                 67.82	45.5	0.721	0.701	0.736	0.691
1185	4                 57.14	54.4	0.787	0.778	0.801	0.735
1185.2	4                 49.80	68.2	0.795	0.787	0.805	0.733
1185.5	8                 45.26	62.4	0.795	0.79	0.805	0.732
1185.7	5                 39.37	70.2	0.797	0.802	0.788	0.715
1186	5                 52.25	87	0.789	0.789	0.778	0.709
1186.2	6                 41.99	83.2	0.788	0.792	0.758	0.689
1186.5	6                 41.13	83.9	0.801	0.857	0.825	0.788
1186.7	3                 39.07	80.8	0.796	0.843	0.808	0.782
1187	7                 37.29	81.4	0.796	0.866	0.82	0.797
1187.2	7                 39.65	77.1	0.797	0.895	0.92	1.007
1187.5	8                 40.80	69.7	0.783	0.874	0.887	0.973
1187.7	8                 55.62	62.8	0.759	0.717	0.719	0.603
1188	9                 69.67	63.1	0.726	0.67	0.696	0.604
1188.2	3                 60.00	62.4	0.668	0.652	0.645	0.583
1188.5	9                 48.56	59.1	0.648	0.638	0.614	0.522
1188.7	0                 62.28	59.1	0.634	0.63	0.592	0.462
1189	0                 65.10	51.3	0.633	0.628	0.59	0.46
1189.2	1                 55.12	52.3	0.626	0.627	0.591	0.464
1189.5	8                 54.52	52.4	0.621	0.627	0.596	0.473
1189.7	1                 54.05	51.9	0.608	0.613	0.592	0.461
1190	2                 30.52	53.1	0.606	0.606	0.57	0.439
1190.2	2                 25.13	51.2	0.598	0.591	0.565	0.414
1190.5	3                 18.01	48.8	0.6	0.592	0.56	0.421
1190.7	3                 15.74	47.5	0.594	0.584	0.549	0.4
1191	8                 16.13	49.9	0.594	0.584	0.551	0.402
1191.2	4                 16.56	44.6	0.592	0.58	0.549	0.43
1191.5	4                 18.79	44.3	0.592	0.576	0.545	0.427
1191.7	5                 20.39	42.5	0.591	0.575	0.534	0.403
1192	5                 26.88	43.4	0.591	0.574	0.539	0.416
1192.2	3                 26.13	46.7	0.59	0.573	0.529	0.394
1192.5	5                 25.60	41.7	0.591	0.573	0.541	0.444
1192.7	6                 32.21	46.3	0.591	0.574	0.541	0.435
1193	6                 47.48	42.5	0.6	0.572	0.532	0.425
1193.2	7                 42.27	43.1	0.598	0.573	0.536	0.452
1193.5	7                 56.68	50.2	0.62	0.591	0.545	0.455
1193.7	3                 57.72	50.3	0.694	0.727	0.653	0.6
1194	8                 58.74	52.1	0.712	0.709	0.572	0.583
1194.2	8                 62.21	67.4	0.71	0.713	0.633	0.569
1194.5	9                 74.04	60.4	0.681	0.679	0.529	0.5
1194.7	9                 83.37	73	0.663	0.704	0.51	0.611
1195	0                 72.76	53.1	0.659	0.671	0.556	0.523
1195.2	3                 61.68	30	0.643	0.687	0.388	0.463
1195.5	0                 46.62	29.9	0.65	0.687	0.452	0.538
1195.7	1                 20.69	58.4	0.638	0.679	0.489	0.55
1196	1                 7.30	28.6	0.624	0.658	0.438	0.51
1196.2	2                 6.53	29.1	0.589	0.629	0.37	0.455
1196.5	8                 5.85	32.9	0.568	0.635	0.224	0.348
1196.7	2                 5.23	34.3	0.557	0.634	0.178	0.288
1197	3                 5.47	33.4	0.575	0.636	0.241	0.37
1197.2	3                 8.06	32.8	0.584	0.653	0.216	0.372
1197.5	4                 12.33	33.1	0.609	0.679	0.234	0.389
1197.7	4                 14.39	30.9	0.67	0.763	0.308	0.522
1198	8                 14.23	31.3	0.717	0.823	0.329	0.51
1198.2	5                 14.03	30.2	0.746	0.831	0.415	0.61
1198.5	5                 12.16	29.4	0.749	0.82	0.407	0.554
1198.7	6                 11.17	30.7	0.733	0.812	0.376	0.55
1199	6                 13.42	29.9	0.706	0.804	0.326	0.541
1199.2	3                 13.49	27.4	0.679	0.78	0.278	0.5
1199.5	7                 13.55	26.7	0.665	0.763	0.283	0.514
1199.7	7                 15.51	28.2	0.66	0.76	0.253	0.515
1200	7                 17.00	27.5	0.647	0.742	0.257	0.498
1200.2	8                 15.24	28.6	0.627	0.718	0.209	0.403
1200.5	8                 11.85	29	0.619	0.729	0.225	0.448
1200.7	3                 10.88	29.8	0.616	0.72	0.212	0.414
1201	9                 9.78	26.5	0.604	0.705	0.176	0.33
1201.2	9                 9.15	26.3	0.602	0.684	0.214	0.373
1201.5	0                 11.19	26.8	0.588	0.679	0.187	0.361
1201.7	0                 13.86	27.8	0.586	0.686	0.188	0.359
1202	8                 16.02	29	0.576	0.702	0.09	0.383
1202.2	1                 17.65	29	0.58	0.698	0.12	0.403
1202.5	1                 15.60	28.2	0.569	0.709	0.08	0.493
1202.7	2                 15.13	27.1	0.569	0.714	0.085	0.545
1203	2                 21.07	26.1	0.573	0.7	0.13	0.522
1203.2	3                 17.99	25.2	0.559	0.672	0.156	0.509
1203.5	8                 17.21	24.9	0.537	0.658	0.05	42247
1203.7	3                 16.40	26.9	0.525	0.662	0.052	84495
1204	4                 13.22	32.6	0.524	0.667	0.059	67596
1204.2	4                 15.17	32.4	0.525	0.669	0.053	84495
1204.5	5                 22.61	29.2	0.535	0.677	0.064	84495
1204.7	5                 17.20	26.1	0.544	0.688	0.064	84495
1205	8                 17.13	27.9	0.577	0.699	0.118	0.364
1205.2	6                 17.02	28	0.621	0.715	0.315	0.567
1205.5	6                 17.79	27.9	0.658	0.696	0.575	0.681
1205.7	7                 18.17	29.4	0.656	0.69	0.543	0.657
1206	7                 22.81	27.7	0.655	0.687	0.529	0.638
1206.2	3                 19.69	27.5	0.655	0.682	0.531	0.62
1206.5	8                 16.73	32.1	0.655	0.678	0.534	0.61
1206.7	8                 15.11	29.2	0.637	0.678	0.515	0.671
1207	8                 14.95	27.1	0.624	0.669	0.468	0.683
1207.2	9                 14.20	24.8	0.628	0.654	0.431	0.643
1207.5	9                 12.85	27.9	0.655	0.657	0.449	0.653
1207.7	3                 13.57	24.4	0.707	0.721	0.505	0.723
1208	0                 14.52	26.3	0.845	0.883	0.66	0.781
1208.2	0                 15.30	31.9	0.931	0.992	0.829	0.912
1208.5	1                 17.13	60.2	0.971	1.022	0.929	0.971
1208.7	1                 16.86	90.3	1.054	1.041	1.004	0.944
1209	8                 18.66	101	6                   1.140	1.177	1.161	1.111
1209.2	2                 20.22	97.3	0.862	0.892	0.788	0.804
1209.5	2                 18.70	97.9	1.062	1.063	1.074	0.999
1209.7	3                 18.49	104	4                   0.682	0.657	0.631	0.601
1210	3                 20.10	61.5	0.634	0.614	0.608	0.581
1210.2	4                 24.88	65.2	0.597	0.576	0.573	0.554
1210.5	8                 21.85	37.2	0.598	0.58	0.573	0.519
1210.7	4                 18.25	34.7	0.611	0.614	0.565	0.524
1211	5                 11.25	34.8	0.625	0.571	0.595	0.588
1211.2	5                 12.32	33.8	0.628	0.656	0.597	0.604
1211.5	6                 16.93	31.6	0.622	0.65	0.542	0.557
1211.7	3                 20.18	30.4	0.616	0.653	0.471	0.506
1212	6                 22.77	30.8	0.618	0.674	0.498	0.554
1212.2	7                 26.86	30.4	0.614	0.668	0.512	0.533
1212.5	7                 21.60	27.2	0.604	0.633	0.496	0.448
1212.7	8                 17.71	32.4	0.594	0.597	0.488	0.432
1213	8                 14.50	30.8	0.588	0.576	0.463	0.436
1213.2	3                 14.92	30.7	0.59	0.567	0.463	0.413
1213.5	9                 15.38	33.7	0.603	0.566	0.478	0.411
1213.7	9                 14.51	37.9	0.619	0.57	0.479	0.38
1214	0                 14.51	42.1	0.632	0.58	0.507	0.39
1214.2	0                 14.97	53.1	0.672	0.62	0.524	0.388
1214.5	8                 15.86	62.7	0.688	0.651	0.587	0.459
1214.7	0                 16.50	74.5	0.707	0.687	0.659	0.549
1215	1                 17.81	101	2                   0.759	0.79	0.767	0.628
1215.2	1                 22.19	111	1                   0.802	0.866	0.776	0.66
1215.5	2                 31.89	117	2                   0.813	0.893	0.883	0.763
1215.7	2                 37.81	116	8                   0.834	0.938	0.89	0.832
1216	8                 41.69	120	6                   0.840	0.94	0.878	0.823
1216.2	3                 45.56	115	5                   0.843	0.937	0.876	0.816
1216.5	3                 45.85	119	8                   0.836	0.923	0.855	0.789
1216.7	4                 45.14	119	3                   0.827	0.908	0.85	0.778
1217	4                 45.02	114	6                   0.797	0.852	0.835	0.752
1217.2	5                 43.23	128	0                   0.774	0.818	0.698	0.607
1217.5	8                 44.16	131	8                   0.735	0.759	0.57	0.521
1217.7	5                 45.43	130	2                   0.724	0.742	0.521	0.472
1218	6                 44.55	103	7                   0.694	0.698	0.473	0.502
1218.2	6                 42.29	75.3	0.661	0.647	0.445	0.518
1218.5	7                 44.93	64	0.651	0.64	0.429	0.514
1218.7	3                 44.41	50.5	0.64	0.634	0.424	0.531
1219	7                 43.94	45.6	0.618	0.622	0.473	0.563
1219.2	8                 43.31	39.3	0.611	0.62	0.432	0.536
1219.5	8                 47.40	40.4	0.604	0.617	0.46	0.54
1219.7	9                 46.83	46.2	0.593	0.606	0.443	0.504
1220	9                 49.27	60.2	0.591	0.603	0.416	0.431
1220.2	3                 49.25	63.2	0.58	0.594	0.408	0.405
1220.5	0                 49.23	45.7	0.578	0.593	0.39	0.39
1220.7	0                 47.04	37.7	0.574	0.593	0.352	0.365
1221	1                 46.81	30.6	0.581	0.594	0.355	0.374
1221.2	1                 44.78	29.7	0.574	0.599	0.395	0.435
1221.5	8                 45.81	27.5	0.571	0.603	0.383	0.438
1221.7	1                 46.66	31.3	0.574	0.605	0.399	0.456
1222	2                 50.84	35.1	0.575	0.606	0.435	0.505
1222.2	2                 55.97	38.4	0.582	0.6	0.446	0.484
1222.5	3                 59.47	38.4	0.582	0.589	0.439	0.458
1222.7	3                 61.73	41.4	0.587	0.582	0.401	0.391
1223	8                 62.12	47.2	0.604	0.62	0.431	0.435
1223.2	4                 62.58	47.2	0.619	0.652	0.388	0.444
1223.5	4                 60.62	46.2	0.628	0.678	0.323	0.354
1223.7	5                 56.91	42.1	0.661	0.771	0.368	0.407
1224	5                 60.86	54	0.612	0.698	0.273	0.268
1224.2	3                 60.46	53.4	0.575	0.629	0.261	0.214
1224.5	6                 60.15	49.4	0.55	0.592	0.28	0.112
1224.7	6                 43.16	50	0.538	0.608	0.293	0.149
1225	7                 30.88	54.1	0.534	0.589	0.419	0.143
1225.2	7                 21.22	55.3	0.55	0.585	0.298	0.239
1225.5	8                 20.16	56.7	0.573	0.617	0.375	0.218
1225.7	3                 19.63	43.2	0.613	0.678	0.315	0.277
1226	8                 19.09	54.6	0.658	0.751	0.339	0.39
1226.2	9                 18.86	62.4	0.705	0.778	0.581	0.649
1226.5	9                 18.59	59.7	0.685	0.694	0.595	0.626
1226.7	0                 18.42	52.7	0.67	0.642	0.585	0.591
1227	0                 18.44	35.5	0.676	0.65	0.604	0.6
1227.2	3                 18.42	34	0.701	0.737	0.656	0.689
1227.5	1                 18.38	37	0.702	0.755	0.674	0.715
1227.7	1                 17.72	45.4	0.685	0.727	0.654	0.729
1228	2                 16.62	37.2	0.659	0.672	0.577	0.675
1228.2	2                 17.03	25.4	0.656	0.648	0.583	0.652
1228.5	8                 17.73	25.1	0.658	0.643	0.47	0.577
1228.7	3                 18.40	24.6	0.686	0.691	0.463	0.57
1229	3                 20.53	34.4	0.768	0.814	0.605	0.62
1229.2	3                 22.55	52.4	0.822	0.849	0.756	0.685
1229.5	4                 22.69	74.9	0.846	0.87	0.774	0.721
1229.7	4                 18.77	89.7	0.85	0.888	0.871	0.817
1230	8                 17.84	100	5                   0.793	0.826	0.766	0.746
1230.2	5                 16.62	95.1	0.733	0.702	0.65	0.623
1230.5	5                 16.37	42.1	0.679	0.669	0.56	0.552
1230.7	6                 17.20	25.1	0.663	0.665	0.565	0.566
1231	6                 18.03	27	0.65	0.659	0.572	0.57
1231.2	3                 18.59	28.3	0.646	0.633	0.558	0.512
1231.5	7                 19.08	29.2	0.646	0.65	0.557	0.517
1231.7	7                 18.50	36.5	0.643	0.682	0.552	0.608
1232	8                 18.21	30.9	0.629	0.669	0.496	0.548
1232.2	8                 18.36	25.6	0.613	0.649	0.444	0.478
1232.5	9                 18.86	24.6	0.602	0.639	0.442	0.48
1232.7	3                 18.98	25.4	0.586	0.62	0.442	0.447
1233	9                 19.11	25.8	0.567	0.601	0.399	0.388
1233.2	0                 18.98	26.9	0.552	0.579	0.383	0.374
1233.5	0                 18.40	28.3	0.541	0.568	0.38	0.258
1233.7	1                 18.27	34.1	0.534	0.569	0.408	0.31
1234	8                 18.08	40.1	0.527	0.575	0.387	0.307
1234.2	1                 17.94	39.8	0.521	0.571	0.338	0.249
1234.5	2                 17.66	35.9	0.519	0.553	0.335	0.179
1234.7	2                 17.50	34.1	0.518	0.549	0.379	0.275
1235	3                 19.72	34.2	0.515	0.559	0.33	0.225
1235.2	3                 18.75	34.8	0.543	0.553	0.511	0.507
1235.5	8                 19.85	31.1	0.54	0.546	0.502	0.5
1235.7	4                 21.05	30.1	0.536	0.542	0.488	0.487
1236	4                 23.67	30.9	0.534	0.543	0.464	0.459
1236.2	4                 27.13	28.8	0.513	0.556	0.289	0.258
1236.5	5                 27.03	29.7	0.521	0.563	0.286	0.286
1236.7	3                 26.45	29.9	0.536	0.554	0.304	0.271
1237	5                 26.03	27.5	0.556	0.557	0.303	0.271
1237.2	6                 23.77	30.3	0.567	0.578	0.316	0.301
1237.5	6                 21.84	29.1	0.589	0.613	0.362	0.384
1237.7	7                 20.83	32.5	0.635	0.703	0.388	0.46
1238	7                 19.31	40.6	0.701	0.778	0.536	0.517
1238.2	3                 18.63	53.9	0.698	0.727	0.599	0.569
1238.5	8                 17.96	76.9	0.644	0.669	0.491	2640
1238.7	8                 22.36	101	4                   0.659	0.685	0.473	0.558
1239	9                 28.59	60.6	0.655	0.703	0.446	0.554
1239.2	9                 35.91	36.7	0.661	0.723	0.487	0.598
1239.5	0                 33.47	25.3	0.656	0.715	0.427	0.541
1239.7	3                 31.86	25.3	0.637	0.719	0.409	0.544
1240	0                 29.64	24.8	0.62	0.712	0.365	0.496
1240.2	1                 14.56	24.3	0.603	0.658	0.356	0.366
1240.5	1                 11.96	29.8	0.57	0.61	0.319	0.306
1240.7	2                 14.84	32.1	0.541	0.591	0.248	0.197
1241	8                 16.36	37	0.526	0.581	0.229	0.145
1241.2	2                 17.76	40.6	0.518	0.58	0.278	0.089
1241.5	3                 18.50	46.6	0.528	0.596	0.294	0.196
1241.7	3                 20.33	48.2	0.539	0.594	0.311	0.274
1242	4                 17.95	39	0.527	0.597	0.26	0.152
1242.2	4                 17.69	41.2	0.524	0.599	0.295	0.073
1242.5	8                 18.05	42.7	0.54	0.616	0.206	0.11
1242.7	5                 18.51	43.3	0.543	0.634	0.174	0.13
1243	5                 18.90	36.9	0.547	0.636	0.181	0.15
1243.2	6                 19.76	33.7	0.539	0.632	0.155	0.13
1243.5	6                 21.19	32.9	0.539	0.642	0.128	0.134
1243.7	3                 22.78	34.5	0.542	0.645	0.154	0.129
1244	6                 24.11	35.7	0.534	0.639	0.165	0.076
1244.2	7                 25.80	35.3	0.536	0.633	0.156	0.068
1244.5	7                 27.08	33.9	0.532	0.636	0.127	0.108
1244.7	8                 25.79	34.5	0.526	0.619	0.131	0.083
1245	8                 18.53	36.6	0.525	0.6	0.168	0.064
1245.2	3                 17.04	40.2	0.529	0.605	0.158	0.071
1245.5	9                 15.32	40.4	0.539	0.623	0.159	0.097
1245.7	9                 16.66	40.8	0.548	0.653	0.162	0.096
1246	0                 18.06	41.7	0.556	0.661	0.178	0.075
1246.2	0                 19.81	55.3	0.568	0.664	0.217	0.13
1246.5	8                 20.45	65.9	0.573	0.635	0.247	0.19
1246.7	1                 20.94	68.8	0.564	0.615	0.273	0.21
1247	1                 21.34	50.9	0.563	0.615	0.3	0.277
1247.2	2                 21.36	43.5	0.554	0.622	0.23	0.206
1247.5	2                 21.30	45.8	0.552	0.631	0.275	0.21
1247.7	3                 20.55	47.3	0.558	0.633	0.25	0.182
1248	8                 20.26	47.4	0.551	0.634	0.25	0.171
1248.2	3                 19.96	47.5	0.549	0.627	0.24	0.18
1248.5	4                 18.19	51.5	0.541	0.616	0.224	0.153
1248.7	4                 17.38	50.3	0.534	0.602	0.2	0.117
1249	5                 18.02	50.6	0.545	0.596	0.211	0.138
1249.2	3                 20.34	48.7	0.541	0.6	0.243	0.2
1249.5	5                 21.96	43.9	0.554	0.596	0.324	0.306
1249.7	6                 29.52	45.1	0.544	0.597	0.263	0.23
1250	6                 35.36	47.1	0.542	0.595	0.227	0.174
1250.2	7                 43.87	46.1	0.539	0.595	0.219	0.161
1250.5	7                 43.37	43.2	0.541	0.591	0.209	0.138
1250.7	3                 40.87	43.8	0.545	0.59	0.224	0.154
1251	7                 38.47	43	0.579	0.586	0.39	0.349
1251.2	8                 37.70	47.2	0.574	0.595	0.325	0.277
1251.5	8                 38.43	48.4	0.61	0.597	0.421	0.398
1251.7	9                 40.82	51.5	0.64	0.607	0.572	0.559
1252	9                 45.24	49.3	0.66	0.62	0.567	0.55
1252.2	3                 45.20	49.3	0.668	0.633	0.546	0.529
1252.5	0                 45.15	47.8	0.684	0.673	0.506	0.454
1252.7	0                 48.38	51.7	0.718	0.727	0.499	0.455
1253	1                 47.24	52.5	0.702	0.716	0.51	0.458
1253.2	1                 45.41	55.3	0.775	0.822	0.679	0.668
1253.5	8                 45.12	57.9	0.809	0.877	0.671	0.667
1253.7	2                 44.86	65.2	0.809	0.883	0.641	0.651
1254	2                 47.09	65.9	0.811	0.894	0.656	0.684
1254.2	3                 42.06	70.4	0.845	0.938	0.706	0.777
1254.5	3                 41.23	72.9	0.881	0.972	0.712	0.841
1254.7	4                 41.31	78.9	0.879	0.973	0.628	0.772
1255	8                 42.03	83.7	0.911	0.925	0.836	0.787
1255.2	4                 42.89	85.7	0.932	0.915	0.733	0.741
1255.5	5                 44.00	88.7	0.934	0.909	0.869	0.812
1255.7	5                 47.47	85.1	0.924	0.902	0.803	0.768
1256	6                 48.65	81.5	0.929	0.895	0.826	0.773
1256.2	3                 43.43	80.5	0.936	0.865	0.897	0.791
1256.5	6                 39.25	77.4	0.936	0.865	0.881	0.773
1256.7	7                 40.46	77.8	0.936	0.857	0.851	0.751
1257	7                 41.59	68.7	0.925	0.855	0.815	0.743
1257.2	8                 45.05	71.4	0.912	0.863	0.798	0.751
1257.5	8                 47.94	76	0.916	0.861	0.779	0.711
1257.7	3                 49.64	75.8	0.957	0.913	0.835	0.803
1258	9                 51.50	79.3	1.002	0.969	0.947	0.853
1258.2	9                 56.16	73.5	1.011	0.973	0.944	0.856
1258.5	9                 60.81	85.5	0.969	1.025	0.969	0.97
1258.7	0                 47.02	93.6	0.864	0.872	0.856	0.833
1259	8                 39.84	94.1	0.76	0.714	0.736	0.645
1259.2	0                 34.58	79	0.661	0.629	0.65	0.548
1259.5	1                 20.82	64.1	0.598	0.565	0.578	0.505
1259.7	1                 14.75	62.4	0.568	0.561	0.558	0.449
1260	2                 13.94	48.8	0.557	0.547	0.553	0.465
1260.2	2                 13.01	53	0.547	0.546	0.541	0.417
1260.5	8                 12.85	44.5	0.545	0.546	0.538	0.417
1260.7	3                 12.69	38.9	0.551	0.547	0.549	0.426
1261	3                 12.82	43	0.559	0.542	0.554	0.426
1261.2	4                 13.20	45.3	0.577	0.545	0.545	0.437
1261.5	4                 13.53	44.6	0.615	0.581	0.559	0.466
1261.7	5                 12.89	45.8	0.686	0.691	0.704	0.606
1262	8                 12.50	52.7	0.758	0.759	0.749	0.658
1262.2	5                 11.97	68.2	0.788	0.774	0.719	0.645
1262.5	6                 12.41	79.2	0.818	0.816	0.764	0.703
1262.7	6                 14.66	78.2	0.829	0.831	0.785	0.717
1263	7                 16.73	83.3	0.828	0.829	0.766	0.693
1263.2	3                 17.31	86.8	0.813	0.788	0.754	0.665
1263.5	7                 17.85	86.6	0.777	0.761	0.644	0.602
1263.7	8                 18.35	79.2	0.746	0.767	0.555	0.549
1264	8                 17.93	68.1	0.728	0.653	0.541	0.506
1264.2	9                 17.58	66.8	0.701	0.758	0.537	0.521
1264.5	9                 18.05	70.2	0.656	0.673	0.427	0.387
1264.7	3                 18.08	67.4	0.636	0.651	0.371	0.336
1265	0                 18.12	68	0.649	0.689	0.519	0.494
1265.2	0                 18.03	80.1	0.633	0.692	0.326	0.277
1265.5	1                 17.58	74.7	0.636	0.686	0.291	0.268
1265.7	1                 17.59	72.7	0.632	0.693	0.331	0.346
1266	8                 17.80	80.7	0.618	0.678	0.248	0.26
1266.2	1                 17.97	57.1	0.642	0.71	0.262	0.356
1266.5	2                 17.98	35.8	0.66	0.765	0.25	0.464
1266.7	2                 17.45	30.9	0.658	0.787	0.239	0.537
1267	3                 17.14	26.5	0.664	0.785	0.252	0.67
1267.2	3                 16.53	25.6	0.651	0.77	0.211	0.631
1267.5	8                 16.81	24.5	0.634	0.722	0.272	0.851
1267.7	4                 17.13	27.1	0.606	0.725	0.295	0.899
1268	4                 15.56	29.9	0.611	0.742	0.312	0.865
1268.2	5                 13.98	34	0.609	0.724	0.338	0.817
1268.5	5                 12.47	24	0.607	0.67	0.306	0.601
1268.7	3                 11.92	24.7	0.609	0.66	0.285	0.46
1269	6                 11.50	25.8	0.605	0.674	0.341	0.473
1269.2	6                 11.76	27.8	0.597	0.663	0.348	0.497
1269.5	7                 6.99	25.9	0.582	0.645	0.303	0.407
1269.7	7                 14.16	22.9	0.577	0.609	0.348	0.397
1270	8                 22.53	27.7	0.577	0.602	0.416	0.419
1270.2	3                 24.29	23.4	0.599	0.602	0.563	0.561
1270.5	8                 26.13	22.9	0.577	0.62	0.43	0.457
1270.7	9                 26.34	23.8	0.551	0.632	0.235	0.235
1271	9                 26.68	22.2	0.555	0.629	0.271	0.232
1271.2	0                 26.58	21.7	0.561	0.627	0.279	0.248
1271.5	8                 26.38	22.6	0.558	0.621	0.313	0.289
1271.7	0                 26.23	24.8	0.554	0.612	0.296	0.205
1272	1                 26.57	23.1	0.567	0.616	0.364	0.245
1272.2	1                 26.60	26.9	0.571	0.512	0.357	0.256
1272.5	2                 26.71	32.9	0.577	0.617	0.346	0.282
1272.7	2                 27.43	32	0.574	0.524	0.329	0.233
1273	8                 26.34	34.6	0.583	0.632	0.355	0.228
1273.2	2                 25.28	41.2	0.594	0.656	0.405	0.321
1273.5	3                 25.58	39.9	0.583	0.656	0.341	0.323
1273.7	3                 18.52	32.5	0.566	0.623	0.273	0.263
1274	4                 14.77	28.9	0.556	0.612	0.281	0.264
1274.2	4                 13.79	26.5	0.569	0.605	0.275	0.279
1274.5	8                 15.01	24.8	0.569	0.602	0.347	0.357
1274.7	5                 16.62	25.6	0.56	0.609	0.37	0.392
1275	5                 19.85	21.3	0.564	0.595	0.41	0.409
1275.2	6                 24.00	25.7	0.569	0.591	0.419	0.415
1275.5	6                 23.86	25.2	0.569	0.591	0.422	0.426
1275.7	3                 26.10	25.9	0.585	0.586	0.556	0.55
1276	7                 28.08	24.7	0.586	0.585	0.571	0.565
1276.2	7                 34.77	25.4	0.586	0.584	0.568	0.568
1276.5	8                 48.57	27.3	0.584	0.583	0.563	0.561
1276.7	8                 54.05	23.4	0.585	0.582	0.566	0.56
1277	9                 59.55	26.1	0.582	0.581	0.568	0.566
1277.2	3                 61.57	26.6	0.578	0.584	0.566	0.579
1277.5	9                 64.01	25.2	0.577	0.582	0.562	0.583
1277.7	0                 60.73	25.3	0.577	0.584	0.56	0.593
1278	0                 59.18	26.6	0.575	0.583	0.557	0.58
1278.2	1                 60.64	24.3	0.578	0.569	0.564	0.55
1278.5	8                 59.83	26.6	0.579	0.568	0.567	0.55
1278.7	1                 59.18	26.2	0.578	0.571	0.554	0.543
1279	2                 60.94	25.4	0.574	0.573	0.5	0.509
1279.2	2                 58.80	28	0.567	0.579	0.476	0.485
1279.5	3                 59.09	25.6	0.57	0.581	0.493	0.512
1279.7	3                 61.21	26	0.568	0.592	0.474	0.521
1280	8                 60.05	24.4	0.562	0.597	0.436	0.499
1280.2	4                 58.77	24.9	0.561	0.6	0.429	0.503
1280.5	4                 63.55	24	0.564	0.605	0.454	0.539
1280.7	4                 62.79	23.8	0.564	0.608	0.432	0.529
1281	5                 62.54	27.7	0.563	0.605	0.459	0.548
1281.2	3                 64.46	23	0.575	0.601	0.474	0.522
1281.5	5                 65.88	24.2	0.578	0.586	0.458	0.483
1281.7	6                 61.25	27.6	0.595	0.582	0.483	0.494
1282	6                 61.06	24.2	0.585	0.587	0.47	0.49
1282.2	7                 59.59	25.9	0.608	0.594	0.525	0.549
1282.5	7                 59.49	26.7	0.616	0.603	0.486	0.508
1282.7	3                 62.44	26.4	0.634	0.613	0.571	0.586
1283	8                 65.43	34.5	0.666	0.678	0.619	0.677
1283.2	8                 60.76	55	0.675	0.71	0.599	0.649
1283.5	9                 61.64	69.2	0.685	0.726	0.616	0.633
1283.7	9                 64.61	78.5	0.721	0.763	0.722	0.642
1284	0                 45.47	79.4	0.719	0.729	0.694	0.613
1284.2	3                 45.28	84.9	0.663	0.647	0.58	0.478
1284.5	0                 45.02	90.7	0.64	0.65	0.599	0.49
1284.7	1                 39.34	106	9                   0.614	0.606	0.549	0.425
1285	1                 39.27	86.8	0.607	0.596	0.544	0.458
1285.2	2                 37.19	58.6	0.633	0.646	0.614	0.499
1285.5	7                 32.58	55.4	0.645	0.688	0.653	0.579
1285.7	2                 28.31	57.9	0.612	0.604	0.536	0.42
1286	3                 20.22	74.4	0.595	0.603	0.536	0.461
1286.2	3                 13.52	51.8	0.567	0.575	0.473	0.322
1286.5	4                 10.85	45.6	0.55	0.585	0.409	0.323
1286.7	4                 11.06	47	0.555	0.594	0.406	0.278
1287	7                 11.09	32.4	0.55	0.601	0.361	0.222
1287.2	5                 11.13	31.7	0.548	0.593	0.328	0.237
1287.5	5                 11.84	31.9	0.547	0.6	0.328	0.185
1287.7	5                 11.76	29.7	0.551	0.62	0.319	0.199
1288	6                 11.16	32.1	0.546	0.625	0.287	0.194
1288.2	2                 10.74	31.9	0.537	0.599	0.282	0.157
1288.5	6                 10.38	29.2	0.544	0.601	0.29	0.192
1288.7	7                 9.86	30.1	0.546	0.605	0.256	0.185
1289	7                 9.25	29.7	0.54	0.609	0.219	0.133
1289.2	8                 9.08	31.7	0.545	0.636	0.171	0.166
1289.5	8                 10.04	39.4	0.546	0.636	0.175	0.143
1289.7	2                 10.50	38	0.542	0.634	0.186	0.167
1290	9                 11.03	33.2	0.542	0.63	0.198	0.222
1290.2	9                 12.17	28.3	0.548	0.654	0.199	0.24
1290.5	0                 12.96	28.3	0.537	0.63	0.115	0.143
1290.7	0                 13.05	28.5	0.526	0.608	0.111	0.139
1291	7                 12.86	35.9	0.514	0.618	0.098	31689
1291.2	1                 12.72	40.3	0.522	0.649	0.083	48282
1291.5	1                 15.32	42.8	0.521	0.663	0.087	56330
1291.7	2                 14.28	30.2	0.517	0.641	0.1	63371
1292	2                 12.20	32.8	0.524	0.645	0.107	36228
1292.2	3                 11.40	40.3	0.519	0.643	0.12	42250
1292.5	7                 11.32	40.2	0.509	0.634	0.107	36217
1292.7	3                 11.23	34.7	0.522	0.624	0.128	4.238
1293	4                 11.36	34.2	0.514	0.625	0.114	56330
1293.2	4                 12.43	36.8	0.506	0.626	0.212	84495
1293.5	5                 12.06	37.1	0.542	0.599	0.23	0.198
1293.7	2                 12.19	40.4	0.561	0.597	0.271	0.268
1294	5                 12.28	42.7	0.568	0.616	0.299	0.33
1294.2	6                 12.06	41.2	0.59	0.69	0.257	12999
1294.5	6                 14.70	40.9	0.648	0.7	0.556	0.671
1294.7	7                 19.98	37.6	0.67	0.726	0.595	0.737
1295	7                 24.98	31.2	0.673	0.72	0.628	0.722
1295.2	2                 27.57	27.3	0.673	0.717	0.661	0.743
1295.5	7                 30.09	22.2	0.674	0.724	0.649	0.757
1295.7	8                 32.35	22.5	0.653	0.737	0.486	0.741
1296	8                 26.47	19.3	0.629	0.775	0.271	0.991
1296.2	9                 30.67	22.5	0.689	0.777	0.395	0.73
1296.5	9                 29.75	23.5	0.715	0.81	0.51	0.725
1296.7	2                 30.66	24.8	0.714	0.798	0.494	0.683
1297	0                 31.86	24	0.691	0.785	0.408	0.611
1297.2	0                 29.43	25	0.665	0.724	0.405	0.574
1297.5	1                 26.01	24.4	0.647	0.694	0.361	0.501
1297.7	1                 28.20	24.1	0.648	0.692	0.363	0.496
1298	7                 25.87	25.9	0.658	0.691	0.462	0.549
1298.2	2                 23.80	23.8	0.661	0.703	0.434	0.496
1298.5	2                 33.22	27.7	0.684	0.748	0.506	0.533
1298.7	3                 29.69	28.9	0.684	0.767	0.572	0.59
1299	3                 28.17	45.4	0.667	0.706	0.548	0.486
1299.2	4                 27.74	46.3	0.641	0.642	0.488	0.457
1299.5	7                 28.07	36.5	0.619	0.616	0.455	0.438
1299.7	4                 28.47	28.2	0.624	0.6	0.498	0.407
1300	5                 27.10	30.1	0.628	0.619	0.493	0.41
1300.2	5                 27.00	30	0.643	0.677	0.523	0.578
1300.5	6                 26.92	26	0.665	0.701	0.486	0.578
1300.7	2                 26.75	26.9	0.667	0.71	0.456	0.528
1301	6                 26.60	27.4	0.666	0.724	0.47	0.51
1301.2	7                 25.90	25.5	0.689	0.732	0.532	0.55
1301.5	7                 26.28	25.3	0.695	0.735	0.572	0.581
1301.7	8                 26.70	24.2	0.693	0.739	0.541	0.578
1302	8                 26.82	27	0.728	0.737	0.614	0.662
1302.2	2                 29.59	26.8	0.736	0.76	0.576	0.645
1302.5	8                 32.68	25.3	0.736	0.764	0.555	0.637
1302.7	9                 49.49	26.6	0.737	0.769	0.596	0.683
1303	9                 54.41	26.8	0.765	0.801	0.67	0.718
1303.2	0                 70.45	23.5	0.766	0.819	0.648	0.717
1303.5	7                 76.43	27.6	0.772	0.822	0.622	0.713
1303.7	0                 80.85	28.1	0.776	0.818	0.639	0.725
1304	1                 75.55	23.8	0.775	0.81	0.627	0.711
1304.2	1                 88.32	29.4	0.772	0.809	0.597	0.695
1304.5	2                 59.30	27.2	0.764	0.813	0.582	0.688
1304.7	2                 59.03	26.9	0.765	0.808	0.572	0.679
1305	7                 60.30	28.6	0.76	0.802	0.574	0.666
1305.2	3                 61.59	29.4	0.763	0.792	0.593	0.669
1305.5	3                 62.20	29.1	0.757	0.796	0.56	0.654
1305.7	4                 68.79	29.4	0.756	0.8	0.525	0.644
1306	4                 88.71	31.3	0.754	0.807	0.602	0.698
1306.2	5                 93.96	32.8	0.743	0.818	0.586	0.696
1306.5	7                 87.49	29.3	0.742	0.818	0.576	0.687
1306.7	5                 78.45	27.5	0.726	0.813	0.478	0.622
1307	6                 72.21	26.6	0.721	0.796	0.484	0.608
1307.2	6                 71.52	26.9	0.705	0.78	0.423	0.573
1307.5	7                 69.87	28.9	0.693	0.736	0.398	0.515
1307.7	2                 70.96	29	0.684	0.725	0.385	0.509
1308	7                 71.97	28.7	0.669	0.725	0.307	0.453
1308.2	8                 76.33	26.8	0.662	0.712	0.323	0.461
1308.5	8                 72.19	28.7	0.646	0.703	0.388	0.484
1308.7	9                 76.88	23.8	0.64	0.7	0.33	0.41
1309	9                 72.60	27.7	0.643	0.682	0.448	0.503
1309.2	2                 71.72	28.7	0.629	0.685	0.337	0.418
1309.5	0                 70.59	27.9	0.614	0.684	0.309	0.412
1309.7	0                 72.77	27	0.602	0.663	0.321	0.402
1310	0                 68.01	26.4	0.581	0.641	0.28	0.311
1310.2	1                 72.37	29.4	0.564	0.618	0.238	0.258
1310.5	7                 69.62	29.8	0.555	0.618	0.23	0.307
1310.7	1                 67.29	26.3	0.539	0.622	0.174	0.174
1311	2                 70.84	25.2	0.537	0.62	0.203	0.216
1311.2	2                 50.65	28	0.545	0.631	0.148	0.15
1311.5	3                 52.15	26.9	0.541	0.58	0.146	0.14
1311.7	3                 48.70	26.4	0.536	0.642	0.117	12070
1312	7                 43.14	25.2	0.558	0.671	0.164	0.172
1312.2	4                 36.66	26.1	0.547	0.637	0.142	28165
1312.5	4                 25.26	27.5	0.539	0.616	0.132	0.133
1312.7	5                 14.69	36.9	0.532	0.593	0.178	0.183
1313	5                 15.78	43.8	0.519	0.623	0.099	0.19
1313.2	2                 14.28	35.9	0.525	0.607	0.164	0.341
1313.5	6                 13.12	25.7	0.555	0.618	0.207	0.454
1313.7	6                 11.43	25.4	0.573	0.657	0.259	0.589
1314	7                 12.04	25	0.578	0.684	0.313	0.699
1314.2	7                 12.18	24.6	0.592	0.72	0.314	0.834
1314.5	8                 13.30	25	0.589	0.737	0.218	1.043
1314.7	2                 13.67	21.7	0.611	0.726	0.349	0.873
1315	8                 14.05	24.2	0.632	0.679	0.438	0.689
1315.2	9                 11.00	22.5	0.631	0.656	0.362	0.519
1315.5	9                 9.32	31	0.644	0.685	0.369	0.486
1315.7	0                 9.69	35.3	0.667	0.707	0.489	0.577
1316	7                 11.69	37.6	0.679	0.698	0.458	0.5
1316.2	0                 13.10	57.3	0.704	0.717	0.511	0.508
1316.5	1                 13.79	48	0.721	0.789	0.622	0.593
1316.7	1                 16.47	64.4	0.725	0.745	0.595	0.645
1317	1                 15.73	64.8	0.722	0.757	0.647	0.701
1317.2	2                 15.93	50.4	0.702	0.751	0.654	0.635
1317.5	7                 16.04	59.8	0.657	0.66	0.483	0.572
1317.7	2                 16.16	55.2	0.623	0.627	0.44	0.613
1318	3                 16.53	32	0.659	0.634	0.562	0.594
1318.2	3                 16.82	27.9	0.714	0.726	0.643	0.702
1318.5	4                 17.74	32.1	0.774	0.822	0.746	0.772
1318.7	4                 18.03	48.5	0.788	0.836	0.728	0.825
1319	7                 18.11	61.9	0.784	0.818	0.746	0.763
1319.2	5                 18.22	61.9	0.767	0.756	0.677	0.628
1319.5	5                 18.26	62.9	0.741	0.749	0.612	0.664
1319.7	6                 18.30	57.7	0.735	0.756	0.678	0.71
1320	6                 18.01	46.4	0.729	0.693	0.642	0.574
1320.2	2                 16.03	66.3	0.725	0.715	0.691	0.691
1320.5	7                 14.26	48	0.738	0.695	0.691	0.608
1320.7	7                 13.20	69.4	0.745	0.709	0.695	0.655
1321	8                 13.59	59.4	0.769	0.717	0.717	0.654
1321.2	8                 15.09	68.6	0.797	0.839	0.815	0.798
1321.5	9                 16.37	68.7	0.803	0.842	0.82	0.804
1321.7	2                 16.74	79.7	0.788	0.778	0.728	0.694
1322	9                 17.21	72.2	0.775	0.792	0.731	0.681
1322.2	0                 16.52	71.1	0.743	0.8	0.772	0.717
1322.5	0                 16.54	79.5	0.683	0.708	0.608	0.64
1322.7	1                 15.93	73.4	0.633	0.598	0.577	0.515
1323	7                 16.22	41	0.608	0.578	0.586	0.535
1323.2	1                 16.46	48.1	0.601	0.579	0.584	0.521
1323.5	2                 16.42	55	0.598	0.591	0.596	0.555
1323.7	2                 16.39	65.9	0.595	0.592	0.598	0.543
1324	2                 16.86	75	0.568	0.561	0.554	0.536
1324.2	3                 17.19	68.5	0.581	0.589	0.52	0.52
1324.5	7                 16.48	44.9	0.667	0.683	0.574	0.605
1324.7	3                 15.69	30.3	0.612	0.579	0.6	0.542
1325	4                 15.36	39.3	0.602	0.577	0.579	0.525
1325.2	4                 14.50	42.8	0.599	0.577	0.585	0.523
1325.5	5                 13.34	66	0.598	0.576	0.578	0.51
1325.7	2                 11.58	62.7	0.597	0.576	0.573	0.502
1326	5                 10.28	70.7	0.599	0.577	0.562	0.483
1326.2	6                 10.36	72.6	0.599	0.579	0.566	0.489
1326.5	6                 15.06	72.9	0.598	0.584	0.574	0.501
1326.7	7                 24.21	73.6	0.597	0.586	0.58	0.509
1327	7                 69.38	73.6	0.596	0.588	0.613	0.538
1327.2	2                 93.82	73.7	0.592	0.587	0.597	0.537
1327.5	8                 118.7	9                  64.4	0.588	0.586	0.576	0.536
1327.7	8                 160.7	3                  44.8	0.582	0.592	0.608	0.532
1328	9                 181.4	8                  39.9	0.567	0.562	0.584	0.529
1328.2	9                 188.0	8                  34.8	0.54	0.533	0.539	0.526
1328.5	0                 184.2	8                  33.2	0.542	0.536	0.51	0.484
1328.7	2                 184.4	5                  28.4	0.564	0.557	0.551	0.504
1329	0                 184.6	9                  31.1	0.573	0.57	0.552	0.507
1329.2	1                 149.7	1                  38.2	0.578	0.564	0.566	0.507
1329.5	1                 127.5	1                  52.5	0.582	0.57	0.572	0.545
1329.7	2                 100.3	0                  45.5	0.584	0.561	0.573	0.524
1330	7                 95.24	50.7	0.583	0.57	0.584	0.551
1330.2	2                 90.51	56	0.584	0.571	0.582	0.548
1330.5	3                 90.51	50.7	0.585	0.573	0.579	0.542
1330.7	3                 88.30	59.8	0.586	0.575	0.576	0.537
1331	3                 88.23	61.7	0.588	0.576	0.582	0.544
1331.2	4                 89.31	64.5	0.589	0.577	0.587	0.55
1331.5	7                 98.50	66.3	0.591	0.581	0.582	0.537
1331.7	4                 110.2	8                  66.7	0.592	0.584	0.58	0.528
1332	5                 141.0	4                  66.8	0.594	0.591	0.596	0.561
1332.2	5                 142.6	3                  61.2	0.594	0.591	0.596	0.56
1332.5	6                 167.8	2                  58.5	0.596	0.591	0.597	0.558
1332.7	2                 169.3	0                  61.1	0.597	0.591	0.597	0.556
1333	6                 170.5	6                  60.4	0.598	0.585	0.594	0.544
1333.2	7                 191.0	0                  59.2	0.599	0.579	0.591	0.533
1333.5	7                 183.6	9                  58.5	0.6	0.585	0.597	0.54
1333.7	8                 178.9	9                  58.5	0.603	0.593	0.603	0.548
1334	8                 184.4	1                  58.4	0.605	0.6	0.609	0.559
1334.2	2                 184.8	4                  60.1	0.61	0.612	0.617	0.576
1334.5	9                 185.3	4                  61.5	0.614	0.606	0.615	0.565
1334.7	9                 183.3	6                  62.4	0.62	0.596	0.612	0.549
1335	0                 191.0	1                  63.4	0.625	0.602	0.613	0.538
1335.2	0                 185.9	4                  61.8	0.631	0.608	0.613	0.527
1335.5	7                 191.6	0                  59.9	0.635	0.62	0.625	0.549
1335.7	1                 196.0	1                  63.3	0.637	0.626	0.631	0.559
1336	1                 189.9	9                  66.6	0.648	0.637	0.641	0.577
1336.2	2                 198.9	1                  70.5	0.661	0.659	0.664	0.61
1336.5	2                 194.0	3                  72.2	0.666	0.663	0.671	0.619
1336.7	3                 195.4	4                  70.5	0.671	0.667	0.677	0.628
1337	7                 194.8	7                  69.5	0.678	0.688	0.688	0.664
1337.2	3                 194.2	6                  68.2	0.685	0.698	0.709	0.667
1337.5	4                 150.8	0                  67.3	0.682	0.687	0.7	0.656
1337.7	4                 151.9	5                  66.6	0.678	0.673	0.688	0.64
1338	4                 127.1	1                  66.6	0.666	0.64	0.668	0.618
1338.2	2                 131.7	0                  64.7	0.666	0.624	0.639	0.588
1338.5	5                 134.9	7                  62.3	0.667	0.62	0.637	0.561
1338.7	5                 131.7	6                  67.1	0.666	0.642	0.649	0.596
1339	6                 117.8	6                  65.6	0.667	0.651	0.663	0.619
1339.2	6                 121.7	8                  72.9	0.668	0.667	0.687	0.66
1339.5	7                 116.1	3                  65.9	0.669	0.662	0.681	0.653
1339.7	2                 114.2	6                  64.0	0.677	0.631	0.658	0.59
1340	7                 112.4	3                  61.3	0.681	0.641	0.665	0.598
1340.2	8                 106.5	3                  63.2	0.693	0.666	0.69	0.65
1340.5	8                 106.9	3                  71.3	0.723	0.705	0.729	0.682
1340.7	9                 118.6	2                  75.3	0.776	0.751	0.774	0.72
1341	9                 105.2	2                  81.1	0.84	0.815	0.844	0.787
1341.2	2                 98.29	82.8	0.893	0.841	0.868	0.78
1341.5	0                 88.97	86.1	0.944	0.926	0.958	0.902
1341.7	0                 73.70	89.5	0.96	0.935	0.97	0.912
1342	1                 59.32	85.7	0.964	0.901	0.953	0.844
1342.2	1                 50.50	87.3	0.954	0.911	0.947	0.884
1342.5	7                 46.43	93.2	0.947	0.884	0.928	0.845
1342.7	2                 42.79	88.9	0.943	0.882	0.922	0.842
1343	2                 36.07	90.6	0.948	0.889	0.936	0.846
1343.2	3                 30.61	87.5	0.952	0.894	0.936	0.848
1343.5	3                 30.79	87.2	0.952	0.901	0.943	0.855
1343.7	4                 29.82	91	0.954	0.907	0.951	0.869
1344	7                 29.89	87.1	0.949	0.903	0.942	0.868
1344.2	4                 29.98	90.7	0.944	0.888	0.933	0.844
1344.5	5                 32.65	89.1	0.939	0.884	0.917	0.849
1344.7	5                 34.97	88.4	0.936	0.881	0.918	0.836
1345	5                 40.44	92.2	0.938	0.882	0.921	0.842
1345.2	2                 43.90	87.7	0.937	0.894	0.928	0.853
1345.5	6                 46.73	93	0.937	0.889	0.924	0.864
1345.7	6                 47.38	91.5	0.94	0.875	0.923	0.819
1346	7                 47.86	89.9	0.939	0.887	0.93	0.844
1346.2	7                 44.92	87	0.94	0.889	0.938	0.837
1346.5	8                 45.58	89.9	0.935	0.89	0.928	0.853
1346.7	2                 46.19	91.7	0.927	0.871	0.918	0.832
1347	8                 46.88	86.9	0.918	0.861	0.905	0.814
1347.2	9                 51.14	94.9	0.912	0.863	0.908	0.824
1347.5	9                 52.26	94.4	0.905	0.848	0.898	0.815
1347.7	0                 51.36	89.5	0.9	0.808	0.87	0.76
1348	7                 54.44	92.6	0.898	0.8	0.824	0.729
1348.2	0                 56.74	85.8	0.908	0.834	0.871	0.784
1348.5	1                 60.47	95.9	0.941	0.868	0.907	0.802
1348.7	1                 63.17	86.5	0.966	0.894	0.938	0.834
1349	2                 61.30	95.5	0.979	0.926	0.928	0.836
1349.2	2                 62.99	93.1	1.019	0.967	0.979	0.896
1349.5	7                 62.03	93.4	1.052	0.993	1.005	0.899
1349.7	3                 61.05	91.2	1.069	1.011	0.999	0.912
1350	3                 62.53	97	1.099	1.038	1.05	0.96
1350.2	4                 65.24	99.3	1.119	1.077	1.08	1.011
1350.5	4                 65.88	96.9	1.144	1.072	1.093	1.017
1350.7	5                 65.12	91.2	1.143	1.074	1.078	0.974
1351	7                 66.04	96.1	1.13	1.087	1.08	0.977
1351.2	5                 67.35	82	1.097	1.13	1.1	1.086
1351.5	6                 74.87	76	1.06	1.113	1.076	1.07
1351.7	6                 82.56	63.1	0.978	1.027	0.976	0.959
1352	6                 85.76	65.5	0.858	0.822	0.887	0.823
1352.2	2                 87.10	47.4	0.77	0.72	0.669	0.618
1352.5	7                 88.37	36	0.732	0.704	0.665	0.645
1352.7	7                 91.15	28.2	0.703	0.692	0.662	0.665
1353	8                 95.89	26.5	0.655	0.683	0.634	0.69
1353.2	8                 88.68	24.1	0.625	0.628	0.581	0.625
1353.5	9                 88.62	23.1	0.599	0.589	0.517	0.544
1353.7	2                 90.22	21.8	0.615	0.612	0.547	0.565
1354	9                 92.27	22.6	0.654	0.716	0.563	0.699
1354.2	0                 104.8	4                  25.4	0.684	0.743	0.651	0.697
1354.5	0                 109.2	0                  22.8	0.677	0.724	0.589	0.679
1354.7	1                 101.3	0                  26.9	0.669	0.666	0.581	0.615
1355	7                 97.24	24.2	0.717	0.731	0.718	0.684
1355.2	1                 93.76	23.4	0.752	0.77	0.771	0.637
1355.5	2                 86.07	25.2	0.75	0.768	0.712	0.616
1355.7	2                 81.45	26.5	0.712	0.729	0.603	0.636
1356	3                 79.01	22	0.626	0.691	0.469	0.742
1356.2	3                 70.85	21.1	0.603	0.666	0.416	0.728
1356.5	7                 63.07	23.5	0.592	0.667	0.408	0.766
1356.7	4                 53.92	21.9	0.589	0.639	0.457	0.681
1357	4                 41.54	23.3	0.586	0.624	0.391	0.627
1357.2	5                 34.26	23.1	0.579	0.634	0.368	0.593
1357.5	5                 34.54	22.5	0.598	0.654	0.376	0.642
1357.7	2                 36.85	22	0.604	0.675	0.359	0.648
1358	6                 38.67	22.4	0.635	0.693	0.386	0.642
1358.2	6                 53.87	21	0.62	0.7	0.371	0.697
1358.5	7                 55.18	23	0.645	0.722	0.439	0.752
1358.7	7                 59.46	31.8	0.669	0.746	0.452	0.752
1359	7                 62.48	49	0.682	0.759	0.458	0.752
1359.2	2                 63.97	59	0.695	0.757	0.482	0.697
1359.5	8                 65.57	50	0.704	0.755	0.501	0.655
1359.7	8                 64.41	45.7	0.704	0.755	0.53	0.638
1360	9                 70.40	38.6	0.703	0.755	0.559	0.621
1360.2	9                 91.33	34.2	0.703	0.754	0.575	0.612
1360.5	7                 86.10	30.6	0.699	0.74	0.526	0.579
1360.7	0                 82.36	27.8	0.696	0.73	0.494	0.556
1361	0                 76.51	25	0.695	0.724	0.475	0.543
1361.2	1                 170.9	6                  21.9	0.686	0.727	0.477	0.645
1361.5	1                 201.8	3                  18.6	0.678	0.729	0.479	0.737
1361.7	2                 212.5	7                  20.1	0.679	0.735	0.482	0.735
1362	7                 218.1	5                  21.8	0.68	0.744	0.486	0.732
1362.2	2                 223.6	4                  23.4	0.68	0.749	0.489	0.729
1362.5	3                 235.4	3                  23.2	0.669	0.729	0.476	0.645
1362.7	3                 289.5	4                  23.0	0.665	0.711	0.432	0.547
1363	4                 287.8	1                  22.9	0.667	0.706	0.437	0.546
1363.2	4                 284.7	3                  19.7	0.669	0.7	0.441	0.545
1363.5	7                 278.5	6                  24.5	0.663	0.696	0.416	0.561
1363.7	5                 270.2	2                  22.6	0.657	0.696	0.469	0.609
1364	5                 215.5	6                  20.8	0.653	0.696	0.456	0.607
1364.2	6                 181.9	8                  21.0	0.648	0.695	0.44	0.604
1364.5	6                 133.7	5                  21.6	0.644	0.694	0.426	0.602
1364.7	2                 129.5	4                  21.1	0.643	0.687	0.419	0.578
1365	7                 125.7	4                  20.4	0.643	0.681	0.412	0.557
1365.2	7                 109.3	0                  20.7	0.642	0.678	0.408	0.543
1365.5	8                 115.6	0                  21.3	0.642	0.685	0.399	0.558
1365.7	8                 142.9	0                  22.0	0.643	0.689	0.393	0.567
1366	8                 187.5	4                  22.9	0.644	0.69	0.47	0.66
1366.2	2                 198.1	4                  23.9	0.645	0.69	0.515	0.714
1366.5	9                 211.2	3                  24.5	0.639	0.69	0.504	0.735
1366.7	9                 244.2	1                  23.5	0.635	0.69	0.498	0.746
1367	0                 262.3	5                  23.1	0.634	0.672	0.47	0.709
1367.2	0                 209.1	3                  22.1	0.634	0.668	0.483	0.691
1367.5	7                 208.9	3                  21.5	0.635	0.659	0.507	0.653
1367.7	1                 208.7	6                  19.9	0.631	0.659	0.433	0.689
1368	1                 199.3	8                  22.5	0.631	0.729	0.51	0.902
1368.2	2                 191.1	7                  25.7	0.622	0.726	0.466	0.946
1368.5	2                 187.9	3                  21.6	0.614	0.707	0.432	0.922
1368.7	3                 165.9	1                  23.5	0.611	0.69	0.415	0.791
1369	7                 161.8	0                  20.2	0.623	0.701	0.44	0.832
1369.2	3                 157.1	5                  22.1	0.649	0.655	0.467	0.579
1369.5	4                 112.9	7                  22.5	0.654	0.634	0.463	0.477
1369.7	4                 76.02	38.3	0.652	0.695	0.464	0.641
1370	5                 66.34	34.1	0.669	0.733	0.445	0.686
1370.2	2                 57.51	24.8	0.709	0.74	0.531	0.636
1370.5	5                 50.88	24.9	0.711	0.762	0.53	0.702
1370.7	6                 35.52	27	0.709	0.769	0.52	0.721
1371	6                 41.11	24.6	0.699	0.712	0.565	0.605
1371.2	7                 44.02	24.4	0.669	0.703	0.543	0.588
1371.5	7                 38.56	26.7	0.648	0.682	0.525	0.483
1371.7	2                 41.70	26.3	0.605	0.614	0.489	0.453
1372	8                 44.94	27.7	0.587	0.579	0.445	0.434
1372.2	8                 38.97	25.5	0.583	0.562	0.455	0.406
1372.5	8                 34.64	27.7	0.587	0.569	0.493	0.393
1372.7	9                 31.49	30.8	0.59	0.601	0.476	0.387
1373	9                 30.38	30.9	0.599	0.633	0.423	0.365
1373.2	2                 30.57	30.9	0.622	0.678	0.491	0.541
1373.5	0                 30.84	26.2	0.647	0.699	0.54	0.604
1373.7	0                 33.32	26.3	0.657	0.685	0.547	0.564
1374	1                 36.31	25.5	0.667	0.68	0.588	0.59
1374.2	1                 37.31	30.1	0.672	0.69	0.628	0.674
1374.5	7                 39.04	27	0.659	0.689	0.549	0.59
1374.7	2                 40.67	24.4	0.645	0.681	0.501	0.548
1375	2                 42.58	27.1	0.62	0.63	0.487	0.46
1375.2	3                 42.42	25.4	0.62	0.627	0.486	0.452
1375.5	3                 45.06	27.6	0.627	0.625	0.442	0.404
1375.7	4                 47.32	33.1	0.626	0.627	0.441	0.407
1376	7                 45.39	29.3	0.643	0.639	0.462	0.443
1376.2	4                 42.89	34.2	0.668	0.656	0.468	0.475
1376.5	5                 36.18	33.3	0.71	0.726	0.549	0.535
1376.7	5                 33.01	48.3	0.747	0.803	0.663	0.567
1377	6                 33.90	71.7	0.783	0.86	0.773	0.738
1377.2	2                 37.25	90.3	0.763	0.831	0.745	0.719
1377.5	6                 40.14	86.9	0.7	0.748	0.67	0.626
1377.7	7                 48.66	90.5	0.639	0.635	0.53	0.436
1378	7                 51.96	67.4	0.584	0.569	0.448	0.373
1378.2	8                 53.99	40.7	0.555	0.551	0.404	0.356
1378.5	8                 55.98	37.8	0.55	0.565	0.38	0.344
1378.7	2                 56.76	28.9	0.567	0.607	0.404	0.444
1379	9                 57.68	26.8	0.585	0.635	0.391	0.488
1379.2	9                 54.71	23.9	0.612	0.643	0.439	0.508
1379.5	9                 53.11	25.9	0.65	0.676	0.478	0.549
1379.7	0                 52.81	23.4	0.678	0.733	0.511	0.658
1380	7                 54.23	25.6	0.691	0.746	0.527	0.648
1380.2	0                 55.36	25	0.705	0.762	0.538	0.648
1380.5	1                 52.72	25.7	0.716	0.768	0.548	0.677
1380.7	1                 48.15	25	0.725	0.756	0.56	0.668
1381	2                 46.57	25.1	0.735	0.773	0.552	0.689
1381.2	2                 44.04	27.8	0.753	0.791	0.6	0.736
1381.5	7                 43.49	26.9	0.747	0.805	0.504	0.677
1381.7	3                 42.90	27.4	0.76	0.822	0.527	0.724
1382	3                 41.04	28.4	0.775	0.838	0.528	0.729
1382.2	4                 40.66	26.9	0.803	0.854	0.596	0.751
1382.5	4                 38.92	25.3	0.813	0.854	0.592	0.744
1382.7	2                 38.58	26.3	0.829	0.872	0.579	0.768
1383	5                 38.33	22.9	0.853	0.897	0.612	0.738
1383.2	5                 40.18	29.8	0.73	0.795	0.44	0.641
1383.5	6                 39.91	40.2	0.706	0.769	0.467	0.692
1383.7	6                 35.62	35.3	0.796	0.854	0.571	0.778
1384	7                 32.65	27.8	0.644	0.694	0.218	0.551
1384.2	2                 30.72	29.3	0.643	0.688	0.239	0.588
1384.5	7                 28.81	28.4	0.636	0.693	0.252	0.598
1384.7	8                 24.24	20.7	0.645	0.683	0.303	0.586
1385	8                 18.93	19.8	0.663	0.676	0.375	0.55
1385.2	9                 16.62	25.5	0.681	0.746	0.386	0.563
1385.5	9                 19.01	23.9	0.696	0.785	0.4	0.698
1385.7	2                 24.45	21.2	0.718	0.802	0.503	0.799
1386	9                 31.85	21.9	0.663	0.741	0.448	0.725
1386.2	0                 74.26	23.2	0.635	0.725	0.399	0.683
1386.5	0                 72.34	22.5	0.618	0.699	0.333	0.576
1386.7	1                 89.31	23.2	0.619	0.712	0.349	0.667
1387	7                 85.07	23.4	0.624	0.736	0.396	0.729
1387.2	1                 81.24	26.7	0.619	0.732	0.397	0.725
1387.5	2                 66.84	25.8	0.611	0.727	0.398	0.719
1387.7	2                 51.39	28.7	0.61	0.718	0.388	0.681
1388	3                 44.30	27	0.608	0.704	0.373	0.626
1388.2	3                 47.71	25.2	0.607	0.69	0.358	0.57
1388.5	7                 53.11	25.3	0.605	0.686	0.345	0.522
1388.7	4                 59.80	25.5	0.604	0.681	0.332	0.473
1389	4                 71.07	25.2	0.601	0.675	0.313	0.406
1389.2	5                 62.56	24.7	0.588	0.626	0.301	0.325
1389.5	5                 70.32	24.1	0.58	0.614	0.296	0.287
1389.7	2                 73.21	23.7	0.578	0.612	0.296	0.294
1390	6                 75.60	25.2	0.574	0.609	0.296	0.305
1390.2	6                 71.46	25.6	0.571	0.607	0.296	0.313
1390.5	7                 68.40	24.6	0.57	0.605	0.334	0.387
1390.7	7                 65.89	22.4	0.567	0.606	0.365	0.426
1391	8                 70.32	22.5	0.563	0.606	0.393	0.463
1391.2	2                 68.71	22.6	0.568	0.598	0.406	0.445
1391.5	8                 66.89	24.9	0.564	0.586	0.425	0.37
1391.7	9                 63.48	26.5	0.565	0.589	0.442	0.414
1392	9                 70.09	27	0.564	0.59	0.436	0.406
1392.2	0                 73.25	26.1	0.563	0.591	0.433	0.402
1392.5	7                 71.85	27.7	0.562	0.591	0.412	0.376
1392.7	0                 70.80	28.4	0.562	0.592	0.396	0.356
1393	0                 75.46	27.5	0.563	0.591	0.41	0.367
1393.2	1                 79.11	26.1	0.565	0.589	0.428	0.38
1393.5	1                 74.62	24.9	0.565	0.59	0.41	0.371
1393.7	2                 80.53	25.5	0.565	0.591	0.4	0.365
1394	7                 74.74	25.9	0.572	0.592	0.406	0.401
1394.2	2                 68.74	25.8	0.575	0.592	0.41	0.402
1394.5	3                 75.69	26.2	0.579	0.592	0.416	0.405
1394.7	3                 83.69	27.2	0.584	0.592	0.424	0.408
1395	4                 82.35	27.1	0.58	0.593	0.417	0.404
1395.2	4                 76.48	27	0.575	0.595	0.409	0.4
1395.5	7                 74.26	26.9	0.575	0.595	0.401	0.393
1395.7	5                 71.09	28	0.574	0.596	0.396	0.389
1396	5                 66.14	28.7	0.571	0.599	0.385	0.38
1396.2	6                 76.12	25.2	0.61	0.636	0.449	0.506
1396.5	6                 72.60	25.2	0.643	0.687	0.471	0.6
1396.7	2                 76.17	25.3	0.652	0.696	0.498	0.632
1397	7                 79.55	25.6	0.656	0.694	0.493	0.648
1397.2	7                 83.35	25.6	0.65	0.694	0.416	0.623
1397.5	8                 73.46	24.5	0.645	0.691	0.413	0.571
1397.7	8                 60.23	24.5	0.663	0.675	0.498	0.575
1398	9                 87.30	24.7	0.656	0.679	0.486	0.583
1398.2	2                 74.93	24.2	0.647	0.684	0.471	0.591
1398.5	9                 58.82	23.4	0.646	0.684	0.439	0.576
1398.7	0                 39.53	22.6	0.649	0.683	0.452	0.583
1399	0                 41.72	21.7	0.654	0.682	0.476	0.598
1399.2	0                 48.89	24.8	0.642	0.688	0.422	0.565
1399.5	7                 60.69	24	0.642	0.687	0.382	0.547
1399.7	1                 70.92	22.8	0.665	0.7	0.421	0.586
1400	1                 71.54	24.5	0.717	0.772	0.572	0.71
1400.2	2                 74.66	25.1	0.735	0.783	0.594	0.716
1400.5	2                 70.25	26.2	0.769	0.804	0.635	0.728
1400.7	3                 67.86	28.3	0.801	0.853	0.657	0.781
1401	7                 81.49	28.7	0.779	0.842	0.661	0.824
1401.2	3                 97.70	29.5	0.768	0.8	0.638	0.711
1401.5	4                 76.41	23.6	0.744	0.756	0.6	0.647
1401.7	4                 90.59	26.9	0.737	0.745	0.62	0.644
1402	5                 87.51	25.1	0.734	0.746	0.614	0.638
1402.2	2                 84.31	28.8	0.73	0.748	0.607	0.63
1402.5	5                 81.78	24.3	0.728	0.743	0.666	0.662
1402.7	6                 84.25	25.2	0.724	0.742	0.646	0.654
1403	6                 73.22	26.3	0.718	0.742	0.613	0.641
1403.2	7                 61.39	29.5	0.722	0.74	0.655	0.664
1403.5	7                 64.10	28.8	0.723	0.737	0.651	0.661
1403.7	2                 74.68	28	0.723	0.734	0.648	0.659
1404	8                 86.18	28	0.722	0.729	0.641	0.646
1404.2	8                 67.86	33.8	0.72	0.723	0.65	0.644
1404.5	9                 73.21	35.1	0.719	0.711	0.653	0.632
1404.7	9                 77.89	37.3	0.72	0.696	0.653	0.601
1405	7                 76.61	48.3	0.723	0.668	0.651	0.546
1405.2	0                 75.68	47.5	0.74	0.764	0.731	0.706
1405.5	0                 73.21	51.5	0.74	0.738	0.725	0.675
1405.7	0                 79.91	57.4	0.761	0.722	0.724	0.651
1406	1                 80.32	44	0.778	0.721	0.715	0.642
1406.2	1                 82.65	51.5	0.797	0.721	0.705	0.633
1406.5	7                 80.60	55.5	0.854	0.884	0.836	0.765
1406.7	2                 78.56	65.2	0.909	0.895	0.9	0.839
1407	2                 75.46	73.8	0.913	0.973	0.924	0.942
1407.2	3                 70.95	74.8	0.891	0.958	0.968	0.961
1407.5	3                 69.88	75.6	0.803	0.762	0.846	0.777
1407.7	4                 64.32	84.8	0.772	0.72	0.729	0.67
1408	7                 66.18	74.5	0.842	0.869	0.846	0.804
1408.2	4                 68.71	61.1	0.884	0.874	0.894	0.859
1408.5	5                 70.65	71	0.867	0.891	0.909	0.901
1408.7	5                 75.88	85	0.814	0.708	0.752	0.673
1409	6                 74.89	90	0.814	0.766	0.763	0.736
1409.2	2                 77.42	82	0.841	0.851	0.854	0.885
1409.5	6                 79.71	81.1	0.873	0.871	0.885	0.869
1409.7	7                 60.00	85.7	0.901	0.876	0.913	0.841
1410	7                 55.75	86.7	0.918	0.904	0.926	0.877
1410.2	8                 44.22	87.8	0.961	0.882	0.954	0.834
1410.5	8                 43.81	88	0.982	0.928	0.96	0.846
1410.7	2                 43.29	87.3	1.008	0.966	1.013	0.957
1411	9                 42.64	89.8	1.039	0.962	1.03	0.887
1411.2	9                 49.23	91.4	1.076	1.05	1.102	1.028
1411.5	0                 45.40	90.1	1.111	1.049	1.119	1.003
1411.7	0                 48.93	93.1	0.953	0.927	0.913	0.878
1412	7                 47.23	97.4	1.027	0.941	0.993	0.872
1412.2	1                 45.82	94.3	1.015	0.968	1.012	0.943
1412.5	1                 46.04	75.6	1.012	0.972	1.017	0.938
1412.7	1                 42.72	91.3	1.009	0.979	1.014	0.962
1413	2                 37.70	90.8	1.01	0.972	1.02	0.943
1413.2	2                 28.12	92	1.011	0.967	1.022	0.932
1413.5	7                 20.00	86.1	1.011	0.966	1.023	0.929
1413.7	3                 10.75	87.4	1.007	0.967	1.022	0.934
1414	3                 14.50	78	1.003	0.969	1.02	0.939
1414.2	4                 40.95	78.6	0.995	0.96	1	0.957
1414.5	4                 53.24	79.2	0.995	0.918	0.966	0.908
1414.7	2                 57.33	79.8	0.998	0.894	0.949	0.836
1415	5                 60.45	79.7	1.002	0.884	0.952	0.814
1415.2	5                 92.17	83.4	1.006	0.884	0.957	0.802
1415.5	6                 143.6	7                  96.2	1.009	0.885	0.961	0.793
1415.7	6                 123.7	1                  94.2	1.011	0.917	0.973	0.83
1416	7                 122.6	5                  100.	6                   1.022	0.999	1.024	0.997
1416.2	2                 106.8	6                  100.	0                   1.033	1.016	1.048	1.015
1416.5	7                 90.39	96.8	1.038	1.02	1.06	1.013
1416.7	8                 82.66	98.6	1.043	1.024	1.074	1.01
1417	8                 87.49	95.6	1.052	1.026	1.076	1
1417.2	9                 154.6	6                  95.4	1.057	1.024	1.072	0.994
1417.5	9                 104.2	0                  95.3	1.058	1.022	1.071	0.991
1417.7	2                 103.1	5                  94.1	1.061	1.017	1.069	0.985
1418	0                 101.6	3                  85.7	1.066	1.012	1.069	0.97
1418.2	0                 88.19	91.2	1.068	1.009	1.069	0.964
1418.5	1                 97.33	98.7	1.071	1.012	1.072	0.957
1418.7	1                 101.1	9                  100.	9                   1.075	1.018	1.068	0.968
1419	7                 106.6	3                  98.6	1.075	1.028	1.073	0.994
1419.2	1                 111.8	3                  94.6	1.078	1.032	1.078	0.998
1419.5	2                 122.5	9                  91.2	1.08	1.035	1.083	1.002
1419.7	2                 123.0	3                  94.0	1.084	1.035	1.085	1
1420	3                 143.1	3                  93.9	1.086	1.035	1.087	0.999
1420.2	3                 119.6	5                  93.9	1.09	1.038	1.093	0.994
1420.5	7                 117.5	9                  98.9	1.092	1.038	1.095	0.992
1420.7	4                 114.8	9                  97.0	1.091	1.04	1.094	1.007
1421	4                 139.9	3                  92.8	1.093	1.03	1.09	0.991
1421.2	5                 122.3	7                  93.8	1.097	1.026	1.082	0.974
1421.5	5                 142.5	1                  95.1	1.097	1.029	1.079	0.974
1421.7	2                 138.0	6                  99.5	1.097	1.035	1.089	0.99
1422	6                 134.1	7                  97.6	1.1	1.044	1.092	1.006
1422.2	6                 130.8	1                  93.9	1.105	1.041	1.09	0.989
1422.5	7                 134.6	7                  95.6	1.108	1.051	1.098	1.009
1422.7	7                 107.0	1                  99.7	1.112	1.051	1.103	1.001
1423	8                 110.6	2                  92.8	1.113	1.053	1.098	1.006
1423.2	2                 109.4	0                  94.0	1.112	1.056	1.107	1.008
1423.5	8                 107.9	4                  94.8	1.108	1.054	1.106	1.018
1423.7	9                 75.01	100	2                   1.101	1.03	1.081	0.977
1424	9                 47.21	98.5	1.095	1.052	1.088	1.017
1424.2	0                 42.85	92.6	1.092	1.057	1.109	1.033
1424.5	7                 39.01	89.6	1.066	1.014	1.07	0.982
1424.7	0                 35.95	90.3	1.043	0.977	1.03	0.919
1425	1                 30.04	82.8	1.015	0.972	1.022	0.968
1425.2	1                 30.59	85.7	1.003	0.896	0.943	0.807
1425.5	2                 28.14	87.9	1.03	1.024	1.054	1.026
1425.7	2                 31.81	86	1.039	1.006	1.054	0.973
1426	7                 32.78	88.6	1.045	1.006	1.058	0.976
1426.2	2                 33.83	91.4	1.047	1.008	1.065	0.982
1426.5	3                 27.62	92	1.052	0.985	1.034	0.939
1426.7	3                 26.61	89.5	1.066	0.961	1.007	0.856
1427	4                 23.31	88.3	1.077	1.026	1.049	0.96
1427.2	2                 35.95	88	1.086	1.079	1.112	1.048
1427.5	4                 45.15	97.2	1.068	1.059	1.066	1.008
1427.7	5                 37.31	94.2	1.03	1.01	1.02	0.949
1428	5                 38.00	91	1.017	1.009	1.01	0.979
1428.2	6                 44.06	91.4	1.003	0.998	1.014	0.989
1428.5	6                 45.48	85.9	0.976	0.936	0.937	0.87
1428.7	2                 39.68	84.1	0.962	0.898	0.913	0.828
1429	7                 33.89	83.9	0.96	0.891	0.911	0.821
1429.2	7                 30.11	82.2	0.945	0.902	0.909	0.817
1429.5	8                 38.40	88.4	0.934	0.909	0.907	0.814
1429.7	8                 55.47	89.9	0.913	0.917	0.934	0.89
1430	9                 43.14	89.7	0.861	0.861	0.844	0.807
1430.2	2                 56.40	89.6	0.836	0.842	0.828	0.809
1430.5	9                 74.62	79.6	0.811	0.755	0.811	0.73
1430.7	0                 112.2	5                  73.0	0.847	0.846	0.879	0.762
1431	0                 115.5	6                  73.9	0.867	0.896	0.88	0.91
1431.2	1                 146.9	5                  75.5	0.867	0.897	0.882	0.906
1431.5	6                 122.5	9                  93.3	0.869	0.894	0.878	0.868
1431.7	1                 100.3	1                  82.9	0.87	0.888	0.877	0.848
1432	2                 65.89	81.2	0.871	0.891	0.898	0.842
1432.2	2                 28.97	73.9	0.87	0.889	0.883	0.837
1432.5	2                 63.00	75.5	0.864	0.871	0.866	0.834
1432.7	3                 122.8	1                  73.3	0.792	0.805	0.81	0.78
1433	6                 136.2	0                  68.8	0.717	0.713	0.667	0.675
1433.2	3                 153.0	0                  67.3	0.695	0.694	0.622	0.643
1433.5	4                 79.25	31.9	0.679	0.656	0.619	0.608
1433.7	4                 113.3	3                  26.1	0.651	0.658	0.602	0.595
1434	5                 158.8	8                  27.0	0.663	0.676	0.603	0.617
1434.2	1                 128.1	0                  25.6	0.686	0.683	0.646	0.643
1434.5	5                 102.3	6                  24.5	0.699	0.68	0.644	0.614
1434.7	6                 84.33	29.2	0.715	0.729	0.677	0.725
1435	6                 77.57	32.1	0.73	0.736	0.712	0.727
1435.2	7                 54.47	29.4	0.738	0.721	0.725	0.687
1435.5	7                 50.25	31.9	0.747	0.73	0.727	0.729
1435.7	1                 47.86	34.2	0.771	0.739	0.753	0.719
1436	8                 45.12	32.3	0.797	0.737	0.757	0.691
1436.2	8                 40.37	30.1	0.84	0.832	0.797	0.802
1436.5	9                 34.96	32.9	0.902	0.953	0.922	0.976
1436.7	9                 35.30	52.6	0.956	0.99	0.989	0.98
1437	6                 32.91	88.1	0.991	0.995	1.006	0.96
1437.2	0                 31.09	94.4	1.018	0.989	1.027	0.933
1437.5	0                 35.38	98.3	1.028	0.991	1.022	0.93
1437.7	1                 28.68	98.4	1.029	0.987	1.019	0.932
1438	1                 26.02	101	9                   1.009	0.955	0.993	0.916
1438.2	2                 25.60	102	5                   1.050	1.005	1.04	0.954
1438.5	6                 25.27	98.8	1.06	1.028	1.054	0.98
1438.7	2                 24.91	85.5	1.054	1.024	1.037	0.977
1439	3                 26.22	86.4	1.033	1.003	1.003	0.976
1439.2	3                 26.61	88.8	1.011	0.938	0.957	0.891
1439.5	3                 26.81	91.1	1	0.902	0.936	0.834
1439.7	1                 22.15	89.9	0.995	0.89	0.931	0.816
1440	4                 18.90	84.4	0.994	0.886	0.938	0.803
1440.2	4                 14.09	86.5	0.997	0.908	0.951	0.834
1440.5	5                 11.79	88.8	1.002	0.936	0.965	0.866
1440.7	5                 13.69	86.4	1.008	0.955	0.981	0.898
1441	6                 16.88	86.5	1.012	0.965	0.992	0.905
1441.2	1                 19.73	89.1	1.014	0.96	0.99	0.901
1441.5	6                 22.47	86.9	1.014	0.953	0.986	0.871
1441.7	7                 22.23	87.4	1.008	0.948	0.982	0.87
1442	7                 21.40	87.7	1.002	0.947	0.975	0.876
1442.2	8                 23.30	91.6	1.002	0.946	0.972	0.874
1442.5	8                 21.25	87.4	0.999	0.945	0.965	0.872
1442.7	1                 20.34	86.4	0.998	0.942	0.961	0.868
1443	9                 19.15	88	0.998	0.94	0.962	0.866
1443.2	9                 19.98	93.1	0.993	0.934	0.954	0.852
1443.5	0                 21.37	87	0.99	0.932	0.95	0.845
1443.7	0                 48.45	88	0.992	0.932	0.95	0.844
1444	6                 63.45	88.5	0.984	0.934	0.951	0.847
1444.2	1                 76.60	92	0.978	0.938	0.949	0.857
1444.5	1                 87.37	90.9	0.973	0.944	0.95	0.873
1444.7	2                 99.82	93.5	0.969	0.944	0.949	0.879
1445	2                 79.72	86.9	0.965	0.941	0.95	0.885
1445.2	3                 65.40	84.8	0.961	0.938	0.944	0.889
1445.5	6                 80.18	86.9	0.955	0.924	0.917	0.866
1445.7	3                 97.94	91.3	0.955	0.921	0.907	0.828
1446	3                 89.95	88.4	0.947	0.87	0.898	0.782
1446.2	4                 112.7	5                  82.1	0.945	0.85	0.889	0.749
1446.5	4                 132.2	4                  89.2	0.941	0.846	0.881	0.753
1446.7	1                 124.6	1                  95.4	0.944	0.844	0.877	0.748
1447	5                 118.5	0                  92.9	0.948	0.849	0.893	0.743
1447.2	5                 101.9	4                  95.5	0.949	0.854	0.901	0.748
1447.5	6                 78.43	91.9	0.949	0.863	0.914	0.759
1447.7	6                 72.53	88.4	0.946	0.875	0.915	0.785
1448	7                 75.86	89.3	0.943	0.89	0.916	0.825
1448.2	1                 72.98	94.3	0.942	0.893	0.913	0.828
1448.5	7                 69.82	89.5	0.941	0.896	0.91	0.832
1448.7	8                 80.78	80.6	0.943	0.898	0.906	0.83
1449	8                 104.6	1                  87.5	0.949	0.896	0.918	0.815
1449.2	9                 89.50	92.2	0.955	0.902	0.943	0.82
1449.5	6                 83.57	87.7	0.955	0.919	0.953	0.849
1449.7	9                 79.23	91.1	0.957	0.925	0.964	0.861
1450	0                 109.3	4                  89.1	0.958	0.928	0.969	0.868
1450.2	0                 162.0	5                  92.9	0.958	0.935	0.977	0.888
1450.5	1                 172.4	8                  85.0	0.957	0.939	0.976	0.902
1450.7	1                 118.3	6                  88.2	0.953	0.93	0.963	0.918
1451	6                 110.3	5                  96.4	0.956	0.883	0.942	0.822
1451.2	2                 102.3	0                  92.4	0.953	0.844	0.913	0.768
1451.5	2                 86.90	87	0.986	0.899	0.953	0.826
1451.7	3                 85.60	89.2	1.04	0.992	1.012	0.919
1452	3                 122.6	9                  88.3	1.076	1.041	1.058	0.977
1452.2	3                 111.2	6                  90.2	1.105	1.059	1.047	0.965
1452.5	6                 105.7	8                  91.0	1.108	1.054	1.085	0.965
1452.7	4                 98.20	94.4	1.089	1.047	1.072	0.971
1453	4                 64.81	92.5	1.04	1.002	1.037	0.943
1453.2	5                 46.50	88.9	0.968	0.895	0.959	0.843
1453.5	5                 28.15	87.7	0.916	0.837	0.884	0.772
1453.7	1                 23.07	90.5	0.871	0.808	0.85	0.753
1454	6                 18.40	88.5	0.858	0.808	0.835	0.756
1454.2	6                 16.25	88.3	0.855	0.808	0.831	0.755
1454.5	7                 15.74	87.7	0.853	0.803	0.827	0.738
1454.7	7                 14.88	84.2	0.849	0.799	0.814	0.725
1455	8                 16.35	92.4	0.847	0.798	0.808	0.721
1455.2	1                 15.68	90.8	0.852	0.809	0.813	0.732
1455.5	8                 14.83	92.3	0.86	0.812	0.822	0.742
1455.7	9                 14.39	91.1	0.874	0.795	0.829	0.716
1456	9                 22.90	88.7	0.885	0.798	0.84	0.72
1456.2	0                 23.17	91.6	0.91	0.808	0.862	0.72
1456.5	6                 28.96	88.9	0.939	0.836	0.912	0.738
1456.7	0                 33.82	92.6	0.955	0.869	0.939	0.782
1457	1                 34.02	89	0.975	0.905	0.974	0.82
1457.2	1                 29.51	89.5	0.989	0.936	1.005	0.861
1457.5	2                 26.55	90.9	0.998	0.956	1.005	0.893
1457.7	2                 24.92	92.4	1.01	0.975	1.017	0.926
1458	6                 25.10	89.9	1.021	0.984	1.031	0.934
1458.2	3                 25.31	93.4	1.039	0.985	1.035	0.921
1458.5	3                 32.55	89.1	1.045	0.977	1.009	0.897
1458.7	3                 38.83	93.4	1.045	0.965	1.013	0.881
1459	4                 53.38	90.7	1.037	0.96	1.01	0.882
1459.2	1                 57.09	93.4	1.033	0.96	1.008	0.879
1459.5	4                 59.94	87.4	1.015	0.977	1.011	0.917
1459.7	5                 63.84	89.7	0.998	0.965	1.007	0.921
1460	5                 62.57	93.9	0.973	0.923	0.972	0.87
1460.2	6                 60.30	91.5	0.944	0.866	0.929	0.804
1460.5	6                 48.70	85.2	0.925	0.849	0.911	0.783
1460.7	1                 43.35	84.3	0.903	0.838	0.89	0.788
1461	7                 37.72	90.5	0.888	0.823	0.873	0.769
1461.2	7                 34.45	91.4	0.872	0.802	0.853	0.743
1461.5	8                 33.72	97.4	0.863	0.796	0.839	0.734
1461.7	8                 32.54	91.8	0.854	0.801	0.834	0.741
1462	6                 32.95	88.6	0.851	0.805	0.831	0.747
1462.2	9                 33.24	89	0.849	0.8	0.821	0.734
1462.5	9                 38.68	91	0.852	0.796	0.82	0.718
1462.7	0                 37.14	87.7	0.856	0.795	0.822	0.71
1463	0                 43.76	89.8	0.857	0.801	0.823	0.712
1463.2	1                 49.44	91.7	0.858	0.809	0.824	0.728
1463.5	6                 49.41	92.8	0.86	0.813	0.827	0.735
1463.7	1                 49.38	92.8	0.861	0.812	0.832	0.731
1464	2                 42.42	92.2	0.865	0.815	0.832	0.735
1464.2	2                 37.12	92.2	0.871	0.818	0.838	0.742
1464.5	3                 32.12	94.1	0.874	0.816	0.836	0.731
1464.7	3                 28.16	93.9	0.878	0.832	0.849	0.759
1465	6                 27.98	94.7	0.886	0.845	0.865	0.778
1465.2	3                 27.74	96.6	0.886	0.844	0.867	0.779
1465.5	4                 28.47	97.7	0.885	0.837	0.861	0.767
1465.7	4                 29.45	95.7	0.876	0.832	0.846	0.755
1466	5                 32.16	96.4	0.87	0.83	0.836	0.751
1466.2	1                 32.06	94.1	0.867	0.822	0.831	0.738
1466.5	5                 31.98	94.2	0.864	0.823	0.831	0.743
1466.7	6                 26.79	93.3	0.856	0.815	0.82	0.74
1467	6                 21.78	93	0.882	0.831	0.859	0.758
1467.2	7                 22.04	92.7	0.942	0.888	0.915	0.82
1467.5	7                 15.13	93.8	0.852	0.798	0.843	0.741
1467.7	1                 14.79	93.3	0.864	0.8	0.851	0.765
1468	8                 14.37	90.3	0.878	0.787	0.851	0.729
1468.2	8                 13.09	93.3	0.896	0.801	0.869	0.714
1468.5	9                 11.85	95.5	0.91	0.863	0.927	0.79
1468.7	9                 8.90	92.5	0.914	0.899	0.93	0.869
1469	6                 10.79	92.7	0.917	0.904	0.919	0.872
1469.2	0                 12.32	91.5	0.917	0.903	0.916	0.869
1469.5	0                 42.87	90.5	0.918	0.901	0.911	0.863
1469.7	1                 66.05	90.1	0.918	0.899	0.908	0.858
1470	1                 86.62	89.7	0.915	0.891	0.912	0.85
1470.2	2                 102.9	0                  89.2	0.913	0.885	0.907	0.867
1470.5	6                 106.2	3                  85.4	0.909	0.862	0.912	0.825
1470.7	2                 109.9	0                  78.0	0.9	0.84	0.899	0.789
1471	2                 142.4	9                  88.8	0.89	0.828	0.877	0.78
1471.2	3                 184.2	0                  90.2	0.888	0.826	0.876	0.778
1471.5	3                 150.2	4                  92.8	0.886	0.823	0.876	0.777
1471.7	1                 155.5	9                  94.4	0.881	0.82	0.873	0.778
1472	4                 159.5	3                  92.4	0.878	0.817	0.87	0.779
1472.2	4                 94.25	91.4	0.874	0.811	0.864	0.779
1472.5	5                 90.13	90.6	0.872	0.803	0.856	0.769
1472.7	5                 118.7	4                  89.2	0.868	0.791	0.843	0.753
1473	6                 121.7	6                  87.6	0.867	0.786	0.841	0.741
1473.2	1                 139.7	4                  90.3	0.867	0.779	0.839	0.723
1473.5	6                 157.9	1                  92.5	0.867	0.775	0.838	0.713
1473.7	7                 124.2	1                  89.8	0.862	0.784	0.838	0.731
1474	7                 123.8	5                  86.5	0.862	0.789	0.838	0.742
1474.2	8                 138.0	2                  88.0	0.861	0.796	0.839	0.757
1474.5	8                 145.6	2                  90.5	0.861	0.798	0.84	0.764
1474.7	1                 160.5	7                  88.1	0.861	0.8	0.841	0.77
1475	9                 181.3	4                  85.3	0.861	0.804	0.845	0.776
1475.2	9                 193.1	6                  85.1	0.861	0.809	0.851	0.783
1475.5	0                 201.5	3                  84.9	0.863	0.811	0.854	0.784
1475.7	0                 169.6	7                  88.3	0.864	0.813	0.859	0.785
1476	6                 156.8	7                  90.3	0.865	0.815	0.861	0.785
1476.2	1                 145.0	4                  92.6	0.868	0.819	0.863	0.785
1476.5	1                 145.5	3                  94.8	0.869	0.821	0.863	0.785
1476.7	2                 155.9	7                  91.7	0.87	0.823	0.866	0.789
1477	2                 172.5	0                  86.7	0.87	0.824	0.868	0.79
1477.2	2                 207.1	8                  86.8	0.876	0.827	0.873	0.796
1477.5	6                 204.4	0                  86.8	0.878	0.829	0.878	0.795
1477.7	3                 200.8	8                  88.5	0.881	0.833	0.884	0.794
1478	3                 195.3	3                  91.5	0.886	0.837	0.889	0.799
1478.2	4                 200.5	2                  90.7	0.89	0.839	0.888	0.794
1478.5	4                 196.6	6                  90.0	0.898	0.843	0.887	0.792
1478.7	1                 199.8	2                  90.6	0.902	0.84	0.87	0.781
1479	5                 202.4	8                  95.4	0.907	0.846	0.874	0.776
1479.2	5                 170.4	7                  96.0	0.913	0.851	0.874	0.781
1479.5	6                 177.3	3                  95.8	0.92	0.853	0.879	0.775
1479.7	6                 136.8	8                  99.2	0.928	0.856	0.883	0.775
1480	7                 98.07	98.6	0.936	0.858	0.897	0.768
1480.2	1                 79.93	90.6	0.946	0.88	0.916	0.801
1480.5	7                 58.91	96	0.958	0.903	0.945	0.826
1480.7	8                 43.52	92.5	0.963	0.92	0.969	0.836
1481	8                 49.28	95.8	0.955	0.936	0.972	0.894
1481.2	9                 56.58	91.4	0.94	0.871	0.936	0.805
1481.5	6                 56.35	90.4	0.908	0.83	0.878	0.741
1481.7	9                 56.17	93.8	0.893	0.827	0.86	0.75
1482	0                 48.52	94.4	0.888	0.826	0.863	0.756
1482.2	0                 43.52	96.8	0.885	0.828	0.867	0.771
1482.5	1                 39.07	93.4	0.884	0.82	0.862	0.756
1482.7	1                 40.43	95.5	0.883	0.824	0.867	0.758
1483	6                 38.81	97.9	0.88	0.832	0.867	0.773
1483.2	1                 37.09	91.6	0.875	0.827	0.859	0.768
1483.5	2                 34.69	97.9	0.873	0.821	0.858	0.752
1483.7	2                 33.44	95.9	0.867	0.816	0.847	0.748
1484	3                 36.11	97.7	0.865	0.8	0.843	0.734
1484.2	1                 35.76	96.1	0.862	0.793	0.838	0.718
1484.5	3                 35.52	100	0                   0.863	0.795	0.839	0.709
1484.7	4                 35.04	94.4	0.86	0.821	0.841	0.757
1485	4                 34.30	89.3	0.865	0.826	0.868	0.781
1485.2	5                 35.99	87.2	0.866	0.818	0.859	0.761
1485.5	5                 38.68	91	0.867	0.812	0.853	0.756
1485.7	1                 40.04	87.8	0.866	0.811	0.851	0.755
1486	6                 41.35	89.1	0.871	0.816	0.857	0.762
1486.2	6                 46.88	91.9	0.874	0.814	0.859	0.764
1486.5	7                 55.57	92	0.873	0.824	0.863	0.777
1486.7	7                 60.40	94.8	0.873	0.825	0.872	0.787
1487	8                 56.02	87.8	0.872	0.821	0.88	0.782
1487.2	1                 56.69	89.7	0.869	0.821	0.881	0.789
1487.5	8                 57.57	91.8	0.867	0.81	0.864	0.781
1487.7	9                 61.39	91.7	0.875	0.796	0.864	0.749
1488	9                 56.33	92	0.892	0.8	0.871	0.74
1488.2	0                 49.84	90.8	0.929	0.839	0.9	0.78
1488.5	6                 45.43	88.3	0.997	0.918	0.979	0.845
1488.7	0                 41.52	88.5	1.049	1.033	1.063	1.007
1489	1                 34.12	90.1	1.098	1.067	1.1	1.026
1489.2	1                 32.97	84	1.102	1.089	1.125	1.065
1489.5	1                 32.40	84.2	1.071	1.028	1.079	1.005
1489.7	2                 34.26	85	1.05	0.961	1.038	0.91
1490	6                 32.16	86.8	1.032	0.929	0.997	0.865
1490.2	2                 29.62	87.3	1.02	0.912	0.98	0.847
1490.5	3                 30.71	87.9	1.009	0.909	0.973	0.847
1490.7	3                 26.72	95	1.01	0.932	0.986	0.873
1491	4                 25.16	94.5	1.026	0.955	1.011	0.9
1491.2	1                 25.12	89.8	0.996	0.93	0.98	0.875
1491.5	4                 25.09	94.1	1.005	0.938	0.97	0.87
1491.7	5                 30.42	89.6	1.006	0.937	0.969	0.87
1492	5                 34.57	90.8	1.006	0.939	0.969	0.871
1492.2	6                 38.81	92.6	1.005	0.94	0.969	0.871
1492.5	6                 33.35	90.4	1.005	0.941	0.969	0.871
1492.7	1                 32.92	90.9	1.02	0.949	0.989	0.884
1493	7                 32.44	91.4	1.044	0.973	1.015	0.903
1493.2	7                 22.33	90.5	1.108	1.054	1.081	0.977
1493.5	8                 19.20	89	1.109	1.058	1.102	1.02
1493.7	8                 47.02	91.5	1.107	1.057	1.101	1.019
1494	6                 107.2	0                  89.0	1.108	1.056	1.1	1.019
1494.2	9                 151.7	1                  88.8	1.108	1.058	1.103	1.021
1494.5	9                 228.6	9                  88.4	1.118	1.05	1.111	1.011
1494.7	0                 158.9	8                  88.8	1.123	1.024	1.106	0.965
1495	0                 132.4	0                  86.2	1.124	1.027	1.097	0.966
1495.2	0                 106.5	1                  83.5	1.138	1.047	1.112	0.986
1495.5	6                 94.46	87.3	1.168	1.097	1.156	1.037
1495.7	1                 82.23	91.3	1.183	1.133	1.182	1.085
1496	1                 77.29	90.8	1.191	1.145	1.198	1.108
1496.2	2                 65.04	88.1	1.192	1.15	1.203	1.112
1496.5	2                 65.80	88.8	1.197	1.156	1.206	1.116
1496.7	3                 64.25	88.2	1.2	1.153	1.214	1.115
1497	6                 60.80	87.5	1.197	1.143	1.2	1.104
1497.2	3                 55.99	84.8	1.195	1.135	1.194	1.091
1497.5	4                 55.19	90.9	1.19	1.128	1.19	1.083
1497.7	4                 51.61	88.7	1.185	1.114	1.175	1.065
1498	5                 63.69	88.3	1.179	1.096	1.17	1.035
1498.2	1                 68.35	92.5	1.177	1.094	1.17	1.03
1498.5	5                 72.68	92.7	1.175	1.091	1.169	1.02
1498.7	6                 83.53	86.8	1.165	1.097	1.163	1.025
1499	6                 192.8	1                  89.4	1.16	1.101	1.161	1.045
1499.2	7                 75.15	92.8	1.153	1.106	1.158	1.066
1499.5	7                 86.37	85.8	1.147	1.097	1.154	1.06
1499.7	0                 106.9	5                  87.5	1.142	1.091	1.151	1.056
1500	8                 133.1	7                  88.9	1.134	1.081	1.144	1.042
1500.2	8                 125.7	7                  91.4	1.122	1.067	1.132	1.024
1500.5	9                 172.0	0                  92.9	1.11	1.054	1.116	1.009
1500.7	9                 177.9	3                  88.3	1.105	1.049	1.11	1.004
1501	5                 167.4	5                  87.8	1.099	1.043	1.103	1.001
1501.2	9                 158.5	4                  95.3	1.097	1.042	1.101	1.001
1501.5	0                 174.5	7                  94.3	1.094	1.039	1.097	1
1501.7	0                 204.7	9                  92.5	1.088	1.032	1.089	0.994
1502	1                 112.0	0                  92.6	1.081	1.022	1.077	0.985
1502.2	1                 126.0	1                  92.7	1.076	1.013	1.072	0.976
1502.5	5                 127.4	0                  89.9	1.071	1.001	1.066	0.964
1502.7	2                 129.0	3                  87.1	1.063	0.984	1.052	0.942
1503	2                 131.5	1                  88.3	1.049	0.958	1.03	0.901
1503.2	3                 237.5	3                  90.0	1.044	0.953	1.012	0.904
1503.5	3                 181.9	7                  89.1	1.043	0.951	1.011	0.9
1503.7	0                 214.0	8                  87.2	1.042	0.948	1.009	0.895
1504	4                 239.0	0                  91.1	1.042	0.945	1.008	0.89
1504.2	4                 229.4	4                  88.0	1.042	0.941	1.007	0.882
1504.5	5                 176.7	5                  84.6	1.042	0.939	1.006	0.878
1504.7	5                 143.4	9                  85.9	1.042	0.936	1.004	0.869
1505	6                 88.97	87.2	1.042	0.934	1.002	0.861
1505.2	0                 128.7	3                  88.0	1.047	0.945	1.007	0.861
1505.5	6                 171.0	8                  91.1	1.049	0.968	1.024	0.883
1505.7	7                 141.9	2                  92.8	1.051	0.986	1.037	0.9
1506	7                 235.8	2                  87.4	1.053	1.045	1.064	1.033
1506.2	8                 216.8	2                  89.5	1.055	1.057	1.075	1.065
1506.5	5                 233.7	3                  90.8	1.057	1.049	1.084	1.054
1506.7	8                 245.7	2                  88.1	1.057	1.038	1.08	1.037
1507	8                 192.0	2                  81.3	1.058	0.983	1.045	0.939
1507.2	9                 132.7	1                  86.5	1.067	1.001	1.047	0.959
1507.5	9                 136.9	0                  84.7	1.095	1.033	1.086	0.981
1507.7	0                 109.3	8                  86.6	1.109	1.03	1.087	0.969
1508	5                 108.1	8                  83.9	1.106	1.023	1.077	0.949
1508.2	0                 107.0	1                  83.6	1.097	1.048	1.087	1.009
1508.5	1                 165.2	5                  86.5	1.107	1.023	1.079	0.965
1508.7	1                 86.66	84.7	1.099	1.012	1.073	0.944
1509	2                 50.47	85.4	1.089	0.996	1.062	0.928
1509.2	2                 27.76	84.7	1.081	0.983	1.054	0.906
1509.5	5                 25.39	86.5	1.073	0.983	1.045	0.915
1509.7	3                 22.20	85	1.065	0.982	1.043	0.926
1510	3                 20.73	93	1.064	1.001	1.047	0.958
1510.2	4                 18.78	87.6	1.074	1.047	1.079	1.023
1510.5	4                 21.51	85.5	1.084	1.04	1.094	0.993
1510.7	0                 25.15	85.6	1.073	1.03	1.074	0.98
1511	5                 28.40	88.1	1.068	1.017	1.067	0.967
1511.2	5                 36.18	84	1.055	1.006	1.057	0.953
1511.5	6                 40.56	85.7	1.027	0.971	1.022	0.929
1511.7	6                 34.21	91.8	0.987	0.927	0.982	0.872
1512	6                 35.49	87.1	0.962	0.917	0.963	0.886
1512.2	0                 34.99	89	0.952	0.901	0.952	0.872
1512.5	7                 34.38	89.9	0.939	0.875	0.936	0.839
1512.7	7                 44.46	87.4	0.904	0.834	0.89	0.784
1513	8                 60.14	95.9	0.883	0.815	0.867	0.755
1513.2	8                 73.68	90.8	0.873	0.828	0.863	0.778
1513.5	5                 69.55	88.8	0.866	0.82	0.851	0.762
1513.7	9                 66.19	87.5	0.85	0.811	0.835	0.752
1514	9                 66.52	86.6	0.841	0.789	0.824	0.732
1514.2	0                 68.73	93.3	0.839	0.774	0.816	0.712
1514.5	0                 69.58	96.8	0.848	0.778	0.823	0.703
1514.7	1                 65.90	91.9	0.862	0.805	0.845	0.726
1515	5                 61.22	91.3	0.871	0.842	0.867	0.782
1515.2	1                 55.99	95.2	0.879	0.859	0.891	0.815
1515.5	2                 51.14	90.3	0.868	0.808	0.855	0.755
1515.7	2                 51.48	97.1	0.861	0.785	0.837	0.715
1516	3                 57.03	91.8	0.87	0.8	0.845	0.727
1516.2	0                 57.52	91	0.876	0.825	0.862	0.771
1516.5	3                 57.88	88.4	0.907	0.853	0.905	0.771
1516.7	4                 54.91	97.9	0.936	0.871	0.911	0.816
1517	4                 59.93	92.7	0.965	0.928	0.955	0.861
1517.2	5                 60.52	98	0.977	0.937	0.981	0.874
1517.5	5                 60.42	101	3                   0.964	0.921	0.965	0.87
1517.7	0                 59.81	100	5                   0.942	0.879	0.934	0.82
1518	5                 59.19	103	1                   0.915	0.841	0.897	0.774
1518.2	6                 55.18	102	3                   0.881	0.843	0.891	0.792
1518.5	6                 49.68	104	0                   0.841	0.783	0.839	0.739
1518.7	7                 53.39	100	1                   0.821	0.758	0.809	0.701
1519	7                 59.21	98.5	0.868	0.818	0.859	0.76
1519.2	0                 59.86	94.5	0.993	0.935	0.98	0.876
1519.5	8                 60.76	95.6	0.908	0.853	0.899	0.799
1519.7	8                 55.04	95	0.821	0.756	0.814	0.704
1520	9                 48.91	91.2	0.82	0.754	0.812	0.703
1520.2	9                 41.12	93.8	0.82	0.754	0.812	0.703
1520.5	5                 36.64	91.5	0.82	0.754	0.812	0.703
1520.7	0                 32.45	97.2	0.82	0.754	0.813	0.703
1521	0                 22.22	97.3	0.82	0.754	0.813	0.703
1521.2	1                 17.20	93.3	0.82	0.749	0.808	0.694
1521.5	1                 17.88	89.6	0.824	0.752	0.805	0.694
1521.7	2                 135.8	3                  85.3	0.819	0.746	0.799	0.687
1522	5                 161.4	7                  91.7	0.818	0.746	0.798	0.681
1522.2	2                 194.3	2                  87.5	0.851	0.799	0.839	0.733
1522.5	3                 299.4	9                  86.6	0.869	0.824	0.872	0.776
1522.7	3                 263.3	1                  88.5	0.872	0.824	0.868	0.773
1523	3                 192.4	2                  88.9	0.876	0.819	0.865	0.755
1523.2	0                 132.2	3                  90.0	0.876	0.82	0.865	0.755
1523.5	4                 80.82	94.9	0.877	0.821	0.866	0.756
1523.7	4                 60.40	91.9	0.878	0.822	0.864	0.754
1524	5                 126.0	8                  91.0	0.876	0.82	0.861	0.753
1524.2	5                 211.8	0                  90.0	0.877	0.82	0.864	0.759
1524.5	6                 291.9	6                  97.3	0.877	0.822	0.866	0.762
1524.7	0                 273.1	5                  90.2	0.877	0.823	0.865	0.761
1525	6                 251.1	4                  91.8	0.877	0.824	0.863	0.759
1525.2	7                 200.6	0                  92.4	0.878	0.833	0.868	0.771
1525.5	7                 145.0	8                  90.8	0.874	0.828	0.858	0.763
1525.7	8                 112.5	5                  88.8	0.868	0.82	0.847	0.75
1526	5                 106.3	4                  92.2	0.866	0.814	0.843	0.734
1526.2	8                 101.4	9                  93.7	0.868	0.816	0.846	0.743
1526.5	9                 105.1	7                  95.0	0.87	0.818	0.848	0.742
1526.7	9                 110.8	0                  97.3	0.876	0.828	0.872	0.776
1527	0                 129.5	2                  90.4	0.874	0.823	0.875	0.783
1527.2	0                 140.3	8                  96.3	0.869	0.807	0.867	0.766
1527.5	5                 117.6	4                  97.3	0.868	0.806	0.863	0.766
1527.7	1                 93.30	91.2	0.867	0.805	0.86	0.766
1528	1                 104.2	3                  98.6	0.872	0.805	0.862	0.76
1528.2	2                 108.4	5                  92.8	0.878	0.811	0.865	0.766
1528.5	2                 80.61	89.4	0.883	0.817	0.868	0.772
1528.7	0                 79.14	95.1	0.887	0.821	0.869	0.777
1529	2                 78.09	92.7	0.902	0.829	0.881	0.784
1529.2	3                 92.75	94.9	0.911	0.834	0.888	0.788
1529.5	3                 145.1	0                  96.3	0.931	0.847	0.904	0.791
1529.7	4                 131.3	9                  97.6	0.946	0.857	0.917	0.794
1530	4                 121.4	6                  97.6	0.957	0.869	0.929	0.802
1530.2	0                 132.6	3                  97.8	0.971	0.882	0.943	0.811
1530.5	5                 143.5	7                  97.9	0.979	0.895	0.952	0.823
1530.7	5                 144.3	6                  96.1	0.991	0.912	0.965	0.839
1531	6                 181.9	5                  94.6	0.997	0.921	0.971	0.848
1531.2	6                 160.3	4                  96.9	1.015	0.95	0.995	0.879
1531.5	7                 199.5	6                  100.	0                   1.033	0.979	1.019	0.909
1531.7	0                 197.0	3                  99.0	1.048	1.004	1.044	0.939
1532	7                 193.6	2                  97.3	1.076	1.05	1.089	0.993
1532.2	8                 190.6	3                  95.5	1.097	1.084	1.123	1.033
1532.5	8                 216.7	1                  94.7	1.119	1.123	1.157	1.086
1532.7	9                 181.9	1                  93.7	1.142	1.165	1.194	1.144
1533	5                 226.5	5                  93.2	1.151	1.176	1.203	1.159
1533.2	9                 266.5	2                  93.7	1.168	1.199	1.22	1.19
1533.5	0                 297.4	0                  94.1	1.177	1.207	1.232	1.199
1533.7	0                 212.9	4                  94.8	1.188	1.216	1.247	1.21
1534	0                 254.2	1                  95.8	1.207	1.222	1.269	1.209
1534.2	1                 321.9	4                  96.5	1.208	1.214	1.265	1.198
1534.5	5                 276.2	0                  97.1	1.209	1.205	1.261	1.186
1534.7	1                 220.0	4                  92.4	1.2	1.182	1.236	1.159
1535	2                 229.7	8                  94.7	1.195	1.17	1.222	1.144
1535.2	2                 183.8	1                  97.1	1.187	1.147	1.203	1.114
1535.5	3                 157.0	2                  91.9	1.181	1.129	1.189	1.091
1535.7	0                 159.6	9                  89.6	1.173	1.119	1.18	1.077
1536	3                 161.8	8                  85.9	1.165	1.107	1.171	1.063
1536.2	4                 196.4	8                  83.7	1.159	1.1	1.165	1.053
1536.5	4                 165.4	6                  82.2	1.135	1.078	1.132	1.053
1536.7	5                 163.1	2                  80.8	1.124	1.066	1.119	1.045
1537	5                 165.3	8                  79.9	1.102	1.035	1.088	1.02
1537.2	0                 170.2	1                  84.9	1.083	0.967	1.046	0.917
1537.5	6                 175.6	3                  86.3	1.079	0.972	1.039	0.902
1537.7	6                 220.3	1                  89.2	1.089	1.02	1.065	0.982
1538	7                 207.5	1                  81.1	1.118	1.053	1.114	1
1538.2	7                 229.0	8                  84.0	1.144	1.097	1.138	1.054
1538.5	4                 207.6	1                  87.9	1.164	1.113	1.166	1.059
1538.7	8                 191.5	7                  90.8	1.158	1.112	1.156	1.072
1539	8                 106.8	8                  83.7	1.137	1.068	1.137	1.008
1539.2	8                 72.71	84.1	1.084	1.026	1.091	0.979
1539.5	9                 65.41	91.2	1.025	0.955	1.033	0.916
1539.7	9                 54.81	89.7	0.966	0.887	0.966	0.847
1540	4                 51.68	91.3	0.917	0.831	0.924	0.787
1540.2	0                 48.46	94.8	0.89	0.801	0.909	0.748
1540.5	0                 46.56	92.2	0.863	0.79	0.876	0.756
1540.7	1                 47.10	94.1	0.847	0.768	0.863	0.731
1541	1                 47.77	93.7	0.841	0.767	0.858	0.732
1541.2	2                 48.74	87.6	0.844	0.767	0.864	0.73
1541.5	4                 48.39	90.2	0.853	0.775	0.862	0.734
1541.7	2                 47.89	94	0.867	0.818	0.889	0.79
1542	3                 48.34	89.7	0.88	0.83	0.909	0.813
1542.2	3                 45.87	88.7	0.884	0.817	0.875	0.78
1542.5	4                 47.69	91.4	0.886	0.816	0.898	0.777
1542.7	9                 48.83	84.7	0.878	0.824	0.907	0.79
1543	4                 49.90	89.8	0.861	0.825	0.907	0.827
1543.2	5                 46.79	89	0.844	0.763	0.858	0.728
1543.5	5                 46.66	90.3	0.843	0.775	0.846	0.738
1543.7	6                 46.60	92.6	0.855	0.792	0.85	0.75
1544	6                 49.78	91	0.873	0.805	0.859	0.758
1544.2	9                 48.04	90.6	0.886	0.82	0.868	0.773
1544.5	6                 45.79	87.9	0.901	0.829	0.887	0.78
1544.7	7                 40.59	86.3	0.921	0.848	0.905	0.795
1545	7                 37.01	87.2	0.946	0.873	0.925	0.826
1545.2	8                 31.47	85.7	0.989	0.905	0.962	0.836
1545.5	4                 31.38	88.8	1.042	0.992	1.034	0.907
1545.7	8                 31.29	88.4	1.069	1.071	1.101	1.057
1546	9                 37.58	88.7	1.07	1.013	1.077	0.971
1546.2	9                 43.65	85.9	1.047	0.979	1.035	0.903
1546.5	0                 45.59	88.6	1.022	1.003	1.023	1.007
1546.7	0                 47.19	87.6	1.006	0.934	0.996	0.892
1547	4                 47.62	87	0.982	0.896	0.949	0.838
1547.2	1                 48.14	91.7	0.98	0.94	0.983	0.872
1547.5	1                 49.14	93.6	0.969	0.967	0.997	0.991
1547.7	2                 52.37	91.4	0.953	0.87	0.939	0.811
1548	2                 57.44	91.2	0.929	0.926	0.947	0.891
1548.2	9                 57.37	87.4	0.913	0.887	0.942	0.94
1548.5	3                 57.32	87.8	0.887	0.803	0.87	0.74
1548.7	3                 56.74	87.9	0.848	0.796	0.855	0.762
1549	4                 51.35	83.5	0.81	0.738	0.801	0.697
1549.2	4                 55.84	93.4	0.803	0.75	0.785	0.693
1549.5	4                 60.50	92.3	0.889	0.831	0.889	0.787
1549.7	9                 58.66	93.6	0.86	0.823	0.865	0.789
1550	5                 56.67	91.9	0.862	0.831	0.874	0.812
1550.2	5                 54.75	88.9	0.865	0.84	0.887	0.828
1550.5	6                 44.70	90.2	0.867	0.845	0.893	0.836
1550.7	6                 38.54	89.1	0.863	0.836	0.887	0.829
1551	4                 25.81	86.4	0.861	0.829	0.883	0.823
1551.2	7                 16.69	87.1	0.858	0.822	0.878	0.817
1551.5	7                 15.70	88.6	0.838	0.785	0.846	0.767
1551.7	8                 51.85	90	0.817	0.746	0.812	0.714
1552	8                 115.8	7                  90.8	0.812	0.735	0.8	0.687
1552.2	9                 159.8	0                  92.9	0.796	0.734	0.78	0.691
1552.5	4                 185.2	8                  94.2	0.79	0.732	0.764	0.659
1552.7	9                 210.3	7                  88.3	0.824	0.779	0.809	0.723
1553	0                 241.5	5                  88.5	0.827	0.77	0.797	0.698
1553.2	0                 260.9	1                  92.8	0.836	0.772	0.787	0.679
1553.5	1                 241.2	7                  94.5	0.857	0.797	0.825	0.71
1553.7	1                 169.2	6                  94.7	0.882	0.846	0.876	0.789
1554	4                 136.6	0                  85.8	0.905	0.882	0.891	0.805
1554.2	1                 92.44	89.2	0.921	0.931	0.919	0.906
1554.5	2                 37.91	98.2	0.929	0.911	0.942	0.868
1554.7	2                 37.87	96.1	0.925	0.872	0.895	0.794
1555	3                 32.63	95.2	0.919	0.851	0.848	0.765
1555.2	9                 32.32	100	5                   0.923	0.833	0.829	0.736
1555.5	3                 32.04	96.7	0.939	0.828	0.826	0.707
1555.7	4                 27.62	97.3	0.964	0.91	0.863	0.813
1556	4                 25.24	97.7	1.009	1.006	0.958	0.929
1556.2	5                 24.72	99.8	1.017	1.023	0.955	0.94
1556.5	5                 24.62	97.6	1.021	1.026	0.967	0.946
1556.7	9                 25.08	96.5	1.023	1.03	0.99	0.958
1557	6                 25.66	94.4	1.022	1.03	0.997	0.959
1557.2	6                 31.10	100	0                   1.012	1.022	0.999	0.966
1557.5	7                 27.01	95	0.995	1.007	0.987	0.976
1557.7	7                 23.63	95.1	0.988	0.994	0.97	0.967
1558	4                 26.74	93.6	0.982	0.979	0.953	0.948
1558.2	8                 29.30	90.4	0.963	0.91	0.893	0.844
1558.5	8                 23.48	94.3	0.948	0.86	0.849	0.747
1558.7	9                 39.64	92.4	0.936	0.841	0.843	0.734
1559	9                 47.82	97.6	0.931	0.837	0.838	0.733
1559.2	9                 58.38	95.6	0.921	0.829	0.832	0.734
1559.5	4                 58.62	100	8                   0.917	0.827	0.831	0.734
1559.7	0                 58.90	92.9	0.915	0.826	0.831	0.734
1560	0                 42.52	99.4	0.911	0.824	0.83	0.733
1560.2	1                 40.17	92.5	0.905	0.821	0.832	0.73
1560.5	1                 47.76	92.4	0.9	0.821	0.833	0.729
1560.7	9                 50.18	94.9	0.897	0.821	0.834	0.729
1561	2                 52.01	91.8	0.895	0.821	0.835	0.726
1561.2	2                 74.58	93.1	0.893	0.82	0.839	0.721
1561.5	3                 73.17	101	6                   0.890	0.822	0.844	0.716
1561.7	3                 154.8	1                  91.0	0.887	0.818	0.845	0.713
1562	4                 63.74	93.7	0.881	0.799	0.854	0.691
1562.2	9                 63.45	89.3	0.877	0.779	0.852	0.664
1562.5	4                 63.14	95.3	0.875	0.771	0.846	0.649
1562.7	5                 141.9	7                  92.6	0.866	0.738	0.81	0.611
1563	5                 67.51	85.8	0.863	0.709	0.751	0.557
1563.2	6                 87.94	86.1	0.86	0.694	0.713	0.534
1563.5	6                 115.8	4                  93.6	0.859	0.69	0.695	0.518
1563.7	9                 92.83	99.2	0.857	0.682	0.691	0.513
1564	6                 60.19	92	0.853	0.691	0.718	0.526
1564.2	7                 58.30	95.5	0.85	0.727	0.786	0.583
1564.5	7                 56.42	93.7	0.846	0.76	0.829	0.646
1564.7	8                 60.22	97.8	0.843	0.77	0.835	0.656
1565	4                 60.76	90.5	0.842	0.778	0.842	0.671
1565.2	8                 61.26	97.1	0.84	0.78	0.827	0.677
1565.5	9                 58.13	88.7	0.836	0.776	0.817	0.678
1565.7	9                 59.92	96.1	0.832	0.775	0.789	0.683
1566	0                 54.26	92.8	0.83	0.768	0.781	0.683
1566.2	0                 60.68	92.1	0.831	0.769	0.77	0.674
1566.5	3                 60.41	91	0.849	0.796	0.818	0.707
1566.7	1                 60.07	90.3	0.85	0.807	0.826	0.72
1567	1                 52.79	91.1	0.844	0.789	0.822	0.707
1567.2	2                 61.50	91.4	0.842	0.781	0.82	0.711
1567.5	2                 46.05	90.2	0.843	0.779	0.812	0.705
1567.7	8                 40.00	92.1	0.851	0.787	0.82	0.707
1568	3                 34.77	91.7	0.862	0.816	0.841	0.745
1568.2	3                 30.25	89.6	0.878	0.856	0.872	0.788
1568.5	3                 24.53	94.7	0.868	0.837	0.868	0.785
1568.7	4                 18.37	94.3	0.841	0.779	0.817	0.708
1569	4                 19.82	95.9	0.821	0.757	0.795	0.689
1569.2	8                 22.63	93.6	0.809	0.753	0.786	0.693
1569.5	5                 25.95	93.8	0.798	0.745	0.776	0.685
1569.7	5                 28.91	91.7	0.793	0.743	0.768	0.684
1570	6                 28.45	94.3	0.791	0.749	0.776	0.701
1570.2	6                 27.66	91.5	0.797	0.746	0.775	0.687
1570.5	3                 27.12	88.7	0.807	0.763	0.794	0.71
1570.7	7                 26.70	92.4	0.82	0.774	0.814	0.723
1571	7                 28.09	94.4	0.834	0.794	0.835	0.749
1571.2	8                 32.05	90.2	0.842	0.794	0.838	0.746
1571.5	8                 31.53	92	0.85	0.796	0.841	0.745
1571.7	9                 34.86	94.2	0.856	0.808	0.849	0.763
1572	3                 35.97	95.5	0.868	0.817	0.858	0.764
1572.2	9                 37.17	93.7	0.885	0.842	0.88	0.797
1572.5	0                 34.55	93.2	0.888	0.843	0.889	0.802
1572.7	0                 28.76	93.3	0.872	0.815	0.867	0.772
1573	0                 26.03	90.6	0.861	0.801	0.856	0.76
1573.2	8                 25.67	91.2	0.861	0.802	0.857	0.763
1573.5	1                 25.41	93.2	0.859	0.805	0.851	0.769
1573.7	1                 26.00	94.3	0.88	0.794	0.833	0.72
1574	2                 24.12	91.1	0.988	0.955	0.952	0.878
1574.2	2                 22.44	88.9	1.08	1.095	1.064	1.035
1574.5	3                 18.19	94.6	1.11	1.121	1.077	1.048
1574.7	8                 18.16	94.2	1.129	1.128	1.086	1.045
1575	3                 18.13	92.2	1.146	1.112	1.101	1.026
1575.2	4                 21.30	95	1.098	1.046	1.065	0.968
1575.5	4                 22.78	95.6	1.01	0.992	1.022	0.952
1575.7	5                 20.64	92.6	0.984	0.966	0.993	0.928
1576	5                 23.34	96.2	0.961	0.932	0.963	0.893
1576.2	8                 24.33	91.3	0.917	0.855	0.905	0.8
1576.5	6                 25.69	91.9	0.87	0.805	0.852	0.754
1576.7	6                 28.84	92.2	0.83	0.762	0.806	0.705
1577	7                 20.87	92	0.814	0.754	0.791	0.689
1577.2	7                 25.34	92.7	0.82	0.776	0.803	0.719
1577.5	3                 25.98	94.8	0.827	0.781	0.81	0.721
1577.7	7                 26.55	91	0.833	0.788	0.81	0.721
1578	8                 29.52	92	0.903	0.856	0.879	0.784
1578.2	8                 36.05	93.2	0.822	0.775	0.808	0.716
1578.5	9                 29.54	94.5	0.814	0.767	0.796	0.705
1578.7	9                 31.39	92.9	0.814	0.766	0.797	0.703
1579	3                 29.68	93.1	0.815	0.765	0.799	0.71
1579.2	0                 27.55	93.8	0.829	0.781	0.805	0.713
1579.5	0                 22.68	96.6	0.836	0.779	0.807	0.703
1579.7	1                 13.59	90.9	0.835	0.779	0.807	0.702
1580	1                 10.81	92.6	0.836	0.779	0.807	0.701
1580.2	8                 31.75	96	0.836	0.778	0.807	0.701
1580.5	2                 49.08	94.7	0.837	0.778	0.807	0.701
1580.7	2                 99.61	92.3	0.837	0.778	0.808	0.701
1581	3                 28.81	89.1	0.838	0.777	0.808	0.702
1581.2	3                 78.71	89.8	0.838	0.777	0.808	0.701
1581.5	4                 173.1	6                  90.9	0.839	0.778	0.807	0.699
1581.7	8                 220.1	8                  92.4	0.925	0.868	0.867	0.789
1582	4                 273.5	2                  92.9	1.057	1.011	1.007	0.902
1582.2	4                 312.1	0                  91.0	1.076	1.037	1.03	0.94
1582.5	5                 311.0	0                  93.1	1.084	1.049	1.034	0.961
1582.7	5                 203.6	1                  89.9	1.084	1.029	1.038	0.933
1583	3                 126.8	3                  92.6	1.077	1.023	1.034	0.932
1583.2	6                 68.80	91.3	1.072	1.019	1.031	0.929
1583.5	6                 59.28	92.4	1.065	1.011	1.021	0.927
1583.7	7                 51.19	92	1.055	0.995	1.008	0.906
1584	7                 37.59	89.6	1.044	0.969	0.997	0.874
1584.2	8                 29.55	91.9	1.03	0.955	0.987	0.866
1584.5	3                 29.64	94.5	1.022	0.964	0.987	0.879
1584.7	8                 29.73	93.3	1.019	0.971	0.992	0.891
1585	9                 32.09	89.3	1.01	0.98	0.994	0.917
1585.2	9                 37.27	91.8	0.998	0.962	0.99	0.914
1585.5	0                 32.25	90.9	0.994	0.943	0.99	0.882
1585.7	0                 28.67	91.2	0.988	0.929	0.974	0.85
1586	3                 25.78	96.7	0.987	0.928	0.97	0.845
1586.2	1                 21.66	96.3	0.968	0.901	0.93	0.825
1586.5	1                 21.24	86.5	0.939	0.851	0.887	0.757
1586.7	2                 20.90	88.1	0.926	0.867	0.882	0.791
1587	2                 29.64	91.7	0.923	0.872	0.886	0.808
1587.2	8                 34.69	92.7	0.92	0.876	0.893	0.825
1587.5	2                 39.49	92.8	0.913	0.867	0.891	0.81
1587.7	3                 74.02	86.2	0.91	0.861	0.889	0.8
1588	3                 41.21	89.4	0.908	0.853	0.877	0.782
1588.2	4                 97.06	90.1	0.907	0.85	0.875	0.778
1588.5	4                 53.88	91	0.906	0.849	0.868	0.77
1588.7	8                 46.03	89.9	0.904	0.845	0.864	0.762
1589	5                 35.80	86.8	0.9	0.841	0.858	0.752
1589.2	5                 29.17	86.1	0.899	0.841	0.857	0.751
1589.5	6                 69.83	90.8	0.896	0.844	0.857	0.757
1589.7	6                 36.85	86.1	0.893	0.855	0.857	0.769
1590	3                 45.82	84.6	0.89	0.867	0.86	0.798
1590.2	7                 53.60	86.1	0.887	0.873	0.864	0.819
1590.5	7                 44.26	89.9	0.883	0.861	0.856	0.795
1590.7	8                 83.04	86.7	0.878	0.821	0.832	0.723
1591	8                 150.7	6                  89.9	0.872	0.811	0.817	0.707
1591.2	9                 100.0	9                  92.6	0.867	0.811	0.81	0.722
1591.5	2                 93.50	95.9	0.865	0.814	0.809	0.726
1591.7	9                 85.67	88.7	0.866	0.814	0.81	0.729
1592	9                 72.01	90	0.865	0.815	0.808	0.727
1592.2	0                 50.22	84.4	0.865	0.815	0.805	0.721
1592.5	0                 43.00	93.1	0.866	0.815	0.807	0.722
1592.7	7                 39.70	92.2	0.867	0.815	0.807	0.721
1593	1                 37.09	89.9	0.868	0.816	0.812	0.723
1593.2	1                 41.27	88.8	0.871	0.821	0.817	0.721
1593.5	2                 129.0	5                  89.8	0.872	0.825	0.827	0.726
1593.7	2                 66.39	90.5	0.873	0.835	0.833	0.738
1594	3                 70.16	89.8	0.874	0.85	0.845	0.764
1594.2	7                 71.63	95.1	0.873	0.862	0.85	0.795
1594.5	3                 73.23	94.3	0.872	0.85	0.842	0.773
1594.7	4                 80.94	97.3	0.864	0.823	0.818	0.723
1595	4                 78.26	94.6	0.855	0.824	0.829	0.741
1595.2	5                 97.89	95.6	0.835	0.791	0.799	0.708
1595.5	2                 84.94	96.2	0.821	0.761	0.785	0.673
1595.7	5                 75.56	92.7	0.807	0.697	0.801	0.687
1596	6                 134.3	2                  92.3	0.793	0.728	0.765	0.643
1596.2	6                 57.24	88.6	0.795	0.727	0.767	0.637
1596.5	6                 31.76	94.8	0.798	0.74	0.772	0.659
1596.7	7                 21.23	95.5	0.808	0.759	0.792	0.682
1597	2                 20.03	97.3	0.83	0.787	0.81	0.702
1597.2	7                 18.84	97.7	0.845	0.808	0.818	0.719
1597.5	8                 16.84	96.8	0.851	0.812	0.826	0.725
1597.7	8                 13.94	96.3	0.856	0.802	0.814	0.708
1598	9                 17.35	97.9	0.866	0.8	0.813	0.699
1598.2	9                 21.51	94.3	0.874	0.807	0.812	0.704
1598.5	2                 22.26	94.8	0.909	0.856	0.849	0.76
1598.7	0                 23.29	94.2	1.007	0.962	0.957	0.872
1599	0                 22.87	90.8	1.093	1.099	1.088	1.041
1599.2	1                 19.79	86.8	1.11	1.187	1.146	1.217
1599.5	1                 19.49	91.1	1.099	1.062	1.081	1.012
1599.7	7                 21.89	91.2	1.05	0.966	0.997	0.893
1600	2                 24.07	96.8	1.045	0.954	1.003	0.88
1600.2	2                 25.62	97.9	1.079	1.022	1.073	0.981
1600.5	3                 23.32	91.4	1.113	1.043	1.112	0.985
1600.7	3                 25.85	91.6	1.15	1.077	1.152	1.022
1601	4                 25.27	87.5	1.171	1.104	1.161	1.044
1601.2	7                 23.97	86.9	1.187	1.115	1.16	1.046
1601.5	4                 22.36	83.5	1.214	1.123	1.135	1.011
1601.7	4                 18.56	79.7	1.233	1.2	1.148	1.112
1602	5                 16.92	84.7	1.25	1.258	1.203	1.211
1602.2	5                 15.19	83.5	1.235	1.182	1.157	1.092
1602.5	2                 14.69	86.1	1.221	1.148	1.147	1.061
1602.7	6                 14.27	88.8	1.212	1.138	1.153	1.07
1603	6                 14.52	84.6	1.206	1.118	1.166	1.04
1603.2	7                 15.39	91.8	1.201	1.142	1.19	1.093
1603.5	7                 17.58	90.5	1.184	1.143	1.169	1.089
1603.7	8                 16.96	81.8	1.166	1.127	1.149	1.081
1604	2                 17.07	80.1	1.15	1.084	1.114	1.02
1604.2	8                 17.19	80.7	1.127	1.027	1.072	0.943
1604.5	9                 17.60	88	1.128	1.039	1.091	0.97
1604.7	9                 18.99	89.4	1.141	1.091	1.14	1.044
1605	0                 16.89	89.7	1.134	1.093	1.148	1.036
1605.2	7                 16.26	89.1	1.109	1.078	1.126	1.035
1605.5	0                 15.79	90.1	1.061	1.021	1.062	0.977
1605.7	1                 15.47	84.9	1.012	0.944	0.983	0.896
1606	1                 17.07	87.1	0.986	0.866	0.908	0.765
1606.2	1                 16.67	91	1.066	1.065	1.046	1.006
1606.5	2                 15.52	92	1.108	1.102	1.09	1.026
1606.7	7                 15.85	90.8	1.061	1.008	1.044	0.943
1607	2                 16.20	83.8	1.005	0.919	0.965	0.848
1607.2	3                 17.42	84.4	0.983	0.862	0.92	0.78
1607.5	3                 20.30	87.3	0.994	0.889	0.923	0.79
1607.7	4                 19.30	88.6	1.093	1.102	1.074	1.048
1608	4                 16.23	95	1.101	1.106	1.08	1.036
1608.2	7                 15.01	87	1.108	1.109	1.085	1.027
1608.5	5                 13.26	78.2	1.11	1.095	1.093	1.025
1608.7	5                 7.29	85.6	1.065	1.015	1.044	0.956
1609	6                 94.14	86.5	1.07	1.022	1.053	0.964
1609.2	6                 20.46	88.9	1.073	1.027	1.057	0.967
1609.5	2                 30.07	88.7	1.069	1.022	1.028	0.937
1609.7	7                 39.24	88.6	1.065	1.013	1.037	0.945
1610	7                 89.29	83.8	1.05	0.98	1.028	0.932
1610.2	8                 152.3	0                  87.6	0.975	0.872	0.949	0.814
1610.5	8                 71.90	90.8	1.033	0.958	0.991	0.892
1610.7	9                 100.9	9                  87.1	1.167	1.062	1.122	0.966
1611	2                 96.52	83.4	1.183	1.073	1.129	0.968
1611.2	9                 90.67	85.5	1.186	1.074	1.132	0.97
1611.5	9                 72.67	87.8	1.185	1.074	1.138	0.973
1611.7	0                 67.15	87.9	1.191	1.082	1.146	0.987
1612	0                 59.48	91.6	1.192	1.092	1.144	1.011
1612.2	7                 49.80	88	1.191	1.097	1.149	1.014
1612.5	1                 41.36	90.2	1.187	1.104	1.153	1.028
1612.7	1                 28.07	90.5	1.181	1.095	1.149	1.023
1613	2                 20.87	86.5	1.173	1.085	1.138	1.016
1613.2	2                 28.49	92	1.169	1.052	1.118	0.969
1613.5	3                 30.19	90.1	1.164	1.038	1.101	0.949
1613.7	7                 34.56	92	1.162	1.037	1.1	0.951
1614	3                 39.78	89.4	1.16	1.039	1.098	0.953
1614.2	4                 46.19	88.3	1.158	1.041	1.097	0.96
1614.5	4                 40.55	89.7	1.158	1.043	1.096	0.962
1614.7	5                 44.17	84.5	1.155	1.043	1.095	0.957
1615	2                 45.50	90.8	1.154	1.044	1.09	0.952
1615.2	5                 46.56	89.2	1.153	1.048	1.091	0.957
1615.5	6                 63.63	84.6	1.144	1.057	1.083	0.979
1615.7	6                 83.98	86.3	1.139	1.052	1.069	0.977
1616	7                 84.02	87.4	1.134	1.021	1.055	0.917
1616.2	7                 74.06	89.3	1.119	1.009	1.048	0.912
1616.5	2                 78.28	89	1.099	1.013	1.048	0.943
1616.7	7                 82.89	90.2	1.079	1.018	1.047	0.975
1617	8                 59.12	86.8	1.059	1.023	1.047	1.007
1617.2	8                 64.50	84.8	1.018	0.947	1	0.923
1617.5	9                 59.04	82.7	1.051	1.056	0.947	0.787
1617.7	7                 47.34	80.6	1.049	0.977	1.078	0.99
1618	9                 38.82	79.7	1.016	0.931	0.939	0.807
1618.2	0                 43.02	80.8	1.194	0.99	1.095	0.942
1618.5	0                 132.6	6                  81.9	1.163	1.04	1.12	0.988
1618.7	1                 239.4	2                  84.4	1.136	1.032	1.079	0.971
1619	1                 126.4	7                  87.1	1.122	1.004	1.043	0.894
1619.2	6                 109.9	5                  95.2	1.121	0.997	1.047	0.882
1619.5	2                 93.43	90.4	1.121	0.995	1.037	0.882
1619.7	2                 105.4	7                  89.5	1.12	0.995	1.028	0.877
1620	3                 102.4	6                  92.8	1.121	1.004	1.026	0.88
1620.2	3                 124.5	5                  89.7	1.12	1.012	1.034	0.897
1620.5	4                 110.6	7                  82.5	1.119	1.021	1.042	0.915
1620.7	6                 105.2	7                  79.1	1.12	1.036	1.041	0.934
1621	4                 97.86	84.9	1.121	1.037	1.052	0.926
1621.2	5                 84.45	91.3	1.116	1.038	1.03	0.919
1621.5	5                 69.64	92.4	1.115	1.033	1.023	0.913
1621.7	5                 70.46	92.3	1.115	1.029	1.027	0.909
1622	1                 70.46	91	1.115	1.023	1.033	0.903
1622.2	6                 70.47	89.3	1.116	1.018	1.036	0.897
1622.5	6                 64.61	93.8	1.115	1.015	1.04	0.893
1622.7	7                 68.56	98.7	1.113	1.015	1.03	0.893
1623	7                 57.47	91.3	1.113	1.007	1.038	0.886
1623.2	8                 61.66	83.7	1.105	1.015	1.043	0.927
1623.5	1                 68.73	91.2	1.111	1.011	1.084	0.956
1623.7	8                 77.59	89.7	1.118	1.007	1.1	0.945
1624	9                 79.14	93.1	1.126	1.011	1.101	0.949
1624.2	9                 87.67	89.8	1.139	1.011	1.121	0.934
1624.5	0                 108.4	9                  88.1	1.15	1.051	1.151	0.972
1624.7	6                 88.23	87.3	1.134	1.077	1.154	1.029
1625	0                 71.29	93.7	1.11	1.055	1.13	1.013
1625.2	1                 41.22	86.6	1.082	1.019	1.099	0.977
1625.5	1                 19.40	88.1	1.028	0.964	1.031	0.926
1625.7	2                 18.51	86.4	0.983	0.898	0.991	0.865
1626	2                 19.21	86	0.949	0.884	0.94	0.849
1626.2	6                 17.69	89.1	0.936	0.878	0.934	0.84
1626.5	3                 15.96	81.9	0.922	0.864	0.886	0.792
1626.7	3                 17.03	80.3	0.919	0.865	0.875	0.786
1627	3                 19.34	83.9	0.941	0.89	0.888	0.809
1627.2	4                 20.39	84.1	0.964	0.894	0.91	0.805
1627.5	1                 22.03	78.5	0.98	0.909	0.925	0.831
1627.7	4                 23.28	88	1.001	0.96	0.964	0.905
1628	5                 23.02	83.3	1.04	0.982	1.024	0.937
1628.2	5                 25.80	83	1.072	1.004	1.067	0.949
1628.5	6                 26.06	82.9	1.076	1.006	1.057	0.947
1628.7	6                 22.63	84.7	1.078	1.014	1.059	0.947
1629	1                 22.27	89.8	1.073	1.01	1.037	0.929
1629.2	7                 21.88	88.2	1.068	0.995	1.018	0.903
1629.5	7                 21.01	90.2	1.073	1.001	1.019	0.902
1629.7	8                 18.61	85.7	1.084	1.029	1.029	0.949
1630	8                 18.59	88	1.11	1.04	1.066	0.955
1630.2	6                 18.01	91.3	1.112	1.036	1.072	0.96
1630.5	9                 17.61	91	1.118	1.03	1.089	0.963
1630.7	9                 17.23	93.3	1.125	1.025	1.097	0.959
1631	0                 17.56	93	1.147	1.033	1.12	0.962
1631.2	0                 18.65	93.3	1.196	1.08	1.17	1.001
1631.5	1                 16.20	92	1.25	1.169	1.276	1.094
1631.7	6                 15.98	95.1	1.244	1.187	1.254	1.115
1632	1                 15.76	91.5	1.19	1.133	1.2	1.064
1632.2	1                 17.65	89.7	1.128	1.062	1.105	0.985
1632.5	2                 19.85	92.1	1.058	0.968	1.013	0.882
1632.7	2                 19.42	90.7	1.009	0.933	0.988	0.868
1633	3                 18.06	91.3	1.001	0.942	0.995	0.902
1633.2	6                 17.27	82.8	1	0.94	1.002	0.899
1633.5	3                 16.23	80.2	1.008	0.948	1.02	0.899
1633.7	4                 15.13	78.5	1.015	0.949	1.005	0.882
1634	4                 14.03	81	1.024	0.98	0.988	0.908
1634.2	5                 11.34	81.7	1.044	0.991	0.964	0.892
1634.5	1                 10.74	86	1.074	1.022	1.002	0.935
1634.7	5                 10.22	86.1	1.093	1.014	1.026	0.903
1635	6                 11.23	87.3	1.131	1.067	1.108	0.991
1635.2	6                 12.11	90.5	1.018	0.959	0.998	0.895
1635.5	7                 15.81	88.5	1.018	0.96	0.995	0.9
1635.7	7                 16.29	90.4	1.019	0.963	0.993	0.899
1636	1                 14.93	86.4	1.019	0.965	0.992	0.897
1636.2	8                 13.29	86.2	1.019	0.964	0.993	0.898
1636.5	8                 13.26	86.3	1.019	0.963	0.994	0.898
1636.7	9                 11.95	86.4	1.019	0.963	0.995	0.898
1637	9                 9.14	88.8	1.019	0.963	0.996	0.898
1637.2	6                 9.40	87.9	1.019	0.966	0.99	0.896
1637.5	9                 9.61	86.3	1.019	0.967	0.988	0.895
1637.7	0                 18.23	86.6	1.027	0.984	0.991	0.911
1638	0                 46.40	87.2	1.032	0.983	0.982	0.904
1638.2	1                 97.35	87.5	1.038	0.981	0.972	0.895
1638.5	1                 172.6	5                  91.7	1.069	1.008	0.975	0.897
1638.7	6                 213.1	6                  87.0	1.109	1.046	1.056	0.948
1639	2                 257.6	9                  81.9	1.135	1.056	1.107	0.972
1639.2	2                 160.8	9                  88.6	1.128	1.053	1.087	0.986
1639.5	3                 196.5	3                  84.4	1.138	1.063	1.094	0.985
1639.7	3                 221.6	3                  83.6	1.14	1.053	1.073	0.961
1640	1                 166.6	5                  89.6	1.14	1.05	1.069	0.949
1640.2	4                 126.4	2                  89.1	1.141	1.051	1.065	0.944
1640.5	4                 86.55	95.7	1.14	1.052	1.068	0.947
1640.7	5                 45.08	96.2	1.14	1.053	1.062	0.947
1641	5                 39.81	96.1	1.142	1.058	1.067	0.963
1641.2	6                 27.60	94.8	1.147	1.067	1.075	0.975
1641.5	1                 24.18	93.3	1.151	1.068	1.077	0.978
1641.7	6                 20.74	95.1	1.155	1.069	1.079	0.974
1642	7                 20.89	93.3	1.16	1.072	1.084	0.973
1642.2	7                 22.41	91.1	1.163	1.076	1.081	0.982
1642.5	7                 25.50	93.1	1.185	1.09	1.111	1.002
1642.7	8                 30.66	95.7	1.213	1.124	1.146	1.025
1643	1                 31.50	97.8	1.221	1.147	1.168	1.048
1643.2	8                 32.64	94	1.222	1.16	1.174	1.071
1643.5	9                 39.84	93.2	1.224	1.178	1.182	1.101
1643.7	9                 46.12	91.4	1.225	1.187	1.186	1.117
1644	0                 51.52	93.9	1.223	1.202	1.184	1.147
1644.2	6                 43.45	97.9	1.225	1.199	1.185	1.171
1644.5	0                 36.04	95.7	1.222	1.219	1.184	1.188
1644.7	1                 36.71	92.1	1.221	1.222	1.187	1.201
1645	1                 60.24	89.3	1.224	1.212	1.205	1.196
1645.2	2                 137.7	1                  88.1	1.227	1.187	1.216	1.144
1645.5	2                 112.4	0                  95.3	1.219	1.144	1.182	1.051
1645.7	6                 115.6	9                  92.1	1.209	1.103	1.171	1.012
1646	3                 119.8	4                  85.5	1.203	1.095	1.162	0.996
1646.2	3                 246.3	3                  87.6	1.197	1.093	1.156	1.001
1646.5	4                 109.1	4                  87.1	1.191	1.092	1.15	1.006
1646.7	4                 66.73	85.6	1.19	1.093	1.145	1.01
1647	1                 61.92	89.4	1.188	1.092	1.148	1.011
1647.2	5                 57.88	93	1.183	1.09	1.144	1.018
1647.5	5                 60.78	92.5	1.18	1.089	1.147	1.022
1647.7	5                 67.58	91.7	1.177	1.086	1.143	1.017
1648	6                 70.73	96	1.171	1.075	1.136	0.993
1648.2	6                 81.25	95.6	1.163	1.068	1.123	0.989
1648.5	1                 92.65	90.7	1.156	1.064	1.111	0.988
1648.7	7                 105.7	9                  83.6	1.15	1.059	1.096	0.977
1649	7                 111.4	4                  85.9	1.146	1.064	1.092	0.989
1649.2	8                 155.2	9                  92.8	1.145	1.07	1.101	1
1649.5	8                 71.79	88.2	1.144	1.074	1.103	1.007
1649.7	6                 69.46	93.3	1.143	1.08	1.101	1.014
1650	9                 67.67	88.4	1.146	1.079	1.106	1.008
1650.2	9                 72.63	90.7	1.147	1.081	1.109	1.001
1650.5	0                 76.86	95.7	1.147	1.087	1.113	1.009
1650.7	0                 63.08	92.5	1.146	1.09	1.115	1.018
1651	1                 63.99	94.4	1.147	1.092	1.118	1.025
1651.2	6                 62.81	96	1.146	1.093	1.117	1.027
1651.5	1                 61.56	97.1	1.145	1.095	1.117	1.03
1651.7	2                 54.71	92.6	1.143	1.095	1.118	1.034
1652	2                 47.02	93.5	1.138	1.065	1.11	0.983
1652.2	3                 44.19	94.6	1.117	1.025	1.075	0.917
1652.5	0                 53.76	92.2	1.081	1.004	1.033	0.904
1652.7	3                 60.46	93.8	1.058	0.977	1.01	0.876
1653	4                 134.2	3                  95.1	1.038	0.964	0.99	0.875
1653.2	4                 142.9	0                  96.3	1.027	0.957	0.981	0.88
1653.5	4                 87.38	94.4	1.022	0.951	0.979	0.878
1653.7	5                 61.50	96.2	1.024	0.947	0.983	0.868
1654	0                 48.35	96.7	1.026	0.942	0.981	0.857
1654.2	5                 35.68	91.7	1.03	0.943	1.006	0.849
1654.5	6                 16.70	92.9	1.029	0.948	0.984	0.856
1654.7	6                 16.45	96.5	1.028	0.961	0.977	0.879
1655	7                 16.30	99.4	1.036	0.974	0.996	0.888
1655.2	7                 15.48	99.6	1.012	0.95	0.986	0.884
1655.5	0                 15.20	98	0.978	0.91	0.951	0.846
1655.7	8                 14.84	98.5	0.976	0.906	0.948	0.835
1656	8                 15.27	95.1	0.976	0.914	0.952	0.853
1656.2	9                 13.04	93.3	0.972	0.916	0.944	0.859
1656.5	9                 13.42	95.5	0.962	0.898	0.944	0.851
1656.7	5                 11.63	93.1	0.939	0.868	0.901	0.811
1657	0                 10.04	90.2	0.924	0.85	0.893	0.781
1657.2	5                 10.43	94.3	0.908	0.861	0.892	0.818
1657.5	0                 10.70	94.6	0.898	0.816	0.849	0.737
1657.7	5                 10.97	92.6	0.883	0.856	0.885	0.81
1658	0                 11.24	90.5	0.841	0.832	0.85	0.767
1658.2	5                 11.51	93.6	0.771	0.792	0.832	0.746
1658.5	0                 11.78	94.1	0.658	0.571	0.579	0.492
1658.7	2                 12.43	95.8	0.573	0.529	0.49	0.474
1659	3                 15.17	95.4	0.583	0.659	0.677	0.631
1659.2	3                 15.30	93.8	0.53	0.62	0.547	0.654
1659.5	0                 15.36	94.3	0.499	0.599	0.452	0.648
1659.7	4                 15.40	93.1	0.489	0.593	0.519	0.637
1660	4                 15.53	92.7	0.483	0.47	0.48	0.531
1660.2	5                 15.15	94.5	0.593	0.713	0.673	0.721
1660.5	5                 14.83	94.6	0.621	0.725	0.658	0.754
1660.7	6                 14.46	95.9	0.721	0.743	0.718	0.699
1661	0                 14.31	98	0.762	0.79	0.794	0.728
1661.2	6                 14.14	95.2	0.785	0.797	0.78	0.739
1661.5	7                 13.80	94.6	0.846	0.808	0.814	0.746
1661.7	7                 12.78	93	0.809	0.81	0.806	0.744
1662	8                 12.42	92.6	0.808	0.809	0.805	0.746
1662.2	5                 13.98	94.3	0.807	0.807	0.803	0.75
1662.5	8                 15.14	96.4	0.808	0.808	0.807	0.75
1662.7	9                 13.23	96.3	0.809	0.808	0.814	0.751
1663	9                 10.98	97	0.81	0.809	0.824	0.753
1663.2	0                 6.87	94.2	0.812	0.809	0.821	0.754
1663.5	0                 6.12	91.8	0.813	0.809	0.811	0.75
1663.7	5                 7.12	88.9	0.801	0.806	0.812	0.748
1664	1                 8.14	90.7	0.814	0.809	0.816	0.748
1664.2	1                 12.00	93.9	0.883	0.838	0.849	0.771
1664.5	1                 98.24	102	2                   0.905	0.862	0.882	0.785
1664.7	2                 176.7	1                  96.9	0.906	0.858	0.876	0.774
1665	2                 253.0	2                  93.9	0.903	0.855	0.862	0.759
1665.2	5                 184.2	2                  88.6	0.897	0.855	0.869	0.777
1665.5	3                 88.69	92.2	0.889	0.832	0.843	0.739
1665.7	3                 75.41	95.1	0.883	0.817	0.836	0.714
1666	4                 58.66	89.9	0.876	0.814	0.823	0.72
1666.2	4                 52.14	96.1	0.873	0.814	0.822	0.721
1666.5	0                 49.08	97.5	0.871	0.817	0.825	0.729
1666.7	5                 46.26	96.9	0.867	0.815	0.828	0.73
1667	5                 43.19	92.2	0.861	0.812	0.82	0.734
1667.2	6                 38.11	92.1	0.857	0.805	0.812	0.723
1667.5	6                 36.45	88.7	0.851	0.798	0.809	0.716
1667.7	7                 37.45	89	0.846	0.796	0.799	0.716
1668	0                 37.89	90.3	0.844	0.796	0.806	0.718
1668.2	7                 38.44	88.9	0.841	0.796	0.805	0.723
1668.5	8                 38.94	91.1	0.838	0.789	0.798	0.712
1668.7	8                 38.73	91.7	0.836	0.783	0.791	0.698
1669	9                 38.57	91.6	0.836	0.787	0.797	0.703
1669.2	5                 38.29	92.5	0.836	0.792	0.799	0.712
1669.5	9                 38.05	92.5	0.838	0.791	0.802	0.712
1669.7	0                 36.15	94.4	0.839	0.792	0.802	0.71
1670	0                 36.18	89.9	0.842	0.795	0.807	0.714
1670.2	0                 36.31	90.9	0.845	0.802	0.815	0.726
1670.5	1                 36.08	89.6	0.847	0.805	0.818	0.732
1670.7	5                 35.24	90.2	0.849	0.804	0.822	0.729
1671	1                 34.26	91.7	0.848	0.805	0.823	0.729
1671.2	2                 33.35	87.7	0.847	0.805	0.821	0.733
1671.5	2                 32.28	92.9	0.848	0.803	0.82	0.732
1671.7	3                 32.22	89.6	0.848	0.8	0.82	0.73
1672	0                 32.95	93.2	0.848	0.799	0.819	0.728
1672.2	3                 33.52	87.5	0.848	0.799	0.82	0.727
1672.5	4                 47.78	96.5	0.849	0.799	0.824	0.727
1672.7	4                 56.91	89.3	0.848	0.8	0.825	0.729
1673	5                 61.70	90	0.848	0.803	0.825	0.734
1673.2	5                 73.17	87.7	0.847	0.804	0.828	0.74
1673.5	0                 73.11	91.9	0.847	0.802	0.828	0.741
1673.7	6                 73.05	91.2	0.846	0.8	0.823	0.737
1674	6                 75.26	92.1	0.845	0.799	0.817	0.731
1674.2	7                 78.36	83.5	0.845	0.797	0.82	0.729
1674.5	7                 80.25	93	0.845	0.797	0.817	0.731
1674.7	5                 78.13	88.4	0.844	0.8	0.823	0.74
1675	8                 76.63	90.1	0.843	0.803	0.821	0.746
1675.2	8                 76.36	88	0.842	0.806	0.822	0.753
1675.5	9                 78.40	87.9	0.841	0.807	0.82	0.758
1675.7	9                 76.50	87.5	0.841	0.805	0.818	0.757
1676	9                 78.38	92.1	0.84	0.802	0.813	0.749
1676.2	5                 76.64	86.1	0.84	0.796	0.81	0.735
1676.5	0                 74.95	89.2	0.839	0.791	0.807	0.724
1676.7	0                 75.78	83.7	0.838	0.791	0.806	0.725
1677	1                 82.52	91	0.836	0.793	0.807	0.735
1677.2	1                 87.29	89	0.834	0.797	0.809	0.75
1677.5	2                 81.72	93.9	0.833	0.798	0.817	0.753
1677.7	5                 81.31	80	0.833	0.796	0.815	0.75
1678	2                 80.77	84.9	0.832	0.793	0.816	0.748
1678.2	3                 81.63	85.5	0.832	0.791	0.814	0.742
1678.5	3                 83.03	89	0.83	0.788	0.81	0.734
1678.7	4                 79.75	87.2	0.829	0.786	0.808	0.73
1679	0                 78.81	89.5	0.829	0.785	0.807	0.728
1679.2	4                 77.97	88	0.828	0.783	0.808	0.729
1679.5	5                 77.83	86.5	0.826	0.782	0.808	0.729
1679.7	5                 82.07	86.1	0.826	0.778	0.805	0.718
1680	6                 83.48	86	0.824	0.774	0.806	0.713
1680.2	6                 82.85	89.7	0.819	0.777	0.814	0.727
1680.5	0                 85.01	88.3	0.816	0.767	0.811	0.717
1680.7	7                 87.64	85.9	0.823	0.774	0.82	0.727
1681	7                 86.31	85	0.839	0.796	0.838	0.754
1681.2	8                 86.98	85.4	0.855	0.813	0.854	0.769
1681.5	8                 83.87	85.8	0.863	0.82	0.86	0.778
1681.7	5                 70.78	87.1	0.862	0.815	0.851	0.764
1682	8                 60.17	86	0.857	0.814	0.848	0.767
1682.2	9                 43.98	89.1	0.849	0.803	0.836	0.747
1682.5	9                 27.90	90.9	0.839	0.798	0.824	0.743
1682.7	0                 18.37	89.4	0.829	0.783	0.805	0.721
1683	0                 18.20	92	0.828	0.78	0.797	0.711
1683.2	5                 18.28	90.5	0.836	0.797	0.809	0.727
1683.5	1                 18.37	87.1	0.844	0.809	0.818	0.74
1683.7	1                 18.85	92.8	0.85	0.804	0.814	0.725
1684	2                 18.35	92.1	0.857	0.815	0.825	0.739
1684.2	2                 17.42	97.3	0.861	0.828	0.831	0.751
1684.5	0                 17.23	94.9	0.858	0.822	0.822	0.741
1684.7	3                 17.09	95.6	0.852	0.81	0.816	0.73
1685	3                 16.50	95.6	0.848	0.799	0.807	0.719
1685.2	4                 16.15	96.5	0.851	0.801	0.81	0.72
1685.5	4                 16.31	96.4	0.863	0.815	0.822	0.735
1685.7	5                 15.98	97.8	0.883	0.835	0.843	0.751
1686	0                 15.82	97	0.907	0.87	0.874	0.792
1686.2	5                 15.66	97.4	0.922	0.891	0.897	0.82
1686.5	6                 15.12	97.6	0.923	0.88	0.892	0.807
1686.7	6                 15.20	97	0.918	0.858	0.884	0.786
1687	7                 14.94	96.4	0.918	0.848	0.876	0.777
1687.2	7                 14.83	94.6	0.933	0.852	0.89	0.777
1687.5	0                 14.72	95.4	0.977	0.891	0.925	0.806
1687.7	7                 14.57	95.3	1.039	1.005	1.006	0.941
1688	8                 14.86	94.2	1.097	1.047	1.065	0.987
1688.2	8                 14.45	96.2	1.132	1.06	1.079	0.967
1688.5	9                 14.26	92.3	1.135	1.047	1.094	0.951
1688.7	5                 14.54	94.7	1.104	1.015	1.051	0.924
1689	9                 14.80	98	1.063	1.001	1.004	0.944
1689.2	0                 15.61	96.5	1.022	0.946	0.96	0.873
1689.5	0                 15.89	96.6	0.993	0.928	0.906	0.856
1689.7	1                 15.93	93.5	0.982	0.933	0.907	0.87
1690	1                 15.06	91.4	0.976	0.915	0.914	0.842
1690.2	5                 15.13	92.9	0.962	0.889	0.908	0.813
1690.5	2                 15.23	95.3	0.958	0.888	0.913	0.813
1690.7	2                 15.75	91.7	0.96	0.886	0.904	0.804
1691	3                 15.54	87	0.958	0.882	0.903	0.801
1691.2	3                 15.34	88	0.959	0.885	0.904	0.804
1691.5	0                 14.75	92.7	0.958	0.881	0.903	0.801
1691.7	4                 14.25	89.8	0.956	0.883	0.903	0.804
1692	4                 13.08	86.1	0.948	0.889	0.905	0.817
1692.2	5                 8.96	83.3	0.947	0.887	0.902	0.811
1692.5	5                 8.15	89.1	0.943	0.88	0.893	0.797
1692.7	6                 13.98	87.2	0.936	0.878	0.89	0.803
1693	0                 18.49	86.1	0.922	0.869	0.877	0.798
1693.2	6                 23.75	90.5	0.902	0.846	0.865	0.771
1693.5	6                 33.48	85.9	0.883	0.823	0.84	0.746
1693.7	7                 42.90	84.8	0.879	0.812	0.834	0.729
1694	7                 39.76	87.6	0.878	0.806	0.837	0.722
1694.2	5                 38.01	84.2	0.865	0.799	0.827	0.727
1694.5	8                 36.64	86.2	0.865	0.799	0.83	0.726
1694.7	8                 33.68	82.9	0.871	0.812	0.847	0.746
1695	9                 28.23	84	0.874	0.825	0.848	0.766
1695.2	9                 24.83	85.2	0.886	0.834	0.866	0.77
1695.5	0                 22.19	83.1	0.898	0.839	0.879	0.77
1695.7	5                 20.92	87.7	0.906	0.847	0.884	0.779
1696	0                 19.58	84	0.911	0.853	0.886	0.79
1696.2	1                 19.86	85.8	0.918	0.856	0.892	0.79
1696.5	1                 23.94	86.2	0.922	0.857	0.896	0.786
1696.7	2                 24.24	83.7	0.923	0.864	0.905	0.797
1697	0                 25.18	86.5	0.92	0.867	0.905	0.806
1697.2	2                 25.84	88.2	0.917	0.86	0.898	0.798
1697.5	3                 25.28	92.1	0.909	0.848	0.889	0.781
1697.7	3                 28.22	88.1	0.899	0.843	0.878	0.785
1698	4                 29.16	85.6	0.892	0.832	0.869	0.776
1698.2	4                 30.46	87.5	0.886	0.813	0.853	0.743
1698.5	0                 31.54	86.6	0.878	0.815	0.85	0.754
1698.7	5                 32.60	84.4	0.878	0.819	0.853	0.763
1699	5                 34.55	85.5	0.878	0.822	0.856	0.764
1699.2	6                 37.66	81	0.878	0.826	0.856	0.77
1699.5	6                 39.73	89.3	0.879	0.83	0.86	0.776
1699.7	6                 40.34	81.6	0.88	0.833	0.864	0.78
1700	0                 39.79	86.7	0.88	0.833	0.865	0.783
1700.2	7                 39.05	86.1	0.881	0.833	0.864	0.783
1700.5	7                 44.39	90.8	0.881	0.832	0.861	0.784
1700.7	8                 55.00	90	0.882	0.828	0.858	0.779
1701	8                 67.37	85.4	0.883	0.821	0.854	0.769
1701.2	4                 75.63	82.5	0.886	0.818	0.85	0.757
1701.5	9                 82.99	84.4	0.889	0.816	0.855	0.748
1701.7	9                 87.91	88.8	0.89	0.821	0.858	0.751
1702	0                 91.81	86.6	0.892	0.828	0.861	0.763
1702.2	0                 90.93	90.8	0.893	0.833	0.869	0.771
1702.5	1                 85.83	82.9	0.894	0.838	0.874	0.779
1702.7	4                 87.60	86.7	0.895	0.843	0.874	0.786
1703	1                 89.76	83.8	0.895	0.846	0.874	0.791
1703.2	2                 85.49	87	0.896	0.851	0.877	0.797
1703.5	2                 86.79	86.5	0.897	0.854	0.882	0.801
1703.7	3                 88.43	83.4	0.899	0.854	0.885	0.799
1704	9                 87.69	87.4	0.9	0.852	0.883	0.793
1704.2	3                 87.08	92.1	0.899	0.85	0.88	0.785
1704.5	4                 89.58	86.2	0.901	0.846	0.882	0.781
1704.7	4                 87.80	87.9	0.901	0.845	0.878	0.778
1705	5                 89.18	87.8	0.901	0.845	0.876	0.777
1705.2	5                 89.83	86.7	0.901	0.846	0.875	0.782
1705.5	9                 89.39	83.4	0.899	0.849	0.875	0.788
1705.7	6                 88.89	88.9	0.899	0.848	0.878	0.789
1706	6                 91.53	84.6	0.899	0.844	0.877	0.784
1706.2	6                 91.57	96.7	0.899	0.841	0.876	0.775
1706.5	7                 93.47	82.5	0.899	0.837	0.873	0.764
1706.7	4                 93.37	86.6	0.897	0.836	0.867	0.763
1707	7                 93.29	91.2	0.894	0.84	0.866	0.773
1707.2	8                 86.99	87.8	0.892	0.846	0.868	0.787
1707.5	8                 85.38	91.5	0.891	0.85	0.87	0.797
1707.7	9                 86.08	78.9	0.89	0.853	0.869	0.801
1708	9                 86.87	85.8	0.889	0.852	0.869	0.8
1708.2	4                 87.25	85.9	0.887	0.837	0.86	0.777
1708.5	0                 87.63	89.7	0.88	0.82	0.85	0.747
1708.7	0                 91.63	91.3	0.873	0.808	0.839	0.728
1709	1                 91.36	89.2	0.866	0.813	0.835	0.743
1709.2	1                 93.57	87.9	0.868	0.822	0.843	0.76
1709.5	2                 90.83	85.2	0.871	0.82	0.848	0.761
1709.7	4                 85.19	84.9	0.874	0.816	0.851	0.751
1710	2                 77.27	88	0.878	0.821	0.864	0.755
1710.2	3                 58.10	83.7	0.879	0.827	0.871	0.762
1710.5	3                 42.25	88.9	0.872	0.812	0.856	0.75
1710.7	4                 25.79	84.3	0.865	0.806	0.847	0.75
1711	9                 22.36	86.4	0.864	0.816	0.857	0.773
1711.2	4                 19.16	83.9	0.863	0.804	0.846	0.753
1711.5	5                 19.45	86.7	0.858	0.797	0.841	0.742
1711.7	5                 19.31	90.2	0.852	0.798	0.838	0.75
1712	6                 19.90	88.3	0.848	0.791	0.83	0.742
1712.2	6                 18.72	85.6	0.848	0.787	0.823	0.724
1712.5	9                 18.24	85.6	0.852	0.806	0.833	0.75
1712.7	6                 17.63	85.7	0.856	0.806	0.832	0.745
1713	7                 17.18	84.8	0.854	0.798	0.818	0.728
1713.2	7                 18.12	83.4	0.853	0.801	0.829	0.731
1713.5	8                 19.03	87.1	0.846	0.792	0.816	0.725
1713.7	4                 19.56	85.3	0.842	0.787	0.817	0.722
1714	8                 20.00	86.6	0.847	0.791	0.823	0.726
1714.2	9                 20.21	82.4	0.855	0.807	0.836	0.746
1714.5	9                 20.47	81.9	0.867	0.834	0.86	0.781
1714.7	0                 20.83	85.8	0.871	0.839	0.861	0.789
1715	0                 21.42	85.4	0.865	0.811	0.842	0.747
1715.2	4                 21.08	89.8	0.854	0.82	0.843	0.769
1715.5	1                 20.69	88.9	0.841	0.789	0.818	0.727
1715.7	1                 21.07	86.2	0.829	0.781	0.809	0.723
1716	2                 21.02	87.4	0.823	0.779	0.808	0.726
1716.2	2                 23.57	84.6	0.82	0.765	0.8	0.705
1716.5	9                 22.47	85.2	0.82	0.772	0.808	0.719
1716.7	3                 21.61	88	0.823	0.78	0.813	0.73
1717	3                 19.39	83.9	0.826	0.78	0.816	0.73
1717.2	4                 18.07	83.3	0.827	0.779	0.812	0.723
1717.5	4                 16.70	85.6	0.826	0.772	0.799	0.705
1717.7	5                 15.23	87.8	0.823	0.779	0.794	0.712
1718	9                 15.00	87.8	0.823	0.775	0.798	0.709
1718.2	5                 14.76	85.6	0.825	0.778	0.8	0.71
1718.5	6                 14.37	86.1	0.84	0.799	0.824	0.741
1718.7	6                 13.91	86.8	0.84	0.797	0.824	0.743
1719	6                 12.83	86.2	0.836	0.789	0.813	0.728
1719.2	4                 13.05	87	0.847	0.802	0.833	0.742
1719.5	7                 13.20	86.8	0.835	0.788	0.817	0.726
1719.7	7                 14.39	85.6	0.834	0.788	0.816	0.726
1720	8                 15.42	85.2	0.834	0.787	0.814	0.726
1720.2	8                 13.38	86.5	0.834	0.787	0.813	0.726
1720.5	9                 9.60	87.1	0.834	0.787	0.813	0.725
1720.7	4                 7.99	87.9	0.834	0.787	0.814	0.725
1721	9                 6.40	87.2	0.834	0.787	0.816	0.726
1721.2	0                 48.95	84.8	0.834	0.789	0.817	0.728
1721.5	0                 78.72	84.9	0.835	0.789	0.816	0.727
1721.7	1                 89.76	85.3	0.835	0.789	0.815	0.725
1722	9                 117.2	9                  83.4	0.841	0.795	0.821	0.73
1722.2	4                 154.5	3                  83.8	0.846	0.801	0.827	0.735
1722.5	2                 180.5	6                  84.4	0.848	0.811	0.837	0.753
1722.7	2                 154.0	8                  85.0	0.849	0.815	0.842	0.763
1723	3                 101.8	4                  85.4	0.847	0.823	0.843	0.771
1723.2	3                 86.29	84.1	0.847	0.825	0.847	0.787
1723.5	9                 88.43	85	0.845	0.799	0.837	0.746
1723.7	4                 91.77	87.6	0.839	0.783	0.825	0.731
1724	4                 94.41	89.5	0.837	0.783	0.826	0.737
1724.2	4                 105.8	4                  85.6	0.838	0.782	0.828	0.736
1724.5	5                 117.5	4                  86.0	0.84	0.788	0.832	0.746
1724.7	6                 81.97	87.1	0.844	0.796	0.839	0.756
1725	9                 74.04	88.1	0.847	0.797	0.841	0.754
1725.2	6                 64.29	86.8	0.849	0.797	0.843	0.754
1725.5	6                 48.79	89.7	0.851	0.8	0.845	0.758
1725.7	7                 34.37	87.3	0.854	0.803	0.848	0.761
1726	7                 26.45	88.7	0.857	0.806	0.85	0.764
1726.2	4                 25.68	85.6	0.859	0.808	0.854	0.766
1726.5	8                 25.06	93.4	0.861	0.808	0.855	0.765
1726.7	8                 24.83	90.7	0.86	0.81	0.853	0.769
1727	9                 25.97	90.4	0.86	0.809	0.849	0.764
1727.2	9                 26.21	87.6	0.861	0.808	0.856	0.76
1727.5	0                 26.75	96.6	0.858	0.81	0.851	0.76
1727.7	4                 27.34	91.6	0.855	0.806	0.838	0.746
1728	0                 28.01	91.5	0.851	0.802	0.821	0.731
1728.2	1                 31.16	95.2	0.847	0.801	0.808	0.718
1728.5	1                 31.41	92.6	0.843	0.807	0.807	0.729
1728.7	2                 30.71	91.8	0.843	0.804	0.813	0.728
1729	9                 30.68	96.5	0.843	0.799	0.805	0.719
1729.2	2                 30.65	93.6	0.848	0.795	0.805	0.721
1729.5	3                 29.73	96.5	0.865	0.789	0.81	0.711
1729.7	3                 30.09	95.4	0.893	0.807	0.832	0.711
1730	4                 29.30	92	0.915	0.839	0.868	0.737
1730.2	4                 28.45	93.3	0.94	0.909	0.918	0.824
1730.5	9                 27.73	86.6	0.966	1	0.986	0.975
1730.7	5                 26.99	90.2	1.002	1.048	1.044	1.02
1731	5                 25.91	83.3	1.014	1.054	1.042	1.019
1731.2	6                 25.51	86.8	1.017	1.051	1.021	1.013
1731.5	6                 26.81	85.4	1.02	1.042	1.019	0.993
1731.7	6                 32.50	82.4	1.023	1.032	1.026	0.981
1732	9                 35.49	85.3	1.023	1.032	1.025	0.989
1732.2	7                 39.70	77.8	1.026	1.031	1.023	0.979
1732.5	7                 33.96	73.3	1.023	1.019	1.017	0.961
1732.7	8                 37.32	72.1	1.023	1.018	1.021	0.963
1733	8                 43.57	75.4	1.021	1.013	1.023	0.969
1733.2	4                 45.43	70.7	1.016	1.004	1.033	0.977
1733.5	9                 47.18	73.4	1.011	0.992	1.028	0.971
1733.7	9                 57.14	72.9	1.006	0.974	1.018	0.956
1734	0                 66.36	68.6	1	0.945	0.988	0.904
1734.2	0                 67.20	66.8	0.994	0.911	0.973	0.852
1734.5	1                 67.94	74.2	0.991	0.894	0.968	0.826
1734.7	4                 69.31	70.4	0.984	0.888	0.957	0.82
1735	1                 71.08	71.5	0.977	0.891	0.948	0.832
1735.2	2                 72.32	72.4	0.977	0.901	0.957	0.844
1735.5	2                 77.70	72	0.978	0.911	0.968	0.86
1735.7	3                 75.88	77.1	0.98	0.932	0.989	0.891
1736	9                 79.79	79.3	0.982	0.945	1.005	0.913
1736.2	3                 83.15	80.4	0.983	0.956	1.019	0.93
1736.5	4                 70.70	82.4	0.982	0.965	1.023	0.947
1736.7	4                 68.99	84.7	0.98	0.972	1.023	0.964
1737	5                 71.34	90.5	0.974	0.971	1.012	0.972
1737.2	5                 67.01	94.6	0.97	0.954	1.002	0.958
1737.5	9                 67.40	96.3	0.97	0.934	0.998	0.922
1737.7	6                 67.86	99.4	0.965	0.901	0.973	0.846
1738	6                 70.62	98.8	0.957	0.872	0.945	0.791
1738.2	6                 78.52	99.6	0.951	0.866	0.929	0.784
1738.5	7                 79.83	95	0.944	0.871	0.922	0.794
1738.7	4                 80.88	92.5	0.935	0.886	0.924	0.836
1739	7                 81.70	92.2	0.927	0.895	0.93	0.858
1739.2	8                 88.18	90.4	0.92	0.893	0.923	0.856
1739.5	8                 79.02	87.9	0.905	0.857	0.896	0.809
1739.7	9                 77.37	92.2	0.881	0.794	0.824	0.709
1740	9                 74.25	91.8	0.876	0.811	0.829	0.738
1740.2	4                 73.49	94	0.893	0.825	0.85	0.754
1740.5	0                 72.66	93.3	0.922	0.822	0.847	0.724
1740.7	0                 72.00	95.5	0.967	0.904	0.921	0.818
1741	1                 71.36	94.6	1.011	0.971	0.984	0.91
1741.2	1                 60.92	91.1	1.032	0.948	0.985	0.853
1741.5	9                 50.86	92.2	1.038	0.972	1.007	0.906
1741.7	2                 43.65	96	1.024	0.974	1.018	0.922
1742	2                 26.41	93.4	0.99	0.937	0.981	0.895
1742.2	3                 16.95	91.9	0.956	0.879	0.928	0.827
1742.5	3                 16.81	92.2	0.934	0.85	0.899	0.792
1742.7	4                 17.00	93	0.918	0.85	0.892	0.794
1743	9                 17.26	95.2	0.908	0.878	0.911	0.84
1743.2	4                 17.51	92.4	0.884	0.841	0.878	0.794
1743.5	5                 16.45	89.9	0.847	0.781	0.817	0.714
1743.7	5                 15.47	90.6	0.821	0.761	0.79	0.692
1744	6                 15.78	94.9	0.806	0.753	0.776	0.681
1744.2	6                 15.96	93.9	0.799	0.75	0.765	0.672
1744.5	9                 16.32	92.3	0.798	0.756	0.76	0.674
1744.7	7                 16.79	97	0.804	0.761	0.762	0.672
1745	7                 17.04	93	0.813	0.774	0.774	0.688
1745.2	7                 17.10	96.2	0.824	0.782	0.791	0.701
1745.5	8                 17.20	95.9	0.834	0.789	0.803	0.71
1745.7	4                 17.26	98.7	0.847	0.797	0.818	0.725
1746	8                 17.31	98.5	0.867	0.802	0.829	0.724
1746.2	9                 16.86	101	7                   0.895	0.833	0.86	0.751
1746.5	9                 16.40	101	3                   0.925	0.9	0.911	0.819
1746.7	0                 16.58	99.4	0.928	0.975	0.956	0.96
1747	0                 16.26	98.1	0.899	0.847	0.866	0.765
1747.2	4                 16.44	85.2	0.856	0.789	0.815	0.713
1747.5	1                 16.65	88.1	0.841	0.774	0.805	0.697
1747.7	1                 16.91	92.3	0.842	0.8	0.822	0.741
1748	2                 17.13	94.7	0.847	0.801	0.825	0.733
1748.2	2                 17.98	95.9	0.85	0.804	0.826	0.738
1748.5	9                 17.93	95.3	0.855	0.805	0.834	0.74
1748.7	3                 17.90	91.9	0.857	0.802	0.833	0.738
1749	3                 17.49	93.5	0.868	0.8	0.832	0.73
1749.2	4                 16.74	96.7	0.903	0.855	0.878	0.789
1749.5	4                 16.61	98.2	0.933	0.905	0.923	0.846
1749.7	5                 16.84	90.2	0.927	0.887	0.904	0.818
1750	9                 17.45	96	0.871	0.816	0.835	0.745
1750.2	5                 18.14	99.9	0.868	0.823	0.839	0.75
1750.5	6                 19.34	96.7	0.876	0.821	0.839	0.745
1750.7	6                 18.44	96.8	0.894	0.829	0.852	0.75
1751	7                 18.87	98.2	0.928	0.861	0.886	0.775
1751.2	4                 18.02	96.2	0.946	0.889	0.915	0.814
1751.5	7                 17.38	94.4	0.966	0.912	0.924	0.833
1751.7	7                 11.81	96.3	0.986	0.93	0.935	0.83
1752	8                 9.84	95.6	1.006	0.977	0.978	0.883
1752.2	8                 11.97	92	1.009	1.048	1.027	1.045
1752.5	9                 13.14	81.2	1.004	0.979	0.962	0.943
1752.7	4                 14.67	82.1	0.996	0.893	0.931	0.779
1753	9                 16.25	87.9	0.977	0.885	0.927	0.796
1753.2	0                 20.76	90.6	0.953	0.876	0.907	0.821
1753.5	0                 22.67	88.5	0.945	0.841	0.897	0.758
1753.7	1                 24.22	90	0.932	0.844	0.895	0.783
1754	1                 27.09	84.7	0.937	0.846	0.903	0.784
1754.2	4                 27.36	88.4	0.942	0.874	0.92	0.825
1754.5	2                 27.75	85.2	0.948	0.886	0.929	0.847
1754.7	2                 28.50	87.1	0.958	0.885	0.941	0.826
1755	3                 29.60	88.3	0.962	0.898	0.946	0.838
1755.2	3                 29.64	88.2	0.963	0.913	0.956	0.852
1755.5	9                 28.64	85.9	0.958	0.921	0.942	0.885
1755.7	4                 27.70	87.3	0.959	0.884	0.918	0.812
1756	4                 26.51	88.8	0.957	0.85	0.881	0.748
1756.2	5                 28.07	90.5	0.961	0.87	0.882	0.783
1756.5	5                 25.35	93.9	0.977	0.887	0.898	0.798
1756.7	6                 26.33	89.1	0.982	0.891	0.903	0.799
1757	9                 27.82	89.5	0.993	0.899	0.909	0.798
1757.2	6                 29.75	92.8	1.016	0.922	0.929	0.807
1757.5	7                 29.89	89.3	1.031	0.94	0.943	0.83
1757.7	7                 31.31	90.6	1.047	0.968	0.959	0.872
1758	8                 35.55	95.9	1.08	0.998	0.981	0.882
1758.2	4                 42.63	98.4	1.098	1.014	1.023	0.885
1758.5	8                 48.73	96.3	1.133	1.08	1.072	0.964
1758.7	8                 71.02	95.8	1.169	1.157	1.123	1.073
1759	9                 81.78	89.8	1.185	1.185	1.155	1.114
1759.2	9                 87.51	87.4	1.205	1.209	1.182	1.148
1759.5	0                 81.13	82.1	1.219	1.226	1.197	1.165
1759.7	4                 80.21	85.3	1.23	1.235	1.203	1.172
1760	0                 79.12	88.4	1.243	1.239	1.213	1.173
1760.2	1                 75.54	88.6	1.258	1.24	1.231	1.171
1760.5	1                 76.35	80.2	1.264	1.24	1.231	1.165
1760.7	2                 81.01	83.8	1.269	1.239	1.231	1.162
1761	9                 82.51	91.2	1.278	1.236	1.24	1.16
1761.2	2                 83.69	87.9	1.284	1.234	1.244	1.158
1761.5	3                 84.88	84.6	1.291	1.227	1.257	1.152
1761.7	3                 82.57	83.4	1.294	1.225	1.256	1.149
1762	4                 80.33	89.3	1.296	1.222	1.255	1.145
1762.2	4                 85.73	86.5	1.3	1.217	1.261	1.139
1762.5	9                 86.01	84.9	1.3	1.213	1.263	1.134
1762.7	5                 86.30	83.8	1.302	1.21	1.261	1.136
1763	5                 89.43	84.7	1.302	1.208	1.255	1.137
1763.2	6                 100.9	0                  88.2	1.305	1.204	1.257	1.136
1763.5	6                 105.4	7                  84.7	1.305	1.201	1.261	1.127
1763.7	4                 99.92	91.7	1.309	1.198	1.27	1.117
1764	7                 95.93	90.9	1.31	1.206	1.273	1.129
1764.2	7                 101.7	9                  91.6	1.31	1.212	1.275	1.14
1764.5	8                 104.0	5                  98.8	1.31	1.219	1.277	1.153
1764.7	8                 97.34	97.9	1.312	1.222	1.284	1.159
1765	9                 91.70	87.2	1.313	1.224	1.284	1.16
1765.2	4                 91.50	96.6	1.311	1.221	1.281	1.156
1765.5	9                 91.31	94.5	1.311	1.22	1.281	1.151
1765.7	9                 96.54	87.4	1.31	1.218	1.28	1.147
1766	0                 92.96	98.5	1.287	1.214	1.264	1.152
1766.2	0                 90.25	98.8	1.231	1.124	1.179	1.061
1766.5	1                 99.89	99.1	1.201	1.08	1.12	0.99
1766.7	4                 95.66	90.6	1.195	1.082	1.112	0.978
1767	1                 89.92	85.7	1.204	1.119	1.114	1.015
1767.2	2                 102.7	5                  92.7	1.231	1.193	1.174	1.119
1767.5	2                 112.5	3                  94.0	1.247	1.202	1.183	1.11
1767.7	3                 74.40	90.2	1.249	1.218	1.194	1.132
1768	9                 59.02	85.8	1.223	1.203	1.175	1.115
1768.2	3                 45.09	94.7	1.12	1.147	1.083	1.075
1768.5	4                 19.09	90.6	0.989	0.846	0.983	0.935
1768.7	4                 19.88	89.2	0.876	0.837	0.872	0.836
1769	5                 20.11	83.2	0.807	0.69	0.752	0.622
1769.2	5                 20.73	71	0.81	0.732	0.76	0.672
1769.5	9                 21.74	75.6	0.842	0.823	0.848	0.775
1769.7	6                 22.98	80.1	0.851	0.89	0.904	0.85
1770	6                 20.82	89.6	0.837	0.866	0.87	0.802
1770.2	7                 19.99	92	0.736	0.688	0.732	0.605
1770.5	7                 18.44	85.9	0.669	0.625	0.634	0.559
1770.7	4                 18.64	75	0.661	0.608	0.621	0.553
1771	8                 18.80	68.7	0.698	0.671	0.683	0.63
1771.2	8                 18.54	70.6	0.738	0.704	0.751	0.664
1771.5	9                 22.29	70	0.778	0.771	0.785	0.747
1771.7	9                 22.09	67.9	0.836	0.82	0.839	0.791
1772	0                 18.16	68	0.874	0.837	0.858	0.785
1772.2	4                 18.13	74.2	0.897	0.885	0.871	0.817
1772.5	0                 18.10	81.7	0.928	0.892	0.903	0.832
1772.7	0                 17.64	88.8	0.942	0.912	0.953	0.865
1773	1                 18.06	77	0.937	0.93	0.962	0.904
1773.2	1                 18.89	79.3	0.906	0.894	0.924	0.871
1773.5	9                 18.68	91.3	0.822	0.78	0.817	0.754
1773.7	2                 18.51	110	9                   0.774	0.728	0.748	0.694
1774	2                 21.23	106	9                   0.766	0.728	0.752	0.692
1774.2	3                 19.49	79.3	0.771	0.738	0.749	0.681
1774.5	3                 22.67	70.4	0.785	0.763	0.771	0.724
1774.7	4                 24.36	69.4	0.806	0.769	0.773	0.712
1775	9                 23.84	66.6	0.858	0.823	0.836	0.767
1775.2	4                 23.30	68.2	0.916	0.894	0.887	0.826
1775.5	5                 23.22	79.5	0.94	0.935	0.936	0.867
1775.7	5                 21.51	85	0.938	0.904	0.923	0.832
1776	6                 20.84	87.4	0.925	0.894	0.871	0.811
1776.2	6                 20.30	85.6	0.921	0.871	0.846	0.763
1776.5	9                 20.17	84.8	0.922	0.886	0.855	0.795
1776.7	7                 19.98	85.9	0.924	0.897	0.868	0.817
1777	7                 16.31	86.8	0.925	0.905	0.877	0.833
1777.2	8                 14.69	83.7	0.925	0.905	0.877	0.834
1777.5	8                 14.08	83.1	0.925	0.905	0.878	0.834
1777.7	4                 13.13	82.7	0.925	0.905	0.878	0.834
1778	9                 12.24	84.1	0.925	0.904	0.878	0.833
1778.2	9                 10.09	85	0.924	0.902	0.872	0.815
1778.5	0                 12.75	85.8	0.922	0.884	0.839	0.757
1778.7	0                 85.39	86.4	0.953	0.916	0.919	0.839
1779	1                 281.0	8                  86.1	0.964	0.923	0.941	0.871
1779.2	4                 284.5	8                  84.3	0.968	0.919	0.945	0.865
1779.5	1                 289.1	4                  87.6	0.971	0.918	0.952	0.856
1779.7	1                 226.5	3                  86.8	0.972	0.919	0.946	0.855
1780	2                 136.5	4                  89.4	0.978	0.931	0.935	0.854
1780.2	2                 45.59	91.5	0.985	0.962	0.956	0.898
1780.5	9                 53.61	86	0.985	0.969	0.968	0.912
1780.7	3                 60.57	90.7	0.984	0.969	0.965	0.91
1781	3                 57.05	83.9	0.984	0.968	0.963	0.908
1781.2	4                 51.72	82.1	0.982	0.967	0.961	0.906
1781.5	4                 52.18	84.1	0.98	0.963	0.956	0.903
1781.7	5                 43.39	86	0.975	0.956	0.952	0.899
1782	9                 43.09	81.9	0.965	0.935	0.972	0.875
1782.2	4                 42.55	82.2	0.942	0.921	0.971	0.899
1782.5	6                 42.07	84.4	0.904	0.839	0.901	0.786
1782.7	6                 79.45	84.9	0.893	0.833	0.897	0.798
1783	7                 75.07	79.1	0.877	0.822	0.887	0.817
1783.2	4                 73.47	76	0.864	0.788	0.841	0.738
1783.5	7                 72.20	74.2	0.896	0.845	0.867	0.802
1783.7	8                 62.74	72.4	0.953	0.908	0.925	0.838
1784	8                 49.33	78.4	0.984	0.959	0.961	0.894
1784.2	9                 39.59	86.2	1.005	0.99	0.975	0.919
1784.5	9                 45.55	87.4	1.019	1.001	0.968	0.912
1784.7	4                 39.41	88.2	1.03	1.006	0.987	0.929
1785	0                 32.73	87.9	1.04	1.003	0.998	0.937
1785.2	0                 28.72	88.7	1.051	0.977	0.988	0.884
1785.5	1                 21.03	91.1	1.059	0.963	0.984	0.843
1785.7	1                 18.32	88.3	1.067	0.959	0.992	0.827
1786	9                 17.21	91.6	1.076	0.991	1.008	0.868
1786.2	2                 16.41	90.6	1.077	1.034	1.016	0.942
1786.5	2                 16.83	79.1	1.078	1.067	1.026	1.006
1786.7	3                 16.88	81.3	1.087	1.072	1.047	1.01
1787	3                 21.60	91.7	1.089	1.042	1.015	0.903
1787.2	3                 25.69	91.7	1.082	1.042	0.976	0.895
1787.5	9                 31.47	104	6                   1.080	1.048	0.963	0.905
1787.7	4                 37.22	105	8                   1.082	1.053	0.975	0.917
1788	4                 35.45	93.1	1.075	1.06	0.973	0.935
1788.2	5                 33.43	91.3	1.071	1.068	0.976	0.961
1788.5	5                 23.84	94.3	1.065	1.079	0.976	0.971
1788.7	6                 26.68	82.7	1.064	1.094	0.989	0.997
1789	9                 25.47	76.2	1.038	1.09	1.019	1.033
1789.2	6                 23.82	74.5	1.009	1.071	0.95	0.955
1789.5	7                 30.07	70.4	0.962	1.027	0.877	0.87
1789.7	7                 74.75	60.1	0.907	0.972	0.818	0.826
1790	8                 33.00	58.6	0.889	0.958	0.764	0.785
1790.2	4                 35.38	52.7	0.865	0.918	0.767	0.764
1790.5	8                 37.54	39.3	0.852	0.897	0.754	0.734
1790.7	9                 42.03	35.8	0.841	0.879	0.744	0.739
1791	9                 51.47	31.3	0.819	0.846	0.697	0.675
1791.2	0                 36.82	32.2	0.803	0.78	0.768	0.717
1791.5	0                 27.16	30.4	0.776	0.749	0.729	0.693
1791.7	4                 26.36	28.3	0.7	0.68	0.47	0.44
1792	1                 25.37	25.7	0.638	0.63	0.353	0.342
1792.2	1                 26.68	28.1	0.619	0.626	0.327	0.335
1792.5	2                 36.53	28.7	0.617	0.625	0.316	0.333
1792.7	2                 43.75	27.8	0.605	0.627	0.332	0.386
1793	9                 49.63	26.8	0.601	0.627	0.335	0.396
1793.2	3                 54.51	26.1	0.59	0.623	0.342	0.381
1793.5	3                 38.05	24.6	0.579	0.616	0.324	0.337
1793.7	4                 33.40	28.2	0.834	0.804	0.675	0.589
1794	4                 66.58	23.6	1.071	0.98	0.985	0.813
1794.2	4                 25.71	24.3	1.078	1.043	0.986	0.955
1794.5	9                 28.16	81	1.082	1.077	0.986	1.03
1794.7	5                 30.96	83.4	1.011	1.059	0.939	0.937
1795	5                 30.32	87.8	0.594	0.64	0.334	0.398
1795.2	6                 29.54	90.7	0.546	0.638	0.217	0.384
1795.5	6                 27.58	88.8	0.543	0.64	0.188	0.366
1795.7	4                 34.67	29.7	0.549	0.628	0.258	0.429
1796	7                 40.06	22.4	0.546	0.613	0.22	0.419
1796.2	7                 48.63	23.4	0.546	0.612	0.184	0.391
1796.5	8                 59.57	23.4	0.59	0.674	0.28	0.58
1796.7	8                 28.95	24.1	0.615	0.731	0.266	0.683
1797	9                 21.57	24.7	0.628	0.769	0.301	0.876
1797.2	4                 22.48	24	0.644	0.762	0.338	0.876
1797.5	9                 23.43	24.7	0.652	0.712	0.33	0.563
1797.7	0                 23.36	22.5	0.655	0.712	0.358	0.518
1798	0                 27.37	22.1	0.652	0.729	0.383	0.594
1798.2	1                 24.51	22	0.641	0.707	0.385	0.531
1798.5	1                 28.96	26.1	0.592	0.625	0.41	0.399
1798.7	4                 29.31	28.1	0.568	0.589	0.417	0.361
1799	2                 29.80	29	0.554	0.577	0.378	0.282
1799.2	2                 30.66	25.6	0.584	0.578	0.499	0.434
1799.5	3                 36.04	26.6	0.607	0.605	0.581	0.544
1799.7	3                 36.41	28.9	0.618	0.618	0.506	0.436
1800	9                 37.17	31.8	0.658	0.682	0.561	0.434
1800.2	4                 37.90	31.3	0.686	0.729	0.578	0.509
1800.5	4                 27.51	41.2	0.707	0.722	0.594	0.579
1800.7	5                 22.35	41.6	0.739	0.701	0.604	0.537
1801	5                 20.37	27.7	0.805	0.784	0.718	0.682
1801.2	5                 18.72	36.4	0.895	1.056	0.974	1.058
1801.5	9                 16.88	45.4	0.886	1.001	0.924	0.956
1801.7	6                 14.47	60.2	0.786	0.777	0.701	0.668
1802	6                 12.15	65.1	0.723	0.684	0.581	0.533
1802.2	7                 10.91	47.6	0.71	0.689	0.602	0.565
1802.5	7                 11.46	37.8	0.705	0.73	0.557	0.553
1802.7	4                 11.34	39	0.712	0.749	0.58	0.579
1803	8                 11.24	34.6	0.723	0.751	0.582	0.588
1803.2	8                 11.61	29.8	0.765	0.799	0.701	0.725
1803.5	9                 10.05	27.5	0.734	0.71	0.577	0.541
1803.7	9                 11.24	25.1	0.749	0.793	0.653	0.685
1804	0                 8.00	40.7	0.684	0.707	0.574	0.588
1804.2	4                 7.78	50.5	0.649	0.681	0.506	0.505
1804.5	0                 7.51	38.7	0.63	0.646	0.526	0.546
1804.7	1                 11.71	31.3	0.624	0.62	0.517	0.471
1805	1                 11.93	34.2	0.635	0.67	0.505	0.528
1805.2	2                 14.98	36.3	0.639	0.673	0.499	0.551
1805.5	9                 15.43	33.6	0.646	0.641	0.553	0.488
1805.7	2                 15.79	27.7	0.652	0.679	0.579	0.601
1806	3                 14.84	29	0.653	0.678	0.576	0.6
1806.2	3                 15.03	31.6	0.653	0.678	0.574	0.598
1806.5	4                 12.72	26.4	0.654	0.677	0.575	0.6
1806.7	4                 9.04	26.1	0.655	0.677	0.575	0.602
1807	9                 7.42	25.9	0.641	0.681	0.536	0.571
1807.2	5                 5.65	25.9	0.648	0.676	0.473	0.534
1807.5	5                 5.39	25.9	0.754	0.75	0.672	0.614
1807.7	6                 10.09	26.4	0.837	0.905	0.808	0.764
1808	6                 15.15	28	0.871	0.983	0.872	0.888
1808.2	4                 56.57	53.1	0.885	0.979	0.896	0.952
1808.5	6                 86.72	68.7	0.87	0.955	0.814	0.881
1808.7	7                 154.5	2                  66.3	0.85	0.887	0.731	0.798
1809	7                 63.37	53.4	0.804	0.791	0.658	0.656
1809.2	8                 25.98	50.3	0.756	0.766	0.558	0.609
1809.5	8                 25.81	46.4	0.717	0.741	0.58	0.669
1809.7	4                 22.97	45.5	0.697	0.709	0.511	0.585
1810	9                 20.13	40.3	0.684	0.672	0.548	0.568
1810.2	9                 19.67	38.5	0.667	0.657	0.554	0.556
1810.5	0                 21.06	40.1	0.647	0.661	0.542	0.541
1810.7	0                 21.34	44.8	0.63	0.659	0.49	0.522
1811	1                 25.90	48	0.624	0.658	0.44	0.461
1811.2	4                 29.76	36.9	0.62	0.638	0.444	0.434
1811.5	1                 35.06	34.5	0.618	0.638	0.391	0.399
1811.7	2                 35.79	35.9	0.616	0.64	0.403	0.402
1812	2                 34.24	36.4	0.651	0.658	0.45	0.417
1812.2	3                 26.56	40.1	0.708	0.705	0.519	0.474
1812.5	9                 26.02	44.3	0.788	0.81	0.584	0.536
1812.7	3                 25.52	48.3	0.847	0.96	0.842	0.798
1813	4                 19.95	58.9	0.864	1.047	0.876	0.888
1813.2	4                 16.24	85.9	0.851	1.011	0.834	0.854
1813.5	5                 17.16	76.5	0.85	1.004	0.835	0.845
1813.7	5                 14.31	64.1	0.821	0.915	0.772	0.782
1814	9                 12.30	61.9	0.649	0.668	0.538	0.576
1814.2	6                 9.78	61	0.648	0.666	0.535	0.569
1814.5	6                 8.42	59.9	0.645	0.663	0.527	0.551
1814.7	7                 8.00	46.1	0.631	0.655	0.447	0.482
1815	7                 10.44	43.3	0.609	0.644	0.328	0.38
1815.2	4                 11.61	37.9	0.633	0.656	0.328	0.36
1815.5	7                 12.58	36.5	0.657	0.668	0.328	0.34
1815.7	8                 18.00	34.8	0.686	0.683	0.327	0.315
1816	8                 31.46	41.5	0.738	0.786	0.463	0.43
1816.2	9                 25.63	47.2	0.802	0.912	0.629	0.571
1816.5	9                 63.23	51.1	0.844	0.995	0.738	0.663
1816.7	4                 42.46	59.9	0.854	1.022	0.818	0.833
1817	0                 18.65	66.5	0.787	0.862	0.698	0.684
1817.2	0                 21.89	70.3	0.663	0.687	0.537	0.536
1817.5	1                 19.42	59.5	0.644	0.7	0.466	0.531
1817.7	1                 15.67	59.7	0.622	0.659	0.401	0.467
1818	9                 19.55	45.2	0.608	0.635	0.343	0.386
1818.2	2                 22.51	35.2	0.598	0.629	0.313	0.352
1818.5	2                 18.55	36.2	0.608	0.634	0.373	0.428
1818.7	3                 16.84	37.3	0.718	0.745	0.636	0.622
1819	3                 22.62	37	0.704	0.709	0.621	0.584
1819.2	4                 20.26	39.5	0.746	0.767	0.659	0.66
1819.5	9                 19.09	38.3	0.782	0.87	0.757	0.743
1819.7	4                 17.87	48.3	0.74	0.764	0.651	0.642
1820	5                 15.60	66.9	0.692	0.701	0.558	0.535
1820.2	5                 16.77	56.2	0.66	0.671	0.516	0.469
1820.5	6                 13.80	40.3	0.644	0.653	0.489	0.428
1820.7	4                 13.04	40.1	0.642	0.649	0.507	0.46
1821	6                 12.51	42.7	0.665	0.689	0.512	0.481
1821.2	7                 10.26	44.6	0.664	0.709	0.473	0.488
1821.5	7                 8.99	44.6	0.67	0.709	0.555	0.566
1821.7	8                 7.01	39.8	0.673	0.71	0.538	0.548
1822	8                 6.79	41	0.675	0.711	0.522	0.531
1822.2	4                 7.76	39	0.669	0.719	0.486	0.486
1822.5	8                 8.70	41.6	0.672	0.723	0.499	0.484
1822.7	9                 8.66	43.6	0.666	0.726	0.446	0.423
1823	9                 11.76	41	0.659	0.73	0.429	0.408
1823.2	0                 15.04	48.8	0.668	0.733	0.494	0.505
1823.5	0                 83.74	43.5	0.653	0.711	0.496	0.554
1823.7	4                 63.67	52.2	0.602	0.629	0.316	0.297
1824	1                 37.25	46.4	0.599	0.632	0.399	0.397
1824.2	4                 41.76	41.1	0.59	0.589	0.544	0.55
1824.5	2                 45.67	37.3	0.593	0.599	0.503	0.509
1824.7	2                 41.49	30.2	0.586	0.633	0.389	0.37
1825	9                 37.18	28.9	0.578	0.634	0.317	0.381
1825.2	3                 33.39	29.8	0.589	0.628	0.333	0.427
1825.5	3                 17.85	30.8	0.634	0.608	0.545	0.574
1825.7	4                 0.91	27.2	0.717	0.738	0.562	0.645
1826	4                 5.84	26.7	0.866	1.016	0.804	0.924
1826.2	5                 8.07	28.9	0.912	0.998	0.847	0.921
1826.5	9                 9.44	61.6	0.903	0.905	0.841	0.79
1826.7	5                 11.08	83.9	0.838	0.811	0.733	0.685
1827	6                 11.80	86.8	0.792	0.791	0.693	0.673
1827.2	6                 10.86	78	0.716	0.722	0.639	0.612
1827.5	7                 8.81	70.1	0.659	0.639	0.584	0.544
1827.7	4                 8.38	66.9	0.65	0.622	0.558	0.491
1828	7                 8.03	64.6	0.645	0.673	0.602	0.573
1828.2	8                 8.43	54.3	0.629	0.654	0.492	0.526
1828.5	8                 9.11	53.1	0.611	0.638	0.578	0.582
1828.7	9                 10.10	36.6	0.547	0.547	0.49	0.453
1829	9                 9.76	45.1	0.547	0.548	0.477	0.399
1829.2	4                 10.55	31.1	0.531	0.532	0.48	0.441
1829.5	9                 11.40	36.7	0.531	0.532	0.48	0.44
1829.7	0                 12.69	43.8	0.531	0.532	0.479	0.441
1830	0                 14.80	53.3	0.531	0.532	0.478	0.434
1830.2	1                 16.72	41.3	0.53	0.532	0.476	0.428
1830.5	8                 14.57	44	0.53	0.532	0.475	0.424
1830.7	1                 12.99	44.9	0.529	0.532	0.465	0.424
1831	2                 2.92	46.1	0.564	0.583	0.47	0.418
1831.2	2                 16.05	46.4	0.583	0.61	0.534	0.491
1831.5	3                 37.54	46.8	0.573	0.58	0.521	0.438
1831.7	3                 60.21	45.4	0.573	0.573	0.508	0.408
1832	8                 76.35	44.7	0.562	0.552	0.523	0.445
1832.2	4                 92.57	46.1	0.535	0.55	0.441	0.372
1832.5	4                 150.0	9                  44.0	0.536	0.556	0.436	0.378
1832.7	5                 55.40	46.3	0.612	0.642	0.526	0.582
1833	5                 29.97	45.7	0.63	0.657	0.568	0.591
1833.2	6                 32.29	41.7	0.63	0.652	0.561	0.589
1833.5	8                 29.63	31.9	0.622	0.632	0.546	0.524
1833.7	6                 25.95	27.7	0.611	0.618	0.519	0.534
1834	7                 0.81	27.7	0.618	0.61	0.527	0.447
1834.2	7                 5.99	24.2	0.612	0.618	0.531	0.452
1834.5	8                 10.05	26	0.632	0.622	0.53	0.442
1834.7	3                 14.27	47.6	0.614	0.631	0.524	0.565
1835	8                 18.16	47.1	0.606	0.616	0.514	0.529
1835.2	3                 17.74	43	0.606	0.6	0.536	0.554
1835.5	9                 17.43	29.6	0.627	0.61	0.584	0.509
1835.7	0                 32.37	39.2	0.637	0.618	0.553	0.47
1836	0                 38.18	53.2	0.626	0.636	0.539	0.533
1836.2	3                 36.99	46	0.604	0.617	0.457	0.489
1836.5	0                 35.49	34.6	0.614	0.624	0.55	0.522
1836.7	1                 33.83	28.9	0.613	0.634	0.572	0.515
1837	1                 32.32	27.8	0.638	0.631	0.536	0.474
1837.2	2                 51.92	28.8	0.61	0.605	0.523	0.502
1837.5	8                 38.31	22.4	0.621	0.609	0.524	0.48
1837.7	2                 26.87	26.6	0.638	0.648	0.56	0.509
1838	3                 27.76	44.1	0.652	0.691	0.551	0.601
1838.2	3                 40.47	45.8	0.651	0.681	0.554	0.603
1838.5	4                 58.78	28.8	0.647	0.658	0.531	0.549
1838.7	4                 25.53	24.5	0.652	0.652	0.543	0.553
1839	8                 26.44	25.2	0.646	0.671	0.546	0.594
1839.2	5                 27.48	24.7	0.647	0.67	0.523	0.571
1839.5	5                 29.45	22.9	0.646	0.67	0.476	0.535
1839.7	6                 32.32	23.1	0.648	0.668	0.498	0.544
1840	6                 32.63	24.5	0.651	0.666	0.531	0.559
1840.2	3                 31.59	20.9	0.648	0.666	0.504	0.545
1840.5	7                 30.79	21.1	0.647	0.667	0.491	0.539
1840.7	7                 31.05	21.3	0.645	0.667	0.531	0.565
1841	8                 37.52	21.9	0.644	0.67	0.523	0.567
1841.2	8                 51.86	22.2	0.642	0.673	0.512	0.57
1841.5	9                 88.92	22.9	0.646	0.674	0.525	0.585
1841.7	3                 102.1	3                  23.7	0.65	0.676	0.537	0.6
1842	9                 116.0	6                  24.5	0.653	0.689	0.542	0.625
1842.2	0                 135.8	0                  22.4	0.654	0.695	0.544	0.636
1842.5	0                 146.6	9                  21.0	0.655	0.706	0.547	0.656
1842.7	1                 152.5	3                  25.9	0.654	0.714	0.546	0.669
1843	8                 158.3	7                  26.9	0.653	0.721	0.545	0.68
1843.2	1                 162.4	6                  28.1	0.654	0.707	0.545	0.651
1843.5	1                 173.6	7                  27.6	0.654	0.696	0.545	0.628
1843.7	2                 151.5	0                  27.3	0.656	0.665	0.557	0.566
1844	2                 145.4	8                  24.9	0.656	0.664	0.533	0.55
1844.2	3                 141.1	7                  23.5	0.656	0.663	0.488	0.522
1844.5	8                 228.5	5                  21.8	0.657	0.667	0.507	0.547
1844.7	3                 312.7	8                  21.4	0.659	0.672	0.527	0.575
1845	4                 181.9	5                  20.9	0.659	0.676	0.545	0.6
1845.2	4                 173.2	9                  22.1	0.661	0.683	0.549	0.62
1845.5	5                 159.7	9                  23.9	0.662	0.689	0.553	0.637
1845.7	5                 151.5	9                  23.7	0.662	0.694	0.556	0.652
1846	8                 202.1	0                  23.5	0.663	0.702	0.551	0.669
1846.2	6                 268.9	3                  23.2	0.664	0.709	0.547	0.684
1846.5	6                 382.0	6                  23.0	0.669	0.709	0.568	0.667
1846.7	7                 259.4	7                  23.1	0.674	0.708	0.59	0.65
1847	7                 243.0	0                  23.1	0.679	0.703	0.588	0.618
1847.2	3                 241.4	3                  24.4	0.685	0.697	0.586	0.584
1847.5	8                 240.0	4                  25.3	0.684	0.698	0.571	0.589
1847.7	8                 215.6	0                  24.6	0.683	0.698	0.562	0.592
1848	9                 208.5	7                  24.0	0.679	0.704	0.591	0.644
1848.2	9                 178.0	9                  20.9	0.68	0.71	0.58	0.67
1848.5	0                 188.5	8                  19.6	0.68	0.716	0.57	0.693
1848.7	3                 179.9	7                  23.1	0.679	0.738	0.585	0.763
1849	0                 169.5	6                  23.5	0.678	0.75	0.593	0.802
1849.2	1                 179.1	0                  23.7	0.688	0.694	0.589	0.656
1849.5	1                 170.1	5                  21.7	0.686	0.694	0.611	0.63
1849.7	2                 148.3	1                  20.9	0.673	0.701	0.572	0.624
1850	8                 150.7	1                  23.7	0.666	0.683	0.569	0.621
1850.2	2                 152.6	5                  25.2	0.654	0.664	0.513	0.528
1850.5	2                 158.1	8                  21.6	0.633	0.658	0.426	0.45
1850.7	3                 156.8	0                  24.0	0.636	0.671	0.445	0.46
1851	3                 89.62	22.4	0.645	0.685	0.521	0.519
1851.2	4                 47.16	23.4	0.636	0.659	0.647	0.617
1851.5	8                 41.09	25.3	0.602	0.585	0.587	0.475
1851.7	4                 34.38	23.2	0.582	0.56	0.55	0.454
1852	5                 33.20	30.8	0.556	0.541	0.532	0.436
1852.2	5                 28.11	36	0.567	0.563	0.535	0.433
1852.5	6                 31.62	34.8	0.574	0.591	0.529	0.407
1852.7	3                 30.16	32.2	0.59	0.626	0.582	0.509
1853	6                 29.08	43.2	0.602	0.628	0.623	0.564
1853.2	7                 30.77	42.5	0.585	0.587	0.549	0.494
1853.5	7                 32.39	31.3	0.552	0.552	0.53	0.448
1853.7	8                 27.49	30.4	0.537	0.545	0.512	0.45
1854	8                 27.12	30.8	0.53	0.546	0.515	0.387
1854.2	3                 27.59	35.3	0.531	0.544	0.503	0.347
1854.5	9                 28.07	30.8	0.538	0.562	0.494	0.396
1854.7	9                 30.72	31.8	0.55	0.57	0.466	0.37
1855	0                 37.26	32.8	0.564	0.561	0.44	0.356
1855.2	0                 28.20	41.7	0.601	0.592	0.54	0.366
1855.5	1                 31.55	45.6	0.637	0.669	0.661	0.553
1855.7	3                 31.87	55.5	0.653	0.628	0.601	0.501
1856	1                 32.32	79.7	0.666	0.651	0.653	0.585
1856.2	2                 36.25	81.1	0.681	0.673	0.735	0.678
1856.5	2                 33.97	79.1	0.687	0.661	0.667	0.589
1856.7	3                 38.84	85.3	0.693	0.66	0.667	0.581
1857	8                 37.43	98.1	0.714	0.688	0.695	0.622
1857.2	3                 36.13	84.9	0.763	0.763	0.775	0.712
1857.5	3                 38.69	90.4	0.784	0.75	0.76	0.697
1857.7	4                 35.86	94.6	0.828	0.78	0.821	0.722
1858	4                 27.15	96	0.849	0.827	0.858	0.794
1858.2	5                 23.97	91.7	0.874	0.856	0.886	0.825
1858.5	8                 23.67	98.7	0.886	0.838	0.873	0.788
1858.7	5                 23.28	99	0.892	0.848	0.876	0.804
1859	6                 22.92	96.7	0.903	0.852	0.877	0.804
1859.2	6                 18.42	94.3	0.92	0.876	0.902	0.82
1859.5	7                 18.81	96.6	0.855	0.846	0.847	0.81
1859.7	3                 18.86	98.5	0.854	0.846	0.847	0.81
1860	7                 18.91	94.2	0.786	0.737	0.798	0.727
1860.2	8                 19.08	101	4                   0.784	0.738	0.783	0.712
1860.5	8                 20.64	101	0                   0.779	0.739	0.748	0.675
1860.7	9                 21.07	100	2                   0.795	0.754	0.755	0.692
1861	9                 0.30	94	0.828	0.783	0.77	0.725
1861.2	3                 1.94	85.7	0.831	0.785	0.801	0.724
1861.5	0                 3.83	88.7	0.868	0.832	0.862	0.779
1861.7	0                 8.94	92.1	0.93	0.873	0.922	0.821
1862	1                 33.00	98.8	0.93	0.873	0.922	0.821
1862.2	1                 62.83	98.2	0.93	0.874	0.922	0.821
1862.5	8                 88.99	90.8	0.93	0.874	0.922	0.821
1862.7	2                 109.1	9                  93.0	0.93	0.874	0.922	0.821
1863	2                 132.2	5                  94.6	0.93	0.874	0.922	0.821
1863.2	3                 136.0	7                  93.4	0.93	0.874	0.922	0.821
1863.5	3                 68.01	92.3	0.93	0.873	0.922	0.821
1863.7	4                 33.00	91.6	0.928	0.878	0.917	0.825
1864	8                 42.27	94.7	0.928	0.881	0.906	0.826
1864.2	4                 52.09	93.2	0.931	0.892	0.914	0.816
1864.5	4                 149.0	3                  92.6	0.889	0.828	0.868	0.77
1864.7	5                 101.6	4                  97.9	0.857	0.794	0.837	0.734
1865	5                 162.1	2                  94.8	0.85	0.798	0.837	0.739
1865.2	3                 185.3	8                  90.2	0.844	0.79	0.828	0.74
1865.5	6                 201.7	7                  85.5	0.848	0.784	0.822	0.732
1865.7	6                 102.0	5                  94.2	0.882	0.816	0.853	0.748
1866	7                 76.52	97.7	0.905	0.89	0.908	0.87
1866.2	7                 53.97	95.2	0.92	0.907	0.933	0.883
1866.5	8                 49.19	97.8	0.932	0.909	0.942	0.872
1866.7	3                 46.25	100	2                   0.937	0.902	0.938	0.875
1867	8                 43.41	95.2	0.941	0.867	0.921	0.811
1867.2	9                 33.59	96.4	0.939	0.874	0.911	0.823
1867.5	9                 28.98	92.3	0.945	0.868	0.905	0.81
1867.7	0                 27.73	92.8	0.946	0.853	0.895	0.771
1868	0                 28.03	97.2	0.942	0.856	0.887	0.774
1868.2	3                 29.24	103	9                   0.944	0.87	0.886	0.791
1868.5	1                 30.84	102	3                   0.954	0.89	0.894	0.804
1868.7	1                 28.52	104	0                   0.959	0.906	0.909	0.825
1869	2                 30.99	105	5                   0.972	0.925	0.935	0.866
1869.2	2                 29.57	104	7                   0.981	0.914	0.935	0.828
1869.5	8                 28.39	103	8                   0.982	0.919	0.934	0.837
1869.7	3                 27.35	102	1                   0.983	0.925	0.943	0.853
1870	3                 23.25	104	1                   0.985	0.933	0.953	0.869
1870.2	4                 19.83	95.4	0.991	0.931	0.987	0.874
1870.5	4                 20.45	93.9	0.98	0.899	0.937	0.819
1870.7	5                 18.36	102	4                   0.977	0.897	0.921	0.814
1871	8                 19.15	105	9                   0.978	0.908	0.924	0.821
1871.2	5                 20.11	103	7                   0.987	0.926	0.932	0.842
1871.5	6                 33.34	102	2                   0.995	0.932	0.943	0.843
1871.7	6                 38.37	103	2                   0.998	0.935	0.951	0.847
1872	6                 29.94	107	0                   1.003	0.935	0.951	0.85
1872.2	3                 30.04	103	2                   1.011	0.941	0.956	0.856
1872.5	7                 30.11	104	2                   1.042	0.97	0.988	0.883
1872.7	7                 26.49	104	9                   1.059	0.996	1.009	0.919
1873	8                 20.16	105	0                   1.076	1.003	1.019	0.915
1873.2	8                 20.92	107	8                   1.093	1.013	1.032	0.913
1873.5	9                 28.67	106	9                   1.113	1.041	1.054	0.944
1873.7	3                 29.97	110	4                   1.129	1.067	1.079	0.978
1874	9                 31.40	110	9                   1.153	1.096	1.109	1.014
1874.2	0                 27.64	108	4                   1.176	1.111	1.127	1.014
1874.5	0                 25.11	110	7                   1.178	1.116	1.114	1.014
1874.7	1                 24.33	108	6                   1.179	1.118	1.131	1.018
1875	8                 24.27	110	3                   1.183	1.123	1.136	1.029
1875.2	1                 24.23	101	3                   1.189	1.127	1.142	1.034
1875.5	2                 27.09	108	5                   1.193	1.133	1.151	1.039
1875.7	2                 25.05	114	2                   1.195	1.132	1.152	1.031
1876	3                 28.97	109	7                   1.195	1.132	1.149	1.033
1876.2	3                 36.58	110	0                   1.196	1.133	1.144	1.035
1876.5	8                 39.15	104	7                   1.194	1.134	1.138	1.041
1876.7	4                 41.75	105	3                   1.191	1.129	1.128	1.041
1877	4                 40.05	108	3                   1.188	1.116	1.11	1.02
1877.2	5                 38.71	106	4                   1.189	1.108	1.106	1.007
1877.5	5                 63.39	105	9                   1.187	1.103	1.104	0.99
1877.7	6                 82.50	109	8                   1.184	1.098	1.096	0.981
1878	8                 72.88	98.6	1.177	1.095	1.087	0.985
1878.2	6                 59.46	105	0                   1.172	1.088	1.08	0.981
1878.5	7                 50.73	106	7                   1.171	1.087	1.082	0.977
1878.7	7                 47.31	103	1                   1.168	1.085	1.083	0.972
1879	7                 52.32	105	7                   1.164	1.083	1.088	0.969
1879.2	3                 50.68	107	5                   1.163	1.083	1.08	0.974
1879.5	8                 49.17	107	3                   1.156	1.087	1.082	0.978
1879.7	8                 42.72	98.4	1.15	1.093	1.083	0.986
1880	9                 41.96	102	6                   1.146	1.097	1.082	0.997
1880.2	9                 46.63	104	1                   1.138	1.104	1.087	1.021
1880.5	0                 47.90	103	3                   1.131	1.109	1.092	1.047
1880.7	3                 49.61	101	7                   1.124	1.109	1.087	1.056
1881	0                 51.79	103	1                   1.119	1.101	1.077	1.055
1881.2	1                 43.04	106	1                   1.110	1.07	1.067	1.017
1881.5	1                 49.32	98	1.102	1.028	1.042	0.939
1881.7	2                 61.11	104	1                   1.096	1.008	1.028	0.912
1882	8                 65.54	98.6	1.084	0.976	0.991	0.883
1882.2	2                 69.29	101	5                   1.074	0.933	0.946	0.824
1882.5	3                 60.74	105	0                   1.077	0.915	0.942	0.784
1882.7	3                 57.27	101	9                   1.080	0.914	0.954	0.772
1883	4                 64.71	101	5                   1.082	0.925	0.958	0.782
1883.2	4                 62.54	100	9                   1.084	0.953	0.986	0.833
1883.5	8                 61.32	102	4                   1.098	1.05	1.049	0.973
1883.7	5                 59.90	94.6	1.105	1.097	1.103	1.057
1884	5                 48.07	97.2	1.094	1.041	1.078	0.972
1884.2	6                 43.35	95.3	1.062	0.972	1.031	0.909
1884.5	6                 48.98	92.8	1.047	0.942	1.008	0.876
1884.7	3                 54.64	96.5	1.051	0.945	1.017	0.877
1885	7                 59.04	93.3	1.079	0.989	1.042	0.922
1885.2	7                 36.08	91.1	1.125	1.072	1.102	1.022
1885.5	8                 23.55	93.8	1.151	1.096	1.121	1.03
1885.7	8                 21.32	89.5	1.206	1.144	1.145	1.053
1886	9                 17.71	91.3	1.228	1.171	1.164	1.079
1886.2	3                 16.97	94.1	1.237	1.179	1.175	1.098
1886.5	9                 16.19	91	1.231	1.175	1.169	1.096
1886.7	9                 15.84	86.9	1.217	1.161	1.154	1.078
1887	0                 16.37	89.9	1.189	1.14	1.139	1.062
1887.2	0                 16.75	87.8	1.141	1.093	1.095	1.021
1887.5	8                 16.64	89.5	1.107	1.053	1.056	0.972
1887.7	1                 16.57	87.4	1.084	1.036	1.031	0.959
1888	1                 17.58	84.3	1.016	0.955	0.941	0.869
1888.2	2                 15.76	83.9	1.005	0.965	0.961	0.894
1888.5	2                 15.68	82.8	0.984	0.92	0.929	0.853
1888.7	3                 16.07	83.8	0.987	0.875	0.906	0.779
1889	8                 15.64	84.9	0.979	0.877	0.886	0.769
1889.2	3                 15.23	77.6	0.997	0.917	0.932	0.828
1889.5	4                 18.07	83.6	1.039	1.004	1.032	0.952
1889.7	4                 15.94	84.9	1.056	1.022	1.062	0.984
1890	5                 13.99	87.2	1.027	0.976	1.015	0.929
1890.2	5                 10.41	85.1	0.997	0.972	0.959	0.902
1890.5	8                 12.00	89	0.982	0.948	0.916	0.841
1890.7	6                 14.13	92.5	1.053	1.026	1.046	0.971
1891	6                 18.50	93	0.959	0.944	0.932	0.872
1891.2	7                 18.63	83.5	0.796	0.78	0.757	0.707
1891.5	7                 17.14	83.5	0.888	0.855	0.854	0.795
1891.7	3                 15.95	87.5	0.816	0.837	0.78	0.748
1892	8                 14.89	77.6	0.753	0.72	0.677	0.635
1892.2	8                 11.71	83.6	0.704	0.748	0.745	0.722
1892.5	9                 9.36	76.4	0.626	0.598	0.588	0.498
1892.7	9                 8.63	76.5	0.588	0.562	0.549	0.476
1893	0                 6.88	67.8	0.576	0.566	0.56	0.438
1893.2	3                 6.61	61	0.563	0.556	0.532	0.365
1893.5	0                 6.27	63.1	0.56	0.553	0.495	0.381
1893.7	0                 7.56	62.7	0.568	0.593	0.561	0.507
1894	1                 13.88	63.3	0.559	0.602	0.512	0.437
1894.2	1                 19.00	69.6	0.561	0.547	0.494	0.377
1894.5	8                 23.88	82.9	0.559	0.542	0.488	0.381
1894.7	2                 27.85	90	0.562	0.547	0.511	0.435
1895	2                 25.71	95.5	0.588	0.589	0.576	0.507
1895.2	3                 26.73	90.2	0.598	0.59	0.588	0.505
1895.5	3                 24.35	76.7	0.599	0.589	0.611	0.51
1895.7	4                 24.28	73.7	0.609	0.61	0.61	0.522
1896	8                 26.75	71	0.61	0.609	0.605	0.511
1896.2	4                 29.50	66.5	0.608	0.609	0.608	0.522
1896.5	5                 33.91	77.3	0.61	0.608	0.613	0.539
1896.7	5                 25.05	88.5	0.609	0.609	0.615	0.546
1897	6                 25.98	85.5	0.598	0.59	0.597	0.515
1897.2	3                 24.85	84.4	0.586	0.577	0.581	0.489
1897.5	6                 24.01	79.9	0.585	0.568	0.583	0.473
1897.7	7                 22.50	60.6	0.585	0.564	0.571	0.47
1898	7                 28.06	48.5	0.586	0.582	0.588	0.521
1898.2	8                 35.62	48.7	0.589	0.564	0.563	0.46
1898.5	8                 42.38	58.3	0.603	0.565	0.571	0.459
1898.7	3                 46.46	55.9	0.648	0.646	0.646	0.552
1899	9                 50.62	54.7	0.679	0.743	0.742	0.712
1899.2	9                 55.81	53.2	0.658	0.651	0.616	0.537
1899.5	0                 62.32	59.3	0.636	0.61	0.534	0.467
1899.7	0                 62.15	45.6	0.633	0.614	0.522	0.469
1900	1                 60.45	48.3	0.639	0.623	0.522	0.472
1900.2	3                 54.89	33.8	0.654	0.648	0.577	0.517
1900.5	1                 47.09	26.1	0.659	0.697	0.591	0.615
1900.7	2                 43.19	30.2	0.665	0.695	0.586	0.588
1901	2                 44.91	23.4	0.667	0.685	0.611	0.629
1901.2	2                 42.54	20.8	0.657	0.672	0.547	0.613
1901.5	8                 44.14	23.7	0.659	0.668	0.542	0.595
1901.7	3                 45.63	23.2	0.661	0.699	0.562	0.61
1902	3                 48.71	24.3	0.664	0.7	0.581	0.606
1902.2	4                 50.65	24.5	0.667	0.701	0.595	0.603
1902.5	4                 52.06	33.3	0.66	0.692	0.625	0.59
1902.7	5                 54.21	34.3	0.648	0.679	0.609	0.576
1903	8                 53.48	35	0.637	0.667	0.594	0.562
1903.2	5                 52.55	43.8	0.625	0.636	0.585	0.528
1903.5	6                 55.17	43.2	0.616	0.616	0.58	0.493
1903.7	6                 67.58	42.7	0.608	0.6	0.575	0.463
1904	7                 97.87	51.3	0.594	0.58	0.564	0.416
1904.2	3                 106.8	7                  51.7	0.58	0.57	0.558	0.415
1904.5	7                 114.5	6                  52.0	0.575	0.566	0.558	0.417
1904.7	8                 133.8	6                  48.8	0.57	0.562	0.559	0.418
1905	8                 148.0	4                  44.6	0.56	0.546	0.541	0.394
1905.2	9                 139.2	3                  44.0	0.556	0.539	0.538	0.383
1905.5	9                 128.4	6                  44.4	0.553	0.533	0.535	0.372
1905.7	3                 123.1	1                  45.4	0.552	0.532	0.539	0.391
1906	0                 116.8	5                  43.9	0.551	0.534	0.541	0.399
1906.2	0                 121.0	8                  42.6	0.551	0.535	0.543	0.405
1906.5	1                 137.1	2                  42.2	0.554	0.542	0.551	0.417
1906.7	1                 135.8	4                  44.9	0.556	0.546	0.548	0.431
1907	8                 136.3	8                  45.5	0.558	0.55	0.546	0.443
1907.2	2                 136.8	0                  46.5	0.564	0.561	0.572	0.456
1907.5	2                 135.8	3                  48.5	0.579	0.57	0.583	0.449
1907.7	3                 130.0	9                  49.8	0.582	0.577	0.592	0.456
1908	3                 136.2	6                  60.1	0.587	0.587	0.608	0.468
1908.2	4                 136.4	9                  62.7	0.596	0.604	0.611	0.505
1908.5	8                 134.7	6                  60.2	0.6	0.604	0.613	0.51
1908.7	4                 132.9	0                  56.8	0.603	0.597	0.588	0.501
1909	4                 145.5	3                  58.1	0.609	0.595	0.586	0.492
1909.2	5                 132.9	9                  59.6	0.615	0.594	0.601	0.461
1909.5	5                 126.5	0                  62.2	0.62	0.596	0.594	0.459
1909.7	3                 117.9	4                  66.9	0.625	0.599	0.588	0.456
1910	6                 111.8	5                  73.1	0.628	0.621	0.591	0.476
1910.2	6                 111.7	8                  72.9	0.634	0.64	0.607	0.532
1910.5	7                 108.5	1                  72.7	0.644	0.642	0.616	0.548
1910.7	7                 102.6	8                  68.9	0.653	0.633	0.614	0.532
1911	8                 104.0	5                  69.0	0.661	0.629	0.615	0.494
1911.2	3                 100.7	0                  78.0	0.674	0.652	0.624	0.514
1911.5	8                 97.43	83.8	0.701	0.727	0.695	0.637
1911.7	9                 99.12	88.2	0.723	0.707	0.686	0.614
1912	9                 100.9	9                  85.8	0.739	0.717	0.701	0.624
1912.2	0                 100.1	7                  79.2	0.764	0.752	0.753	0.689
1912.5	0                 102.1	5                  74.6	0.765	0.757	0.766	0.709
1912.7	3                 100.6	1                  87.8	0.745	0.747	0.744	0.699
1913	1                 98.52	73.7	0.699	0.71	0.701	0.659
1913.2	1                 20.88	81.6	0.627	0.6	0.616	0.557
1913.5	2                 21.73	80.6	0.589	0.556	0.566	0.507
1913.7	2                 22.75	70.1	0.585	0.56	0.57	0.49
1914	8                 23.09	73.7	0.605	0.598	0.598	0.517
1914.2	3                 23.40	70.2	0.626	0.634	0.612	0.518
1914.5	3                 23.25	79.7	0.644	0.669	0.641	0.592
1914.7	4                 23.12	83.9	0.648	0.634	0.633	0.561
1915	4                 23.00	62.9	0.639	0.622	0.614	0.535
1915.2	5                 23.11	71.1	0.628	0.638	0.604	0.499
1915.5	8                 23.22	64.9	0.604	0.634	0.592	0.546
1915.7	5                 23.36	44.5	0.572	0.559	0.551	0.38
1916	6                 23.32	31.4	0.573	0.564	0.551	0.422
1916.2	6                 23.30	40.9	0.578	0.565	0.553	0.396
1916.5	6                 23.99	55.5	0.598	0.598	0.593	0.48
1916.7	3                 24.12	59.5	0.617	0.626	0.607	0.509
1917	7                 24.23	63.7	0.606	0.62	0.62	0.522
1917.2	7                 24.38	65.9	0.58	0.589	0.577	0.503
1917.5	8                 24.07	52.7	0.555	0.549	0.541	0.406
1917.7	8                 23.61	25.7	0.547	0.543	0.532	0.41
1918	9                 23.80	25.1	0.554	0.545	0.543	0.417
1918.2	3                 23.81	28.1	0.583	0.588	0.582	0.477
1918.5	9                 23.82	38	0.601	0.602	0.586	0.49
1918.7	0                 21.23	43.9	0.633	0.615	0.646	0.593
1919	0                 19.32	46.5	0.633	0.631	0.621	0.636
1919.2	1                 18.17	60.4	0.643	0.676	0.532	0.564
1919.5	8                 17.82	36.7	0.641	0.668	0.514	0.594
1919.7	1                 17.55	20.9	0.635	0.655	0.589	0.703
1920	2                 16.87	21.7	0.635	0.655	0.587	0.703
1920.2	2                 15.99	20.8	0.635	0.655	0.586	0.702
1920.5	3                 15.78	19.6	0.64	0.655	0.594	0.662
1920.7	3                 12.88	21.2	0.642	0.655	0.598	0.646
1921	8                 11.69	22.7	0.64	0.682	0.465	0.514
1921.2	4                 10.46	26.6	0.639	0.696	0.474	0.603
1921.5	4                 8.43	25.7	0.617	0.633	0.475	0.534
1921.7	5                 9.09	21.6	0.6	0.589	0.472	0.462
1922	5                 12.04	22.1	0.627	0.593	0.596	0.517
1922.2	6                 90.93	28.3	0.64	0.67	0.68	0.625
1922.5	8                 74.11	38	0.639	0.71	0.747	0.73
1922.7	6                 50.37	36.3	0.595	0.588	0.6	0.572
1923	7                 52.33	38.8	0.572	0.575	0.557	0.565
1923.2	7                 54.32	36.4	0.569	0.578	0.559	0.567
1923.5	8                 48.70	42	0.568	0.575	0.554	0.554
1923.7	3                 48.68	32.1	0.565	0.569	0.551	0.54
1924	8                 48.66	27.3	0.559	0.562	0.533	0.493
1924.2	8                 36.09	29.1	0.547	0.551	0.49	0.405
1924.5	9                 33.31	26.6	0.545	0.551	0.49	0.402
1924.7	9                 27.21	30	0.538	0.559	0.49	0.419
1925	0                 29.20	28.7	0.541	0.556	0.48	0.433
1925.2	3                 30.79	29.5	0.537	0.549	0.469	0.41
1925.5	0                 32.85	29	0.538	0.541	0.502	0.412
1925.7	1                 36.14	29.3	0.538	0.539	0.525	0.391
1926	1                 41.93	25.7	0.541	0.546	0.53	0.4
1926.2	2                 46.19	28.7	0.543	0.549	0.54	0.409
1926.5	8                 51.26	30.8	0.544	0.551	0.555	0.412
1926.7	2                 55.61	32.1	0.545	0.546	0.544	0.407
1927	3                 62.47	32.9	0.55	0.553	0.556	0.418
1927.2	3                 68.30	33	0.554	0.562	0.534	0.428
1927.5	4                 60.14	31.6	0.558	0.548	0.541	0.387
1927.7	4                 54.14	24.3	0.56	0.564	0.539	0.415
1928	8                 53.51	29.4	0.566	0.584	0.536	0.417
1928.2	5                 52.77	27.7	0.559	0.564	0.516	0.368
1928.5	5                 46.74	25.8	0.552	0.553	0.5	0.346
1928.7	6                 39.19	23.6	0.55	0.55	0.501	0.347
1929	6                 32.63	23.2	0.55	0.547	0.499	0.334
1929.2	3                 30.76	24.3	0.553	0.548	0.5	0.347
1929.5	7                 29.29	24.9	0.561	0.561	0.529	0.401
1929.7	7                 29.04	26.3	0.573	0.573	0.533	0.395
1930	8                 19.39	27.5	0.588	0.602	0.561	0.439
1930.2	8                 16.92	27.6	0.604	0.621	0.609	0.519
1930.5	9                 22.46	25.1	0.6	0.617	0.604	0.508
1930.7	3                 24.83	23.6	0.608	0.603	0.631	0.556
1931	9                 27.39	24.2	0.603	0.594	0.621	0.535
1931.2	0                 33.13	25.7	0.601	0.582	0.61	0.508
1931.5	0                 34.85	28.7	0.598	0.58	0.609	0.511
1931.7	0                 36.30	25.1	0.595	0.583	0.598	0.511
1932	8                 37.70	25.3	0.589	0.594	0.619	0.572
1932.2	1                 38.71	26.4	0.586	0.591	0.607	0.567
1932.5	1                 54.39	24.9	0.58	0.586	0.575	0.538
1932.7	2                 56.55	26.1	0.576	0.566	0.559	0.495
1933	2                 75.57	28.2	0.575	0.562	0.55	0.476
1933.2	3                 101.3	7                  27.7	0.57	0.56	0.526	0.457
1933.5	8                 98.49	23.5	0.564	0.56	0.5	0.432
1933.7	3                 95.66	26.7	0.558	0.563	0.482	0.404
1934	4                 103.6	8                  25.6	0.561	0.566	0.508	0.451
1934.2	4                 95.81	23.6	0.555	0.574	0.44	0.369
1934.5	5                 96.66	24.8	0.551	0.576	0.432	0.34
1934.7	5                 103.3	0                  29.0	0.57	0.571	0.528	0.484
1935	8                 98.98	32.3	0.568	0.572	0.534	0.497
1935.2	6                 93.14	29.3	0.567	0.574	0.517	0.485
1935.5	6                 97.65	33.2	0.565	0.577	0.513	0.488
1935.7	7                 93.48	34.3	0.564	0.578	0.497	0.479
1936	7                 94.96	32.7	0.562	0.566	0.507	0.465
1936.2	3                 91.85	33.4	0.567	0.551	0.508	0.411
1936.5	8                 89.05	28	0.566	0.549	0.518	0.402
1936.7	8                 85.32	26.5	0.571	0.551	0.519	0.416
1937	9                 80.46	30	0.563	0.555	0.519	0.428
1937.2	9                 73.46	35.5	0.566	0.563	0.493	0.376
1937.5	0                 59.66	32.2	0.571	0.583	0.513	0.4
1937.7	3                 56.42	38.8	0.569	0.595	0.516	0.405
1938	0                 52.42	36.4	0.579	0.603	0.537	0.425
1938.2	1                 47.07	31.3	0.577	0.612	0.552	0.446
1938.5	1                 49.84	31.6	0.577	0.612	0.559	0.454
1938.7	2                 56.44	34	0.576	0.612	0.56	0.471
1939	8                 50.76	36.5	0.574	0.61	0.565	0.455
1939.2	2                 46.08	33.9	0.573	0.603	0.566	0.474
1939.5	2                 50.93	34.4	0.571	0.591	0.556	0.467
1939.7	3                 62.60	35.3	0.576	0.567	0.555	0.422
1940	3                 70.15	33.2	0.57	0.556	0.55	0.435
1940.2	4                 85.36	34.5	0.572	0.555	0.547	0.467
1940.5	8                 80.16	34.3	0.584	0.58	0.557	0.45
1940.7	4                 74.30	36.8	0.597	0.629	0.59	0.534
1941	5                 72.12	31.7	0.594	0.581	0.551	0.419
1941.2	5                 69.53	39.3	0.613	0.591	0.565	0.469
1941.5	6                 70.89	34.7	0.654	0.631	0.627	0.534
1941.7	3                 58.59	37.3	0.683	0.688	0.653	0.625
1942	6                 49.34	45.9	0.702	0.727	0.691	0.677
1942.2	7                 30.10	50	0.695	0.696	0.662	0.631
1942.5	7                 18.89	57.2	0.69	0.658	0.67	0.614
1942.7	8                 17.40	53.1	0.692	0.663	0.652	0.607
1943	8                 16.58	51.3	0.705	0.697	0.679	0.627
1943.2	3                 16.03	49	0.713	0.716	0.641	0.626
1943.5	9                 15.45	56.5	0.726	0.722	0.641	0.61
1943.7	9                 15.81	53.3	0.74	0.72	0.677	0.6
1944	0                 16.61	55.2	0.749	0.75	0.68	0.642
1944.2	0                 16.10	65.6	0.763	0.741	0.706	0.63
1944.5	1                 16.17	67.5	0.787	0.762	0.737	0.671
1944.7	3                 16.30	69.7	0.809	0.786	0.786	0.722
1945	1                 16.47	66.4	0.819	0.813	0.83	0.773
1945.2	2                 17.51	73.1	0.812	0.77	0.783	0.72
1945.5	2                 18.70	82.8	0.819	0.765	0.781	0.703
1945.7	3                 19.17	70.7	0.846	0.814	0.844	0.761
1946	8                 18.82	73.4	0.896	0.852	0.862	0.784
1946.2	3                 18.49	82.6	0.946	0.874	0.887	0.789
1946.5	4                 17.54	84.8	1.005	0.926	0.927	0.819
1946.7	4                 15.90	88	1.089	1.091	1.075	1.021
1947	4                 14.58	88.3	1.12	1.121	1.123	1.067
1947.2	5                 14.08	86.7	1.081	0.997	1.003	0.898
1947.5	8                 13.62	85.5	1.037	0.966	0.963	0.888
1947.7	5                 13.03	92.1	1.011	0.951	0.963	0.881
1948	6                 12.91	91.4	0.996	0.944	0.957	0.874
1948.2	6                 12.98	90.2	0.982	0.919	0.939	0.838
1948.5	7                 13.08	95.6	1.011	0.954	0.963	0.881
1948.7	3                 13.16	94.5	1.006	0.947	0.962	0.872
1949	7                 13.23	96.1	1.012	0.951	0.966	0.881
1949.2	8                 12.66	95.3	0.992	0.938	0.952	0.863
1949.5	8                 11.93	97.3	0.983	0.915	0.934	0.837
1949.7	9                 10.94	90.9	0.983	0.906	0.929	0.786
1950	9                 8.09	92	0.977	0.932	0.946	0.87
1950.2	3                 9.20	93.5	0.976	0.922	0.941	0.846
1950.5	0                 10.52	94.8	0.967	0.896	0.923	0.808
1950.7	0                 12.77	94.2	0.967	0.895	0.927	0.807
1951	1                 17.56	96.8	0.965	0.901	0.931	0.817
1951.2	1                 23.58	95.4	0.966	0.905	0.931	0.827
1951.5	8                 25.78	99.5	0.969	0.902	0.938	0.825
1951.7	2                 27.52	99.7	0.967	0.905	0.933	0.834
1952	2                 29.11	98.4	0.973	0.9	0.928	0.821
1952.2	3                 27.61	96.5	0.979	0.901	0.936	0.814
1952.5	3                 27.08	90.6	0.991	0.917	0.941	0.842
1952.7	4                 30.84	93.9	1.016	0.932	0.949	0.815
1953	8                 31.09	93.4	1.04	1.006	0.978	0.913
1953.2	4                 31.36	95.4	1.067	1.037	1.022	0.952
1953.5	5                 34.72	90.4	1.075	1.034	1.021	0.94
1953.7	5                 37.50	97.1	1.076	1.023	1.02	0.931
1954	6                 39.79	98.1	1.068	1.013	1.012	0.919
1954.2	3                 40.56	99.9	1.053	0.99	1.008	0.914
1954.5	6                 41.11	98.3	1.039	0.961	1.001	0.897
1954.7	6                 38.94	98.4	1.032	0.954	0.986	0.876
1955	7                 37.58	96.9	1.032	0.946	0.972	0.879
1955.2	7                 36.27	92.2	1.071	0.962	0.991	0.86
1955.5	8                 34.69	97.1	1.131	1.1	1.108	1.067
1955.7	3                 33.88	98.6	1.157	1.153	1.13	1.114
1956	8                 33.08	72.1	1.209	1.178	1.168	1.116
1956.2	9                 31.73	57.7	1.259	1.195	1.194	1.091
1956.5	9                 29.37	59.6	1.278	1.214	1.2	1.099
1956.7	0                 28.85	64.9	1.325	1.286	1.28	1.191
1957	0                 19.04	75	1.344	1.332	1.317	1.234
1957.2	3                 17.60	73.2	1.332	1.356	1.297	1.259
1957.5	1                 15.63	67.6	1.288	1.374	1.276	1.298
1957.7	1                 15.08	61	1.227	1.382	1.206	1.33
1958	2                 16.82	51	1.114	1.295	1.138	1.309
1958.2	2                 19.01	45.5	0.985	1.095	0.95	0.988
1958.5	8                 20.29	40.7	0.866	0.835	0.671	0.6
1958.7	3                 21.44	33.9	0.755	0.722	0.556	0.553
1959	3                 23.33	27.3	0.695	0.656	0.491	0.488
1959.2	4                 26.10	27.4	0.663	0.635	0.465	0.448
1959.5	4                 28.08	32.1	0.658	0.647	0.489	0.483
1959.7	5                 29.39	30.7	0.677	0.51	0.637	0.654
1960	8                 29.35	32.9	0.678	0.691	0.645	0.681
1960.2	5                 29.30	30	0.681	0.672	0.583	0.605
1960.5	6                 30.55	27	0.685	0.666	0.537	0.568
1960.7	6                 31.46	25.5	0.691	0.666	0.559	0.587
1961	7                 34.12	25.6	0.681	0.67	0.528	0.563
1961.2	3                 32.32	26.8	0.691	0.67	0.481	0.532
1961.5	7                 30.83	26.6	0.68	0.675	0.492	0.539
1961.7	7                 30.27	26.5	0.68	0.679	0.441	0.507
1962	8                 24.64	26.8	0.678	0.691	0.42	0.497
1962.2	8                 20.90	25.6	0.687	0.705	0.42	0.497
1962.5	9                 26.95	26.1	0.695	0.721	0.453	0.534
1962.7	3                 32.88	25.8	0.704	0.738	0.468	0.56
1963	9                 39.60	29.4	0.71	0.748	0.472	0.565
1963.2	0                 50.14	27.4	0.718	0.755	0.474	0.567
1963.5	0                 62.70	23.3	0.724	0.756	0.469	0.56
1963.7	1                 64.32	27.4	0.734	0.754	0.493	0.578
1964	8                 68.01	26.2	0.743	0.758	0.461	0.583
1964.2	1                 70.79	26.2	0.754	0.773	0.473	0.625
1964.5	2                 73.53	36	0.773	0.803	0.531	0.667
1964.7	2                 84.44	39.1	0.832	0.858	0.655	0.715
1965	3                 94.63	44.8	0.85	0.907	0.72	0.747
1965.2	3                 87.93	50.9	0.855	0.924	0.671	0.737
1965.5	8                 86.46	56.9	0.859	0.942	0.711	0.764
1965.7	4                 84.94	55	0.863	0.952	0.757	0.793
1966	4                 84.50	43.8	0.865	0.946	0.766	0.805
1966.2	5                 73.52	42.4	0.856	0.919	0.748	0.801
1966.5	5                 76.22	36.2	0.849	0.887	0.753	0.803
1966.7	6                 76.26	38.4	0.836	0.835	0.66	0.697
1967	8                 77.59	33.8	0.825	0.809	0.644	0.669
1967.2	6                 79.50	34.9	0.81	0.774	0.62	0.629
1967.5	7                 84.12	38.8	0.8	0.761	0.597	0.609
1967.7	7                 82.40	37.1	0.8	0.76	0.608	0.606
1968	8                 83.46	48.5	0.8	0.786	0.633	0.609
1968.2	3                 83.24	63.9	0.805	0.816	0.71	0.669
1968.5	8                 83.03	62.4	0.801	0.849	0.8	0.747
1968.7	9                 83.71	53.9	0.796	0.858	0.822	0.798
1969	9                 88.97	48.6	0.781	0.823	0.826	0.777
1969.2	9                 81.35	42.1	0.779	0.785	0.744	0.664
1969.5	0                 86.31	35.2	0.764	0.736	0.684	0.607
1969.7	3                 85.75	39.2	0.735	0.688	0.598	0.544
1970	0                 85.03	39.4	0.739	0.737	0.663	0.64
1970.2	1                 85.59	43.5	0.73	0.765	0.653	0.656
1970.5	1                 88.37	35.7	0.712	0.726	0.645	0.627
1970.7	2                 82.40	35.6	0.688	0.655	0.577	0.532
1971	8                 84.12	35.2	0.68	0.687	0.557	0.529
1971.2	2                 85.61	37.2	0.682	0.611	0.581	0.608
1971.5	3                 57.17	35.5	0.669	0.705	0.482	0.517
1971.7	3                 38.83	29.4	0.662	0.693	0.442	0.473
1972	4                 30.87	28.3	0.657	0.689	0.442	0.483
1972.2	4                 22.98	27.2	0.652	0.692	0.42	0.456
1972.5	8                 20.36	24.3	0.682	0.713	0.595	0.606
1972.7	5                 17.24	26	0.683	0.674	0.589	0.559
1973	5                 16.92	26.4	0.679	0.68	0.584	0.553
1973.2	6                 16.57	28.8	0.673	0.697	0.507	0.54
1973.5	6                 17.24	28.1	0.678	0.732	0.496	0.541
1973.7	3                 16.77	30.1	0.67	0.732	0.455	0.554
1974	7                 16.40	30.6	0.654	0.685	0.392	0.511
1974.2	7                 16.99	27.7	0.693	0.69	0.507	0.589
1974.5	8                 17.60	26.8	0.787	0.763	0.636	0.672
1974.7	8                 17.72	25.7	0.883	0.874	0.947	0.828
1975	9                 17.07	30.3	0.881	0.859	0.881	0.819
1975.2	3                 17.22	77.8	0.878	0.782	0.79	0.668
1975.5	9                 17.39	82.5	0.893	0.841	0.838	0.797
1975.7	0                 18.29	68.9	0.955	0.907	0.908	0.812
1976	0                 18.85	74.1	0.989	1.012	1.022	0.955
1976.2	1                 18.93	75	0.921	0.966	0.932	0.896
1976.5	8                 18.35	102	2                   0.820	0.809	0.698	0.648
1976.7	1                 17.94	81	0.777	0.731	0.632	0.587
1977	1                 17.02	45.5	0.682	0.665	0.583	0.558
1977.2	2                 16.16	26.4	0.66	0.681	0.52	0.538
1977.5	2                 14.93	28.6	0.661	0.682	0.49	0.513
1977.7	3                 14.57	24.7	0.68	0.714	0.514	0.551
1978	8                 13.79	26.1	0.654	0.683	0.383	0.451
1978.2	3                 13.02	27.6	0.652	0.683	0.382	0.451
1978.5	4                 14.41	27.7	0.651	0.683	0.382	0.452
1978.7	4                 14.32	24.6	0.649	0.683	0.382	0.452
1979	5                 10.99	24.7	0.648	0.683	0.381	0.452
1979.2	5                 9.49	24.7	0.657	0.681	0.439	0.495
1979.5	8                 8.16	24.8	0.656	0.683	0.455	0.508
1979.7	6                 6.35	25.6	0.666	0.696	0.457	0.521
1980	6                 21.00	26.6	0.647	0.677	0.439	0.512
1980.2	7                 18.79	27.2	0.635	0.678	0.456	0.548
1980.5	7                 25.33	26.1	0.632	0.669	0.404	0.507
1980.7	3                 23.69	26.6	0.629	0.668	0.438	0.527
1981	8                 22.19	24.1	0.62	0.655	0.397	0.492
1981.2	8                 27.65	23.4	0.617	0.66	0.389	0.514
1981.5	9                 30.49	24.6	0.62	0.66	0.432	0.578
1981.7	9                 36.16	24.2	0.636	0.652	0.411	0.5
1982	0                 33.84	25.2	0.638	0.668	0.382	0.469
1982.2	3                 33.87	25	0.663	0.707	0.459	0.555
1982.5	0                 33.91	26.7	0.677	0.722	0.434	0.542
1982.7	1                 31.11	27.6	0.688	0.74	0.483	0.568
1983	1                 33.44	29.8	0.717	0.758	0.538	0.597
1983.2	2                 26.76	29.3	0.751	0.795	0.611	0.69
1983.5	8                 23.91	27.6	0.746	0.794	0.498	0.576
1983.7	2                 21.54	29	0.751	0.789	0.536	0.599
1984	3                 24.21	29.9	0.765	0.805	0.601	0.674
1984.2	3                 29.11	28.9	0.775	0.813	0.642	0.709
1984.5	3                 32.99	28.8	0.764	0.803	0.56	0.629
1984.7	4                 29.23	28.1	0.776	0.791	0.647	0.677
1985	8                 28.07	28.4	0.785	0.795	0.785	0.784
1985.2	4                 26.74	28.7	0.765	0.78	0.756	0.757
1985.5	5                 22.52	27.8	0.736	0.745	0.669	0.682
1985.7	5                 20.39	28.2	0.711	0.712	0.641	0.694
1986	6                 20.72	25.7	0.7	0.696	0.656	0.714
1986.2	3                 22.44	24.9	0.701	0.696	0.67	0.699
1986.5	6                 23.75	25.9	0.697	0.701	0.648	0.655
1986.7	7                 25.21	26.3	0.696	0.707	0.634	0.649
1987	7                 25.22	26.6	0.701	0.674	0.628	0.602
1987.2	8                 25.07	28.1	0.72	0.668	0.592	0.593
1987.5	8                 25.47	26.1	0.79	0.735	0.619	0.593
1987.7	3                 26.59	28.7	0.889	0.89	0.802	0.691
1988	9                 27.75	51.4	0.978	0.999	0.941	0.861
1988.2	9                 32.39	87.4	1.051	1.07	1.021	0.981
1988.5	0                 36.94	103	9                   1.131	1.097	1.122	0.993
1988.7	0                 35.16	108	2                   1.183	1.125	1.141	1.004
1989	1                 33.26	112	1                   1.213	1.177	1.191	1.084
1989.2	3                 32.32	111	8                   1.210	1.184	1.231	1.115
1989.5	1                 30.97	111	9                   1.152	1.143	1.175	1.07
1989.7	2                 30.30	114	6                   1.094	1.126	1.12	1.086
1990	2                 29.69	105	5                   1.040	1.067	1.119	1.039
1990.2	3                 30.89	102	6                   0.976	0.991	1.074	0.974
1990.5	8                 32.05	103	2                   0.874	0.839	0.913	0.816
1990.7	3                 33.15	77.1	0.843	0.787	0.825	0.731
1991	4                 31.55	54.8	0.793	0.724	0.749	0.647
1991.2	4                 30.12	42.9	0.768	0.696	0.713	0.621
1991.5	5                 29.39	47.3	0.72	0.648	0.669	0.561
1991.7	5                 39.00	40.3	0.679	0.618	0.642	0.553
1992	8                 41.24	33.3	0.669	0.608	0.639	0.554
1992.2	5                 44.18	39.3	0.656	0.593	0.634	0.548
1992.5	6                 59.30	43.3	0.631	0.588	0.604	0.505
1992.7	6                 73.57	44.2	0.608	0.598	0.596	0.532
1993	7                 77.54	46.2	0.596	0.597	0.597	0.536
1993.2	3                 77.97	48	0.586	0.589	0.598	0.531
1993.5	7                 78.35	45.4	0.578	0.576	0.583	0.507
1993.7	8                 73.27	50.3	0.569	0.563	0.555	0.471
1994	8                 74.03	48.5	0.562	0.548	0.535	0.44
1994.2	9                 71.86	47.5	0.557	0.54	0.527	0.42
1994.5	9                 73.93	41.7	0.553	0.531	0.523	0.408
1994.7	3                 73.69	35.3	0.546	0.518	0.522	0.4
1995	0                 73.41	35.4	0.546	0.517	0.519	0.399
1995.2	0                 73.17	37.4	0.545	0.517	0.513	0.397
1995.5	1                 78.43	35.3	0.547	0.52	0.511	0.405
1995.7	1                 73.69	34.6	0.565	0.523	0.53	0.51
1996	8                 74.87	33.4	0.572	0.528	0.536	0.49
1996.2	2                 75.81	32.1	0.593	0.532	0.568	0.521
1996.5	2                 70.64	39.2	0.611	0.537	0.581	0.514
1996.7	3                 79.35	34.1	0.633	0.548	0.595	0.506
1997	3                 72.86	42.9	0.665	0.594	0.625	0.556
1997.2	4                 89.31	56.5	0.708	0.687	0.73	0.709
1997.5	8                 86.33	67.3	0.748	0.766	0.786	0.779
1997.7	4                 83.08	76.2	0.801	0.85	0.864	0.839
1998	5                 76.68	89.4	0.834	0.91	0.922	0.867
1998.2	5                 77.27	96.5	0.848	0.943	0.937	0.893
1998.5	6                 76.71	101	6                   0.865	0.983	0.971	0.954
1998.7	3                 74.45	105	5                   0.877	1.007	1.014	0.993
1999	6                 72.81	92.4	0.896	1.042	1.116	1.046
1999.2	7                 74.38	98.7	0.907	1.059	1.108	1.076
1999.5	7                 72.92	82.1	0.9	1.055	1.119	1.104
1999.7	7                 73.71	66.5	0.842	0.813	0.873	0.782
2000	8                 77.75	54.6	0.745	0.694	0.675	0.607
2000.2	3                 82.28	45.9	0.698	0.577	0.638	0.616
2000.5	8                 86.80	33.4	0.68	0.676	0.615	0.591
2000.7	9                 83.08	29.2	0.683	0.697	0.638	0.623
2001	9                 86.49	29.9	0.676	0.683	0.592	0.571
2001.2	0                 69.35	29.2	0.663	0.689	0.559	0.588
2001.5	0                 43.15	27.7	0.642	0.678	0.506	0.582
2001.7	3                 35.78	27.1	0.632	0.649	0.492	0.533
2002	1                 25.65	24.9	0.622	0.641	0.476	0.517
2002.2	1                 22.88	23.8	0.682	0.747	0.396	0.576
2002.5	2                 19.73	24.2	0.674	0.728	0.461	0.626
2002.7	2                 16.66	24.6	0.628	0.706	0.345	0.644
2003	8                 16.25	26.2	0.63	0.707	0.343	0.642
2003.2	3                 15.88	35	0.632	0.708	0.34	0.64
2003.5	3                 16.16	32.8	0.634	0.709	0.338	0.639
2003.7	4                 15.11	31.9	0.635	0.709	0.337	0.638
2004	4                 13.69	31.3	0.637	0.706	0.349	0.643
2004.2	5                 12.00	30.4	0.639	0.702	0.36	0.647
2004.5	8                 11.75	30.5	0.636	0.708	0.363	0.65
2004.7	5                 11.44	30.8	0.631	0.716	0.369	0.657
2005	6                 11.60	31	0.635	0.71	0.343	0.657
2005.2	6                 12.92	31.5	0.632	0.711	0.33	0.66
2005.5	7                 14.51	32.1	0.571	0.622	0.263	0.406
2005.7	3                 14.81	33.4	0.61	0.653	0.422	0.538
2006	7                 15.06	32.2	0.614	0.408	0.484	0.656
2006.2	8                 281.8	7                  35.5	0.612	0.673	0.431	0.682
2006.5	8                 240.4	9                  27.6	0.621	0.684	0.453	0.658
2006.7	9                 176.6	7                  25.4	0.639	0.69	0.552	0.735
2007	9                 120.0	7                  27.6	0.627	0.689	0.493	0.75
2007.2	3                 88.50	24.9	0.63	0.677	0.448	0.649
2007.5	9                 52.30	27.3	0.621	0.681	0.461	0.656
2007.7	0                 52.77	26.2	0.607	0.677	0.395	0.671
2008	0                 50.18	27.2	0.609	0.679	0.432	0.728
2008.2	1                 46.53	26.3	0.613	0.673	0.443	0.718
2008.5	8                 42.74	25.4	0.614	0.669	0.446	0.713
2008.7	1                 39.84	23.1	0.612	0.67	0.445	0.709
2009	2                 38.90	26.2	0.61	0.67	0.444	0.706
2009.2	2                 26.83	25.8	0.618	0.662	0.452	0.69
2009.5	3                 21.72	26.3	0.619	0.657	0.445	0.678
2009.7	3                 23.44	26.6	0.62	0.654	0.44	0.669
2010	8                 27.97	24	0.621	0.649	0.438	0.62
2010.2	4                 32.71	26	0.634	0.635	0.444	0.526
2010.5	4                 53.13	27.2	0.645	0.645	0.503	0.506
2010.7	5                 79.46	28.1	0.657	0.659	0.512	0.517
2011	5                 101.3	9                  30.6	0.672	0.677	0.552	0.532
2011.2	3                 115.3	4                  24.9	0.678	0.71	0.572	0.612
2011.5	6                 125.0	6                  27.9	0.687	0.731	0.582	0.668
2011.7	6                 122.1	8                  22.0	0.693	0.731	0.589	0.65
2012	7                 109.6	2                  28.4	0.692	0.729	0.595	0.644
2012.2	7                 95.66	27.1	0.691	0.725	0.584	0.619
2012.5	8                 91.92	22.2	0.688	0.717	0.506	0.54
2012.7	3                 94.59	29.7	0.687	0.709	0.551	0.556
2013	8                 97.15	27.7	0.695	0.699	0.551	0.55
2013.2	9                 105.3	5                  27.0	0.699	0.7	0.543	0.564
2013.5	9                 98.33	23.3	0.699	0.705	0.559	0.582
2013.7	0                 95.87	22.6	0.703	0.71	0.565	0.593
2014	0                 98.33	24.2	0.7	0.722	0.596	0.639
2014.2	3                 97.21	23	0.707	0.73	0.592	0.663
2014.5	0                 95.72	23.7	0.71	0.736	0.58	0.671
2014.7	1                 97.46	22.1	0.706	0.744	0.549	0.673
2015	1                 95.90	22.9	0.712	0.754	0.578	0.684
2015.2	2                 97.42	22.8	0.711	0.75	0.514	0.671
2015.5	8                 95.51	23.3	0.707	0.751	0.535	0.68
2015.7	2                 93.84	23.3	0.711	0.75	0.522	0.674
2016	3                 90.93	26.1	0.712	0.748	0.509	0.667
2016.2	3                 92.26	24.5	0.703	0.754	0.495	0.658
2016.5	4                 60.65	28.1	0.706	0.751	0.493	0.654
2016.7	4                 46.00	24.9	0.711	0.752	0.462	0.647
2017	8                 42.11	25.2	0.706	0.764	0.456	0.681
2017.2	5                 37.42	25.6	0.707	0.777	0.568	0.738
2017.5	5                 32.12	27.4	0.712	0.781	0.624	0.763
2017.7	6                 42.84	24.1	0.698	0.77	0.573	0.73
2018	6                 55.80	26.1	0.669	0.731	0.458	0.666
2018.2	3                 59.10	25.5	0.653	0.689	0.409	0.582
2018.5	7                 61.74	23.8	0.659	0.712	0.431	0.558
2018.7	7                 69.07	21.3	0.658	0.727	0.456	0.655
2019	8                 74.18	23	0.662	0.728	0.406	0.576
2019.2	8                 74.65	23.7	0.664	0.717	0.419	0.625
2019.5	9                 53.40	24.3	0.651	0.737	0.417	0.656
2019.7	3                 47.98	25	0.653	0.736	0.36	0.582
2020	9                 42.02	23.5	0.652	0.722	0.331	0.518
2020.2	0                 32.14	25.3	0.649	0.715	0.319	0.51
2020.5	0                 21.99	21.1	0.647	0.719	0.384	0.669
2020.7	1                 17.78	24.5	0.646	0.727	0.376	0.678
2021	8                 18.35	31.1	0.648	0.721	0.389	0.628
2021.2	1                 18.77	26.7	0.644	0.702	0.332	0.495
2021.5	2                 31.80	20.2	0.628	0.686	0.26	0.482
2021.7	2                 30.54	22.7	0.617	0.704	0.257	0.593
2022	8                 22.34	24.9	0.62	0.711	0.237	0.571
2022.2	3                 11.43	24.4	0.645	0.761	0.274	0.601
2022.5	8                 11.52	31.2	0.646	0.76	0.261	0.387
2022.7	3                 11.62	31.7	0.588	0.675	0.198	0.43
2023	4                 12.12	39.6	0.565	0.656	0.167	0.391
2023.2	4                 11.43	23.3	0.544	0.632	0.152	0.236
2023.5	5                 11.43	20.5	0.541	0.622	0.163	0.331
2023.7	5                 11.62	19.3	0.532	0.628	0.181	0.415
2024	8                 11.94	20.7	0.53	0.62	0.167	0.437
2024.2	6                 12.37	20.7	0.525	0.613	0.2	0.529
2024.5	6                 11.04	19.6	0.538	0.636	0.258	0.673
2024.7	7                 12.36	20.2	0.546	0.658	0.201	0.864
2025	7                 19.05	22.2	0.556	0.673	0.196	0.733
2025.2	3                 18.60	22.9	0.585	0.68	0.256	0.533
2025.5	8                 18.19	22.9	0.56	0.664	0.156	0.259
2025.7	8                 17.22	22	0.534	0.627	0.14	0.193
2026	9                 17.34	24.2	0.527	0.59	0.214	0.224
2026.2	9                 15.75	25.3	0.525	0.58	0.228	0.191
2026.5	0                 15.27	30.6	0.535	0.598	0.256	0.236
2026.7	3                 14.95	32.7	0.544	0.588	0.262	0.232
2027	0                 14.53	31.3	0.556	0.623	0.233	0.285
2027.2	1                 10.72	29.8	0.573	0.677	0.226	0.365
2027.5	1                 10.91	28.7	0.574	0.681	0.221	0.377
2027.7	2                 10.72	24.1	0.594	0.703	0.197	0.564
2028	8                 10.21	22.5	0.595	0.71	0.22	0.629
2028.2	2                 9.79	25.8	0.606	0.699	0.199	0.571
2028.5	3                 10.02	23.5	0.621	0.745	0.24	0.557
2028.7	3                 10.63	23.2	0.623	0.757	0.284	0.48
2029	3                 11.71	34.2	0.58	0.677	0.217	0.284
2029.2	4                 12.78	33	0.553	0.606	0.316	0.337
2029.5	8                 12.67	33.4	0.533	0.578	0.253	0.192
2029.7	4                 12.54	33.9	0.508	0.557	0.222	0.183
2030	5                 11.37	34	0.503	0.584	0.187	0.106
2030.2	5                 13.07	31.4	0.535	0.606	0.226	0.237
2030.5	6                 14.82	34.2	0.546	0.626	0.235	0.231
2030.7	3                 15.05	31.5	0.534	0.602	0.252	0.251
2031	6                 15.22	33.1	0.515	0.573	0.247	0.195
2031.2	7                 19.26	31.9	0.498	0.55	0.272	0.11
2031.5	7                 19.39	30.3	0.558	0.61	0.366	0.415
2031.7	8                 18.91	34.7	0.557	0.558	0.496	0.454
2032	8                 16.09	38.1	0.557	0.553	0.543	0.503
2032.2	3                 14.50	31.3	0.556	0.547	0.599	0.564
2032.5	9                 12.83	29.4	0.556	0.547	0.596	0.562
2032.7	9                 11.64	34.3	0.555	0.547	0.596	0.564
2033	0                 9.66	43.3	0.555	0.548	0.596	0.568
2033.2	0                 10.11	42.3	0.555	0.547	0.597	0.566
2033.5	8                 9.48	41	0.556	0.547	0.598	0.565
2033.7	1                 9.04	43.2	0.556	0.546	0.599	0.564
2034	1                 10.35	42.3	0.555	0.546	0.6	0.552
2034.2	2                 4.94	41.2	0.553	0.546	0.6	0.536
2034.5	2                 43.36	40.4	0.555	0.545	0.584	0.52
2034.7	3                 127.3	8                  41.7	0.556	0.543	0.578	0.518
2035	8                 131.7	5                  43.3	0.556	0.542	0.602	0.55
2035.2	3                 135.9	7                  44.4	0.525	0.547	0.455	0.396
2035.5	4                 178.1	0                  42.5	0.535	0.542	0.442	0.376
2035.7	4                 211.6	5                  40.8	0.567	0.581	0.44	0.389
2036	5                 247.1	5                  36.7	0.609	0.65	0.499	0.552
2036.2	5                 235.5	9                  31.0	0.631	0.638	0.514	0.528
2036.5	8                 207.2	3                  28.5	0.697	0.766	0.686	0.655
2036.7	5                 169.7	0                  25.6	0.69	0.727	0.733	0.715
2037	6                 128.2	2                  29.0	0.648	0.601	0.568	0.485
2037.2	6                 82.61	60.1	0.631	0.57	0.527	0.495
2037.5	7                 67.91	41.7	0.63	0.566	0.509	0.476
2037.7	3                 65.18	38.9	0.643	0.566	0.508	0.466
2038	7                 62.77	43.6	0.66	0.575	0.535	0.452
2038.2	8                 46.81	46.7	0.702	0.622	0.593	0.457
2038.5	8                 41.41	52.4	0.704	0.625	0.583	0.444
2038.7	9                 37.39	64.2	0.752	0.71	0.596	0.467
2039	9                 37.73	73.5	0.809	0.817	0.783	0.667
2039.2	3                 93.63	81	0.879	0.941	0.965	0.866
2039.5	0                 161.1	9                  74.8	0.882	0.94	0.972	0.874
2039.7	0                 53.40	74.5	0.884	0.94	0.977	0.881
2040	1                 67.85	66.9	0.911	0.985	0.979	0.94
2040.2	1                 112.7	9                  68.5	0.939	1.052	0.963	0.958
2040.5	8                 106.1	2                  69.9	0.941	1.054	0.954	1.001
2040.7	2                 100.7	5                  69.1	0.943	1.056	0.946	1.036
2041	2                 77.45	82.3	0.944	1.055	0.95	1.031
2041.2	3                 71.86	90.4	0.948	1.048	0.944	1.022
2041.5	3                 70.08	96.5	0.954	1.038	0.947	1.006
2041.7	4                 128.7	5                  93.4	0.956	1.031	0.958	0.998
2042	8                 116.3	9                  89.7	0.958	1.023	0.972	0.989
2042.2	4                 102.7	3                  88.0	0.943	1	0.965	0.967
2042.5	5                 109.9	8                  78.9	0.922	0.968	0.956	0.938
2042.7	5                 145.7	9                  69.3	0.911	0.951	0.951	0.923
2043	6                 99.35	54.8	0.903	0.931	0.923	0.879
2043.2	3                 114.8	2                  30.0	0.869	0.867	0.854	0.816
2043.5	6                 126.2	1                  26.8	0.817	0.781	0.673	0.667
2043.7	6                 126.3	9                  21.7	0.788	0.753	0.632	0.628
2044	7                 164.3	9                  24.9	0.72	0.723	0.604	0.663
2044.2	7                 174.5	7                  23.5	0.639	0.654	0.478	0.579
2044.5	8                 118.2	3                  24.5	0.683	0.706	0.551	0.578
2044.7	3                 193.6	3                  21.9	0.73	0.734	0.687	0.691
2045	8                 269.8	1                  26.3	0.728	0.735	0.662	0.635
2045.2	9                 348.5	7                  26.3	0.699	0.661	0.616	0.662
2045.5	9                 79.78	31.3	0.66	0.672	0.575	0.619
2045.7	0                 173.4	3                  25.5	0.645	0.641	0.546	0.567
2046	0                 286.1	4                  23.5	0.638	0.62	0.52	0.507
2046.2	3                 313.0	5                  26.6	0.617	0.626	0.515	0.547
2046.5	1                 350.4	2                  26.8	0.603	0.594	0.485	0.498
2046.7	1                 437.0	3                  26.0	0.599	0.598	0.446	0.489
2047	2                 427.4	8                  26.0	0.611	0.605	0.481	0.519
2047.2	2                 225.8	3                  28.4	0.605	0.606	0.454	0.508
2047.5	8                 155.6	3                  27.3	0.619	0.616	0.498	0.504
2047.7	3                 90.76	25.6	0.636	0.673	0.544	0.605
2048	3                 85.78	24.8	0.608	0.673	0.46	0.642
2048.2	4                 72.22	24.4	0.596	0.629	0.43	0.538
2048.5	4                 79.13	22.4	0.569	0.612	0.367	0.51
2048.7	5                 41.61	22.1	0.557	0.613	0.333	0.506
2049	8                 33.26	23.1	0.555	0.613	0.35	0.524
2049.2	5                 22.67	24.4	0.572	0.62	0.41	0.526
2049.5	6                 33.88	25	0.577	0.656	0.402	0.572
2049.7	6                 15.23	25.3	0.575	0.651	0.387	0.543
2050	7                 13.60	23.9	0.584	0.603	0.425	0.428
2050.2	3                 13.00	26.8	0.589	0.604	0.4	0.447
2050.5	7                 12.49	29.4	0.603	0.642	0.393	0.459
2050.7	8                 12.91	28	0.642	0.735	0.426	0.617
2051	8                 13.46	29.8	0.649	0.726	0.437	0.64
2051.2	8                 19.79	25.3	0.626	0.669	0.354	0.495
2051.5	9                 13.46	24.8	0.617	0.662	0.358	0.522
2051.7	3                 13.89	23.9	0.612	0.664	0.368	0.556
2052	9                 14.38	22.8	0.608	0.662	0.361	0.573
2052.2	0                 15.16	21.9	0.612	0.644	0.426	0.565
2052.5	0                 14.24	22.1	0.618	0.664	0.426	0.592
2052.7	1                 12.79	22.6	0.606	0.665	0.404	0.606
2053	8                 10.42	23.1	0.604	0.675	0.383	0.612
2053.2	1                 8.59	22.4	0.604	0.667	0.407	0.608
2053.5	2                 15.80	23.5	0.601	0.64	0.404	0.597
2053.7	2                 18.63	23.8	0.607	0.627	0.398	0.529
2054	3                 25.72	24.8	0.599	0.627	0.374	0.501
2054.2	3                 24.33	24.3	0.599	0.66	0.328	0.478
2054.5	8                 23.05	23.9	0.611	0.715	0.401	0.691
2054.7	4                 21.69	26.6	0.608	0.664	0.387	0.636
2055	4                 18.89	24.1	0.626	0.65	0.44	0.485
2055.2	5                 18.81	30.6	0.634	0.679	0.48	0.571
2055.5	5                 24.54	48.7	0.623	0.663	0.454	0.486
2055.7	3                 25.01	27.6	0.617	0.639	0.521	0.528
2056	6                 25.35	23.4	0.603	0.592	0.528	0.485
2056.2	6                 18.25	25.8	0.571	0.591	0.409	0.322
2056.5	7                 16.60	42.3	0.578	0.593	0.413	0.383
2056.7	7                 12.84	45.2	0.604	0.586	0.565	0.517
2057	8                 11.48	40.3	0.595	0.598	0.514	0.472
2057.2	3                 11.40	39.7	0.583	0.602	0.455	0.401
2057.5	8                 11.33	43.1	0.574	0.605	0.407	0.344
2057.7	9                 11.99	39.4	0.566	0.607	0.369	0.299
2058	9                 9.68	41.8	0.573	0.606	0.394	0.332
2058.2	9                 5.71	43.6	0.578	0.605	0.415	0.359
2058.5	0                 5.32	44.6	0.583	0.605	0.432	0.382
2058.7	3                 6.23	46.4	0.579	0.604	0.436	0.386
2059	0                 7.44	47.6	0.576	0.604	0.44	0.389
2059.2	1                 11.51	48.4	0.575	0.604	0.442	0.391
2059.5	1                 104.2	8                  47.1	0.579	0.606	0.433	0.385
2059.7	2                 174.4	1                  45.7	0.573	0.606	0.381	0.315
2060	8                 212.9	1                  44.8	0.57	0.607	0.454	0.407
2060.2	2                 247.0	3                  43.2	0.605	0.635	0.443	0.409
2060.5	3                 26.00	44.5	0.651	0.615	0.633	0.606
2060.7	3                 80.73	43.8	0.64	0.605	0.57	0.534
2061	4                 142.5	2                  48.4	0.624	0.59	0.473	0.425
2061.2	4                 139.7	7                  47.4	0.618	0.62	0.481	0.411
2061.5	8                 139.1	8                  45.0	0.632	0.634	0.499	0.446
2061.7	5                 138.4	7                  41.7	0.624	0.637	0.434	0.384
2062	5                 96.02	33.6	0.624	0.652	0.425	0.373
2062.2	6                 59.13	30.2	0.635	0.675	0.552	0.604
2062.5	6                 57.61	28.5	0.629	0.703	0.46	0.558
2062.7	3                 38.10	30	0.628	0.701	0.47	0.568
2063	7                 22.30	26.1	0.625	0.653	0.49	0.536
2063.2	7                 22.89	28	0.612	0.644	0.49	0.521
2063.5	8                 25.33	22.9	0.609	0.64	0.481	0.618
2063.7	8                 59.19	24.8	0.599	0.633	0.439	0.548
2064	9                 62.46	24.5	0.593	0.62	0.363	0.452
2064.2	3                 68.93	29.1	0.608	0.611	0.422	0.415
2064.5	9                 76.11	34.5	0.619	0.639	0.487	0.474
2064.7	0                 6.03	32.9	0.622	0.659	0.498	0.526
2065	0                 6.03	30.7	0.624	0.664	0.526	0.568
2065.2	0                 9.35	30.4	0.624	0.667	0.542	0.591
2065.5	8                 12.36	25.6	0.632	0.689	0.559	0.66
2065.7	1                 14.60	25.4	0.634	0.692	0.569	0.671
2066	1                 21.26	25.3	0.629	0.693	0.54	0.633
2066.2	2                 28.03	25	0.631	0.677	0.547	0.595
2066.5	2                 63.47	28.4	0.629	0.67	0.491	0.515
2066.7	3                 102.1	5                  28.5	0.628	0.666	0.455	0.463
2067	8                 139.7	4                  26.4	0.624	0.649	0.47	0.426
2067.2	3                 177.9	3                  27.7	0.62	0.636	0.482	0.397
2067.5	4                 147.6	5                  28.5	0.627	0.634	0.485	0.407
2067.7	4                 123.2	5                  27.2	0.637	0.637	0.564	0.507
2068	5                 97.03	26.3	0.634	0.638	0.56	0.499
2068.2	5                 87.40	32.1	0.632	0.639	0.557	0.494
2068.5	8                 121.6	5                  27.2	0.635	0.638	0.568	0.52
2068.7	6                 169.4	7                  28.3	0.637	0.636	0.562	0.516
2069	6                 206.4	0                  29.0	0.638	0.634	0.557	0.513
2069.2	7                 125.4	6                  32.0	0.641	0.631	0.551	0.499
2069.5	7                 152.7	6                  31.7	0.644	0.627	0.544	0.486
2069.7	3                 145.1	6                  31.5	0.647	0.625	0.539	0.476
2070	8                 138.1	0                  33.0	0.648	0.637	0.561	0.482
2070.2	8                 108.9	9                  34.2	0.648	0.644	0.572	0.484
2070.5	9                 181.3	2                  35.0	0.653	0.654	0.592	0.53
2070.7	3                 116.3	8                  37.2	0.655	0.659	0.6	0.548
2071	0                 18.81	38.5	0.656	0.678	0.61	0.57
2071.2	3                 53.76	36.5	0.658	0.683	0.618	0.585
2071.5	8                 118.9	6                  36.8	0.66	0.691	0.622	0.598
2071.7	0                 177.7	9                  37.7	0.666	0.684	0.617	0.59
2072	1                 130.5	7                  39.5	0.67	0.676	0.62	0.546
2072.2	1                 164.5	1                  41.2	0.675	0.67	0.623	0.547
2072.5	8                 172.9	2                  41.3	0.675	0.665	0.627	0.547
2072.7	2                 180.0	8                  42.9	0.676	0.648	0.63	0.554
2073	2                 18.81	38.1	0.685	0.626	0.587	0.513
2073.2	3                 24.63	37.6	0.701	0.627	0.574	0.498
2073.5	3                 26.97	39.4	0.709	0.64	0.602	0.512
2073.7	4                 18.81	62.5	0.718	0.663	0.597	0.522
2074	8                 21.83	84	0.745	0.752	0.667	0.616
2074.2	4                 25.35	84.8	0.768	0.871	0.78	0.755
2074.5	5                 44.55	87.2	0.775	0.907	0.864	0.854
2074.7	5                 20.42	75.9	0.791	0.943	0.905	0.937
2075	6                 22.49	53.7	0.789	0.931	0.876	0.887
2075.2	3                 48.98	42	0.786	0.91	0.852	0.849
2075.5	6                 69.54	33.6	0.782	0.882	0.818	0.8
2075.7	7                 25.68	36.2	0.767	0.847	0.793	0.77
2076	7                 30.80	30.1	0.686	0.679	0.599	0.572
2076.2	8                 34.95	30.9	0.627	0.61	0.512	0.479
2076.5	8                 32.62	28.6	0.622	0.611	0.499	0.467
2076.7	3                 33.77	29.3	0.644	0.657	0.554	0.507
2077	9                 34.99	27.3	0.666	0.7	0.646	0.595
2077.2	9                 50.43	31.6	0.652	0.672	0.561	0.506
2077.5	0                 44.63	47.6	0.632	0.64	0.507	0.52
2077.7	0                 31.82	35.1	0.632	0.643	0.474	0.496
2078	8                 24.43	28.6	0.648	0.693	0.462	0.528
2078.2	1                 19.19	29.9	0.674	0.723	0.475	0.568
2078.5	1                 11.34	27.5	0.686	0.733	0.476	0.553
2078.7	1                 11.35	24.8	0.69	0.732	0.552	0.657
2079	2                 14.94	28.3	0.677	0.743	0.499	0.588
2079.2	2                 14.63	22.7	0.618	0.686	0.444	0.54
2079.5	8                 14.62	27.2	0.602	0.651	0.403	0.579
2079.7	3                 14.61	33.1	0.591	0.648	0.384	0.476
2080	3                 13.63	30.3	0.579	0.621	0.368	0.462
2080.2	4                 15.78	30.9	0.577	0.615	0.361	0.449
2080.5	4                 15.84	32	0.576	0.611	0.349	0.396
2080.7	5                 14.79	32.8	0.558	0.584	0.31	0.286
2081	8                 13.26	33.7	0.549	0.575	0.289	0.227
2081.2	3                 10.32	34.4	0.532	0.561	0.301	0.197
2081.5	6                 7.62	29.5	0.528	0.56	0.295	0.194
2081.7	6                 7.62	31.9	0.534	0.558	0.296	0.195
2082	8                 7.62	31.8	0.53	0.561	0.324	0.289
2082.2	3                 7.62	30.7	0.531	0.554	0.3	0.253
2082.5	7                 7.62	29	0.572	0.597	0.367	0.305
2082.7	8                 12.36	32	0.613	0.692	0.426	0.431
2083	8                 12.36	47.9	0.603	0.665	0.357	0.394
2083.2	9                 12.36	43.8	0.582	0.626	0.309	0.285
2083.5	9                 11.78	36.3	0.544	0.598	0.21	0.225
2083.7	3                 10.58	43.4	0.549	0.604	0.258	0.369
2084	0                 9.12	35.4	0.572	0.635	0.188	0.353
2084.2	0                 5.84	31.8	0.606	0.74	0.277	0.706
2084.5	1                 2.86	31.7	0.65	0.835	0.464	0.923
2084.7	1                 3.58	25.6	0.653	0.838	0.37	0.946
2085	8                 3.54	24.7	0.596	0.668	0.355	0.656
2085.2	1                 3.51	41.3	0.517	0.604	0.233	0.731
2085.5	2                 4.18	48.3	0.501	0.594	0.171	0.784
2085.7	2                 3.84	27.7	0.496	0.594	0.183	0.761
2086	3                 3.96	26.7	0.497	0.64	0.187	1.645
2086.2	3                 5.13	25.3	0.499	0.656	0.199	1.31
2086.5	8                 5.77	26.2	0.499	0.667	0.214	1.125
2086.7	4                 6.48	24.7	0.52	0.592	0.216	0.52
2087	4                 6.68	28.6	0.519	0.581	0.215	0.204
2087.2	5                 8.39	34.7	0.515	0.585	0.237	0.126
2087.5	5                 8.35	37.4	0.521	0.591	0.206	0.154
2087.7	3                 7.77	41.8	0.526	0.593	0.215	0.202
2088	6                 7.34	44.5	0.526	0.594	0.223	0.213
2088.2	6                 5.75	44.8	0.522	0.598	0.211	0.189
2088.5	7                 3.91	48	0.521	0.601	0.196	0.148
2088.7	7                 3.51	50.4	0.52	0.603	0.198	0.128
2089	8                 3.62	43.5	0.561	0.598	0.398	0.372
2089.2	3                 3.74	41.9	0.556	0.609	0.234	0.215
2089.5	8                 3.82	43.2	0.574	0.615	0.267	0.254
2089.7	9                 3.82	41.9	0.684	0.671	0.673	0.699
2090	9                 3.90	52.2	0.698	0.713	0.691	0.686
2090.2	0                 8.40	53.1	0.672	0.66	0.574	0.637
2090.5	0                 3.82	51.9	0.689	0.7	0.56	0.602
2090.7	3                 4.69	44.6	0.761	0.782	0.635	0.669
2091	1                 5.91	44.3	0.83	0.807	0.701	0.669
2091.2	1                 9.93	52.4	0.977	0.961	0.909	0.859
2091.5	2                 9.52	63.2	1.102	1.119	1.093	1.031
2091.7	2                 10.11	58.8	0.912	0.91	0.913	0.884
2092	8                 9.51	83.8	0.795	0.766	0.644	0.68
2092.2	2                 8.95	87.3	0.839	0.804	0.64	0.68
2092.5	3                 8.51	72.8	0.839	0.803	0.64	0.68
2092.7	3                 8.24	64.9	0.86	0.814	0.675	0.707
2093	4                 6.49	64.9	0.887	0.834	0.734	0.747
2093.2	4                 6.03	65.8	0.9	0.852	0.789	0.776
2093.5	8                 6.49	67.8	0.907	0.86	0.788	0.772
2093.7	5                 7.08	77.5	0.916	0.872	0.786	0.765
2094	5                 7.36	86.5	0.977	0.955	0.9	0.81
2094.2	6                 10.11	86.9	1.09	1.099	1.07	0.997
2094.5	6                 15.94	87.3	1.015	1.01	1.032	0.963
2094.7	3                 33.04	87.8	0.949	0.925	0.913	0.826
2095	7                 47.64	85.4	0.886	0.87	0.839	0.773
2095.2	7                 94.09	74	0.842	0.825	0.802	0.734
2095.5	8                 155.5	3                  76.3	0.817	0.788	0.823	0.756
2095.7	8                 153.0	5                  74.6	0.769	0.752	0.795	0.73
2096	9                 109.9	2                  74.0	0.674	0.63	0.649	0.572
2096.2	3                 92.36	67.4	0.618	0.573	0.578	0.51
2096.5	9                 71.81	62.8	0.633	0.607	0.569	0.544
2096.7	0                 32.62	58.7	0.656	0.657	0.619	0.619
2097	0                 37.76	57.2	0.691	0.685	0.644	0.61
2097.2	1                 42.09	61.6	0.75	0.733	0.714	0.647
2097.5	8                 43.85	67.1	0.8	0.794	0.797	0.73
2097.7	1                 45.21	69.2	0.825	0.831	0.82	0.782
2098	2                 41.43	76.1	0.834	0.845	0.828	0.793
2098.2	2                 38.07	75.3	0.844	0.855	0.85	0.816
2098.5	2                 31.56	80	0.852	0.862	0.846	0.824
2098.7	3                 26.59	81.5	0.863	0.866	0.846	0.817
2099	8                 25.90	80.5	0.877	0.865	0.851	0.787
2099.2	3                 25.17	76	0.88	0.868	0.847	0.781
2099.5	4                 33.40	82.8	0.897	0.878	0.876	0.787
2099.7	4                 40.92	80.6	0.905	0.891	0.876	0.789
2100	5                 51.13	77.2	0.911	0.917	0.876	0.815
2100.2	3                 60.06	78.8	0.92	0.946	0.902	0.866
2100.5	5                 66.42	78	0.923	0.955	0.911	0.896
2100.7	6                 86.36	85.9	0.926	0.964	0.92	0.924
2101	6                 93.57	81.3	0.935	0.953	0.933	0.93
2101.2	7                 93.06	79.6	0.941	0.882	0.892	0.815
2101.5	7                 88.39	78.5	0.943	0.856	0.874	0.746
2101.7	3                 93.41	83.4	0.938	0.853	0.817	0.732
2102	8                 98.33	85.9	0.946	0.869	0.819	0.747
2102.2	8                 109.4	1                  87.5	0.954	0.886	0.837	0.769
2102.5	9                 115.7	1                  85.1	0.968	0.916	0.885	0.823
2102.7	9                 70.90	87.4	0.979	0.937	0.901	0.839
2103	0                 72.60	92.8	0.983	0.942	0.902	0.841
2103.2	3                 88.22	92.6	1.002	0.98	0.951	0.888
2103.5	0                 109.2	1                  92.1	1.014	1	0.976	0.929
2103.7	1                 77.07	93.8	1.02	1.01	0.993	0.938
2104	1                 95.81	97.4	1.034	1.028	1.008	0.957
2104.2	2                 78.73	93.5	1.037	1.032	1.01	0.962
2104.5	8                 81.81	86.7	1.046	1.035	1.013	0.964
2104.7	2                 84.57	97.4	1.059	1.035	1.006	0.949
2105	3                 79.04	91.9	1.071	1.036	1.002	0.926
2105.2	3                 85.14	94.2	1.084	1.045	1.027	0.951
2105.5	3                 71.36	97.3	1.093	1.052	1.061	0.953
2105.7	4                 78.47	99.1	1.101	1.06	1.067	0.966
2106	8                 80.62	94.9	1.105	1.064	1.068	0.972
2106.2	4                 83.28	94.7	1.109	1.068	1.069	0.978
2106.5	5                 113.6	1                  89.8	1.119	1.072	1.09	0.992
2106.7	5                 112.9	0                  90.7	1.134	1.077	1.098	0.999
2107	6                 98.33	91.4	1.044	1.035	1.012	0.969
2107.2	3                 104.6	6                  97.0	1.118	1.063	1.075	0.978
2107.5	6                 109.8	4                  87.8	1.158	1.094	1.138	1.027
2107.7	7                 111.6	0                  92.1	1.156	1.096	1.13	1.032
2108	7                 131.5	7                  89.2	1.141	1.067	1.125	0.991
2108.2	8                 138.7	9                  91.4	1.103	1.021	1.076	0.956
2108.5	8                 79.00	93.7	1.075	0.999	1.044	0.936
2108.7	3                 62.51	89.2	1.069	1.001	1.049	0.941
2109	9                 44.01	88.5	1.063	1.004	1.044	0.957
2109.2	9                 23.09	89	1.062	0.984	1.042	0.92
2109.5	0                 23.99	88.9	1.064	0.975	1.031	0.906
2109.7	0                 22.40	87.2	1.074	0.991	1.05	0.923
2110	8                 20.34	90.1	1.085	1.029	1.078	0.982
2110.2	1                 18.81	89.1	1.087	1.027	1.077	0.973
2110.5	1                 17.38	92.2	1.071	1.001	1.053	0.943
2110.7	2                 17.58	92.8	1.037	0.96	1.014	0.908
2111	2                 18.52	88.9	1.009	0.918	0.966	0.851
2111.2	3                 18.68	92.6	1.011	0.943	0.977	0.885
2111.5	8                 19.41	93	1.021	0.953	0.983	0.891
2111.7	3                 20.16	92.9	1.038	0.952	0.985	0.861
2112	3                 21.15	95.9	1.076	1.044	1.045	0.974
2112.2	4                 22.07	91.1	1.102	1.043	1.046	0.95
2112.5	4                 22.41	95.1	1.11	1.035	1.054	0.947
2112.7	5                 17.35	96.2	1.112	1.021	1.055	0.925
2113	8                 17.69	98.4	1.114	1.042	1.072	0.965
2113.2	5                 18.17	97	1.118	1.046	1.091	0.97
2113.5	6                 19.61	96.8	1.113	1.047	1.094	0.985
2113.7	6                 20.46	97.7	1.102	1.017	1.06	0.934
2114	7                 16.35	96.7	1.102	1.026	1.047	0.94
2114.2	3                 15.04	98.3	1.11	1.029	1.052	0.941
2114.5	7                 13.81	98.3	1.127	1.051	1.064	0.96
2114.7	8                 12.84	99.5	1.155	1.09	1.103	1.005
2115	8                 11.72	99.4	1.175	1.104	1.123	1.012
2115.2	9                 11.47	100	5                   1.182	1.114	1.132	1.02
2115.5	9                 9.54	100	0                   1.192	1.131	1.14	1.04
2115.7	3                 8.54	99	1.199	1.139	1.166	1.063
2116	0                 7.25	95.8	1.173	1.107	1.132	1.028
2116.2	0                 7.70	101	2                   1.151	1.08	1.105	0.999
2116.5	1                 7.91	99.3	1.141	1.066	1.09	0.981
2116.7	1                 11.38	99.8	1.109	1.048	1.047	0.958
2117	8                 13.72	100	1                   1.083	1.033	1.034	0.954
2117.2	2                 15.72	96.6	1.069	1.013	1.015	0.932
2117.5	2                 18.19	99.9	1.065	1.003	1.009	0.914
2117.7	3                 15.30	99.6	1.061	0.995	1.02	0.909
2118	3                 16.16	99.1	1.043	0.986	1.008	0.914
2118.2	4                 17.77	101	4                   1.027	0.957	0.997	0.887
2118.5	8                 16.35	99.1	1.014	0.946	0.992	0.884
2118.7	4                 14.68	97.3	1.006	0.945	0.986	0.877
2119	4                 13.08	96.9	1.02	0.939	0.993	0.875
2119.2	5                 20.98	93.6	1.117	1.113	1.116	1.051
2119.5	5                 21.32	100	1                   1.087	1.117	1.121	1.083
2119.7	3                 25.12	102	4                   1.132	1.204	1.174	1.189
2120	6                 28.09	81	1.125	1.197	1.171	1.184
2120.2	6                 36.75	76.7	1.122	1.194	1.17	1.182
2120.5	7                 40.09	87.5	1.124	1.195	1.181	1.194
2120.7	7                 29.98	88	1.126	1.196	1.192	1.205
2121	8                 11.46	86.5	1.125	1.197	1.192	1.203
2121.2	3                 32.02	84.7	1.125	1.198	1.192	1.2
2121.5	8                 54.14	82.5	1.124	1.199	1.192	1.198
2121.7	9                 160.1	7                  82.4	1.061	1.074	1.097	1.078
2122	9                 76.99	82.4	0.847	0.794	0.791	0.729
2122.2	0                 94.68	82.3	0.702	0.664	0.693	0.614
2122.5	7                 93.87	86	0.639	0.617	0.601	0.558
2122.7	0                 93.29	90.8	0.605	0.613	0.523	0.535
2123	1                 51.62	46.6	0.592	0.59	0.521	0.462
2123.2	1                 43.38	34.7	0.59	0.591	0.518	0.46
2123.5	2                 39.82	45.4	0.589	0.589	0.53	0.469
2123.7	2                 35.45	61	0.578	0.573	0.544	0.482
2124	7                 39.77	66.5	0.567	0.56	0.539	0.474
2124.2	3                 44.01	51.4	0.566	0.56	0.542	0.484
2124.5	3                 51.35	37.1	0.557	0.56	0.517	0.431
2124.7	4                 32.37	31.6	0.559	0.559	0.522	0.441
2125	4                 47.48	31.6	0.557	0.559	0.515	0.42
2125.2	5                 41.96	29	0.562	0.556	0.544	0.475
2125.5	7                 40.05	28.3	0.568	0.555	0.57	0.525
2125.7	5                 37.47	25	0.567	0.554	0.564	0.519
2126	5                 38.87	28.7	0.566	0.554	0.56	0.515
2126.2	6                 40.35	31.3	0.566	0.555	0.555	0.511
2126.5	6                 46.68	30.1	0.564	0.555	0.55	0.498
2126.7	2                 61.19	29.6	0.562	0.555	0.546	0.487
2127	7                 74.24	26.8	0.562	0.555	0.544	0.485
2127.2	7                 137.5	5                  26.6	0.562	0.555	0.543	0.483
2127.5	8                 142.2	6                  26.5	0.562	0.555	0.541	0.482
2127.7	8                 123.8	6                  26.5	0.56	0.555	0.533	0.458
2128	9                 116.5	2                  26.5	0.558	0.554	0.527	0.439
2128.2	2                 119.7	4                  26.4	0.564	0.553	0.546	0.486
2128.5	9                 123.7	1                  26.3	0.569	0.553	0.561	0.524
2128.7	0                 182.6	2                  26.2	0.567	0.566	0.55	0.552
2129	0                 223.5	9                  28.3	0.568	0.566	0.555	0.563
2129.2	1                 198.9	4                  30.1	0.571	0.566	0.567	0.564
2129.5	7                 208.1	8                  30.3	0.575	0.567	0.582	0.517
2129.7	1                 215.7	9                  29.3	0.579	0.568	0.582	0.521
2130	2                 223.2	3                  28.6	0.582	0.568	0.582	0.524
2130.2	2                 221.1	0                  25.5	0.58	0.573	0.591	0.535
2130.5	3                 149.0	4                  27.0	0.579	0.581	0.602	0.549
2130.7	3                 132.7	4                  28.2	0.575	0.584	0.554	0.546
2131	7                 118.4	2                  28.2	0.578	0.581	0.577	0.534
2131.2	4                 102.2	7                  28.2	0.58	0.573	0.565	0.5
2131.5	4                 114.6	2                  31.5	0.579	0.572	0.566	0.472
2131.7	5                 211.1	4                  27.2	0.575	0.565	0.553	0.447
2132	5                 182.0	4                  28.6	0.572	0.555	0.51	0.482
2132.2	2                 176.4	2                  28.4	0.575	0.553	0.518	0.486
2132.5	6                 172.1	9                  28.4	0.579	0.548	0.531	0.493
2132.7	6                 201.8	4                  25.9	0.578	0.55	0.534	0.495
2133	6                 153.9	0                  26.8	0.579	0.551	0.525	0.472
2133.2	7                 129.0	3                  28.0	0.605	0.56	0.567	0.48
2133.5	7                 79.08	24	0.616	0.607	0.584	0.502
2133.7	2                 108.1	7                  31.4	0.645	0.652	0.639	0.646
2134	8                 138.1	9                  39.8	0.658	0.648	0.606	0.563
2134.2	8                 130.3	2                  41.5	0.655	0.667	0.675	0.618
2134.5	9                 107.0	9                  56.0	0.594	0.602	0.555	0.443
2134.7	9                 100.9	9                  57.9	0.58	0.59	0.562	0.41
2135	0                 88.40	35.3	0.571	0.585	0.519	0.429
2135.2	2                 77.78	34.2	0.568	0.574	0.51	0.468
2135.5	0                 62.72	26	0.57	0.573	0.552	0.467
2135.7	1                 44.83	27	0.56	0.565	0.516	0.425
2136	1                 34.25	36.7	0.557	0.56	0.515	0.44
2136.2	2                 24.60	35.6	0.558	0.565	0.532	0.437
2136.5	7                 20.67	28.8	0.561	0.563	0.521	0.417
2136.7	2                 16.96	34.8	0.563	0.563	0.521	0.42
2137	3                 12.43	50	0.569	0.583	0.557	0.488
2137.2	3                 13.27	59.3	0.56	0.576	0.528	0.5
2137.5	4                 15.96	55.8	0.546	0.542	0.516	0.433
2137.7	4                 13.54	39.9	0.538	0.54	0.505	0.439
2138	7                 13.71	34	0.538	0.542	0.519	0.471
2138.2	5                 13.94	32.5	0.539	0.545	0.523	0.47
2138.5	5                 17.43	33.8	0.532	0.53	0.509	0.454
2138.7	6                 18.36	31.8	0.529	0.541	0.491	0.418
2139	6                 19.28	30	0.538	0.546	0.506	0.417
2139.2	2                 19.23	31.5	0.552	0.551	0.525	0.431
2139.5	6                 19.20	35.3	0.565	0.562	0.543	0.459
2139.7	7                 24.33	35	0.591	0.587	0.573	0.506
2140	7                 26.69	38.4	0.606	0.61	0.582	0.506
2140.2	8                 25.17	42.2	0.629	0.613	0.627	0.543
2140.5	8                 19.95	53.4	0.632	0.63	0.618	0.536
2140.7	2                 17.99	52.6	0.64	0.644	0.639	0.546
2141	9                 15.67	57.5	0.64	0.634	0.618	0.547
2141.2	9                 14.99	54.4	0.65	0.63	0.627	0.563
2141.5	0                 11.40	47.9	0.669	0.677	0.687	0.637
2141.7	0                 10.12	46.6	0.656	0.656	0.658	0.598
2142	7                 10.23	55.4	0.629	0.636	0.56	0.495
2142.2	1                 10.32	52.4	0.618	0.627	0.55	0.494
2142.5	1                 12.25	51.4	0.606	0.597	0.543	0.45
2142.7	2                 16.64	45.5	0.608	0.621	0.552	0.489
2143	2                 16.28	47.2	0.619	0.616	0.57	0.479
2143.2	3                 17.68	47.4	0.63	0.599	0.56	0.442
2143.5	7                 16.91	51.3	0.68	0.63	0.657	0.567
2143.7	3                 16.06	50.1	0.725	0.687	0.719	0.636
2144	4                 17.09	61.3	0.654	0.652	0.62	0.542
2144.2	4                 16.01	61.1	0.681	0.68	0.649	0.572
2144.5	5                 15.69	69.7	0.785	0.755	0.759	0.663
2144.7	2                 13.92	55.9	0.845	0.852	0.831	0.778
2145	5                 12.64	55	0.891	0.879	0.869	0.803
2145.2	6                 12.64	68.3	1.009	0.96	0.989	0.893
2145.5	6                 8.85	77.4	1.098	1.049	1.07	0.961
2145.7	7                 6.36	81.8	1.114	1.075	1.072	0.991
2146	7                 10.54	82.2	1.093	1.077	1.074	1.01
2146.2	2                 15.94	84.2	1.077	1.055	1.06	0.994
2146.5	7                 21.29	77.7	1.061	1.033	1.046	0.979
2146.7	8                 33.76	76.8	1.064	1.015	1.021	0.943
2147	8                 28.86	77.6	1.106	1.08	1.014	0.986
2147.2	9                 23.62	78.4	1.106	1.08	1.012	0.983
2147.5	9                 15.35	79.2	1.106	1.08	1.011	0.983
2147.7	2                 14.56	82.5	1.106	1.08	1.012	0.983
2148	0                 13.47	79.2	1.106	1.079	1.012	0.983
2148.2	0                 90.90	83.3	1.106	1.079	1.012	0.983
2148.5	7                 55.99	83.5	1.106	1.079	1.012	0.983
2148.7	1                 11.96	83.7	1.106	1.079	1.012	0.982
2149	7                 35.45	83.5	1.106	1.094	1.067	1.016
2149.2	2                 56.70	83.1	1.058	1.043	1.047	0.999
2149.5	7                 56.20	81.4	0.862	0.784	0.808	0.716
2149.7	2                 55.84	85	0.909	0.823	0.86	0.762
2150	7                 55.48	76.4	0.95	0.87	0.908	0.795
2150.2	2                 55.13	64.8	0.993	0.975	0.987	0.939
2150.5	7                 54.77	77.6	1.054	1.08	1.1	1.087
2150.7	2                 54.41	86.4	1.1	1.106	1.136	1.084
2151	7                 54.06	85.3	1.15	1.121	1.146	1.088
2151.2	5                 53.66	82	1.178	1.118	1.168	1.054
2151.5	6                 20.21	84.1	1.204	1.143	1.201	1.081
2151.7	2                 25.57	83.1	1.203	1.152	1.144	1.079
2152	6                 30.01	85	1.198	1.129	1.123	1.041
2152.2	7                 38.84	85.7	1.192	1.117	1.102	1.021
2152.5	7                 55.65	84.8	1.19	1.113	1.119	1.016
2152.7	8                 44.90	87.1	1.194	1.108	1.133	1.009
2153	8                 50.68	92.4	1.197	1.108	1.138	0.999
2153.2	2                 48.35	93.1	1.198	1.13	1.149	1.045
2153.5	8                 45.71	87.6	1.207	1.142	1.165	1.052
2153.7	9                 39.66	87.5	1.213	1.158	1.185	1.078
2154	9                 35.16	86.6	1.218	1.16	1.195	1.085
2154.2	0                 33.44	79.5	1.214	1.136	1.189	1.04
2154.5	7                 33.70	86.9	1.203	1.113	1.178	1.016
2154.7	0                 33.90	89.2	1.198	1.103	1.183	0.996
2155	1                 33.39	90.2	1.187	1.096	1.168	0.994
2155.2	1                 30.85	89.3	1.154	1.069	1.127	0.988
2155.5	2                 60.19	79.5	1.137	1.044	1.085	0.956
2155.7	2                 31.88	87.5	1.13	1.036	1.075	0.946
2156	7                 32.38	90.6	1.123	1.039	1.072	0.949
2156.2	3                 32.89	97.3	1.116	1.055	1.08	0.977
2156.5	3                 36.56	92	1.112	1.057	1.077	0.98
2156.7	4                 32.21	90.1	1.111	1.056	1.073	0.98
2157	4                 33.49	92.4	1.109	1.055	1.068	0.98
2157.2	5                 33.88	92.3	1.107	1.051	1.073	0.976
2157.5	7                 34.00	93.9	1.102	1.046	1.06	0.967
2157.7	5                 34.17	95.2	1.099	1.043	1.049	0.961
2158	6                 33.19	93.3	1.096	1.037	1.045	0.953
2158.2	6                 41.75	89.8	1.089	1.026	1.039	0.936
2158.5	7                 53.79	94.9	1.081	1.017	1.031	0.935
2158.7	2                 77.82	99.8	1.077	1.012	1.026	0.937
2159	7                 100.6	2                  94.8	1.07	1.001	1.014	0.923
2159.2	8                 103.5	8                  93.9	1.065	0.996	1.008	0.911
2159.5	8                 90.08	94.7	1.058	0.986	1.003	0.898
2159.7	9                 114.3	6                  95.9	1.052	0.979	0.989	0.89
2160	9                 80.14	95.8	1.045	0.97	0.977	0.878
2160.2	2                 80.44	96.4	1.041	0.971	0.989	0.889
2160.5	9                 80.82	96.6	1.041	0.973	0.989	0.895
2160.7	0                 106.6	3                  96.8	1.043	0.971	0.995	0.889
2161	0                 93.11	96.7	1.044	0.972	0.988	0.888
2161.2	1                 87.13	94.7	1.043	0.971	0.992	0.886
2161.5	7                 76.71	94	1.045	0.977	0.997	0.891
2161.7	1                 67.67	96.7	1.046	0.986	1.001	0.908
2162	2                 58.02	92.5	1.047	0.988	1.006	0.914
2162.2	2                 38.32	97.8	1.048	0.992	1.01	0.919
2162.5	3                 24.54	95.6	1.049	0.997	1.014	0.929
2162.7	3                 22.40	92.4	1.047	0.999	1.011	0.933
2163	7                 23.57	95.5	1.051	1	1.009	0.935
2163.2	4                 24.97	97.5	1.05	0.998	1.005	0.933
2163.5	4                 22.36	98.1	1.049	0.996	1.006	0.927
2163.7	5                 27.55	97.4	1.05	0.992	1.007	0.916
2164	5                 22.17	102	4                   1.053	0.987	1.007	0.908
2164.2	2                 23.00	102	3                   1.050	0.986	1.011	0.893
2164.5	6                 23.67	92.8	1.052	0.979	1.008	0.88
2164.7	6                 27.36	93.1	1.048	0.977	1.013	0.883
2165	7                 36.67	92.6	1.045	0.979	0.994	0.887
2165.2	7                 44.25	97.5	1.037	0.98	0.992	0.902
2165.5	8                 57.88	95.9	1.031	0.977	0.988	0.908
2165.7	2                 61.72	93.6	1.028	0.971	0.983	0.894
2166	8                 65.88	94.4	1.02	0.958	0.97	0.872
2166.2	9                 70.32	98.4	1.001	0.938	0.942	0.848
2166.5	9                 75.69	95	0.986	0.924	0.928	0.829
2166.7	0                 75.24	99.4	0.984	0.923	0.925	0.828
2167	7                 71.40	98.8	0.99	0.93	0.953	0.847
2167.2	0                 68.62	99.2	0.992	0.935	0.956	0.856
2167.5	0                 78.71	100	9                   0.998	0.937	0.977	0.866
2167.7	1                 55.97	97.9	1	0.938	0.982	0.871
2168	1                 42.01	98.5	1.001	0.934	0.979	0.863
2168.2	2                 31.97	93.6	0.999	0.941	0.974	0.877
2168.5	7                 26.94	99.3	0.998	0.939	0.971	0.869
2168.7	2                 21.93	95.7	0.998	0.933	0.971	0.859
2169	3                 17.28	97.7	0.995	0.934	0.968	0.865
2169.2	3                 17.61	98.4	0.992	0.934	0.974	0.873
2169.5	4                 17.73	100	5                   0.990	0.93	0.974	0.868
2169.7	4                 18.43	98.8	0.989	0.924	0.968	0.867
2170	7                 18.52	94.8	0.996	0.923	0.974	0.863
2170.2	5                 18.65	94.7	1.007	0.951	0.997	0.899
2170.5	5                 19.30	96.4	1.014	0.961	1.002	0.896
2170.7	6                 19.95	92.7	1.017	0.969	0.966	0.881
2171	6                 19.65	95.7	1.015	0.977	0.971	0.895
2171.2	2                 19.38	98	1.007	0.949	0.956	0.857
2171.5	7                 19.13	100	5                   0.999	0.931	0.957	0.857
2171.7	7                 18.17	102	5                   0.999	0.934	0.947	0.863
2172	8                 18.35	96.9	1.001	0.935	0.959	0.866
2172.2	8                 18.49	100	5                   1.000	0.933	0.963	0.869
2172.5	9                 17.76	103	5                   1.002	0.932	0.964	0.867
2172.7	2                 18.18	104	9                   1.029	0.961	0.986	0.886
2173	9                 18.71	97.1	1.078	1.035	1.025	0.954
2173.2	0                 15.75	104	8                   1.085	1.051	1.015	0.939
2173.5	0                 20.17	97.3	1.078	1.093	1.059	1.054
2173.7	0                 27.20	102	0                   1.045	1.004	1.026	0.96
2174	7                 30.68	93.5	0.933	0.917	0.956	0.891
2174.2	1                 33.57	65.3	0.76	0.693	0.782	0.674
2174.5	1                 36.69	49.7	0.763	0.7	0.785	0.686
2174.7	2                 33.18	51.4	0.694	0.639	0.678	0.578
2175	2                 35.93	44.1	0.66	0.668	0.676	0.598
2175.2	3                 33.86	33.1	0.628	0.646	0.581	0.548
2175.5	7                 34.37	33.1	0.597	0.586	0.567	0.44
2175.7	3                 34.95	26.7	0.596	0.593	0.582	0.54
2176	4                 25.78	32.3	0.84	0.816	0.813	0.736
2176.2	4                 17.65	43	0.636	0.647	0.622	0.577
2176.5	5                 16.81	37.7	0.618	0.603	0.613	0.518
2176.7	2                 18.70	61.3	0.617	0.603	0.603	0.512
2177	5                 20.13	30.9	0.626	0.613	0.624	0.583
2177.2	6                 16.84	26.5	0.631	0.633	0.627	0.621
2177.5	6                 14.75	29.6	0.788	0.754	0.708	0.693
2177.7	7                 25.17	27.4	0.402	135.8	86                 0.462	42247
2178	7                 42.61	28.3	0.609	0.64	0.49	0.519
2178.2	2                 54.23	62.6	0.609	0.64	0.49	0.518
2178.5	8                 66.35	47.2	0.609	0.64	0.496	0.521
2178.7	8                 85.75	44.2	0.61	0.639	0.504	0.526
2179	9                 462.0	1                  45.3	0.611	0.638	0.513	0.53
2179.2	9                 479.9	9                  44.1	0.613	0.638	0.523	0.535
2179.5	0                 530.8	9                  43.2	0.613	0.636	0.525	0.537
2179.7	2                 544.3	8                  42.3	0.613	0.635	0.527	0.539
2180	0                 563.7	2                  41.6	0.613	0.633	0.53	0.54
2180.2	1                 560.6	0                  41.0	0.613	0.632	0.532	0.542
2180.5	1                 571.2	2                  40.5	0.614	0.63	0.536	0.545
2180.7	1                 564.5	4                  40.0	0.612	0.626	0.541	0.542
2181	7                 598.5	3                  39.5	0.61	0.62	0.55	0.538
2181.2	2                 630.9	6                  39.2	0.608	0.614	0.559	0.533
2181.5	2                 617.7	0                  40.4	0.606	0.607	0.568	0.528
2181.7	3                 600.8	1                  41.3	0.604	0.601	0.577	0.524
2182	3                 527.5	2                  42.2	0.602	0.595	0.586	0.519
2182.2	4                 649.8	8                  43.0	0.6	0.589	0.595	0.515
2182.5	7                 646.6	7                  44.3	0.599	0.588	0.582	0.504
2182.7	4                 642.4	8                  43.4	0.597	0.586	0.57	0.494
2183	5                 824.0	3                  42.1	0.596	0.584	0.559	0.484
2183.2	5                 490.9	9                  40.7	0.594	0.583	0.547	0.473
2183.5	6                 528.7	1                  39.4	0.593	0.581	0.535	0.463
2183.7	2                 469.7	1                  38.0	0.591	0.58	0.523	0.453
2184	6                 418.2	4                  36.7	0.59	0.578	0.512	0.443
2184.2	7                 223.6	2                  35.3	0.588	0.576	0.498	0.432
2184.5	7                 241.6	7                  34.0	0.599	0.593	0.527	0.457
2184.7	8                 342.9	8                  33.2	0.612	0.613	0.561	0.486
2185	8                 165.3	8                  35.5	0.629	0.638	0.605	0.524
2185.2	2                 142.9	9                  37.1	0.623	0.629	0.605	0.529
2185.5	9                 116.2	1                  38.8	0.614	0.617	0.605	0.536
2185.7	9                 301.9	0                  40.5	0.605	0.606	0.606	0.543
2186	0                 345.6	7                  39.9	0.627	0.661	0.619	0.662
2186.2	0                 423.8	6                  39.2	0.647	0.648	0.578	0.622
2186.5	7                 400.1	7                  38.7	0.647	0.631	0.59	0.578
2186.7	1                 381.2	8                  26.7	0.647	0.618	0.598	0.546
2187	1                 433.6	6                  31.9	0.674	0.654	0.612	0.516
2187.2	1                 452.1	0                  46.2	0.689	0.69	0.646	0.588
2187.5	2                 255.4	6                  55.0	0.701	0.72	0.674	0.645
2187.7	2                 205.4	2                  64.3	0.713	0.729	0.707	0.657
2188	7                 182.9	6                  74.4	0.724	0.737	0.737	0.668
2188.2	3                 158.3	9                  80.0	0.727	0.742	0.751	0.684
2188.5	3                 105.4	4                  80.4	0.73	0.747	0.763	0.697
2188.7	4                 114.5	4                  80.6	0.73	0.746	0.759	0.702
2189	4                 157.6	6                  91.8	0.73	0.745	0.756	0.705
2189.2	2                 170.5	3                  98.6	0.731	0.74	0.782	0.713
2189.5	5                 179.8	9                  99.8	0.72	0.721	0.777	0.736
2189.7	5                 177.1	6                  100.	4                   0.716	0.69	0.749	0.698
2190	6                 159.2	5                  97.2	0.712	0.651	0.715	0.65
2190.2	6                 175.5	5                  91.3	0.711	0.634	0.685	0.603
2190.5	7                 149.3	2                  93.8	0.715	0.653	0.674	0.602
2190.7	2                 143.2	7                  96.3	0.742	0.75	0.744	0.715
2191	7                 137.2	2                  86.2	0.764	0.774	0.756	0.689
2191.2	8                 142.4	4                  81.1	0.763	0.786	0.774	0.72
2191.5	8                 156.5	3                  86.3	0.707	0.708	0.708	0.628
2191.7	9                 196.6	6                  93.2	0.647	0.639	0.625	0.525
2192	9                 152.0	4                  80.6	0.629	0.639	0.627	0.528
2192.2	2                 130.0	2                  70.5	0.618	0.639	0.653	0.571
2192.5	0                 99.77	69	0.594	0.58	0.588	0.482
2192.7	0                 57.64	51.8	0.574	0.556	0.583	0.476
2193	1                 40.29	46	0.571	0.553	0.568	0.479
2193.2	1                 34.29	35.3	0.575	0.551	0.563	0.491
2193.5	7                 31.84	38.9	0.594	0.557	0.571	0.478
2193.7	2                 29.60	36.5	0.608	0.573	0.589	0.49
2194	2                 35.43	44	0.602	0.57	0.592	0.483
2194.2	3                 31.30	44.8	0.603	0.592	0.613	0.516
2194.5	3                 32.57	44.4	0.604	0.59	0.601	0.496
2194.7	3                 40.95	50.5	0.612	0.598	0.579	0.465
2195	7                 39.71	52	0.637	0.659	0.645	0.547
2195.2	4                 38.16	51.9	0.661	0.653	0.648	0.534
2195.5	4                 31.54	60.3	0.661	0.647	0.647	0.567
2195.7	5                 26.08	62.6	0.696	0.646	0.632	0.545
2196	5                 28.53	63	0.803	0.789	0.794	0.723
2196.2	2                 28.29	56.6	0.998	0.971	1.002	0.908
2196.5	6                 28.09	73.8	1.029	1	1.013	0.928
2196.7	6                 33.39	87.5	0.99	0.967	0.969	0.888
2197	7                 41.00	89.8	0.936	0.923	0.886	0.814
2197.2	7                 45.48	94.3	0.923	0.915	0.888	0.806
2197.5	8                 43.39	93.5	0.879	0.864	0.883	0.81
2197.7	2                 41.21	91.8	0.85	0.772	0.746	0.655
2198	8                 38.71	90.8	0.951	0.954	0.948	0.884
2198.2	9                 30.11	78.9	0.998	0.973	0.98	0.898
2198.5	9                 22.24	92.1	1.014	0.977	1.002	0.936
2198.7	0                 15.82	92.5	1.059	0.988	0.99	0.881
2199	7                 16.79	85.9	1.091	1.07	1.071	1.017
2199.2	0                 17.52	89.3	1.095	1.057	1.04	0.972
2199.5	1                 19.29	96.7	1.089	1.056	1.043	0.981
2199.7	1                 18.82	93.9	1.078	1.044	1.046	0.977
2200	2                 22.20	101	6                   1.069	0.994	1.027	0.928
2200.2	2                 19.33	98.7	1.081	1.037	1.074	0.991
2200.5	7                 18.32	94.9	1.094	1.044	1.097	0.977
2200.7	3                 17.26	94.8	1.081	1.057	1.095	0.995
2201	3                 22.93	97.4	1.029	1.041	1.07	0.99
2201.2	3                 18.63	101	4                   0.916	0.956	1.088	0.99
2201.5	4                 20.04	100	3                   0.749	0.655	0.72	0.565
2201.7	2                 18.68	105	2                   0.701	0.704	0.696	0.626
2202	4                 17.72	87.8	0.689	0.691	0.687	0.616
2202.2	5                 18.37	88.8	0.667	0.663	0.651	0.589
2202.5	5                 18.35	89.3	0.626	0.636	0.61	0.537
2202.7	6                 18.30	91.3	0.645	0.621	0.6	0.505
2203	6                 16.93	77.8	0.67	0.659	0.635	0.576
2203.2	2                 15.30	56.4	0.672	0.657	0.642	0.59
2203.5	7                 13.74	50.8	0.669	0.662	0.647	0.596
2203.7	7                 9.35	94.6	0.665	0.667	0.653	0.603
2204	8                 6.28	81.7	0.675	0.663	0.653	0.584
2204.2	8                 5.74	79.1	0.673	0.663	0.652	0.586
2204.5	9                 5.03	76.5	0.67	0.661	0.65	0.589
2204.7	2                 5.59	76	0.619	0.621	0.592	0.526
2205	9                 6.33	73.4	0.598	0.618	0.555	0.572
2205.2	0                 103.3	4                  69.1	0.606	0.621	0.508	0.531
2205.5	0                 74.68	56.7	0.609	0.639	0.52	0.555
2205.7	1                 172.3	9                  31.3	0.598	0.598	0.554	0.508
2206	7                 209.9	2                  29.8	0.577	0.555	0.592	0.531
2206.2	1                 242.8	2                  26.1	0.558	0.557	0.57	0.481
2206.5	2                 166.9	1                  41.9	0.556	0.558	0.573	0.48
2206.7	2                 120.4	2                  76.4	0.55	0.55	0.559	0.497
2207	3                 118.5	4                  42.6	0.544	0.539	0.543	0.462
2207.2	3                 42.47	39.8	0.554	0.554	0.562	0.496
2207.5	7                 47.15	34	0.568	0.563	0.56	0.524
2207.7	4                 52.79	34.2	0.583	0.577	0.544	0.461
2208	4                 46.19	40.5	0.611	0.63	0.558	0.517
2208.2	5                 55.00	42.9	0.623	0.607	0.6	0.503
2208.5	5                 60.04	50	0.7	0.716	0.701	0.632
2208.7	2                 63.10	38.8	0.658	0.643	0.644	0.552
2209	5                 65.55	60.9	0.613	0.593	0.599	0.513
2209.2	6                 68.99	74.6	0.612	0.604	0.589	0.493
2209.5	6                 55.26	73.4	0.664	0.66	0.654	0.571
2209.7	7                 52.68	83.8	0.714	0.751	0.743	0.681
2210	7                 61.23	91.6	0.714	0.756	0.742	0.685
2210.2	2                 79.96	78.1	0.715	0.758	0.745	0.687
2210.5	8                 100.5	6                  70.3	0.716	0.76	0.747	0.689
2210.7	8                 142.6	1                  70.8	0.637	0.652	0.639	0.577
2211	9                 179.6	0                  73.1	0.568	0.562	0.558	0.487
2211.2	9                 201.5	3                  70.7	0.581	0.565	0.555	0.47
2211.5	7                 203.9	0                  60.7	0.582	0.565	0.558	0.476
2211.7	0                 205.6	4                  44.7	0.582	0.565	0.558	0.476
2212	0                 209.8	8                  48.4	0.588	0.576	0.554	0.474
2212.2	1                 143.7	4                  47.9	0.618	0.625	0.578	0.474
2212.5	1                 163.2	8                  49.0	0.604	0.607	0.547	0.452
2212.7	2                 194.9	6                  49.6	0.6	0.593	0.525	0.466
2213	7                 220.5	3                  29.1	0.599	0.597	0.534	0.485
2213.2	2                 246.2	4                  31.9	0.596	0.602	0.545	0.51
2213.5	3                 236.3	0                  42.3	0.594	0.606	0.553	0.529
2213.7	3                 231.6	1                  45.1	0.592	0.597	0.562	0.533
2214	4                 34.41	48.5	0.589	0.588	0.572	0.537
2214.2	4                 111.4	6                  50.6	0.588	0.581	0.579	0.539
2214.5	7                 134.2	8                  52.0	0.587	0.571	0.59	0.543
2214.7	5                 165.7	9                  53.1	0.586	0.562	0.6	0.546
2215	5                 217.7	2                  67.5	0.58	0.557	0.588	0.53
2215.2	6                 224.5	2                  84.5	0.574	0.551	0.578	0.516
2215.5	6                 227.8	0                  97.7	0.569	0.547	0.569	0.503
2215.7	2                 233.0	4                  92.6	0.568	0.548	0.57	0.501
2216	6                 237.8	6                  88.3	0.567	0.549	0.57	0.499
2216.2	7                 237.5	4                  85.5	0.566	0.549	0.57	0.497
2216.5	7                 133.2	3                  75.8	0.564	0.553	0.566	0.506
2216.7	8                 101.9	0                  65.4	0.563	0.557	0.563	0.513
2217	8                 178.5	2                  61.6	0.56	0.557	0.559	0.497
2217.2	2                 205.5	7                  54.9	0.556	0.558	0.553	0.476
2217.5	9                 239.6	8                  48.3	0.558	0.558	0.556	0.48
2217.7	9                 241.3	6                  45.0	0.556	0.559	0.567	0.489
2218	0                 243.0	4                  41.7	0.552	0.553	0.554	0.496
2218.2	0                 226.6	4                  38.3	0.542	0.541	0.535	0.476
2218.5	7                 229.6	2                  42.0	0.547	0.547	0.551	0.476
2218.7	1                 232.1	2                  32.0	0.551	0.563	0.54	0.458
2219	1                 221.3	2                  33.0	0.561	0.56	0.562	0.5
2219.2	2                 63.19	38.2	0.561	0.555	0.549	0.49
2219.5	2                 54.11	45.4	0.568	0.567	0.543	0.473
2219.7	3                 57.90	47.3	0.572	0.588	0.54	0.524
2220	7                 54.70	38.7	0.577	0.577	0.549	0.471
2220.2	3                 51.02	46.8	0.586	0.571	0.53	0.434
2220.5	4                 45.35	47.3	0.598	0.608	0.516	0.498
2220.7	4                 36.78	51.5	0.618	0.628	0.59	0.54
2221	5                 33.08	50.8	0.61	0.641	0.53	0.485
2221.2	2                 34.39	44.7	0.645	0.645	0.628	0.575
2221.5	5                 35.40	27.8	0.643	0.645	0.624	0.564
2221.7	6                 37.34	41.1	0.641	0.644	0.621	0.555
2222	6                 42.29	55.6	0.642	0.645	0.626	0.555
2222.2	7                 52.44	58.4	0.643	0.646	0.629	0.555
2222.5	7                 52.91	60.5	0.644	0.644	0.63	0.563
2222.7	2                 38.82	63.6	0.644	0.646	0.63	0.569
2223	8                 23.98	65.1	0.647	0.646	0.63	0.568
2223.2	8                 71.66	64.4	0.669	0.671	0.649	0.597
2223.5	8                 117.3	1                  62.0	0.616	0.605	0.584	0.504
2223.7	9                 165.1	1                  62.7	0.643	0.671	0.633	0.585
2224	7                 165.5	7                  76.0	0.637	0.646	0.615	0.558
2224.2	9                 165.8	9                  88.4	0.614	0.592	0.539	0.461
2224.5	0                 148.6	8                  65.4	0.615	0.604	0.547	0.487
2224.7	0                 134.5	4                  35.7	0.615	0.647	0.58	0.592
2225	1                 68.40	30.2	0.59	0.592	0.585	0.573
2225.2	1                 54.97	27.9	0.561	0.553	0.55	0.511
2225.5	7                 45.71	30.4	0.55	0.54	0.549	0.499
2225.7	2                 36.79	34.3	0.529	0.527	0.509	0.457
2226	2                 25.34	32	0.526	0.524	0.522	0.408
2226.2	3                 24.68	33	0.536	0.528	0.541	0.496
2226.5	3                 24.59	31.7	0.538	0.541	0.54	0.48
2226.7	4                 19.82	33.9	0.541	0.546	0.542	0.449
2227	7                 20.76	35.1	0.547	0.544	0.559	0.461
2227.2	4                 22.01	40.7	0.549	0.54	0.554	0.451
2227.5	5                 20.63	44	0.549	0.543	0.562	0.444
2227.7	5                 20.59	41.9	0.556	0.543	0.555	0.44
2228	6                 19.41	45.1	0.561	0.562	0.586	0.44
2228.2	2                 19.99	47.5	0.543	0.548	0.536	0.387
2228.5	6                 20.50	46.4	0.54	0.528	0.566	0.369
2228.7	7                 20.52	53.7	0.539	0.529	0.584	0.375
2229	7                 24.87	40.5	0.558	0.551	0.558	0.401
2229.2	8                 25.41	40.9	0.61	0.636	0.615	0.478
2229.5	8                 26.67	33.6	0.611	0.631	0.59	0.484
2229.7	2                 26.67	58.1	0.568	0.567	0.574	0.458
2230	9                 26.67	44.4	0.546	0.541	0.574	0.419
2230.2	9                 29.09	57.2	0.587	0.589	0.591	0.456
2230.5	0                 32.07	42.4	0.605	0.616	0.604	0.504
2230.7	0                 28.77	38.8	0.6	0.614	0.596	0.496
2231	7                 27.35	53.2	0.598	0.612	0.606	0.509
2231.2	0                 26.20	39.5	0.597	0.61	0.61	0.515
2231.5	1                 21.35	36.3	0.599	0.615	0.601	0.498
2231.7	1                 13.61	38.2	0.597	0.614	0.606	0.512
2232	2                 13.41	37.3	0.597	0.613	0.61	0.523
2232.2	2                 9.14	35.9	0.595	0.607	0.604	0.517
2232.5	7                 9.36	38.5	0.595	0.607	0.605	0.512
2232.7	3                 9.61	40.1	0.561	0.558	0.563	0.459
2233	3                 11.21	41.1	0.587	0.587	0.584	0.503
2233.2	4                 131.8	6                  40.3	0.613	0.613	0.615	0.554
2233.5	4                 276.0	3                  44.3	0.619	0.617	0.592	0.517
2233.7	2                 332.0	1                  52.0	0.641	0.633	0.621	0.531
2234	5                 373.1	9                  66.8	0.649	0.647	0.651	0.549
2234.2	5                 216.9	0                  77.5	0.657	0.682	0.684	0.599
2234.5	6                 143.8	7                  71.6	0.658	0.67	0.679	0.627
2234.7	6                 75.38	67.5	0.651	0.657	0.649	0.609
2235	7                 43.48	63.3	0.643	0.626	0.606	0.568
2235.2	2                 39.69	58	0.648	0.627	0.644	0.574
2235.5	7                 35.85	60.7	0.661	0.645	0.656	0.608
2235.7	8                 43.97	69.4	0.691	0.677	0.683	0.646
2236	8                 45.45	71.4	0.725	0.687	0.708	0.629
2236.2	9                 53.60	75.7	0.73	0.693	0.717	0.625
2236.5	9                 59.46	74.2	0.734	0.702	0.726	0.639
2236.7	2                 58.86	76.8	0.739	0.714	0.738	0.657
2237	0                 58.02	74.6	0.752	0.771	0.759	0.756
2237.2	0                 53.79	73.4	0.759	0.782	0.773	0.799
2237.5	1                 49.77	72.3	0.777	0.779	0.791	0.753
2237.7	1                 65.83	77.8	0.795	0.786	0.813	0.739
2238	7                 75.54	70.7	0.797	0.791	0.815	0.758
2238.2	2                 84.51	73.8	0.799	0.802	0.817	0.796
2238.5	2                 78.58	75.2	0.801	0.801	0.817	0.796
2238.7	2                 79.02	75.3	0.803	0.799	0.817	0.797
2239	3                 84.98	75.5	0.811	0.788	0.822	0.776
2239.2	3                 109.1	1                  77.3	0.817	0.779	0.837	0.754
2239.5	7                 168.2	8                  79.1	0.822	0.773	0.836	0.734
2239.7	4                 243.2	9                  82.0	0.828	0.766	0.835	0.71
2240	4                 185.4	7                  80.2	0.829	0.774	0.828	0.709
2240.2	5                 196.8	0                  80.8	0.83	0.781	0.822	0.708
2240.5	5                 209.4	7                  81.3	0.835	0.803	0.824	0.745
2240.7	2                 186.5	2                  81.4	0.841	0.828	0.827	0.788
2241	6                 167.1	2                  81.4	0.846	0.833	0.838	0.792
2241.2	6                 142.5	0                  84.7	0.856	0.843	0.859	0.799
2241.5	7                 121.4	7                  87.4	0.857	0.849	0.857	0.788
2241.7	7                 121.8	6                  87.8	0.859	0.855	0.855	0.777
2242	8                 154.4	5                  88.3	0.863	0.866	0.828	0.786
2242.2	2                 157.9	5                  90.3	0.867	0.861	0.844	0.791
2242.5	8                 162.0	1                  91.9	0.867	0.857	0.828	0.767
2242.7	9                 218.3	7                  78.3	0.868	0.853	0.825	0.756
2243	9                 291.5	4                  85.1	0.87	0.846	0.82	0.738
2243.2	0                 184.6	4                  92.0	0.869	0.849	0.819	0.737
2243.5	7                 215.7	0                  90.3	0.869	0.853	0.823	0.743
2243.7	0                 239.6	8                  87.8	0.868	0.859	0.829	0.753
2244	1                 200.1	7                  91.2	0.862	0.861	0.844	0.798
2244.2	1                 149.0	0                  90.0	0.86	0.855	0.84	0.79
2244.5	2                 128.3	1                  88.1	0.858	0.844	0.833	0.777
2244.7	2                 124.2	1                  82.7	0.855	0.835	0.826	0.765
2245	7                 117.4	9                  81.7	0.853	0.814	0.794	0.706
2245.2	3                 110.3	6                  80.2	0.851	0.803	0.778	0.674
2245.5	3                 119.1	7                  79.0	0.841	0.808	0.78	0.691
2245.7	4                 132.4	8                  78.6	0.831	0.811	0.802	0.723
2246	4                 141.4	0                  81.1	0.814	0.778	0.748	0.659
2246.2	2                 143.3	0                  84.2	0.811	0.803	0.774	0.681
2246.5	4                 144.6	3                  77.7	0.803	0.814	0.794	0.739
2246.7	5                 173.2	5                  87.0	0.774	0.743	0.716	0.615
2247	5                 157.3	1                  86.0	0.725	0.738	0.712	0.638
2247.2	6                 104.8	6                  91.0	0.668	0.664	0.621	0.506
2247.5	6                 59.45	90.1	0.648	0.644	0.602	0.48
2247.7	2                 51.84	91.3	0.636	0.615	0.582	0.465
2248	7                 44.47	88.7	0.659	0.65	0.631	0.515
2248.2	7                 39.34	91.5	0.684	0.707	0.673	0.58
2248.5	8                 33.21	96.3	0.698	0.721	0.686	0.605
2248.7	8                 26.27	83.4	0.705	0.707	0.683	0.594
2249	9                 27.00	82.5	0.704	0.675	0.661	0.558
2249.2	2                 26.52	76.8	0.72	0.721	0.718	0.62
2249.5	9                 25.89	86.8	0.729	0.735	0.726	0.63
2249.7	0                 27.91	76.8	0.714	0.733	0.708	0.655
2250	0                 28.24	84.7	0.689	0.687	0.682	0.615
2250.2	1                 28.20	85.6	0.647	0.629	0.627	0.547
2250.5	7                 27.55	94.7	0.636	0.61	0.634	0.53
2250.7	1                 26.97	71.6	0.644	0.629	0.642	0.564
2251	2                 26.74	73.9	0.663	0.653	0.687	0.624
2251.2	2                 25.90	68.5	0.675	0.633	0.654	0.589
2251.5	3                 25.97	66	0.706	0.681	0.693	0.646
2251.7	3                 25.32	62.2	0.753	0.769	0.762	0.756
2252	7                 25.12	65.8	0.77	0.795	0.793	0.813
2252.2	4                 24.87	69.6	0.774	0.795	0.794	0.808
2252.5	4                 22.67	67.6	0.78	0.794	0.796	0.802
2252.7	5                 19.81	65.3	0.821	0.784	0.817	0.739
2253	5                 19.54	66.5	0.839	0.794	0.845	0.734
2253.2	2                 19.72	67.9	0.85	0.841	0.854	0.787
2253.5	6                 19.86	83.6	0.863	0.87	0.872	0.846
2253.7	6                 3.82	81.5	0.906	0.899	0.899	0.853
2254	6                 9.08	78	0.934	0.921	0.92	0.886
2254.2	7                 20.31	82.4	0.967	0.87	0.919	0.766
2254.5	7                 18.69	85.7	1.001	0.959	1.023	0.899
2254.7	2                 20.14	82.7	1.021	0.993	1.054	0.942
2255	8                 21.75	89.6	1.022	0.998	1.059	0.948
2255.2	8                 18.69	88.3	1.023	1.014	1.07	0.978
2255.5	9                 21.80	95.2	1.013	1.011	1.064	0.988
2255.7	9                 22.03	97	0.967	0.919	0.961	0.871
2256	7                 23.43	91.9	0.92	0.846	0.858	0.765
2256.2	0                 24.47	84.9	0.918	0.855	0.869	0.787
2256.5	7                 21.21	81.2	0.924	0.889	0.911	0.855
2256.7	1                 19.11	85.8	0.945	0.899	0.939	0.844
2257	1                 19.43	85.9	0.957	0.942	0.955	0.914
2257.2	2                 21.68	87.8	0.964	0.917	0.953	0.865
2257.5	7                 20.72	93.4	0.964	0.927	0.955	0.872
2257.7	2                 19.75	84.4	0.955	0.928	0.941	0.864
2258	3                 24.30	85.2	0.941	0.903	0.925	0.852
2258.2	3                 24.68	87.9	0.934	0.877	0.89	0.804
2258.5	4                 24.53	87.8	0.934	0.874	0.89	0.798
2258.7	4                 25.63	83.8	0.951	0.906	0.946	0.848
2259	7                 26.46	89.2	0.974	0.933	0.957	0.878
2259.2	5                 27.62	85.5	1	0.979	0.975	0.916
2259.5	5                 23.73	89.8	1.01	0.972	0.931	0.872
2259.7	6                 18.63	90.1	1.046	1.006	0.988	0.926
2260	6                 21.99	90.9	0.941	0.911	0.924	0.873
2260.2	2                 21.15	89.4	0.941	0.911	0.924	0.874
2260.5	7                 20.38	95.2	0.941	0.911	0.923	0.874
2260.7	7                 21.86	80.4	0.942	0.91	0.923	0.868
2261	8                 21.81	82.5	0.942	0.91	0.924	0.859
2261.2	8                 18.14	85.2	0.942	0.91	0.924	0.853
2261.5	8                 11.29	86.2	0.956	0.918	0.951	0.869
2261.7	2                 10.39	87.5	0.995	0.976	0.976	0.911
2262	9                 9.24	88.4	1.005	0.997	0.986	0.933
2262.2	9                 67.78	91.7	1.009	0.982	0.955	0.904
2262.5	0                 139.9	3                  93.4	1.011	0.975	0.942	0.891
2262.7	0                 208.3	7                  95.2	1.012	0.972	0.941	0.89
2263	7                 215.3	9                  89.5	1.012	0.971	0.941	0.889
2263.2	1                 221.3	6                  88.9	1.012	0.969	0.94	0.888
2263.5	1                 134.9	9                  87.8	1.011	0.969	0.937	0.881
2263.7	2                 89.55	86.7	1.054	1.007	0.973	0.898
2264	2                 71.76	86.1	1.121	1.093	1.127	1.056
2264.2	3                 147.6	2                  88.4	1.111	1.099	1.137	1.093
2264.5	7                 177.2	2                  91.1	1.099	1.077	1.124	1.081
2264.7	3                 211.6	9                  92.5	1.092	1.041	1.103	1.006
2265	4                 286.8	3                  93.5	1.094	1.046	1.098	0.992
2265.2	4                 217.1	0                  89.6	1.077	1.012	1.064	0.965
2265.5	5                 150.6	6                  91.0	1.053	0.995	1.027	0.96
2265.7	2                 101.5	3                  90.1	1.046	0.998	1.028	0.936
2266	5                 63.39	93.6	1.031	1.03	1.029	1.053
2266.2	6                 23.31	92	1.038	0.99	1.047	0.98
2266.5	6                 30.47	98.2	1.035	0.951	1.053	0.886
2266.7	7                 41.94	100	2                   1.032	0.952	1.032	0.892
2267	7                 43.02	97.4	1.032	0.953	1.028	0.894
2267.2	2                 44.49	95.2	1.032	0.961	1.034	0.904
2267.5	8                 46.05	97.4	1.033	0.968	1.036	0.92
2267.7	8                 47.42	99	1.033	0.972	1.047	0.929
2268	9                 41.86	89.9	1.035	0.98	1.048	0.94
2268.2	9                 43.78	92.2	1.036	0.986	1.047	0.942
2268.5	7                 55.30	88.3	1.038	0.983	1.049	0.928
2268.7	9                 63.47	93.7	1.035	0.987	1.047	0.938
2269	0                 87.05	95	1.033	0.99	1.044	0.948
2269.2	0                 102.6	3                  89.6	1.029	0.987	1.033	0.971
2269.5	1                 107.5	2                  96.4	1.03	0.978	1.031	0.957
2269.7	1                 89.98	102	4                   1.032	0.961	1.026	0.93
2270	7                 101.5	4                  97.8	1.033	0.952	1.024	0.9
2270.2	2                 112.7	9                  96.1	1.034	0.947	1.023	0.882
2270.5	2                 110.9	8                  93.2	1.035	0.943	1.019	0.868
2270.7	3                 131.6	8                  93.7	1.032	0.952	1.008	0.885
2271	3                 146.9	2                  94.0	1.03	0.954	1.002	0.894
2271.2	4                 313.9	6                  97.4	1.029	0.956	0.998	0.903
2271.5	7                 244.2	5                  101.	0                   1.031	0.943	1.007	0.878
2271.7	4                 151.0	1                  96.2	1.03	0.938	1.012	0.864
2272	5                 143.9	5                  91.5	1.029	0.941	1.001	0.877
2272.2	5                 132.2	4                  88.0	1.028	0.943	0.995	0.884
2272.5	6                 157.5	0                  92.8	1.035	0.943	1	0.871
2272.7	2                 156.7	4                  89.4	1.039	0.965	1.018	0.891
2273	6                 156.0	5                  87.8	1.038	0.993	1.016	0.926
2273.2	7                 122.1	7                  90.7	1.038	1.012	1.021	0.965
2273.5	7                 115.2	6                  84.5	1.041	1.022	1.03	0.989
2273.7	8                 127.0	5                  87.8	1.053	0.996	1.028	0.936
2274	8                 130.9	7                  91.7	1.056	0.989	1.028	0.894
2274.2	2                 117.5	1                  98.8	1.052	1.005	1.019	0.928
2274.5	9                 101.0	6                  92.1	1.051	1.024	1.017	0.969
2274.7	9                 106.1	4                  82.6	1.052	1.028	1.012	0.972
2275	0                 96.54	92.5	1.052	1.024	1.006	0.963
2275.2	0                 91.03	91.9	1.057	1.012	1.011	0.942
2275.5	7                 119.8	6                  86.6	1.059	1.004	1.008	0.926
2275.7	1                 143.3	4                  93.2	1.058	0.999	1.001	0.914
2276	1                 75.50	91.3	1.058	0.999	0.997	0.912
2276.2	1                 81.04	91.1	1.055	1.001	0.983	0.91
2276.5	2                 143.7	7                  93.4	1.063	1.004	1.003	0.906
2276.7	2                 75.63	92.4	1.076	1.012	1.03	0.92
2277	7                 72.53	94	1.098	1.044	1.086	0.972
2277.2	3                 69.08	95.7	1.116	1.058	1.116	1.009
2277.5	3                 72.84	93.3	1.117	1.051	1.118	0.991
2277.7	4                 69.03	88.8	1.111	1.071	1.117	1.029
2278	4                 59.18	94.9	1.095	1.032	1.057	0.954
2278.2	2                 50.11	94.9	1.071	1.021	1.033	0.956
2278.5	5                 43.37	95.6	1.06	1.026	1.031	0.997
2278.7	5                 35.43	95.8	1.049	0.975	1.004	0.892
2279	6                 29.20	94.5	1.039	0.977	1.008	0.908
2279.2	6                 23.27	96.8	1.03	0.973	1.004	0.895
2279.5	7                 19.64	97.2	1.025	0.973	1.003	0.902
2279.7	2                 18.37	98.1	1.016	0.959	0.987	0.882
2280	7                 17.06	97.8	0.999	0.939	0.95	0.857
2280.2	8                 16.75	97	0.998	0.919	0.963	0.84
2280.5	8                 17.51	100	5                   1.007	0.934	0.969	0.844
2280.7	9                 16.93	98.6	1.024	0.984	1.002	0.916
2281	9                 15.27	96	1.03	0.971	0.99	0.881
2281.2	2                 15.41	98.7	1.029	0.965	0.983	0.867
2281.5	0                 15.61	102	5                   1.024	0.975	0.99	0.901
2281.7	0                 16.50	101	9                   1.021	0.962	0.982	0.887
2282	1                 17.68	102	4                   1.013	0.937	0.946	0.836
2282.2	1                 16.02	98.4	1.007	0.951	0.968	0.867
2282.5	7                 13.67	101	0                   0.995	0.935	0.952	0.855
2282.7	2                 11.47	102	8                   0.998	0.928	0.964	0.845
2283	2                 12.16	101	8                   0.998	0.924	0.956	0.837
2283.2	2                 13.06	103	0                   0.978	0.902	0.933	0.826
2283.5	3                 14.59	102	9                   0.977	0.909	0.946	0.84
2283.7	3                 16.79	102	3                   0.984	0.939	0.965	0.882
2284	7                 16.11	102	4                   0.993	0.951	0.977	0.891
2284.2	4                 15.24	102	6                   0.997	0.932	0.959	0.845
2284.5	4                 10.75	101	8                   0.992	0.945	0.961	0.861
2284.7	5                 9.21	101	2                   0.980	0.936	0.954	0.868
2285	5                 11.63	101	0                   0.976	0.909	0.944	0.836
2285.2	2                 13.32	101	9                   0.977	0.892	0.935	0.809
2285.5	6                 14.76	101	5                   0.985	0.892	0.935	0.808
2285.7	6                 19.05	100	8                   1.017	0.95	0.989	0.862
2286	7                 20.26	100	7                   1.072	1.068	1.1	1.034
2286.2	7                 18.36	97.8	1.095	1.038	1.095	0.992
2286.5	8                 16.25	94.3	1.105	0.995	1.07	0.912
2286.7	2                 16.29	95	1.128	1.053	1.104	0.985
2287	8                 16.35	95.9	1.17	1.106	1.132	1.028
2287.2	9                 23.73	93.5	1.209	1.14	1.152	1.045
2287.5	9                 26.47	93.1	1.241	1.183	1.203	1.094
2287.7	0                 28.89	91.4	1.267	1.218	1.23	1.147
2288	7                 29.16	85.4	1.283	1.201	1.241	1.124
2288.2	0                 29.37	73.3	1.291	1.21	1.262	1.141
2288.5	1                 26.54	71	1.294	1.214	1.259	1.149
2288.7	1                 24.49	77.2	1.296	1.214	1.265	1.151
2289	2                 23.08	71.8	1.302	1.215	1.274	1.151
2289.2	2                 24.02	80.1	1.32	1.24	1.301	1.17
2289.5	7                 21.43	77.7	1.343	1.254	1.298	1.165
2289.7	3                 18.65	80.1	1.334	1.255	1.307	1.174
2290	3                 7.64	82.2	1.336	1.255	1.312	1.175
2290.2	2                 11.44	91.4	1.338	1.253	1.301	1.162
2290.5	4                 15.69	89.4	1.338	1.25	1.286	1.149
2290.7	2                 16.12	86.5	1.338	1.251	1.286	1.15
2291	4                 16.43	91.2	1.338	1.251	1.286	1.15
2291.2	5                 16.18	92.4	1.339	1.251	1.286	1.15
2291.5	5                 13.58	93.9	1.34	1.251	1.292	1.152
2291.7	6                 6.48	95.3	1.342	1.251	1.298	1.154
2292	6                 6.99	96.4	1.335	1.259	1.297	1.166
2292.2	2                 8.98	96	1.33	1.248	1.297	1.17
2292.5	7                 10.94	95.7	1.361	1.279	1.254	1.163
2292.7	7                 14.72	90.7	1.369	1.294	1.295	1.179
2293	8                 121.0	4                  78.6	1.354	1.346	1.342	1.265
2293.2	8                 196.7	1                  81.8	1.327	1.334	1.336	1.318
2293.5	9                 121.8	4                  84.2	1.215	1.118	1.18	1.038
2293.7	2                 117.4	4                  83.6	1.108	1.027	1.059	0.91
2294	9                 111.5	1                  83.5	1.058	1.041	1.051	0.971
2294.2	0                 94.97	87.8	1.016	1.038	1.046	1.016
2294.5	0                 74.27	97.3	0.868	0.878	0.893	0.83
2294.7	1                 58.64	98.1	0.785	0.721	0.825	0.687
2295	7                 52.47	90.6	0.768	0.671	0.797	0.62
2295.2	1                 46.94	75.1	0.714	0.594	0.597	0.462
2295.5	2                 41.59	68.1	0.7	0.587	0.57	0.457
2295.7	2                 36.91	59.5	0.748	0.651	0.644	0.523
2296	3                 36.59	66	0.793	0.723	0.75	0.599
2296.2	3                 32.62	67.4	0.882	0.868	0.913	0.775
2296.5	7                 34.33	82.5	0.959	0.944	1.016	0.854
2296.7	4                 36.42	82.4	0.983	0.975	1.026	0.894
2297	4                 42.16	87.7	1.006	1.005	1.04	0.919
2297.2	4                 39.80	92.5	1.013	1.016	1.044	0.936
2297.5	5                 44.11	92.3	1.026	1.033	1.052	0.966
2297.7	2                 52.06	87.5	1.046	1.058	1.072	0.985
2298	5                 58.56	88	1.062	1.074	1.099	1.005
2298.2	6                 56.44	88.4	1.07	1.084	1.112	1.016
2298.5	6                 56.72	90.2	1.076	1.091	1.12	1.022
2298.7	7                 66.71	90.5	1.084	1.101	1.131	1.032
2299	7                 96.20	91.7	1.089	1.108	1.138	1.038
2299.2	2                 87.83	91.3	1.102	1.122	1.153	1.055
2299.5	8                 78.44	90.6	1.109	1.129	1.16	1.063
2299.7	8                 89.14	91.6	1.107	1.129	1.169	1.061
2300	9                 94.04	92.9	1.102	1.133	1.161	1.069
2300.2	9                 104.6	0                  93.8	1.078	1.124	1.166	1.077
2300.5	7                 130.3	1                  92.5	1.072	1.121	1.162	1.077
2300.7	0                 149.5	4                  102.	4                   1.063	1.115	1.156	1.078
2301	0                 182.6	2                  98.2	1.053	1.109	1.15	1.078
2301.2	1                 164.1	5                  96.6	1.002	1.059	1.092	1.069
2301.5	1                 134.0	1                  95.3	0.861	0.813	0.835	0.761
2301.7	2                 108.6	5                  93.4	0.843	0.783	0.801	0.697
2302	7                 108.6	6                  88.0	0.825	0.754	0.768	0.635
2302.2	2                 108.6	8                  78.3	0.81	0.749	0.76	0.623
2302.5	3                 238.5	2                  73.2	0.731	0.726	0.747	0.7
2302.7	3                 368.3	6                  68.5	0.703	0.691	0.709	0.661
2303	4                 158.4	4                  66.3	0.663	0.641	0.653	0.604
2303.2	4                 146.1	5                  65.1	0.625	0.598	0.615	0.544
2303.5	7                 139.5	6                  54.1	0.614	0.589	0.605	0.536
2303.7	5                 130.2	6                  44.1	0.607	0.582	0.598	0.531
2304	5                 126.0	3                  37.2	0.567	0.536	0.561	0.449
2304.2	5                 258.0	5                  41.5	0.562	0.529	0.555	0.445
2304.5	6                 125.5	1                  43.8	0.551	0.514	0.542	0.435
2304.7	2                 132.3	4                  38.8	0.544	0.51	0.533	0.431
2305	6                 138.7	5                  37.8	0.523	0.504	0.524	0.399
2305.2	7                 110.9	8                  36.3	0.512	0.505	0.536	0.374
2305.5	7                 134.6	5                  34.0	0.517	0.514	0.555	0.375
2305.7	8                 136.8	9                  35.3	0.523	0.519	0.558	0.374
2306	8                 174.5	4                  41.0	0.546	0.534	0.552	0.398
2306.2	2                 176.4	0                  45.4	0.543	0.545	0.564	0.422
2306.5	9                 178.7	8                  45.8	0.674	0.628	0.618	0.535
2306.7	9                 146.0	8                  62.1	0.732	0.686	0.648	0.568
2307	0                 98.87	46.5	0.788	0.785	0.698	0.672
2307.2	0                 53.47	63.6	0.893	0.982	0.93	0.955
2307.5	7                 41.67	80.1	0.972	1.034	1.002	0.968
2307.7	1                 31.54	87.2	1.031	1.047	1.015	0.96
2308	1                 25.93	91.6	1.028	0.985	0.977	0.891
2308.2	2                 18.60	87.3	0.969	0.872	0.822	0.732
2308.5	2                 15.62	86.4	0.976	0.965	0.938	0.9
2308.7	3                 19.56	80.1	0.978	0.916	0.894	0.787
2309	7                 22.25	83.7	0.98	0.94	0.928	0.826
2309.2	3                 25.43	84.1	0.973	0.975	0.963	0.942
2309.5	4                 33.65	85.5	0.954	0.852	0.858	0.738
2309.7	4                 29.83	89.4	0.967	0.904	0.91	0.81
2310	5                 24.17	86.3	1.003	0.965	0.96	0.875
2310.2	2                 21.20	86	1.02	0.99	0.985	0.91
2310.5	5                 18.87	85.2	1.014	0.957	0.958	0.865
2310.7	5                 17.24	85.9	1.021	0.954	0.977	0.867
2311	6                 18.82	87	1.033	0.991	1.019	0.931
2311.2	6                 21.45	89.1	1.045	0.964	1.025	0.883
2311.5	7                 23.45	89.6	1.058	0.972	1.04	0.898
2311.7	2                 21.57	90.6	1.068	0.977	1.053	0.902
2312	7                 19.54	93.4	1.072	0.983	1.053	0.906
2312.2	8                 15.26	90.8	1.077	1.01	1.069	0.944
2312.5	8                 11.79	92.1	1.08	1.018	1.058	0.961
2312.7	9                 10.83	91.3	1.069	0.991	1.02	0.921
2313	7                 10.60	97	1.071	0.989	1.014	0.906
2313.2	9                 10.43	90.6	1.073	1.003	1.011	0.926
2313.5	0                 9.31	90.2	1.079	1.016	1.028	0.944
2313.7	0                 11.57	90.9	1.091	1.032	1.061	0.968
2314	1                 16.73	90.9	1.089	1.005	1.033	0.924
2314.2	1                 18.05	91.4	1.091	0.994	1.025	0.896
2314.5	7                 19.58	88.1	1.087	1.002	1.044	0.913
2314.7	2                 21.09	92.9	1.084	1.007	1.029	0.919
2315	2                 20.40	91.1	1.091	1.01	1.035	0.919
2315.2	3                 19.72	90	1.096	1.012	1.06	0.927
2315.5	3                 19.87	92.2	1.106	1.014	1.04	0.903
2315.7	4                 17.83	93.3	1.105	1.02	1.043	0.921
2316	7                 17.85	92.5	1.112	1.038	1.052	0.943
2316.2	4                 17.89	93.2	1.124	1.048	1.068	0.948
2316.5	5                 18.32	90.6	1.115	1.031	1.067	0.934
2316.7	5                 20.28	91.1	1.094	1.018	1.06	0.93
2317	6                 17.95	92.3	1.078	1.004	1.037	0.912
2317.2	2                 17.98	90.6	1.067	0.985	1.03	0.895
2317.5	6                 18.01	91	1.068	0.977	1.042	0.89
2317.7	6                 14.37	92.7	1.059	0.982	1.024	0.9
2318	7                 15.93	92.9	1.059	0.985	1.005	0.903
2318.2	7                 15.48	92.4	1.059	0.985	1.005	0.901
2318.5	8                 14.04	95	1.059	0.985	1.005	0.9
2318.7	2                 13.58	95.7	1.059	0.985	1.006	0.899
2319	8                 13.00	96.3	1.058	0.982	1.007	0.902
2319.2	9                 8.33	96.8	1.056	0.982	1.003	0.901
2319.5	9                 5.46	97.3	1.048	0.973	1.019	0.894
2319.7	0                 165.3	4                  96.2	1.05	0.986	1.024	0.93
2320	7                 199.1	2                  95.9	1.051	0.983	1.027	0.923
2320.2	0                 226.9	2                  91.2	1.051	0.982	1.029	0.914
2320.5	1                 358.5	8                  94.7	1.045	0.98	1.028	0.922
2320.7	1                 419.6	1                  89.7	1.043	0.975	1.026	0.916
2321	2                 196.7	2                  88.1	1.036	0.963	1.013	0.896
2321.2	2                 132.7	6                  88.0	1.021	0.954	0.998	0.885
2321.5	7                 101.7	4                  88.0	1.011	0.95	0.986	0.886
2321.7	3                 66.73	90.5	1.003	0.939	0.967	0.872
2322	3                 30.84	91.7	0.997	0.929	0.958	0.851
2322.2	4                 27.72	87.1	0.993	0.929	0.954	0.843
2322.5	4                 28.08	88.5	0.989	0.936	0.944	0.858
2322.7	1                 27.36	87.4	0.987	0.938	0.946	0.861
2323	5                 26.83	90	0.987	0.938	0.946	0.861
2323.2	5                 27.51	87.8	0.985	0.938	0.937	0.856
2323.5	6                 27.44	94.9	0.985	0.938	0.938	0.853
2323.7	6                 27.75	93.9	0.985	0.938	0.938	0.852
2324	6                 34.65	89.4	0.985	0.937	0.934	0.847
2324.2	1                 37.59	96.7	0.986	0.939	0.935	0.849
2324.5	7                 40.62	97.8	0.988	0.936	0.949	0.849
2324.7	7                 65.17	99.3	0.987	0.932	0.947	0.843
2325	8                 91.62	94.9	0.986	0.927	0.943	0.838
2325.2	8                 164.2	3                  87.3	0.987	0.924	0.945	0.832
2325.5	9                 116.5	6                  88.8	0.986	0.925	0.951	0.832
2325.7	1                 113.8	1                  89.8	0.987	0.927	0.95	0.836
2326	9                 109.9	0                  91.8	0.986	0.929	0.956	0.847
2326.2	0                 93.31	89.7	0.984	0.93	0.955	0.853
2326.5	0                 81.70	96.4	0.986	0.93	0.956	0.855
2326.7	1                 62.09	88.7	0.986	0.929	0.957	0.854
2327	6                 62.16	92.7	0.986	0.928	0.958	0.853
2327.2	1                 62.23	93.7	0.985	0.924	0.954	0.848
2327.5	2                 76.71	85.9	0.984	0.919	0.949	0.839
2327.7	2                 94.60	88.3	0.983	0.917	0.949	0.834
2328	3                 116.9	5                  91.3	0.983	0.912	0.944	0.826
2328.2	3                 106.2	9                  91.8	0.984	0.91	0.95	0.821
2328.5	6                 108.7	0                  95.9	0.984	0.91	0.948	0.822
2328.7	4                 111.8	2                  93.5	0.984	0.91	0.946	0.823
2329	4                 101.1	4                  98.2	0.985	0.912	0.944	0.825
2329.2	5                 100.2	1                  96.4	0.986	0.916	0.951	0.828
2329.5	5                 98.41	95	0.988	0.923	0.96	0.837
2329.7	1                 98.82	92.7	0.988	0.939	0.967	0.857
2330	6                 99.17	90.5	0.988	0.944	0.967	0.866
2330.2	6                 109.4	2                  92.2	0.988	0.949	0.967	0.874
2330.5	6                 117.9	6                  91.7	0.991	0.949	0.967	0.879
2330.7	7                 144.4	2                  96.2	0.992	0.942	0.973	0.859
2331	7                 117.3	6                  100.	1                   0.989	0.94	0.969	0.858
2331.2	1                 113.3	7                  92.5	0.987	0.938	0.967	0.857
2331.5	8                 108.6	4                  90.1	0.985	0.932	0.964	0.852
2331.7	8                 104.8	9                  93.3	0.984	0.922	0.965	0.841
2332	9                 102.4	6                  95.1	0.982	0.918	0.959	0.834
2332.2	9                 107.6	3                  87.3	0.979	0.912	0.951	0.827
2332.5	6                 116.3	3                  92.7	0.974	0.911	0.94	0.825
2332.7	0                 123.2	0                  94.6	0.979	0.918	0.952	0.84
2333	0                 123.0	3                  95.1	0.985	0.917	0.983	0.829
2333.2	1                 125.6	2                  96.0	0.983	0.925	0.979	0.856
2333.5	1                 122.2	6                  93.4	0.978	0.913	0.973	0.858
2333.7	2                 123.1	1                  92.7	0.96	0.897	0.959	0.843
2334	6                 96.32	90.6	0.928	0.864	0.923	0.816
2334.2	2                 67.35	90.3	0.917	0.845	0.905	0.793
2334.5	3                 52.98	91.7	0.912	0.833	0.91	0.767
2334.7	3                 40.31	92.2	0.903	0.839	0.879	0.778
2335	4                 28.12	92.5	0.9	0.843	0.88	0.786
2335.2	1                 27.16	90.6	0.894	0.835	0.87	0.765
2335.5	4                 26.47	89	0.885	0.843	0.87	0.794
2335.7	5                 23.14	89.5	0.873	0.799	0.829	0.721
2336	5                 23.38	90.4	0.869	0.792	0.832	0.718
2336.2	6                 23.89	94.1	0.86	0.799	0.834	0.738
2336.5	6                 24.15	89.6	0.855	0.812	0.835	0.756
2336.7	1                 22.79	91.8	0.859	0.815	0.845	0.763
2337	6                 21.44	92.4	0.852	0.794	0.835	0.738
2337.2	7                 20.85	92.7	0.857	0.788	0.809	0.729
2337.5	7                 21.22	93.9	0.861	0.808	0.857	0.753
2337.7	8                 24.14	88.6	0.861	0.814	0.849	0.766
2338	8                 27.62	93.8	0.874	0.821	0.864	0.77
2338.2	1                 27.32	91	0.887	0.832	0.88	0.782
2338.5	9                 26.91	95.1	0.897	0.835	0.892	0.783
2338.7	9                 24.47	93.1	0.907	0.848	0.901	0.794
2339	0                 23.56	99	0.924	0.87	0.905	0.803
2339.2	0                 25.12	97.5	0.942	0.891	0.904	0.807
2339.5	6                 25.23	94.6	0.966	0.916	0.921	0.829
2339.7	1                 25.33	99.6	0.995	0.962	0.957	0.878
2340	1                 23.67	101	6                   1.017	0.971	0.969	0.89
2340.2	2                 25.86	101	3                   1.050	0.946	0.963	0.838
2340.5	2                 26.03	103	5                   1.105	1.044	1.039	0.949
2340.7	3                 25.65	99.5	1.158	1.168	1.145	1.103
2341	6                 25.93	99.3	1.174	1.22	1.183	1.184
2341.2	3                 26.28	105	7                   1.152	1.178	1.152	1.163
2341.5	4                 25.74	94.1	1.091	1.009	1.028	0.933
2341.7	4                 24.71	92	1.027	0.93	0.964	0.835
2342	5                 22.80	96.6	1.005	0.927	0.943	0.834
2342.2	1                 22.43	97	0.982	0.941	0.937	0.877
2342.5	5                 22.13	90.8	0.946	0.875	0.879	0.776
2342.7	5                 22.99	96.6	0.905	0.856	0.872	0.782
2343	6                 25.07	93.9	0.83	0.758	0.732	0.689
2343.2	6                 25.71	88.6	0.799	0.721	0.71	0.66
2343.5	7                 24.99	94.5	0.826	0.775	0.782	0.706
2343.7	1                 24.31	94.3	0.858	0.823	0.829	0.746
2344	7                 23.55	95.2	0.866	0.827	0.851	0.745
2344.2	8                 20.16	91.6	0.86	0.805	0.846	0.743
2344.5	8                 20.04	92.6	0.858	0.774	0.823	0.7
2344.7	9                 18.33	92.3	0.858	0.775	0.826	0.701
2345	6                 16.36	93.7	0.858	0.775	0.827	0.701
2345.2	9                 14.87	92.5	0.859	0.775	0.827	0.701
2345.5	0                 12.18	90.2	0.859	0.775	0.827	0.701
2345.7	0                 12.24	88.3	0.859	0.775	0.827	0.701
2346	1                 11.53	85.9	0.86	0.775	0.827	0.701
2346.2	1                 48.66	85.7	0.85	0.776	0.792	0.698
2346.5	6                 86.67	85.2	0.869	0.811	0.856	0.741
2346.7	2                 126.1	1                  88.8	0.883	0.827	0.881	0.777
2347	2                 260.0	5                  93.0	0.886	0.839	0.894	0.793
2347.2	3                 345.5	4                  90.4	0.889	0.844	0.899	0.799
2347.5	3                 358.6	5                  92.2	0.892	0.849	0.898	0.806
2347.7	4                 189.5	1                  89.8	0.891	0.844	0.9	0.794
2348	6                 136.7	3                  91.3	0.889	0.842	0.903	0.795
2348.2	4                 61.42	89.3	0.888	0.837	0.9	0.785
2348.5	4                 45.86	91	0.885	0.835	0.893	0.778
2348.7	5                 45.59	93.5	0.883	0.835	0.895	0.777
2349	5                 43.32	87.4	0.873	0.837	0.886	0.787
2349.2	1                 37.74	96.4	0.857	0.817	0.855	0.759
2349.5	6                 32.45	94	0.844	0.809	0.819	0.736
2349.7	6                 32.17	97	0.84	0.808	0.809	0.735
2350	7                 34.74	99.9	0.836	0.807	0.807	0.736
2350.2	7                 41.43	95.9	0.824	0.804	0.791	0.73
2350.5	8                 41.91	96.4	0.813	0.793	0.775	0.714
2350.7	1                 37.84	97.5	0.802	0.784	0.763	0.697
2351	8                 32.54	98.6	0.796	0.78	0.753	0.69
2351.2	9                 33.78	101	0                   0.785	0.769	0.74	0.677
2351.5	9                 40.80	99.7	0.781	0.765	0.734	0.671
2351.7	0                 37.86	95	0.775	0.76	0.72	0.66
2352	6                 44.73	90.9	0.772	0.757	0.714	0.655
2352.2	0                 50.69	90.1	0.759	0.749	0.715	0.655
2352.5	1                 57.65	88.8	0.746	0.742	0.714	0.652
2352.7	1                 115.6	9                  88.0	0.732	0.735	0.712	0.649
2353	2                 130.3	1                  102.	2                   0.710	0.717	0.716	0.649
2353.2	2                 159.7	9                  100.	2                   0.682	0.685	0.695	0.655
2353.5	6                 183.0	9                  98.4	0.642	0.629	0.6	0.584
2353.7	3                 210.8	2                  105.	8                   0.623	0.635	0.609	0.613
2354	3                 134.1	9                  97.6	0.626	0.605	0.633	0.587
2354.2	3                 146.1	6                  94.3	0.638	0.572	0.607	0.534
2354.5	4                 125.1	5                  97.7	0.648	0.587	0.589	0.562
2354.7	1                 122.7	3                  98.9	0.666	0.607	0.587	0.576
2355	4                 120.8	1                  98.7	0.694	0.632	0.599	0.56
2355.2	5                 95.15	95	0.714	0.656	0.612	0.555
2355.5	5                 97.39	96.5	0.74	0.688	0.679	0.583
2355.7	6                 126.8	9                  97.9	0.771	0.728	0.73	0.616
2356	6                 68.85	101	3                   0.815	0.791	0.801	0.677
2356.2	1                 80.07	96.3	0.884	0.927	0.936	0.892
2356.5	7                 92.28	98.6	0.973	1.083	1.058	1.105
2356.7	7                 93.54	100	3                   1.041	1.155	1.103	1.154
2357	8                 90.43	97.6	1.066	1.173	1.119	1.149
2357.2	8                 87.33	97.4	1.112	1.195	1.135	1.136
2357.5	6                 80.56	100	3                   1.122	1.198	1.142	1.134
2357.7	9                 75.67	98.4	1.138	1.202	1.154	1.131
2358	9                 163.1	6                  99.2	1.152	1.209	1.177	1.132
2358.2	0                 60.23	98.3	1.172	1.218	1.201	1.138
2358.5	0                 57.81	97.2	1.178	1.221	1.205	1.139
2358.7	1                 69.31	97.9	1.185	1.224	1.209	1.14
2359	6                 113.1	8                  96.9	1.239	1.244	1.239	1.168
2359.2	1                 156.8	2                  99.2	1.28	1.247	1.25	1.167
2359.5	2                 78.75	101	7                   1.306	1.236	1.252	1.132
2359.7	2                 113.8	7                  104.	8                   1.322	1.229	1.25	1.112
2360	2                 125.9	9                  106.	9                   1.343	1.247	1.265	1.103
2360.2	3                 108.9	7                  106.	6                   1.339	1.351	1.344	1.295
2360.5	6                 112.4	2                  111.	7                   1.266	1.325	1.29	1.304
2360.7	3                 117.1	4                  108.	6                   1.125	1.122	1.102	1.103
2361	4                 71.02	95.8	0.998	0.876	0.92	0.779
2361.2	4                 71.91	100	2                   0.917	0.818	0.872	0.747
2361.5	5                 68.03	109	5                   0.893	0.801	0.865	0.741
2361.7	1                 61.69	105	1                   0.882	0.783	0.855	0.721
2362	5                 55.92	101	8                   0.898	0.806	0.884	0.742
2362.2	6                 34.66	96.9	0.903	0.819	0.875	0.76
2362.5	6                 28.20	95.5	0.916	0.851	0.891	0.783
2362.7	7                 20.24	94.6	0.915	0.863	0.887	0.813
2363	7                 16.24	93.7	0.919	0.827	0.875	0.736
2363.2	1                 15.59	93.4	0.917	0.867	0.906	0.81
2363.5	8                 14.77	93.6	0.911	0.862	0.911	0.802
2363.7	8                 11.97	89.1	0.903	0.84	0.901	0.772
2364	9                 12.75	90	0.902	0.831	0.895	0.754
2364.2	9                 12.61	93.9	0.899	0.841	0.892	0.773
2364.5	6                 12.93	91.2	0.9	0.831	0.893	0.758
2364.7	0                 13.20	91.5	0.897	0.855	0.893	0.809
2365	0                 13.16	91.9	0.902	0.844	0.891	0.785
2365.2	1                 13.08	88.6	0.902	0.856	0.889	0.802
2365.5	1                 11.61	86.5	0.904	0.861	0.891	0.805
2365.7	1                 12.03	89.2	0.903	0.86	0.879	0.794
2366	6                 11.42	86.7	0.897	0.862	0.864	0.792
2366.2	2                 10.71	85.8	0.883	0.835	0.844	0.748
2366.5	2                 12.32	88.7	0.873	0.826	0.828	0.732
2366.7	3                 10.24	90.6	0.871	0.828	0.825	0.737
2367	3                 11.97	92.7	0.876	0.818	0.838	0.712
2367.2	1                 12.70	90.8	0.882	0.853	0.844	0.766
2367.5	4                 13.25	92.5	0.886	0.853	0.852	0.78
2367.7	4                 14.58	95.5	0.884	0.837	0.841	0.763
2368	5                 13.02	89.4	0.881	0.829	0.851	0.767
2368.2	5                 12.68	90.8	0.877	0.843	0.866	0.793
2368.5	6                 15.48	90.7	0.865	0.828	0.858	0.787
2368.7	1                 15.99	84.7	0.843	0.794	0.83	0.732
2369	6                 16.53	88.2	0.838	0.799	0.827	0.745
2369.2	7                 15.52	86.1	0.833	0.812	0.828	0.775
2369.5	7                 16.57	87.3	0.833	0.804	0.828	0.765
2369.7	8                 17.96	88	0.829	0.778	0.812	0.721
2370	8                 19.21	87.7	0.829	0.787	0.825	0.733
2370.2	1                 18.37	90	0.831	0.781	0.807	0.728
2370.5	9                 17.16	87.1	0.833	0.771	0.808	0.681
2370.7	9                 15.77	87.1	0.835	0.807	0.819	0.745
2371	0                 11.28	91.4	0.836	0.794	0.826	0.715
2371.2	0                 13.83	86.8	0.831	0.79	0.81	0.704
2371.5	6                 13.07	89.4	0.82	0.806	0.781	0.74
2371.7	0                 12.35	91.7	0.816	0.787	0.806	0.728
2372	1                 14.41	88.7	0.804	0.759	0.795	0.703
2372.2	1                 18.80	94.8	0.817	0.759	0.813	0.71
2372.5	2                 17.78	91.9	0.804	0.76	0.787	0.699
2372.7	2                 18.22	92.8	0.804	0.758	0.789	0.701
2373	6                 17.88	94.5	0.803	0.758	0.789	0.701
2373.2	3                 17.45	90.3	0.803	0.758	0.789	0.701
2373.5	3                 18.45	91.4	0.803	0.758	0.789	0.7
2373.7	4                 12.23	91.2	0.803	0.758	0.788	0.7
2374	4                 0.64	91.1	0.803	0.758	0.787	0.7
2374.2	1                 3.11	90.9	0.804	0.758	0.788	0.702
2374.5	5                 5.26	89.1	0.806	0.762	0.79	0.707
2374.7	5                 14.81	87.9	0.807	0.765	0.792	0.711
2375	6                 27.29	91.7	0.808	0.767	0.794	0.714
2375.2	1                 39.12	91.3	0.809	0.77	0.795	0.718
2375.5	6                 51.02	90.9	0.81	0.773	0.797	0.722
2375.7	1                 62.93	90.5	0.811	0.775	0.799	0.726
2376	7                 70.83	90.2	0.812	0.778	0.8	0.73
2376.2	8                 7.79	89.8	0.813	0.781	0.802	0.733
2376.5	8                 13.45	89.4	0.814	0.783	0.803	0.736
2376.7	9                 337.0	5                  88.9	0.814	0.783	0.803	0.736
2377	5                 567.0	5                  89.3	0.814	0.783	0.803	0.736
2377.2	9                 750.3	9                  90.1	0.814	0.783	0.803	0.736
2377.5	9                 1255.	02                 90.8	0.814	0.783	0.804	0.736
2377.7	0                 1321.	36                 91.6	0.814	0.783	0.804	0.736
2378	0                 1385.	48                 92.3	0.814	0.783	0.804	0.736
2378.2	1                 1534.	80                 93.1	0.814	0.783	0.804	0.736
2378.5	5                 1537.	15                 93.8	0.814	0.783	0.804	0.736
2378.7	0                 1541.	19                 94.6	0.814	0.783	0.804	0.736
2379	2                 1544.	64                 95.3	0.814	0.783	0.804	0.736
2379.2	2                 1549.	86                 96.1	0.814	0.783	0.804	0.736
2379.5	5                 1557.	89                 96.8	0.814	0.783	0.804	0.736
2379.7	0                 1566.	57                 97.3	0.814	0.783	0.804	0.736
2380	3                 1571.	03                 96.7	0.814	0.783	0.804	0.736
2380.2	4                 1592.	91                 96.3	0.814	0.783	0.804	0.736
2380.5	5                 1619.	59                 95.9	0.815	0.783	0.804	0.736
2380.7	5                 1644.	24                 95.4	0.815	0.783	0.804	0.736
2381	5                 1771.	30                 95.0	0.815	0.783	0.804	0.736
2381.2	0                 1784.	02                 94.6	0.815	0.783	0.804	0.736
2381.5	5                 1804.	89                 94.2	0.815	0.783	0.804	0.736
2381.7	6                 1822.	19                 93.8	0.85	0.776	0.816	0.718
2382	5                 1600.	93                 93.3	0.879	0.823	0.852	0.775
2382.2	7                 1361.	53                 93.1	0.923	0.894	0.906	0.861
2382.5	8                 1206.	75                 96.7	0.967	0.965	0.96	0.947
2382.7	0                 1210.	23                 92.1	1.025	1.058	1.031	1.06
2383	8                 1215.	00                 88.7	1.002	1.006	0.995	0.985
2383.2	8                 1089.	95                 85.3	0.952	0.892	0.919	0.824
2383.5	9                 942.6	9                  81.8	0.967	0.919	0.914	0.837
2383.7	9                 164.5	6                  85.2	0.932	0.863	0.906	0.802
2384	5                 229.1	3                  88.7	0.925	0.862	0.905	0.809
2384.2	0                 288.1	9                  89.8	0.916	0.847	0.897	0.794
2384.5	0                 327.3	9                  83.9	0.913	0.843	0.889	0.79
2384.7	1                 384.6	5                  85.9	0.913	0.845	0.891	0.788
2385	1                 365.4	0                  85.5	0.917	0.859	0.902	0.803
2385.2	2                 211.4	8                  84.8	0.918	0.879	0.909	0.833
2385.5	5                 169.4	9                  79.8	0.919	0.887	0.909	0.844
2385.7	2                 116.8	1                  84.5	0.922	0.886	0.909	0.843
2386	3                 13.89	84.1	0.922	0.885	0.908	0.839
2386.2	3                 12.01	86.6	0.924	0.883	0.912	0.831
2386.5	4                 12.21	90.4	0.926	0.88	0.906	0.821
2386.7	0                 12.60	86.8	0.926	0.879	0.909	0.816
2387	4                 12.93	83.4	0.926	0.88	0.903	0.811
2387.2	5                 21.92	84.2	0.929	0.882	0.903	0.813
2387.5	5                 39.15	91.5	0.93	0.887	0.905	0.816
2387.7	6                 54.22	86.6	0.931	0.89	0.908	0.819
2388	6                 70.83	80.4	0.931	0.892	0.91	0.822
2388.2	0                 74.00	82.6	0.933	0.898	0.911	0.831
2388.5	7                 77.64	86	0.932	0.903	0.908	0.839
2388.7	7                 77.35	86.5	0.931	0.906	0.908	0.844
2389	7                 88.91	87.2	0.931	0.906	0.907	0.847
2389.2	8                 88.67	87.4	0.931	0.904	0.907	0.845
2389.5	5                 96.53	79.5	0.93	0.902	0.907	0.844
2389.7	8                 102.5	3                  87.2	0.929	0.897	0.902	0.834
2390	9                 103.9	5                  84.9	0.929	0.894	0.9	0.828
2390.2	9                 96.53	83.3	0.928	0.887	0.894	0.813
2390.5	0                 98.32	88	0.927	0.885	0.89	0.809
2390.7	0                 114.9	6                  90.1	0.925	0.881	0.881	0.798
2391	5                 120.7	9                  94.6	0.924	0.881	0.879	0.796
2391.2	1                 126.9	0                  92.9	0.922	0.88	0.878	0.793
2391.5	1                 146.9	0                  90.3	0.917	0.88	0.868	0.796
2391.7	2                 160.2	6                  91.7	0.918	0.878	0.873	0.792
2392	2                 183.2	3                  92.9	0.916	0.882	0.881	0.798
2392.2	0                 182.6	2                  85.5	0.915	0.883	0.876	0.806
2392.5	3                 182.2	0                  91.5	0.911	0.876	0.872	0.797
2392.7	3                 156.3	7                  96.1	0.91	0.868	0.867	0.783
2393	4                 144.7	1                  90.6	0.909	0.863	0.868	0.778
2393.2	4                 120.7	0                  90.0	0.908	0.859	0.866	0.774
2393.5	5                 98.59	83.6	0.908	0.858	0.869	0.774
2393.7	0                 88.29	91.8	0.908	0.861	0.877	0.78
2394	5                 78.42	90.9	0.907	0.862	0.879	0.784
2394.2	6                 66.73	88.1	0.908	0.864	0.882	0.789
2394.5	6                 67.82	92	0.908	0.865	0.888	0.792
2394.7	6                 62.94	90.2	0.909	0.865	0.886	0.792
2395	7                 55.58	86.3	0.909	0.858	0.891	0.783
2395.2	0                 54.47	88.8	0.907	0.848	0.887	0.772
2395.5	7                 53.01	87.3	0.906	0.848	0.882	0.777
2395.7	8                 55.51	92.2	0.911	0.877	0.913	0.826
2396	8                 59.41	90.7	0.912	0.882	0.922	0.839
2396.2	9                 58.65	89.9	0.901	0.852	0.902	0.802
2396.5	5                 55.25	89.5	0.887	0.834	0.881	0.79
2396.7	9                 52.28	91.5	0.88	0.826	0.871	0.78
2397	0                 36.58	87	0.866	0.816	0.856	0.774
2397.2	0                 25.48	88.9	0.85	0.802	0.831	0.754
2397.5	1                 19.76	86.8	0.847	0.773	0.805	0.698
2397.7	1                 14.86	89.6	0.845	0.777	0.79	0.696
2398	5                 15.54	88.8	0.848	0.789	0.803	0.708
2398.2	2                 16.36	90.4	0.849	0.804	0.802	0.728
2398.5	2                 20.34	89.9	0.847	0.808	0.817	0.752
2398.7	3                 24.19	87.3	0.845	0.791	0.809	0.725
2399	3                 22.36	90.9	0.843	0.785	0.814	0.722
2399.2	0                 21.10	92	0.848	0.781	0.814	0.702
2399.5	4                 20.08	87.1	0.852	0.792	0.814	0.714
2399.7	4                 20.95	92.5	0.858	0.801	0.815	0.718
2400	5                 21.10	95.2	0.856	0.805	0.796	0.713
2400.2	5                 20.97	91.7	0.856	0.812	0.788	0.719
2400.5	5                 20.51	91.8	0.867	0.819	0.797	0.713
2400.7	0                 20.40	91.6	0.88	0.84	0.814	0.734
2401	6                 20.28	93.4	0.887	0.845	0.825	0.746
2401.2	6                 20.55	92.7	0.889	0.837	0.841	0.742
2401.5	7                 20.13	94.1	0.887	0.841	0.856	0.767
2401.7	7                 19.85	96.6	0.888	0.839	0.868	0.766
2402	5                 19.68	92.1	0.896	0.834	0.876	0.754
2402.2	8                 19.56	91	0.908	0.85	0.888	0.767
2402.5	8                 19.94	93.5	0.918	0.868	0.902	0.786
2402.7	9                 19.05	91.4	0.928	0.874	0.896	0.785
2403	9                 19.26	91.5	0.928	0.881	0.897	0.8
2403.2	0                 19.17	91.1	0.923	0.873	0.896	0.798
2403.5	5                 17.46	91.4	0.902	0.852	0.89	0.795
2403.7	0                 15.75	92.2	0.872	0.822	0.869	0.781
2404	1                 14.23	87.5	0.878	0.825	0.867	0.77
2404.2	1                 14.74	87.4	0.894	0.842	0.877	0.775
2404.5	2                 15.00	91.5	0.911	0.858	0.888	0.781
2404.7	2                 14.35	89.6	0.926	0.873	0.897	0.786
2405	5                 14.08	87.1	0.926	0.877	0.897	0.796
2405.2	3                 13.70	84.6	0.899	0.852	0.895	0.809
2405.5	5                 15.97	82.5	0.868	0.819	0.867	0.784
2405.7	0                 17.73	88	0.851	0.805	0.844	0.76
2406	5                 19.48	90.6	0.847	0.804	0.838	0.757
2406.2	0                 21.24	94.8	0.841	0.798	0.826	0.741
2406.5	5                 22.99	93.4	0.819	0.785	0.791	0.714
2406.7	0                 24.74	87.9	0.796	0.759	0.76	0.679
2407	5                 26.54	96.5	0.79	0.752	0.745	0.663
2407.2	6                 29.90	96.2	0.791	0.751	0.748	0.664
2407.5	6                 101.7	9                  92.9	0.792	0.749	0.747	0.667
2407.7	0                 102.3	6                  95.4	0.802	0.752	0.749	0.658
2408	7                 103.0	8                  92.9	0.818	0.791	0.79	0.708
2408.2	7                 51.58	89.8	0.829	0.841	0.833	0.808
2408.5	8                 31.39	89.7	0.837	0.813	0.821	0.75
2408.7	8                 24.18	88.9	0.838	0.786	0.806	0.702
2409	5                 21.63	91.1	0.837	0.782	0.804	0.707
2409.2	9                 19.49	93.1	0.837	0.78	0.806	0.713
2409.5	9                 15.14	93.1	0.835	0.779	0.808	0.717
2409.7	0                 15.19	86.7	0.835	0.779	0.809	0.719
2410	0                 15.76	92.2	0.832	0.78	0.802	0.712
2410.2	1                 16.93	86.1	0.832	0.78	0.799	0.71
2410.5	5                 22.31	87.7	0.833	0.78	0.793	0.705
2410.7	1                 28.51	90.4	0.835	0.781	0.801	0.712
2411	2                 57.47	90.9	0.838	0.781	0.821	0.728
2411.2	2                 83.88	91.8	0.838	0.783	0.82	0.727
2411.5	3                 107.2	6                  92.0	0.838	0.785	0.819	0.726
2411.7	0                 120.7	5                  92.5	0.839	0.786	0.818	0.725
2412	3                 131.1	0                  93.2	0.84	0.792	0.821	0.738
2412.2	4                 154.2	7                  94.3	0.841	0.793	0.823	0.74
2412.5	4                 177.9	3                  94.1	0.842	0.796	0.826	0.745
2412.7	4                 189.4	7                  93.5	0.843	0.798	0.828	0.747
2413	5                 189.1	9                  94.2	0.845	0.805	0.836	0.756
2413.2	0                 191.6	8                  95.8	0.846	0.807	0.836	0.758
2413.5	5                 194.3	0                  96.1	0.846	0.809	0.836	0.761
2413.7	6                 200.4	4                  96.5	0.85	0.802	0.819	0.739
2414	6                 183.6	9                  93.7	0.854	0.797	0.815	0.729
2414.2	7                 183.9	3                  90.6	0.857	0.794	0.812	0.72
2414.5	5                 175.0	3                  91.4	0.865	0.794	0.817	0.718
2414.7	7                 168.7	9                  93.9	0.889	0.804	0.831	0.73
2415	8                 191.3	3                  95.5	0.899	0.808	0.84	0.735
2415.2	8                 164.3	6                  96.1	0.909	0.813	0.847	0.74
2415.5	9                 147.7	9                  92.3	0.941	0.826	0.873	0.757
2415.7	9                 140.0	8                  89.6	0.991	0.849	0.903	0.762
2416	5                 145.5	3                  91.9	1.034	0.879	0.931	0.773
2416.2	0                 150.7	8                  94.9	1.084	0.921	0.986	0.814
2416.5	0                 130.8	0                  88.6	1.15	0.991	1.059	0.872
2416.7	1                 127.7	9                  84.7	1.217	1.081	1.159	0.974
2417	1                 120.9	5                  80.6	1.27	1.164	1.219	1.058
2417.2	2                 108.9	9                  75.0	1.301	1.213	1.255	1.108
2417.5	5                 103.7	8                  65.3	1.367	1.319	1.323	1.219
2417.7	2                 96.90	60.8	1.441	1.433	1.425	1.377
2418	3                 96.60	59.4	1.491	1.499	1.492	1.45
2418.2	3                 108.8	4                  57.0	1.55	1.578	1.574	1.539
2418.5	3                 117.5	5                  50.7	1.677	1.722	1.735	1.688
2418.7	0                 120.8	1                  47.7	1.783	1.855	1.858	1.809
2419	4                 123.6	7                  45.6	2.694	2.857	2.806	2.707
2419.2	4                 119.7	2                  45.1	3.91	4.192	4.245	3.987
2419.5	5                 124.0	7                  45.5	4.429	5.06	4.977	5.147
2419.7	5                 123.8	9                  49.9	4.628	5.486	5.324	5.827
2420	6                 131.7	6                  45.8	4.729	5.704	5.475	6.249
2420.2	0                 134.8	4                  42.4	4.547	5.098	5.106	5.468
2420.5	6                 138.5	7                  44.9	4.02	3.888	4.116	3.864
2420.7	7                 80.30	53.1	3.279	2.846	3.124	2.552
2421	7                 56.75	59.6	2.573	2.418	2.503	2.421
2421.2	8                 34.59	63	2.394	2.413	2.395	2.733
2421.5	5                 23.32	67.5	2.322	2.263	2.253	2.569
2421.7	8                 14.24	62	2.3	1.636	1.884	1.472
2422	9                 18.26	90.3	2.406	1.931	2.067	1.663
2422.2	9                 20.54	113	9                   2.664	3.069	2.849	3.61
2422.5	0                 20.50	94.4	2.928	3.44	3.218	4.123
2422.7	0                 17.60	55.9	2.97	2.718	3.076	2.277
2423	5                 18.19	54.6	2.639	3.307	2.968	3.987
2423.2	1                 18.84	78.2	2.213	2.512	2.53	2.867
2423.5	1                 20.98	46.1	1.72	1.628	1.74	1.492
2423.7	2                 23.24	61	1.369	1.325	1.371	1.289
2424	2                 21.93	92.9	1.116	1.032	1.032	0.939
2424.2	0                 21.29	77	0.929	0.896	0.85	0.814
2424.5	3                 20.82	36.4	0.872	0.832	0.807	0.757
2424.7	3                 19.82	33.6	0.889	0.865	0.875	0.808
2425	3                 19.93	36.3	0.91	0.918	0.911	0.907
2425.2	4                 19.76	42.4	0.947	0.93	0.925	0.89
2425.5	4                 19.49	41.7	0.975	0.967	0.999	0.945
2425.7	0                 19.51	44	0.969	0.921	0.928	0.872
2426	5                 19.53	72.4	0.972	0.999	1.039	0.986
2426.2	5                 16.31	49.1	0.914	0.96	0.979	0.985
2426.5	6                 12.69	78.3	0.83	0.754	0.786	0.701
2426.7	6                 11.40	80.4	0.781	0.744	0.77	0.719
2427	7                 11.60	48.8	0.761	0.734	0.723	0.709
2427.2	0                 11.62	44.6	0.77	0.768	0.758	0.727
2427.5	7                 11.64	30.4	0.772	0.78	0.759	0.732
2427.7	8                 11.95	37.2	0.763	0.762	0.755	0.721
2428	8                 11.94	50	0.729	0.731	0.751	0.729
2428.2	9                 12.18	47.3	0.678	0.641	0.659	0.578
2428.5	5                 12.29	48	0.651	0.655	0.633	0.574
2428.7	9                 12.39	45.9	0.629	0.635	0.615	0.513
2429	0                 12.76	51.6	0.603	0.598	0.588	0.495
2429.2	0                 12.74	50.7	0.583	0.577	0.568	0.459
2429.5	1                 13.60	46.2	0.575	0.57	0.563	0.43
2429.7	1                 14.06	43.5	0.582	0.577	0.56	0.418
2430	5                 14.07	40.3	0.617	0.613	0.569	0.442
2430.2	2                 14.08	40.6	0.659	0.704	0.568	0.523
2430.5	2                 14.81	44.2	0.669	0.702	0.521	0.525
2430.7	3                 15.23	40.6	0.665	0.679	0.523	0.502
2431	3                 15.29	25.1	0.638	0.653	0.514	0.484
2431.2	9                 15.18	27.4	0.618	0.626	0.516	0.448
2431.5	3                 15.09	27.1	0.598	0.599	0.518	0.412
2431.7	4                 14.49	28.6	0.602	0.604	0.525	0.403
2432	4                 13.29	32.3	0.654	0.701	0.525	0.484
2432.2	5                 10.68	35.9	0.658	0.726	0.504	0.498
2432.5	5                 4.08	39.9	0.662	0.735	0.513	0.522
2432.7	9                 8.80	26.1	0.664	0.74	0.511	0.522
2433	6                 14.27	23.4	0.667	0.744	0.51	0.522
2433.2	6                 33.20	26.7	0.659	0.666	0.452	0.473
2433.5	7                 35.87	23.1	0.659	0.67	0.471	0.452
2433.7	7                 38.06	21.6	0.656	0.694	0.451	0.48
2434	4                 45.77	25.7	0.656	0.713	0.428	0.45
2434.2	8                 51.72	26.7	0.661	0.723	0.435	0.478
2434.5	8                 51.65	26.7	0.678	0.718	0.523	0.577
2434.7	9                 53.32	26.2	0.675	0.692	0.636	0.687
2435	9                 58.11	24.8	0.666	0.683	0.604	0.641
2435.2	0                 52.70	24.8	0.652	0.691	0.563	0.612
2435.5	4                 50.07	22.9	0.632	0.695	0.533	0.641
2435.7	0                 47.28	22.2	0.61	0.646	0.463	0.545
2436	1                 50.35	22.7	0.596	0.62	0.421	0.478
2436.2	1                 37.08	21.1	0.592	0.618	0.442	0.49
2436.5	2                 33.17	22.1	0.592	0.629	0.442	0.512
2436.7	9                 32.12	21.8	0.599	0.636	0.468	0.535
2437	2                 31.37	21.4	0.596	0.64	0.433	0.457
2437.2	2                 28.33	22	0.599	0.652	0.417	0.441
2437.5	3                 27.16	20.6	0.603	0.658	0.434	0.505
2437.7	3                 26.47	21.6	0.614	0.639	0.467	0.476
2438	4                 25.92	22.8	0.628	0.627	0.569	0.486
2438.2	9                 26.31	24.3	0.635	0.63	0.618	0.536
2438.5	4                 26.68	21.7	0.637	0.636	0.635	0.579
2438.7	5                 27.66	23.6	0.634	0.64	0.632	0.597
2439	5                 29.82	23.1	0.629	0.641	0.616	0.59
2439.2	6                 30.02	20.1	0.627	0.641	0.611	0.591
2439.5	6                 30.58	20.2	0.627	0.635	0.609	0.592
2439.7	9                 30.27	22.3	0.624	0.625	0.612	0.564
2440	7                 29.85	24.9	0.62	0.615	0.628	0.553
2440.2	7                 37.09	24.4	0.611	0.613	0.621	0.536
2440.5	8                 47.90	20.4	0.599	0.611	0.606	0.533
2440.7	8                 72.10	20.5	0.595	0.601	0.617	0.55
2441	4                 76.19	20.9	0.595	0.592	0.61	0.559
2441.2	9                 79.82	24.8	0.592	0.581	0.6	0.556
2441.5	9                 89.18	23.4	0.588	0.572	0.597	0.552
2441.7	0                 85.39	21.2	0.585	0.565	0.589	0.54
2442	0                 66.67	25.1	0.581	0.56	0.584	0.53
2442.2	1                 54.00	28.1	0.578	0.553	0.577	0.532
2442.5	4                 52.54	22.4	0.573	0.546	0.571	0.534
2442.7	1                 50.78	25.2	0.567	0.534	0.555	0.518
2443	2                 54.06	23.1	0.566	0.528	0.549	0.504
2443.2	2                 66.98	26.2	0.568	0.53	0.547	0.491
2443.5	2                 80.01	26.7	0.571	0.539	0.55	0.506
2443.7	9                 79.37	31	0.574	0.558	0.558	0.539
2444	3                 78.84	30.5	0.582	0.574	0.571	0.559
2444.2	3                 81.19	34.5	0.593	0.572	0.58	0.547
2444.5	4                 58.68	32.7	0.607	0.569	0.583	0.527
2444.7	4                 71.68	33.1	0.618	0.577	0.588	0.53
2445	5                 64.50	42.7	0.63	0.594	0.601	0.538
2445.2	9                 62.03	57.8	0.641	0.616	0.618	0.558
2445.5	5                 59.28	65.8	0.648	0.643	0.643	0.59
2445.7	6                 55.79	64.7	0.648	0.648	0.65	0.607
2446	6                 47.70	58.5	0.651	0.663	0.657	0.639
2446.2	7                 40.26	61	0.656	0.702	0.672	0.665
2446.5	4                 35.22	55.8	0.66	0.735	0.694	0.741
2446.7	7                 31.50	54.1	0.666	0.759	0.706	0.779
2447	8                 39.68	55.3	0.672	0.771	0.73	0.814
2447.2	8                 44.38	49.9	0.679	0.76	0.766	0.819
2447.5	9                 56.67	53.8	0.676	0.724	0.763	0.779
2447.7	9                 68.84	46	0.664	0.674	0.737	0.681
2448	4                 71.39	43.7	0.624	0.615	0.619	0.582
2448.2	0                 73.98	39.8	0.593	0.566	0.576	0.517
2448.5	0                 84.75	37	0.583	0.573	0.565	0.509
2448.7	1                 84.69	37.4	0.581	0.588	0.6	0.565
2449	1                 81.87	36.9	0.575	0.554	0.581	0.536
2449.2	2                 82.54	37.7	0.58	0.57	0.584	0.556
2449.5	4                 73.08	26.7	0.581	0.578	0.584	0.565
2449.7	2                 59.86	28.1	0.589	0.575	0.584	0.546
2450	2                 46.08	28.4	0.602	0.595	0.605	0.565
2450.2	3                 32.80	34.1	0.612	0.597	0.602	0.557
2450.5	3                 19.13	41.1	0.631	0.622	0.626	0.558
2450.7	9                 18.40	41.3	0.649	0.625	0.611	0.523
2451	4                 17.72	43.9	0.687	0.666	0.644	0.564
2451.2	4                 18.71	48.5	0.764	0.743	0.723	0.63
2451.5	5                 19.09	54.7	0.864	0.847	0.836	0.732
2451.7	5                 18.21	65.2	0.973	0.98	0.97	0.906
2452	6                 17.60	76.9	1.064	1.027	1.054	0.946
2452.2	9                 17.52	77.7	1.111	1.073	1.126	1.015
2452.5	6                 17.42	79.8	1.085	1.108	1.131	1.058
2452.7	7                 17.65	81.8	0.978	1.059	1.101	1.044
2453	7                 18.42	83.8	0.81	0.804	0.874	0.773
2453.2	8                 18.91	87.6	0.659	0.593	0.613	0.478
2453.5	4                 18.96	79.7	0.607	0.574	0.569	0.458
2453.7	8                 19.00	54.9	0.611	0.601	0.595	0.496
2454	9                 18.45	53.6	0.642	0.633	0.641	0.558
2454.2	9                 18.44	60.9	0.672	0.681	0.709	0.644
2454.5	0                 18.25	60.3	0.674	0.672	0.733	0.634
2454.7	0                 18.41	79.3	0.648	0.63	0.644	0.566
2455	4                 18.21	69.9	0.639	0.599	0.623	0.535
2455.2	1                 17.97	53.3	0.653	0.629	0.635	0.545
2455.5	1                 17.64	48.2	0.694	0.667	0.676	0.605
2455.7	1                 17.35	59.6	0.745	0.727	0.734	0.68
2456	2                 17.41	72.2	0.804	0.824	0.828	0.776
2456.2	9                 17.25	72.2	0.796	0.835	0.893	0.84
2456.5	2                 17.12	77.4	0.702	0.673	0.737	0.663
2456.7	3                 17.77	84.9	0.624	0.58	0.634	0.581
2457	3                 18.24	71.7	0.59	0.553	0.589	0.54
2457.2	4                 18.33	57.3	0.588	0.566	0.586	0.537
2457.5	4                 18.45	47.8	0.614	0.591	0.612	0.559
2457.7	9                 18.12	47.7	0.651	0.644	0.659	0.613
2458	5                 17.77	59.6	0.666	0.63	0.643	0.588
2458.2	5                 15.79	70.2	0.648	0.579	0.59	0.526
2458.5	6                 14.06	78.2	0.63	0.581	0.619	0.565
2458.7	6                 13.19	58.6	0.628	0.589	0.63	0.57
2459	4                 12.56	53	0.658	0.627	0.644	0.593
2459.2	7                 12.11	49.8	0.723	0.721	0.733	0.699
2459.5	7                 11.06	54.6	0.839	0.8	0.813	0.745
2459.7	8                 10.30	64.9	0.962	0.944	0.935	0.875
2460	8                 10.10	77.8	0.946	0.936	0.939	0.911
2460.2	9                 9.43	83	0.876	0.87	0.872	0.852
2460.5	4                 9.34	81.5	0.805	0.805	0.804	0.794
2460.7	9                 9.26	79.9	0.76	0.759	0.761	0.764
2461	0                 8.49	80.9	0.762	0.754	0.762	0.764
2461.2	0                 7.47	81.9	0.763	0.753	0.764	0.752
2461.5	1                 3.99	79.9	0.759	0.759	0.765	0.757
2461.7	1                 5.34	76.1	0.755	0.768	0.766	0.763
2462	4                 87.20	74.8	0.758	0.766	0.764	0.723
2462.2	1                 196.6	9                  77.8	0.759	0.764	0.763	0.698
2462.5	2                 18.53	80.7	0.815	0.78	0.799	0.745
2462.7	2                 34.81	79.6	0.935	0.91	0.864	0.804
2463	3                 50.07	78.9	1.021	0.996	0.988	0.931
2463.2	9                 57.10	80.1	1.046	0.973	0.985	0.917
2463.5	3                 63.35	81.3	1.054	0.965	0.972	0.891
2463.7	4                 106.4	3                  74.2	1.069	1.003	0.972	0.879
2464	4                 130.5	9                  79.9	1.108	1.053	1.048	0.971
2464.2	5                 104.7	5                  84.2	1.132	1.115	1.103	1.037
2464.5	5                 80.38	87.8	1.13	1.14	1.11	1.068
2464.7	9                 70.65	93.6	1.123	1.151	1.115	1.08
2465	6                 58.77	101	6                   1.109	1.16	1.089	1.097
2465.2	6                 51.50	97.5	1.086	1.151	1.095	1.109
2465.5	7                 52.17	91.2	1.044	1.097	1.075	1.092
2465.7	7                 57.66	87.4	0.999	1.001	0.988	0.963
2466	4                 57.80	89.8	0.914	0.832	0.774	0.695
2466.2	8                 57.91	78.2	0.84	0.794	0.758	0.693
2466.5	8                 59.07	84	0.773	0.753	0.701	0.644
2466.7	9                 64.33	72.8	0.744	0.7	0.685	0.597
2467	9                 73.88	77.2	0.762	0.714	0.71	0.612
2467.2	0                 81.38	91.7	0.785	0.742	0.746	0.642
2467.5	4                 77.42	77	0.808	0.786	0.78	0.711
2467.7	0                 72.99	77.1	0.827	0.828	0.813	0.784
2468	0                 70.42	79	0.839	0.844	0.815	0.788
2468.2	1                 62.45	76.9	0.854	0.856	0.815	0.783
2468.5	1                 47.22	81.7	0.872	0.867	0.835	0.784
2468.7	9                 41.15	79.5	0.885	0.88	0.864	0.802
2469	2                 36.64	82.7	0.903	0.909	0.887	0.824
2469.2	2                 35.96	83.8	0.917	0.949	0.911	0.879
2469.5	3                 49.45	82.6	0.93	0.975	0.924	0.916
2469.7	3                 69.67	84.5	0.944	0.991	0.94	0.911
2470	4                 81.33	87.3	0.95	0.997	0.967	0.928
2470.2	9                 82.70	88.8	0.952	1.005	0.963	0.923
2470.5	4                 84.10	85.1	0.954	1.011	0.979	0.94
2470.7	5                 81.19	84.2	0.95	1.014	0.984	0.965
2471	5                 73.26	83.3	0.943	1.009	0.976	0.976
2471.2	6                 69.14	92.9	0.938	0.999	0.965	0.973
2471.5	6                 69.66	87.3	0.93	0.979	0.944	0.946
2471.7	9                 69.00	94.2	0.921	0.955	0.919	0.913
2472	7                 68.08	89.7	0.902	0.896	0.9	0.877
2472.2	7                 73.73	91.7	0.896	0.869	0.86	0.812
2472.5	8                 81.88	93.5	0.877	0.812	0.788	0.7
2472.7	8                 88.91	87.8	0.867	0.783	0.766	0.665
2473	4                 93.78	86.2	0.859	0.761	0.749	0.639
2473.2	9                 98.33	78.4	0.851	0.754	0.741	0.624
2473.5	9                 95.89	83.6	0.839	0.779	0.761	0.661
2473.7	9                 111.6	0                  83.1	0.824	0.847	0.811	0.819
2474	0                 110.5	6                  82.5	0.817	0.863	0.819	0.858
2474.2	0                 107.9	7                  82.5	0.811	0.842	0.815	0.817
2474.5	4                 109.0	5                  77.6	0.804	0.808	0.804	0.741
2474.7	1                 110.4	3                  79.4	0.793	0.78	0.779	0.689
2475	1                 112.4	9                  75.5	0.783	0.765	0.773	0.684
2475.2	2                 109.8	7                  75.8	0.776	0.75	0.751	0.663
2475.5	2                 95.28	76.1	0.771	0.743	0.745	0.655
2475.7	9                 84.44	78.2	0.763	0.726	0.722	0.631
2476	3                 75.18	83.8	0.744	0.703	0.691	0.612
2476.2	3                 66.15	83.6	0.736	0.671	0.671	0.585
2476.5	4                 78.78	77.1	0.742	0.695	0.689	0.612
2476.7	4                 80.56	80.5	0.752	0.736	0.738	0.688
2477	5                 90.09	76.6	0.764	0.761	0.766	0.71
2477.2	9                 91.00	75.2	0.781	0.779	0.777	0.726
2477.5	5                 92.06	72.6	0.801	0.783	0.764	0.726
2477.7	6                 84.93	70.2	0.837	0.82	0.808	0.756
2478	6                 44.15	72.2	0.869	0.842	0.827	0.772
2478.2	7                 30.57	76.5	0.903	0.855	0.846	0.758
2478.5	4                 27.88	81.5	0.963	0.947	0.96	0.896
2478.7	7                 25.77	84	1.014	0.965	1.005	0.892
2479	8                 22.93	86.3	1.03	0.99	1.023	0.935
2479.2	8                 18.11	92.6	1.037	0.985	1.024	0.931
2479.5	8                 17.43	87.8	1.039	0.985	1.013	0.938
2479.7	9                 18.41	89.9	1.042	0.97	1.02	0.92
2480	4                 18.82	89.1	1.042	0.951	1.001	0.879
2480.2	9                 19.26	92.3	1.053	0.982	1.03	0.923
2480.5	0                 16.62	96.2	1.066	1.005	1.044	0.947
2480.7	0                 16.22	91.6	1.071	1.026	1.058	0.968
2481	1                 16.49	92.3	1.061	1.011	1.037	0.952
2481.2	9                 16.74	91.8	1.036	0.976	1.014	0.916
2481.5	1                 16.92	92.8	1.004	0.939	0.974	0.882
2481.7	2                 17.87	92.5	0.985	0.912	0.951	0.841
2482	2                 19.61	94.4	0.975	0.918	0.941	0.85
2482.2	3                 19.88	92.1	0.972	0.91	0.92	0.827
2482.5	3                 18.77	91.5	0.983	0.921	0.937	0.834
2482.7	9                 18.24	92.9	0.996	0.945	0.96	0.868
2483	4                 17.73	96.4	1.013	0.957	0.979	0.879
2483.2	4                 16.32	94.9	1.022	0.982	1.006	0.925
2483.5	5                 16.13	94.5	1.023	0.973	1.013	0.92
2483.7	5                 15.70	93.4	1.014	0.955	1.012	0.905
2484	6                 16.12	95.7	0.996	0.931	0.975	0.875
2484.2	9                 16.41	92	0.987	0.918	0.953	0.85
2484.5	6                 16.80	91.4	0.99	0.927	0.947	0.849
2484.7	6                 17.22	91.5	1.009	0.966	0.971	0.895
2485	7                 18.50	93.8	1.032	0.956	0.958	0.857
2485.2	7                 22.38	92.9	1.092	0.979	1.007	0.862
2485.5	4                 22.42	92.2	1.16	1.175	1.176	1.166
2485.7	8                 22.46	91.6	1.217	1.235	1.277	1.225
2486	8                 21.91	74.4	1.22	1.166	1.211	1.12
2486.2	9                 21.91	58.5	1.209	1.097	1.143	1.003
2486.5	9                 20.94	54.6	1.21	1.205	1.229	1.181
2486.7	0                 20.65	47.6	1.177	1.19	1.232	1.19
2487	3                 20.24	63.9	1.1	1.035	1.088	0.969
2487.2	0                 19.73	83.3	0.995	0.975	0.973	0.935
2487.5	1                 19.39	71.5	0.913	0.897	0.912	0.872
2487.7	1                 18.97	59.1	0.848	0.803	0.818	0.76
2488	2                 18.82	50.7	0.804	0.782	0.788	0.746
2488.2	8                 18.42	41.3	0.767	0.762	0.758	0.728
2488.5	2                 18.10	36.4	0.783	0.728	0.745	0.651
2488.7	3                 18.24	34.1	0.866	0.857	0.882	0.798
2489	3                 18.23	49.4	0.849	0.844	0.86	0.788
2489.2	4                 17.16	62.2	0.832	0.831	0.838	0.779
2489.5	4                 16.30	103	0                   0.815	0.818	0.816	0.77
2489.7	8                 15.34	95.1	0.799	0.806	0.794	0.761
2490	4                 14.26	87.2	0.782	0.793	0.772	0.751
2490.2	5                 10.02	79.3	0.765	0.78	0.75	0.742
2490.5	5                 6.91	71.4	0.753	0.768	0.745	0.746
2490.7	6                 9.15	63.4	0.746	0.752	0.739	0.743
2491	3                 11.47	55.5	0.747	0.702	0.709	0.696
2491.2	6                 13.20	50.1	0.744	0.698	0.724	0.649
2491.5	7                 16.33	49.7	0.756	0.707	0.715	0.651
2491.7	7                 31.60	50.5	0.86	0.859	0.83	0.738
2492	8                 56.13	49.7	0.93	1.085	1.111	1.111
2492.2	8                 57.83	53.7	0.904	1.069	1.07	1.15
2492.5	3                 66.85	69.5	0.866	0.942	0.938	0.996
2492.7	9                 76.10	79	0.814	0.781	0.785	0.73
2493	9                 84.28	66.8	0.75	0.726	0.707	0.744
2493.2	0                 87.64	46.4	0.697	0.659	0.693	0.633
2493.5	0                 63.98	27.3	0.656	0.635	0.629	0.591
2493.7	1                 50.14	24.2	0.64	0.641	0.592	0.578
2494	3                 45.25	25.9	0.633	0.642	0.578	0.508
2494.2	1                 38.35	24.7	0.628	0.639	0.549	0.471
2494.5	2                 34.46	25.7	0.632	0.639	0.548	0.511
2494.7	2                 34.79	28.5	0.636	0.636	0.578	0.527
2495	2                 32.77	30	0.636	0.637	0.592	0.508
2495.2	8                 31.40	23.2	0.638	0.64	0.577	0.483
2495.5	3                 30.12	21.9	0.642	0.651	0.566	0.476
2495.7	3                 27.96	23.4	0.655	0.686	0.602	0.561
2496	4                 24.06	20.8	0.646	0.649	0.606	0.523
2496.2	4                 21.02	24.5	0.635	0.631	0.596	0.52
2496.5	5                 26.84	29.5	0.632	0.628	0.604	0.514
2496.7	8                 30.53	31.6	0.631	0.627	0.608	0.516
2497	5                 35.29	33.6	0.631	0.627	0.604	0.513
2497.2	6                 44.20	30.8	0.63	0.626	0.605	0.514
2497.5	6                 45.00	27	0.63	0.626	0.6	0.513
2497.7	7                 32.87	26.1	0.629	0.626	0.6	0.515
2498	3                 28.02	31	0.628	0.626	0.601	0.518
2498.2	7                 23.86	27.9	0.628	0.624	0.595	0.513
2498.5	8                 31.05	33.7	0.631	0.622	0.603	0.508
2498.7	8                 63.76	35.7	0.632	0.624	0.608	0.51
2499	9                 93.06	38.5	0.633	0.626	0.611	0.511
2499.2	9                 129.2	7                  39.5	0.638	0.627	0.616	0.526
2499.5	3                 125.4	8                  38.6	0.642	0.63	0.615	0.528
2499.7	9                 121.0	3                  38.1	0.644	0.634	0.626	0.54
2500	0                 111.9	7                  37.5	0.647	0.635	0.627	0.558
2500.2	0                 116.0	1                  33.3	0.648	0.636	0.628	0.568
2500.5	1                 111.1	8                  39.8	0.659	0.639	0.624	0.568
2500.7	8                 112.0	0                  39.6	0.666	0.641	0.63	0.566
2501	1                 112.6	5                  41.4	0.671	0.643	0.636	0.565
2501.2	2                 104.3	1                  45.5	0.674	0.649	0.627	0.546
2501.5	2                 119.6	1                  50.0	0.682	0.674	0.657	0.592
2501.7	3                 116.8	4                  52.9	0.69	0.7	0.689	0.639
2502	3                 141.4	3                  44.7	0.693	0.749	0.718	0.713
2502.2	8                 144.0	0                  40.4	0.695	0.772	0.732	0.746
2502.5	4                 146.7	7                  36.5	0.693	0.777	0.768	0.844
2502.7	4                 144.1	5                  40.4	0.69	0.746	0.729	0.77
2503	5                 146.6	6                  41.9	0.687	0.708	0.682	0.682
2503.2	5                 145.3	7                  41.1	0.682	0.657	0.675	0.611
2503.5	3                 144.5	9                  43.5	0.679	0.646	0.657	0.582
2503.7	6                 144.0	3                  45.2	0.677	0.637	0.643	0.559
2504	6                 146.5	0                  52.0	0.672	0.651	0.684	0.61
2504.2	6                 149.3	0                  54.3	0.668	0.657	0.686	0.633
2504.5	7                 153.2	7                  53.5	0.664	0.662	0.688	0.651
2504.7	7                 137.4	9                  52.0	0.661	0.643	0.676	0.621
2505	3                 136.1	0                  41.4	0.658	0.638	0.667	0.612
2505.2	8                 134.7	2                  42.8	0.655	0.631	0.657	0.602
2505.5	8                 127.8	3                  45.4	0.648	0.621	0.642	0.59
2505.7	9                 127.4	9                  46.0	0.646	0.618	0.639	0.586
2506	9                 129.6	2                  46.4	0.643	0.614	0.634	0.581
2506.2	0                 136.9	2                  44.2	0.649	0.619	0.641	0.579
2506.5	3                 149.3	9                  44.8	0.668	0.627	0.647	0.585
2506.7	0                 166.2	4                  45.3	0.737	0.685	0.703	0.608
2507	1                 144.6	9                  49.8	0.866	0.979	0.951	1.023
2507.2	1                 145.1	1                  52.8	0.951	1.031	1.025	1.035
2507.5	2                 144.2	4                  58.3	0.977	0.958	0.973	0.913
2507.7	8                 133.3	3                  42.1	0.974	0.909	0.922	0.852
2508	2                 123.5	1                  46.8	0.993	0.966	0.947	0.874
2508.2	2                 83.17	59.5	1.002	1.114	1.054	1.138
2508.5	3                 48.01	54	0.947	0.999	0.993	1.016
2508.7	3                 36.62	61.9	0.87	0.784	0.81	0.725
2509	4                 33.61	64.5	0.847	0.776	0.8	0.747
2509.2	8                 31.95	40.3	0.91	0.822	0.839	0.748
2509.5	4                 29.91	47.6	1.034	1.133	1.126	1.183
2509.7	5                 27.37	44.9	1.085	1.13	1.141	1.12
2510	5                 26.38	74.4	1.098	1.095	1.122	1.035
2510.2	6                 25.84	74	1.053	1.019	1.052	0.987
2510.5	2                 24.45	72.8	0.993	0.895	0.915	0.839
2510.7	6                 23.30	65.5	0.998	0.934	0.933	0.838
2511	7                 23.10	40.6	1.015	1.113	1.088	1.153
2511.2	7                 20.85	57.1	0.965	0.901	0.899	0.822
2511.5	8                 20.10	78.4	0.932	0.857	0.845	0.813
2511.7	8                 20.49	61.4	0.959	0.912	0.905	0.841
2512	2                 19.79	49.8	1.011	1.105	1.108	1.171
2512.2	9                 19.00	51.9	1.022	0.984	1.027	0.978
2512.5	9                 17.85	80.4	1.053	0.903	0.924	0.783
2512.7	9                 17.34	62.3	1.152	1.15	1.154	1.116
2513	0                 17.50	54.9	1.234	1.283	1.276	1.249
2513.2	7                 17.70	79.8	1.238	1.271	1.262	1.224
2513.5	0                 17.85	95.3	1.166	1.175	1.166	1.116
2513.7	1                 17.34	90.8	1.025	1.046	1.043	1.026
2514	1                 18.21	74.5	0.868	0.851	0.855	0.794
2514.2	2                 19.09	62	0.74	0.688	0.693	0.617
2514.5	2                 19.67	60.4	0.674	0.633	0.629	0.556
2514.7	7                 19.47	46.5	0.655	0.647	0.65	0.6
2515	3                 19.25	28.8	0.647	0.636	0.637	0.587
2515.2	3                 19.23	33.7	0.635	0.641	0.585	0.485
2515.5	4                 19.00	27.9	0.647	0.652	0.633	0.526
2515.7	4                 18.50	27.8	0.651	0.655	0.652	0.57
2516	5                 18.13	29.5	0.654	0.643	0.646	0.574
2516.2	7                 17.98	25.5	0.659	0.66	0.664	0.613
2516.5	5                 17.76	27.6	0.671	0.67	0.672	0.623
2516.7	5                 17.20	32.9	0.677	0.658	0.669	0.634
2517	6                 16.87	30.5	0.704	0.675	0.689	0.628
2517.2	6                 16.47	29.8	0.766	0.743	0.784	0.77
2517.5	2                 16.48	34.8	0.856	0.896	0.878	0.879
2517.7	7                 16.49	48.8	0.873	0.893	0.903	0.874
2518	7                 15.92	55.6	0.8	0.742	0.756	0.684
2518.2	8                 15.35	77.5	0.745	0.705	0.714	0.662
2518.5	8                 14.71	104	1                   0.715	0.661	0.679	0.618
2518.7	9                 14.01	86.1	0.702	0.642	0.67	0.597
2519	2                 13.70	45.9	0.715	0.675	0.682	0.6
2519.2	9                 13.28	47.6	0.71	0.666	0.683	0.596
2519.5	0                 10.67	50.5	0.703	0.652	0.685	0.59
2519.7	7                 11.11	49.4	0.708	0.665	0.701	0.618
2520	0                 11.66	49.9	0.716	0.696	0.724	0.658
2520.2	7                 11.61	50.7	0.75	0.74	0.766	0.744
2520.5	1                 11.56	46.7	0.884	0.978	0.887	0.954
2520.7	1                 9.22	44.2	0.905	0.985	0.969	0.993
2521	2                 9.73	51.8	0.906	0.957	0.926	0.864
2521.2	2                 12.74	73.2	0.85	0.83	0.834	0.774
2521.5	3                 64.58	97.1	0.789	0.757	0.741	0.696
2521.7	7                 48.97	107	6                   0.774	0.764	0.745	0.706
2522	3                 30.51	112	3                   0.773	0.746	0.737	0.701
2522.2	4                 55.68	85.9	0.772	0.754	0.743	0.72
2522.5	4                 85.51	37.2	0.772	0.781	0.761	0.774
2522.7	5                 73.30	28.7	0.776	0.786	0.76	0.798
2523	2                 59.16	27.6	0.782	0.769	0.775	0.741
2523.2	5                 48.01	31.4	0.783	0.767	0.78	0.727
2523.5	6                 39.70	28.4	0.778	0.783	0.779	0.778
2523.7	6                 34.24	30.5	0.775	0.786	0.771	0.791
2524	6                 31.23	31.4	0.769	0.782	0.783	0.78
2524.2	7                 29.52	28.1	0.753	0.763	0.756	0.788
2524.5	2                 33.09	29.5	0.746	0.715	0.715	0.698
2524.7	7                 36.95	29.5	0.74	0.697	0.709	0.656
2525	8                 47.14	28.6	0.737	0.709	0.696	0.697
2525.2	8                 55.44	30.5	0.755	0.723	0.706	0.681
2525.5	9                 56.25	31.4	0.801	0.847	0.797	0.839
2525.7	6                 55.55	28.8	0.838	0.844	0.834	0.836
2526	9                 55.05	31.5	0.855	0.771	0.776	0.709
2526.2	0                 57.16	45.5	0.895	0.742	0.772	0.606
2526.5	0                 55.70	53.3	0.972	0.969	0.977	0.926
2526.7	1                 54.99	72.1	1.055	1.149	1.178	1.237
2527	1                 54.29	84.1	1.084	1.136	1.188	1.165
2527.2	6                 49.86	82.4	1.097	1.116	1.16	1.128
2527.5	1                 45.47	79.8	1.107	1.093	1.125	1.092
2527.7	2                 43.73	71	1.129	1.056	1.113	0.995
2528	2                 44.67	73.9	1.151	1.057	1.124	0.941
2528.2	3                 42.53	81	1.156	1.076	1.132	0.968
2528.5	3                 44.48	89.6	1.162	1.096	1.141	0.997
2528.7	6                 48.97	95.7	1.179	1.178	1.186	1.187
2529	4                 55.08	88.4	1.205	1.172	1.215	1.163
2529.2	4                 72.18	80.1	1.221	1.14	1.183	1.058
2529.5	5                 82.99	78.6	1.221	1.133	1.169	1.041
2529.7	5                 88.16	81.6	1.223	1.137	1.171	1.056
2530	1                 93.73	75.5	1.225	1.139	1.172	1.067
2530.2	6                 98.76	82	1.229	1.15	1.19	1.096
2530.5	6                 106.4	5                  83.9	1.23	1.153	1.191	1.101
2530.7	6                 83.62	85	1.232	1.157	1.192	1.11
2531	7                 69.15	86.7	1.236	1.161	1.2	1.118
2531.2	7                 72.03	83.7	1.238	1.164	1.204	1.123
2531.5	1                 74.49	79.1	1.248	1.168	1.219	1.118
2531.7	8                 77.54	78.4	1.261	1.173	1.236	1.109
2532	8                 117.3	9                  78.1	1.273	1.182	1.249	1.108
2532.2	9                 122.7	5                  79.8	1.278	1.185	1.249	1.108
2532.5	9                 153.4	0                  75.8	1.285	1.189	1.249	1.109
2532.7	6                 149.4	0                  77.6	1.295	1.201	1.259	1.115
2533	0                 146.0	9                  79.7	1.3	1.207	1.264	1.118
2533.2	0                 126.2	2                  83.1	1.309	1.247	1.287	1.195
2533.5	0                 115.9	9                  78.9	1.32	1.258	1.29	1.227
2533.7	1                 116.8	6                  79.2	1.333	1.252	1.309	1.184
2534	1                 125.7	1                  79.8	1.346	1.246	1.328	1.142
2534.2	6                 133.3	7                  87.7	1.354	1.274	1.334	1.139
2534.5	2                 142.0	6                  86.1	1.357	1.301	1.337	1.195
2534.7	2                 138.9	7                  84.6	1.359	1.324	1.34	1.244
2535	3                 137.5	4                  85.9	0.998	1.007	0.93	0.953
2535.2	3                 131.3	4                  85.2	0.79	0.792	0.571	0.638
2535.5	1                 129.9	2                  84.7	0.797	0.809	0.621	0.695
2535.7	4                 128.8	5                  57.4	0.807	0.897	0.636	0.801
2536	4                 134.9	6                  31.1	0.8	0.855	0.599	0.736
2536.2	5                 123.6	4                  29.6	0.784	0.835	0.585	0.71
2536.5	5                 77.47	28.8	0.769	0.824	0.59	0.719
2536.7	5                 9.27	30.9	0.753	0.764	0.565	0.609
2537	5                 -999.	25                 26.0	0.757	0.777	0.584	0.618
2537.2	5                 -999.	25                 27.0	0.767	0.792	0.617	0.646
2537.5	5                 -999.	25                 26.8	0.766	0.796	0.573	0.653
2537.7	5                 -999.	25                 25.8	0.771	0.804	0.593	0.654
2538	5                 -999.	25                 27.4	0.763	0.79	0.56	0.657
2538.2	5                 -999.	25                 26.7	0.76	0.802	0.532	0.687
2538.5	5                 -999.	25                 24.7	0.801	0.811	0.749	0.792
2538.7	5                 -999.	25                 24.8	0.809	0.812	0.727	0.759
2539	5                 -999.	25                 24.6	0.806	0.82	0.674	0.759
2539.2	5                 -999.	25                 24.2	0.805	0.824	0.66	0.75
2539.5	5                 -999.	25                 24.2	0.806	0.83	0.679	0.772
2539.7	5                 -999.	25                 23.8	0.803	0.839	0.668	0.78
2540	5                 -999.	25                 24.3	0.798	0.846	0.583	0.766
2540.2	5                 -999.	25                 25.0	0.798	0.857	0.582	0.79
2540.5	5                 -999.	25                 31.3	0.798	0.859	0.536	0.745
2540.7	5                 -999.	25                 31.9	0.798	0.86	0.523	0.722
2541	5                 -999.	25                 29.7	0.798	0.862	0.533	0.716
2541.2	5                 -999.	25                 27.9	0.799	0.862	0.529	0.69
2541.5	5                 -999.	25                 31.5	0.797	0.863	0.509	0.666
2541.7	5                 -999.	25                 26.0	0.79	0.864	0.538	0.683
2542	5                 -999.	25                 29.7	0.784	0.846	0.576	0.713
2542.2	5                 -999.	25                 25.8	0.762	0.8	0.555	0.662
2542.5	5                 -999.	25                 30.5	0.734	0.742	0.501	0.572
2542.7	5                 -999.	25                 34.3	0.733	0.728	0.492	0.525
2543	5                 -999.	25                 33.8	0.772	0.782	0.553	0.602
2543.2	5                 -999.	25                 35.9	0.818	0.837	0.673	0.632
2543.5	5                 -999.	25                 50.8	0.835	0.852	0.764	0.693
2543.7	5                 -999.	25                 83.4	0.843	0.859	0.805	0.725
2544	5                 -999.	25                 41.1	0.833	0.864	0.649	0.711
2544.2	5                 -999.	25                 33.8	0.814	0.866	0.596	0.72
2544.5	5                 -999.	25                 34.7	0.777	0.789	0.532	0.619
2544.7	5                 -999.	25                 26.8	0.775	0.762	0.535	0.563
2545	5                 -999.	25                 25.6	0.788	0.805	0.562	0.614
2545.2	5                 -999.	25                 28.6	0.833	0.884	0.643	0.739
2545.5	5                 -999.	25                 27.8	0.746	0.795	0.404	0.561
2545.7	5                 -999.	25                 28.6	0.761	0.829	0.409	0.633
2546	5                 -999.	25                 26.9	0.744	0.797	0.385	0.602
2546.2	5                 -999.	25                 46.0	0.747	0.798	0.386	0.597
2546.5	5                 -999.	25                 22.3	0.744	0.794	0.383	0.591
2546.7	5                 -999.	25                 26.7	0.744	0.795	0.383	0.593
2547	5                 -999.	25                 30.9	0.743	0.795	0.383	0.596
2547.2	5                 -999.	25                 23.7	0.743	0.796	0.384	0.599
2547.5	5                 -999.	25                 24.8	0.743	0.797	0.384	0.602
2547.7	5                 -999.	25                 25.9	0.745	0.798	0.388	0.602
2548	5                 -999.	25                 27.4	0.806	0.85	0.5	0.66
2548.2	5                 -999.	25                 27.8	0.844	0.939	0.744	0.888
2548.5	5                 -999.	25                 28.4	0.822	0.93	0.69	0.888
2548.7	5                 -999.	25                 29.3	0.803	0.896	0.617	0.827
2549	5                 -999.	25                 29.5	0.778	0.803	0.561	0.699
2549.2	5                 -999.	25                 30.7	0.742	0.716	0.625	0.639
2549.5	5                 -999.	25                 30.4	0.734	0.743	0.698	0.755
2549.7	5                 -999.	25                 29.4	0.734	0.749	0.705	0.768
2550	5                 -999.	25                 29.4	0.726	0.737	0.614	0.668
2550.2	5                 -999.	25                 25.8	0.727	0.734	0.576	0.611
2550.5	5                 -999.	25                 25.8	0.739	0.737	0.599	0.616
2550.7	5                 -999.	25                 30.4	0.748	0.781	0.709	0.722
2551	5                 -999.	25                 31.7	0.737	0.763	0.692	0.703
2551.2	5                 -999.	25                 33.3	0.71	0.71	0.631	0.63
2551.5	5                 -999.	25                 34.4	0.699	0.673	0.62	0.558
2551.7	5                 -999.	25                 29.6	0.697	0.686	0.639	0.617
2552	5                 -999.	25                 27.6	0.696	0.714	0.625	0.687
2552.2	5                 -999.	25                 25.0	0.705	0.692	0.628	0.599
2552.5	5                 -999.	25                 26.7	0.718	0.69	0.635	0.58
2552.7	5                 -999.	25                 31.0	0.749	0.71	0.665	0.617
2553	5                 -999.	25                 46.9	0.765	0.73	0.695	0.652
2553.2	5                 -999.	25                 56.4	0.767	0.736	0.703	0.661
2553.5	5                 -999.	25                 72.4	0.77	0.745	0.707	0.673
2553.7	5                 -999.	25                 82.3	0.805	0.802	0.767	0.737
2554	5                 -999.	25                 76.6	0.841	0.845	0.802	0.758
2554.2	5                 -999.	25                 73.8	0.852	0.847	0.77	0.724
2554.5	5                 -999.	25                 58.3	0.855	0.847	0.778	0.722
2554.7	5                 -999.	25                 29.1	0.856	0.848	0.768	0.72
2555	5                 -999.	25                 25.4	0.859	0.848	0.773	0.727
