********************************************************************************

Well:		Bilabri D3
Path:		Original Path
Hole:		Original Path Hole
Start:		262.00(m)
End:			841.00(m)
Date/Time:	Wednesday, October 11, 2006 /19:13:48
********************************************************************************


DEPTH                   TVD                     ROP_AVG                 GR1AX                   RACLX                   RPCHX                   TCDX                    
m                       m                       m/hr                    API                     ohm.m                   ohm.m                   degF                    

262.00                  -999.25                 -999.25                 -999.25                 -999.25                 -999.25                 -999.25                 
262.10                  -999.25                 -999.25                 -999.25                 -999.25                 -999.25                 -999.25                 
262.20                  -999.25                 -999.25                 -999.25                 -999.25                 -999.25                 -999.25                 
262.30                  -999.25                 -999.25                 -999.25                 -999.25                 -999.25                 -999.25                 
262.40                  -999.25                 -999.25                 -999.25                 -999.25                 -999.25                 -999.25                 
262.50                  -999.25                 -999.25                 -999.25                 -999.25                 -999.25                 -999.25                 
262.60                  -999.25                 -999.25                 -999.25                 -999.25                 -999.25                 -999.25                 
262.70                  262.74                  0.00                    -999.25                 -999.25                 -999.25                 -999.25                 
262.80                  262.80                  -999.25                 -999.25                 -999.25                 -999.25                 -999.25                 
262.90                  262.90                  -999.25                 -999.25                 -999.25                 -999.25                 -999.25                 
263.00                  263.04                  0.53                    -999.25                 -999.25                 -999.25                 -999.25                 
263.10                  263.10                  -999.25                 -999.25                 -999.25                 -999.25                 -999.25                 
263.20                  263.20                  -999.25                 -999.25                 -999.25                 -999.25                 -999.25                 
263.30                  263.35                  5.19                    -999.25                 -999.25                 -999.25                 -999.25                 
263.40                  263.40                  -999.25                 -999.25                 -999.25                 -999.25                 -999.25                 
263.50                  263.50                  -999.25                 -999.25                 -999.25                 -999.25                 -999.25                 
263.60                  263.60                  -999.25                 -999.25                 -999.25                 -999.25                 -999.25                 
263.70                  263.65                  9.88                    -999.25                 -999.25                 -999.25                 -999.25                 
263.80                  263.80                  -999.25                 -999.25                 -999.25                 -999.25                 -999.25                 
263.90                  263.90                  -999.25                 -999.25                 -999.25                 -999.25                 -999.25                 
264.00                  263.96                  13.70                   -999.25                 -999.25                 -999.25                 -999.25                 
264.10                  264.10                  -999.25                 -999.25                 -999.25                 -999.25                 -999.25                 
264.20                  264.20                  -999.25                 -999.25                 -999.25                 -999.25                 -999.25                 
264.30                  264.26                  14.10                   -999.25                 -999.25                 -999.25                 -999.25                 
264.40                  264.40                  -999.25                 -999.25                 -999.25                 -999.25                 -999.25                 
264.50                  264.50                  -999.25                 -999.25                 -999.25                 -999.25                 -999.25                 
264.60                  264.57                  13.05                   -999.25                 -999.25                 -999.25                 -999.25                 
264.70                  264.70                  -999.25                 -999.25                 -999.25                 -999.25                 -999.25                 
264.80                  264.80                  -999.25                 -999.25                 -999.25                 -999.25                 -999.25                 
264.90                  264.87                  13.70                   -999.25                 -999.25                 -999.25                 -999.25                 
265.00                  265.00                  -999.25                 -999.25                 -999.25                 -999.25                 -999.25                 
265.10                  265.10                  -999.25                 -999.25                 -999.25                 -999.25                 -999.25                 
265.20                  265.18                  14.52                   -999.25                 -999.25                 -999.25                 -999.25                 
265.30                  265.30                  -999.25                 -999.25                 -999.25                 -999.25                 -999.25                 
265.40                  265.40                  -999.25                 -999.25                 -999.25                 -999.25                 -999.25                 
265.50                  265.48                  13.76                   -999.25                 -999.25                 -999.25                 -999.25                 
265.60                  265.60                  -999.25                 -999.25                 -999.25                 -999.25                 -999.25                 
265.70                  265.70                  -999.25                 -999.25                 -999.25                 -999.25                 -999.25                 
265.80                  265.79                  12.38                   -999.25                 -999.25                 -999.25                 -999.25                 
265.90                  265.90                  -999.25                 -999.25                 -999.25                 -999.25                 -999.25                 
266.00                  266.00                  -999.25                 -999.25                 -999.25                 -999.25                 -999.25                 
266.10                  266.09                  12.51                   -999.25                 -999.25                 -999.25                 -999.25                 
266.20                  266.20                  -999.25                 -999.25                 -999.25                 -999.25                 -999.25                 
266.30                  266.30                  -999.25                 -999.25                 -999.25                 -999.25                 -999.25                 
266.40                  266.40                  13.40                   -999.25                 -999.25                 -999.25                 -999.25                 
266.50                  266.50                  -999.25                 -999.25                 -999.25                 -999.25                 -999.25                 
266.60                  266.60                  -999.25                 -999.25                 -999.25                 -999.25                 -999.25                 
266.70                  266.70                  11.61                   -999.25                 -999.25                 -999.25                 -999.25                 
266.80                  266.80                  -999.25                 -999.25                 -999.25                 -999.25                 -999.25                 
266.90                  266.90                  -999.25                 -999.25                 -999.25                 -999.25                 -999.25                 
267.00                  267.00                  13.09                   -999.25                 -999.25                 -999.25                 -999.25                 
267.10                  267.10                  -999.25                 -999.25                 -999.25                 -999.25                 -999.25                 
267.20                  267.20                  -999.25                 -999.25                 -999.25                 -999.25                 -999.25                 
267.30                  267.31                  13.45                   -999.25                 -999.25                 -999.25                 -999.25                 
267.40                  267.40                  -999.25                 -999.25                 -999.25                 -999.25                 -999.25                 
267.50                  267.50                  -999.25                 -999.25                 -999.25                 -999.25                 -999.25                 
267.60                  267.61                  14.12                   -999.25                 -999.25                 -999.25                 -999.25                 
267.70                  267.70                  -999.25                 -999.25                 -999.25                 -999.25                 -999.25                 
267.80                  267.80                  -999.25                 -999.25                 -999.25                 -999.25                 -999.25                 
267.90                  267.92                  12.72                   -999.25                 -999.25                 -999.25                 -999.25                 
268.00                  268.00                  -999.25                 -999.25                 -999.25                 -999.25                 -999.25                 
268.10                  268.10                  -999.25                 -999.25                 -999.25                 -999.25                 -999.25                 
268.20                  268.22                  12.88                   -999.25                 -999.25                 -999.25                 -999.25                 
268.30                  268.30                  -999.25                 -999.25                 -999.25                 -999.25                 -999.25                 
268.40                  268.40                  -999.25                 -999.25                 -999.25                 -999.25                 -999.25                 
268.50                  268.53                  15.28                   -999.25                 -999.25                 -999.25                 -999.25                 
268.60                  268.60                  -999.25                 -999.25                 -999.25                 -999.25                 -999.25                 
268.70                  268.70                  -999.25                 -999.25                 -999.25                 -999.25                 -999.25                 
268.80                  268.83                  13.50                   -999.25                 -999.25                 -999.25                 -999.25                 
268.90                  268.90                  -999.25                 -999.25                 -999.25                 -999.25                 -999.25                 
269.00                  269.00                  -999.25                 -999.25                 -999.25                 -999.25                 -999.25                 
269.10                  269.14                  15.42                   -999.25                 -999.25                 -999.25                 -999.25                 
269.20                  269.20                  -999.25                 -999.25                 -999.25                 -999.25                 -999.25                 
269.30                  269.30                  -999.25                 -999.25                 -999.25                 -999.25                 -999.25                 
269.40                  269.44                  16.65                   -999.25                 -999.25                 -999.25                 -999.25                 
269.50                  269.50                  -999.25                 -999.25                 -999.25                 -999.25                 -999.25                 
269.60                  269.60                  -999.25                 -999.25                 -999.25                 -999.25                 -999.25                 
269.70                  269.75                  16.62                   -999.25                 -999.25                 -999.25                 -999.25                 
269.80                  269.80                  -999.25                 -999.25                 -999.25                 -999.25                 -999.25                 
269.90                  269.90                  -999.25                 -999.25                 -999.25                 -999.25                 -999.25                 
270.00                  270.00                  -999.25                 -999.25                 -999.25                 -999.25                 -999.25                 
270.10                  270.05                  17.88                   -999.25                 -999.25                 -999.25                 -999.25                 
270.20                  270.20                  -999.25                 -999.25                 -999.25                 -999.25                 -999.25                 
270.30                  270.30                  -999.25                 -999.25                 -999.25                 -999.25                 -999.25                 
270.40                  270.36                  17.03                   -999.25                 -999.25                 -999.25                 -999.25                 
270.50                  270.50                  -999.25                 -999.25                 -999.25                 -999.25                 -999.25                 
270.60                  270.60                  -999.25                 -999.25                 -999.25                 -999.25                 -999.25                 
270.70                  270.66                  16.66                   -999.25                 -999.25                 -999.25                 -999.25                 
270.80                  270.80                  -999.25                 -999.25                 -999.25                 -999.25                 -999.25                 
270.90                  270.90                  -999.25                 -999.25                 -999.25                 -999.25                 -999.25                 
271.00                  270.97                  17.44                   -999.25                 -999.25                 -999.25                 -999.25                 
271.10                  271.10                  -999.25                 -999.25                 -999.25                 -999.25                 -999.25                 
271.20                  271.20                  -999.25                 -999.25                 -999.25                 -999.25                 -999.25                 
271.30                  271.27                  18.63                   -999.25                 -999.25                 -999.25                 -999.25                 
271.40                  271.40                  -999.25                 -999.25                 -999.25                 -999.25                 -999.25                 
271.50                  271.50                  -999.25                 -999.25                 -999.25                 -999.25                 -999.25                 
271.60                  271.58                  17.99                   -999.25                 -999.25                 -999.25                 -999.25                 
271.70                  271.70                  -999.25                 -999.25                 -999.25                 -999.25                 -999.25                 
271.80                  271.80                  -999.25                 -999.25                 -999.25                 -999.25                 -999.25                 
271.90                  271.88                  18.08                   -999.25                 -999.25                 -999.25                 -999.25                 
272.00                  272.00                  -999.25                 -999.25                 -999.25                 -999.25                 -999.25                 
272.10                  272.10                  -999.25                 -999.25                 -999.25                 -999.25                 -999.25                 
272.20                  272.19                  17.48                   -999.25                 -999.25                 -999.25                 -999.25                 
272.30                  272.30                  -999.25                 -999.25                 -999.25                 -999.25                 -999.25                 
272.40                  272.40                  -999.25                 -999.25                 -999.25                 -999.25                 -999.25                 
272.50                  272.49                  19.70                   -999.25                 -999.25                 -999.25                 -999.25                 
272.60                  272.60                  -999.25                 -999.25                 -999.25                 -999.25                 -999.25                 
272.70                  272.70                  -999.25                 -999.25                 -999.25                 -999.25                 -999.25                 
272.80                  272.80                  20.94                   -999.25                 -999.25                 -999.25                 -999.25                 
272.90                  272.90                  -999.25                 -999.25                 -999.25                 -999.25                 -999.25                 
273.00                  273.00                  -999.25                 -999.25                 -999.25                 -999.25                 -999.25                 
273.10                  273.10                  19.52                   -999.25                 -999.25                 -999.25                 -999.25                 
273.20                  273.20                  -999.25                 -999.25                 -999.25                 -999.25                 -999.25                 
273.30                  273.30                  -999.25                 -999.25                 -999.25                 -999.25                 -999.25                 
273.40                  273.41                  19.43                   -999.25                 -999.25                 -999.25                 -999.25                 
273.50                  273.50                  -999.25                 -999.25                 -999.25                 -999.25                 -999.25                 
273.60                  273.60                  -999.25                 -999.25                 -999.25                 -999.25                 -999.25                 
273.70                  273.71                  17.87                   -999.25                 -999.25                 -999.25                 -999.25                 
273.80                  273.80                  -999.25                 -999.25                 -999.25                 -999.25                 -999.25                 
273.90                  273.90                  -999.25                 -999.25                 -999.25                 -999.25                 -999.25                 
274.00                  274.02                  17.52                   -999.25                 -999.25                 -999.25                 -999.25                 
274.10                  274.10                  -999.25                 -999.25                 -999.25                 -999.25                 -999.25                 
274.20                  274.20                  -999.25                 -999.25                 -999.25                 -999.25                 -999.25                 
274.30                  274.32                  16.35                   -999.25                 -999.25                 -999.25                 -999.25                 
274.40                  274.40                  -999.25                 -999.25                 -999.25                 -999.25                 -999.25                 
274.50                  274.50                  -999.25                 -999.25                 -999.25                 -999.25                 -999.25                 
274.60                  274.62                  17.13                   -999.25                 -999.25                 -999.25                 -999.25                 
274.70                  274.70                  -999.25                 -999.25                 -999.25                 -999.25                 -999.25                 
274.80                  274.80                  -999.25                 -999.25                 -999.25                 -999.25                 -999.25                 
274.90                  274.93                  17.85                   -999.25                 -999.25                 -999.25                 -999.25                 
275.00                  275.00                  -999.25                 -999.25                 -999.25                 -999.25                 -999.25                 
275.10                  275.10                  -999.25                 -999.25                 -999.25                 -999.25                 -999.25                 
275.20                  275.23                  20.61                   -999.25                 -999.25                 -999.25                 -999.25                 
275.30                  275.30                  -999.25                 -999.25                 -999.25                 -999.25                 -999.25                 
275.40                  275.40                  -999.25                 -999.25                 -999.25                 -999.25                 -999.25                 
275.50                  275.54                  17.87                   -999.25                 -999.25                 -999.25                 -999.25                 
275.60                  275.60                  -999.25                 -999.25                 -999.25                 -999.25                 -999.25                 
275.70                  275.70                  -999.25                 -999.25                 -999.25                 -999.25                 -999.25                 
275.80                  275.84                  17.10                   -999.25                 -999.25                 -999.25                 -999.25                 
275.90                  275.90                  -999.25                 -999.25                 -999.25                 -999.25                 -999.25                 
276.00                  276.00                  -999.25                 -999.25                 -999.25                 -999.25                 -999.25                 
276.10                  276.15                  16.67                   -999.25                 -999.25                 -999.25                 -999.25                 
276.20                  276.20                  -999.25                 -999.25                 -999.25                 -999.25                 -999.25                 
276.30                  276.30                  -999.25                 -999.25                 -999.25                 -999.25                 -999.25                 
276.40                  276.40                  -999.25                 -999.25                 -999.25                 -999.25                 -999.25                 
276.50                  276.45                  15.67                   -999.25                 -999.25                 -999.25                 -999.25                 
276.60                  276.60                  -999.25                 -999.25                 -999.25                 -999.25                 -999.25                 
276.70                  276.70                  -999.25                 -999.25                 -999.25                 -999.25                 -999.25                 
276.80                  276.76                  15.59                   -999.25                 -999.25                 -999.25                 -999.25                 
276.90                  276.90                  -999.25                 -999.25                 -999.25                 -999.25                 -999.25                 
277.00                  277.00                  -999.25                 -999.25                 -999.25                 -999.25                 -999.25                 
277.10                  277.06                  16.18                   -999.25                 -999.25                 -999.25                 -999.25                 
277.20                  277.20                  -999.25                 -999.25                 -999.25                 -999.25                 -999.25                 
277.30                  277.30                  -999.25                 -999.25                 -999.25                 -999.25                 -999.25                 
277.40                  277.37                  18.67                   -999.25                 -999.25                 -999.25                 -999.25                 
277.50                  277.50                  -999.25                 -999.25                 -999.25                 -999.25                 -999.25                 
277.60                  277.60                  -999.25                 -999.25                 -999.25                 -999.25                 -999.25                 
277.70                  277.67                  19.30                   -999.25                 -999.25                 -999.25                 -999.25                 
277.80                  277.80                  -999.25                 -999.25                 -999.25                 -999.25                 -999.25                 
277.90                  277.90                  -999.25                 -999.25                 -999.25                 -999.25                 -999.25                 
278.00                  277.98                  21.34                   -999.25                 -999.25                 -999.25                 -999.25                 
278.10                  278.10                  -999.25                 -999.25                 -999.25                 -999.25                 -999.25                 
278.20                  278.20                  -999.25                 -999.25                 -999.25                 -999.25                 -999.25                 
278.30                  278.28                  23.68                   -999.25                 -999.25                 -999.25                 -999.25                 
278.40                  278.40                  -999.25                 53.2                    -999.25                 -999.25                 -999.25                 
278.50                  278.50                  -999.25                 -999.25                 -999.25                 -999.25                 -999.25                 
278.60                  278.59                  23.29                   -999.25                 -999.25                 -999.25                 -999.25                 
278.70                  278.70                  -999.25                 -999.25                 -999.25                 -999.25                 -999.25                 
278.80                  278.80                  -999.25                 -999.25                 2849.472                84495.109               -999.25                 
278.90                  278.89                  26.35                   -999.25                 2849.472                84495.109               -999.25                 
279.00                  279.00                  -999.25                 -999.25                 2849.472                84495.109               -999.25                 
279.10                  279.10                  -999.25                 -999.25                 -999.25                 -999.25                 -999.25                 
279.20                  279.20                  22.72                   -999.25                 -999.25                 -999.25                 -999.25                 
279.30                  279.30                  -999.25                 49.3                    2849.472                84495.109               -999.25                 
279.40                  279.40                  -999.25                 -999.25                 -999.25                 -999.25                 -999.25                 
279.50                  279.50                  22.69                   48.4                    -999.25                 -999.25                 -999.25                 
279.60                  279.60                  -999.25                 -999.25                 2849.472                84495.109               -999.25                 
279.70                  279.70                  -999.25                 48.4                    -999.25                 -999.25                 -999.25                 
279.80                  279.81                  21.87                   -999.25                 -999.25                 -999.25                 -999.25                 
279.90                  279.90                  -999.25                 -999.25                 2849.472                84495.109               -999.25                 
280.00                  280.00                  -999.25                 50.6                    -999.25                 -999.25                 -999.25                 
280.10                  280.11                  21.74                   -999.25                 -999.25                 -999.25                 -999.25                 
280.20                  280.20                  -999.25                 -999.25                 -999.25                 -999.25                 -999.25                 
280.30                  280.30                  -999.25                 -999.25                 2849.472                84495.109               -999.25                 
280.40                  280.42                  27.17                   53.2                    2849.472                84495.109               -999.25                 
280.50                  280.50                  -999.25                 -999.25                 -999.25                 -999.25                 -999.25                 
280.60                  280.60                  -999.25                 -999.25                 -999.25                 -999.25                 -999.25                 
280.70                  280.72                  28.25                   51.4                    -999.25                 -999.25                 -999.25                 
280.80                  280.80                  -999.25                 62.8                    -999.25                 -999.25                 -999.25                 
280.90                  280.90                  -999.25                 -999.25                 -999.25                 84495.109               -999.25                 
281.00                  281.03                  27.11                   -999.25                 -999.25                 -999.25                 -999.25                 
281.10                  281.10                  -999.25                 -999.25                 -999.25                 -999.25                 -999.25                 
281.20                  281.20                  -999.25                 -999.25                 -999.25                 -999.25                 -999.25                 
281.30                  281.33                  31.20                   -999.25                 2849.472                84495.109               -999.25                 
281.40                  281.40                  -999.25                 63.2                    -999.25                 -999.25                 -999.25                 
281.50                  281.50                  -999.25                 -999.25                 2849.472                84495.109               -999.25                 
281.60                  281.64                  27.48                   -999.25                 -999.25                 -999.25                 -999.25                 
281.70                  281.70                  -999.25                 66.2                    -999.25                 -999.25                 -999.25                 
281.80                  281.80                  -999.25                 -999.25                 -999.25                 -999.25                 -999.25                 
281.90                  281.94                  21.82                   -999.25                 2849.472                84495.109               -999.25                 
282.00                  282.00                  -999.25                 64.5                    -999.25                 -999.25                 -999.25                 
282.10                  282.10                  -999.25                 -999.25                 -999.25                 -999.25                 -999.25                 
282.20                  282.24                  14.53                   -999.25                 -999.25                 -999.25                 -999.25                 
282.30                  282.30                  -999.25                 -999.25                 2849.472                84495.109               -999.25                 
282.40                  282.40                  -999.25                 63.6                    -999.25                 -999.25                 -999.25                 
282.50                  282.55                  11.89                   -999.25                 2849.472                84495.109               -999.25                 
282.60                  282.60                  -999.25                 -999.25                 -999.25                 -999.25                 -999.25                 
282.70                  282.70                  -999.25                 56.2                    -999.25                 -999.25                 -999.25                 
282.80                  282.80                  -999.25                 -999.25                 2849.472                84495.109               -999.25                 
282.90                  282.85                  10.18                   -999.25                 -999.25                 -999.25                 -999.25                 
283.00                  283.00                  -999.25                 59.7                    -999.25                 -999.25                 -999.25                 
283.10                  283.10                  -999.25                 -999.25                 2849.472                84495.109               -999.25                 
283.20                  283.16                  8.99                    -999.25                 -999.25                 -999.25                 -999.25                 
283.30                  283.30                  -999.25                 52.7                    2849.472                84495.109               -999.25                 
283.40                  283.40                  -999.25                 -999.25                 -999.25                 -999.25                 -999.25                 
283.50                  283.46                  7.87                    53.6                    2849.472                84495.109               -999.25                 
283.60                  283.60                  -999.25                 -999.25                 -999.25                 -999.25                 -999.25                 
283.70                  283.70                  -999.25                 58.0                    -999.25                 -999.25                 -999.25                 
283.80                  283.77                  6.93                    -999.25                 -999.25                 -999.25                 -999.25                 
283.90                  283.90                  -999.25                 -999.25                 2849.472                84495.109               -999.25                 
284.00                  284.00                  -999.25                 58.0                    -999.25                 -999.25                 -999.25                 
284.10                  284.07                  6.21                    -999.25                 2849.472                84495.109               -999.25                 
284.20                  284.20                  -999.25                 50.6                    -999.25                 -999.25                 -999.25                 
284.30                  284.30                  -999.25                 -999.25                 -999.25                 -999.25                 -999.25                 
284.40                  284.38                  6.83                    -999.25                 2849.472                84495.109               -999.25                 
284.50                  284.50                  -999.25                 50.6                    2849.472                84495.109               -999.25                 
284.60                  284.60                  -999.25                 -999.25                 -999.25                 -999.25                 -999.25                 
284.70                  284.68                  6.88                    -999.25                 -999.25                 -999.25                 -999.25                 
284.80                  284.80                  -999.25                 48.0                    -999.25                 -999.25                 -999.25                 
284.90                  284.90                  -999.25                 24.4                    2849.472                84495.109               -999.25                 
285.00                  284.99                  6.79                    -999.25                 -999.25                 -999.25                 -999.25                 
285.10                  285.10                  -999.25                 -999.25                 2849.472                84495.109               -999.25                 
285.20                  285.20                  -999.25                 24.0                    -999.25                 -999.25                 -999.25                 
285.30                  285.29                  6.80                    -999.25                 -999.25                 -999.25                 -999.25                 
285.40                  285.40                  -999.25                 -999.25                 -999.25                 -999.25                 -999.25                 
285.50                  285.50                  -999.25                 -999.25                 0.853                   0.222                   -999.25                 
285.60                  285.60                  7.11                    20.1                    -999.25                 -999.25                 -999.25                 
285.70                  285.70                  -999.25                 -999.25                 0.852                   0.297                   -999.25                 
285.80                  285.80                  -999.25                 -999.25                 -999.25                 -999.25                 -999.25                 
285.90                  285.90                  6.51                    20.1                    0.838                   0.311                   -999.25                 
286.00                  286.00                  -999.25                 -999.25                 -999.25                 -999.25                 -999.25                 
286.10                  286.10                  -999.25                 24.9                    0.809                   0.321                   -999.25                 
286.20                  286.21                  5.91                    -999.25                 -999.25                 -999.25                 -999.25                 
286.30                  -999.25                 -999.25                 24.4                    -999.25                 -999.25                 -999.25                 
286.40                  -999.25                 -999.25                 -999.25                 0.760                   0.278                   -999.25                 
286.50                  -999.25                 -999.25                 -999.25                 -999.25                 -999.25                 -999.25                 
286.60                  -999.25                 -999.25                 24.9                    0.738                   0.311                   -999.25                 
286.70                  -999.25                 -999.25                 -999.25                 -999.25                 -999.25                 -999.25                 
286.80                  -999.25                 -999.25                 24.0                    0.730                   0.355                   -999.25                 
286.90                  -999.25                 -999.25                 -999.25                 -999.25                 -999.25                 -999.25                 
287.00                  -999.25                 -999.25                 20.9                    -999.25                 -999.25                 -999.25                 
287.10                  -999.25                 -999.25                 -999.25                 0.712                   0.332                   -999.25                 
287.20                  -999.25                 -999.25                 -999.25                 -999.25                 -999.25                 -999.25                 
287.30                  -999.25                 -999.25                 18.8                    0.687                   0.314                   -999.25                 
287.40                  -999.25                 -999.25                 -999.25                 -999.25                 -999.25                 -999.25                 
287.50                  -999.25                 -999.25                 14.0                    0.717                   0.284                   -999.25                 
287.60                  -999.25                 -999.25                 -999.25                 -999.25                 -999.25                 -999.25                 
287.70                  -999.25                 -999.25                 -999.25                 0.764                   0.481                   -999.25                 
287.80                  -999.25                 -999.25                 20.1                    -999.25                 -999.25                 -999.25                 
287.90                  -999.25                 -999.25                 -999.25                 -999.25                 -999.25                 -999.25                 
288.00                  -999.25                 -999.25                 22.7                    -999.25                 -999.25                 -999.25                 
288.10                  -999.25                 -999.25                 20.1                    0.703                   0.272                   -999.25                 
288.20                  -999.25                 -999.25                 -999.25                 -999.25                 -999.25                 -999.25                 
288.30                  -999.25                 -999.25                 -999.25                 -999.25                 -999.25                 -999.25                 
288.40                  -999.25                 -999.25                 14.0                    -999.25                 -999.25                 -999.25                 
288.50                  -999.25                 -999.25                 -999.25                 -999.25                 -999.25                 -999.25                 
288.60                  -999.25                 -999.25                 -999.25                 -999.25                 -999.25                 -999.25                 
288.70                  -999.25                 -999.25                 -999.25                 -999.25                 -999.25                 -999.25                 
288.80                  -999.25                 -999.25                 -999.25                 -999.25                 -999.25                 -999.25                 
288.90                  -999.25                 -999.25                 -999.25                 -999.25                 -999.25                 -999.25                 
289.00                  -999.25                 -999.25                 -999.25                 0.753                   0.432                   -999.25                 
289.10                  -999.25                 -999.25                 -999.25                 -999.25                 -999.25                 -999.25                 
289.20                  -999.25                 -999.25                 -999.25                 -999.25                 -999.25                 -999.25                 
289.30                  -999.25                 -999.25                 -999.25                 -999.25                 -999.25                 -999.25                 
289.40                  -999.25                 -999.25                 -999.25                 -999.25                 -999.25                 -999.25                 
289.50                  -999.25                 -999.25                 -999.25                 -999.25                 -999.25                 -999.25                 
289.60                  -999.25                 -999.25                 17.0                    -999.25                 -999.25                 -999.25                 
289.70                  -999.25                 -999.25                 -999.25                 0.792                   0.487                   -999.25                 
289.80                  -999.25                 -999.25                 -999.25                 -999.25                 -999.25                 -999.25                 
289.90                  -999.25                 -999.25                 -999.25                 -999.25                 -999.25                 -999.25                 
290.00                  -999.25                 -999.25                 -999.25                 -999.25                 -999.25                 -999.25                 
290.10                  -999.25                 -999.25                 -999.25                 -999.25                 -999.25                 -999.25                 
290.20                  -999.25                 -999.25                 19.2                    0.879                   0.560                   -999.25                 
290.30                  -999.25                 -999.25                 -999.25                 -999.25                 -999.25                 -999.25                 
290.40                  -999.25                 -999.25                 -999.25                 -999.25                 -999.25                 -999.25                 
290.50                  -999.25                 -999.25                 -999.25                 0.898                   0.481                   -999.25                 
290.60                  -999.25                 -999.25                 19.6                    -999.25                 -999.25                 -999.25                 
290.70                  -999.25                 -999.25                 -999.25                 -999.25                 -999.25                 -999.25                 
290.80                  -999.25                 -999.25                 -999.25                 -999.25                 -999.25                 -999.25                 
290.90                  -999.25                 -999.25                 -999.25                 -999.25                 -999.25                 -999.25                 
291.00                  -999.25                 -999.25                 12.7                    0.977                   0.400                   -999.25                 
291.10                  -999.25                 -999.25                 -999.25                 -999.25                 -999.25                 -999.25                 
291.20                  -999.25                 -999.25                 -999.25                 -999.25                 -999.25                 -999.25                 
291.30                  -999.25                 -999.25                 -999.25                 -999.25                 -999.25                 -999.25                 
291.40                  -999.25                 -999.25                 -999.25                 -999.25                 -999.25                 -999.25                 
291.50                  -999.25                 -999.25                 10.5                    -999.25                 -999.25                 -999.25                 
291.60                  -999.25                 -999.25                 -999.25                 -999.25                 -999.25                 -999.25                 
291.70                  -999.25                 -999.25                 -999.25                 -999.25                 -999.25                 -999.25                 
291.80                  -999.25                 -999.25                 -999.25                 0.975                   0.375                   -999.25                 
291.90                  -999.25                 -999.25                 -999.25                 -999.25                 -999.25                 -999.25                 
292.00                  -999.25                 -999.25                 -999.25                 -999.25                 -999.25                 -999.25                 
292.10                  -999.25                 -999.25                 -999.25                 -999.25                 -999.25                 -999.25                 
292.20                  -999.25                 -999.25                 11.8                    -999.25                 -999.25                 -999.25                 
292.30                  -999.25                 -999.25                 -999.25                 0.823                   0.396                   -999.25                 
292.40                  -999.25                 -999.25                 11.8                    -999.25                 -999.25                 -999.25                 
292.50                  -999.25                 -999.25                 -999.25                 -999.25                 -999.25                 -999.25                 
292.60                  -999.25                 -999.25                 -999.25                 -999.25                 -999.25                 -999.25                 
292.70                  -999.25                 -999.25                 -999.25                 0.878                   0.260                   -999.25                 
292.80                  -999.25                 -999.25                 9.6                     -999.25                 -999.25                 -999.25                 
292.90                  -999.25                 -999.25                 -999.25                 0.829                   0.351                   -999.25                 
293.00                  -999.25                 -999.25                 -999.25                 -999.25                 -999.25                 -999.25                 
293.10                  -999.25                 -999.25                 8.7                     -999.25                 -999.25                 -999.25                 
293.20                  -999.25                 -999.25                 -999.25                 -999.25                 -999.25                 -999.25                 
293.30                  -999.25                 -999.25                 -999.25                 0.810                   0.254                   -999.25                 
293.40                  -999.25                 -999.25                 11.8                    -999.25                 -999.25                 -999.25                 
293.50                  -999.25                 -999.25                 -999.25                 -999.25                 -999.25                 -999.25                 
293.60                  -999.25                 -999.25                 -999.25                 0.817                   0.269                   -999.25                 
293.70                  -999.25                 -999.25                 -999.25                 -999.25                 -999.25                 -999.25                 
293.80                  -999.25                 -999.25                 12.7                    -999.25                 -999.25                 -999.25                 
293.90                  -999.25                 -999.25                 -999.25                 -999.25                 -999.25                 -999.25                 
294.00                  -999.25                 -999.25                 14.8                    -999.25                 -999.25                 -999.25                 
294.10                  -999.25                 -999.25                 -999.25                 0.863                   0.240                   -999.25                 
294.20                  -999.25                 -999.25                 -999.25                 -999.25                 -999.25                 -999.25                 
294.30                  -999.25                 -999.25                 -999.25                 -999.25                 -999.25                 -999.25                 
294.40                  -999.25                 -999.25                 -999.25                 -999.25                 -999.25                 -999.25                 
294.50                  -999.25                 -999.25                 14.8                    0.821                   0.297                   -999.25                 
294.60                  -999.25                 -999.25                 -999.25                 -999.25                 -999.25                 -999.25                 
294.70                  -999.25                 -999.25                 -999.25                 -999.25                 -999.25                 -999.25                 
294.80                  -999.25                 -999.25                 -999.25                 -999.25                 -999.25                 -999.25                 
294.90                  -999.25                 -999.25                 -999.25                 0.825                   0.363                   -999.25                 
295.00                  -999.25                 -999.25                 16.6                    -999.25                 -999.25                 -999.25                 
295.10                  -999.25                 -999.25                 -999.25                 -999.25                 -999.25                 -999.25                 
295.20                  -999.25                 -999.25                 -999.25                 -999.25                 -999.25                 -999.25                 
295.30                  -999.25                 -999.25                 16.6                    0.869                   0.451                   -999.25                 
295.40                  -999.25                 -999.25                 -999.25                 -999.25                 -999.25                 -999.25                 
295.50                  -999.25                 -999.25                 -999.25                 -999.25                 -999.25                 -999.25                 
295.60                  -999.25                 -999.25                 -999.25                 -999.25                 -999.25                 -999.25                 
295.70                  -999.25                 -999.25                 -999.25                 -999.25                 -999.25                 -999.25                 
295.80                  -999.25                 -999.25                 15.3                    0.869                   0.405                   -999.25                 
295.90                  -999.25                 -999.25                 -999.25                 -999.25                 -999.25                 -999.25                 
296.00                  -999.25                 -999.25                 -999.25                 -999.25                 -999.25                 -999.25                 
296.10                  -999.25                 -999.25                 -999.25                 -999.25                 -999.25                 -999.25                 
296.20                  -999.25                 -999.25                 -999.25                 -999.25                 -999.25                 -999.25                 
296.30                  -999.25                 -999.25                 13.5                    0.841                   0.343                   -999.25                 
296.40                  -999.25                 -999.25                 -999.25                 -999.25                 -999.25                 -999.25                 
296.50                  -999.25                 -999.25                 -999.25                 -999.25                 -999.25                 -999.25                 
296.60                  -999.25                 -999.25                 -999.25                 -999.25                 -999.25                 -999.25                 
296.70                  -999.25                 -999.25                 14.0                    0.805                   0.400                   -999.25                 
296.80                  -999.25                 -999.25                 -999.25                 -999.25                 -999.25                 -999.25                 
296.90                  -999.25                 -999.25                 -999.25                 -999.25                 -999.25                 -999.25                 
297.00                  -999.25                 -999.25                 -999.25                 -999.25                 -999.25                 -999.25                 
297.10                  -999.25                 -999.25                 -999.25                 0.786                   0.343                   -999.25                 
297.20                  -999.25                 -999.25                 14.4                    -999.25                 -999.25                 -999.25                 
297.30                  -999.25                 -999.25                 -999.25                 -999.25                 -999.25                 -999.25                 
297.40                  -999.25                 -999.25                 -999.25                 -999.25                 -999.25                 -999.25                 
297.50                  -999.25                 -999.25                 -999.25                 0.745                   0.340                   -999.25                 
297.60                  -999.25                 -999.25                 12.7                    -999.25                 -999.25                 -999.25                 
297.70                  -999.25                 -999.25                 -999.25                 -999.25                 -999.25                 -999.25                 
297.80                  -999.25                 -999.25                 -999.25                 -999.25                 -999.25                 -999.25                 
297.90                  -999.25                 -999.25                 12.7                    0.739                   0.318                   -999.25                 
298.00                  -999.25                 -999.25                 -999.25                 -999.25                 -999.25                 -999.25                 
298.10                  -999.25                 -999.25                 -999.25                 -999.25                 -999.25                 -999.25                 
298.20                  -999.25                 -999.25                 -999.25                 0.745                   0.300                   -999.25                 
298.30                  -999.25                 -999.25                 -999.25                 -999.25                 -999.25                 -999.25                 
298.40                  -999.25                 -999.25                 11.8                    -999.25                 -999.25                 -999.25                 
298.50                  -999.25                 -999.25                 -999.25                 -999.25                 -999.25                 -999.25                 
298.60                  -999.25                 -999.25                 -999.25                 -999.25                 -999.25                 -999.25                 
298.70                  -999.25                 -999.25                 10.5                    -999.25                 -999.25                 -999.25                 
298.80                  -999.25                 -999.25                 -999.25                 0.690                   0.246                   -999.25                 
298.90                  -999.25                 -999.25                 -999.25                 -999.25                 -999.25                 -999.25                 
299.00                  -999.25                 -999.25                 -999.25                 0.680                   0.257                   -999.25                 
299.10                  -999.25                 -999.25                 14.8                    -999.25                 -999.25                 -999.25                 
299.20                  -999.25                 -999.25                 -999.25                 -999.25                 -999.25                 -999.25                 
299.30                  -999.25                 -999.25                 -999.25                 0.736                   0.281                   -999.25                 
299.40                  -999.25                 -999.25                 -999.25                 -999.25                 -999.25                 -999.25                 
299.50                  -999.25                 -999.25                 18.3                    -999.25                 -999.25                 -999.25                 
299.60                  -999.25                 -999.25                 -999.25                 -999.25                 -999.25                 -999.25                 
299.70                  -999.25                 -999.25                 -999.25                 -999.25                 -999.25                 -999.25                 
299.80                  -999.25                 -999.25                 18.3                    0.783                   0.409                   -999.25                 
299.90                  -999.25                 -999.25                 -999.25                 -999.25                 -999.25                 -999.25                 
300.00                  -999.25                 -999.25                 -999.25                 -999.25                 -999.25                 -999.25                 
300.10                  -999.25                 -999.25                 18.3                    -999.25                 -999.25                 -999.25                 
300.20                  -999.25                 -999.25                 -999.25                 0.758                   0.297                   -999.25                 
300.30                  -999.25                 -999.25                 -999.25                 -999.25                 -999.25                 -999.25                 
300.40                  -999.25                 -999.25                 -999.25                 -999.25                 -999.25                 -999.25                 
300.50                  -999.25                 -999.25                 -999.25                 -999.25                 -999.25                 -999.25                 
300.60                  -999.25                 -999.25                 -999.25                 -999.25                 -999.25                 -999.25                 
300.70                  -999.25                 -999.25                 9.6                     0.566                   0.212                   -999.25                 
300.80                  -999.25                 -999.25                 -999.25                 -999.25                 -999.25                 -999.25                 
300.90                  -999.25                 -999.25                 -999.25                 -999.25                 -999.25                 -999.25                 
301.00                  -999.25                 -999.25                 -999.25                 -999.25                 -999.25                 -999.25                 
301.10                  -999.25                 -999.25                 -999.25                 -999.25                 -999.25                 -999.25                 
301.20                  -999.25                 -999.25                 8.3                     0.555                   0.202                   -999.25                 
301.30                  -999.25                 -999.25                 -999.25                 -999.25                 -999.25                 -999.25                 
301.40                  -999.25                 -999.25                 -999.25                 -999.25                 -999.25                 -999.25                 
301.50                  -999.25                 -999.25                 13.1                    0.624                   0.209                   -999.25                 
301.60                  -999.25                 -999.25                 -999.25                 -999.25                 -999.25                 -999.25                 
301.70                  -999.25                 -999.25                 -999.25                 -999.25                 -999.25                 -999.25                 
301.80                  -999.25                 -999.25                 -999.25                 -999.25                 -999.25                 -999.25                 
301.90                  -999.25                 -999.25                 -999.25                 -999.25                 -999.25                 -999.25                 
302.00                  -999.25                 -999.25                 9.2                     0.682                   0.229                   -999.25                 
302.10                  -999.25                 -999.25                 -999.25                 -999.25                 -999.25                 -999.25                 
302.20                  -999.25                 -999.25                 -999.25                 -999.25                 -999.25                 -999.25                 
302.30                  -999.25                 -999.25                 -999.25                 -999.25                 -999.25                 -999.25                 
302.40                  -999.25                 -999.25                 -999.25                 -999.25                 -999.25                 -999.25                 
302.50                  -999.25                 -999.25                 7.4                     0.536                   0.180                   -999.25                 
302.60                  -999.25                 -999.25                 -999.25                 -999.25                 -999.25                 -999.25                 
302.70                  -999.25                 -999.25                 -999.25                 0.494                   0.193                   -999.25                 
302.80                  -999.25                 -999.25                 -999.25                 -999.25                 -999.25                 -999.25                 
302.90                  -999.25                 -999.25                 6.6                     -999.25                 -999.25                 -999.25                 
303.00                  -999.25                 -999.25                 -999.25                 -999.25                 -999.25                 -999.25                 
303.10                  -999.25                 -999.25                 -999.25                 -999.25                 -999.25                 -999.25                 
303.20                  -999.25                 -999.25                 -999.25                 -999.25                 -999.25                 -999.25                 
303.30                  -999.25                 -999.25                 8.7                     0.570                   0.195                   -999.25                 
303.40                  -999.25                 -999.25                 -999.25                 -999.25                 -999.25                 -999.25                 
303.50                  -999.25                 -999.25                 -999.25                 -999.25                 -999.25                 -999.25                 
303.60                  -999.25                 -999.25                 -999.25                 -999.25                 -999.25                 -999.25                 
303.70                  -999.25                 -999.25                 18.8                    0.703                   0.347                   -999.25                 
303.80                  -999.25                 -999.25                 -999.25                 -999.25                 -999.25                 -999.25                 
303.90                  -999.25                 -999.25                 -999.25                 0.739                   0.396                   -999.25                 
304.00                  -999.25                 -999.25                 27.0                    -999.25                 -999.25                 -999.25                 
304.10                  -999.25                 -999.25                 -999.25                 -999.25                 -999.25                 -999.25                 
304.20                  -999.25                 -999.25                 -999.25                 -999.25                 -999.25                 -999.25                 
304.30                  -999.25                 -999.25                 -999.25                 0.776                   0.336                   -999.25                 
304.40                  -999.25                 -999.25                 23.6                    -999.25                 -999.25                 -999.25                 
304.50                  -999.25                 -999.25                 -999.25                 -999.25                 -999.25                 -999.25                 
304.60                  -999.25                 -999.25                 -999.25                 -999.25                 -999.25                 -999.25                 
304.70                  -999.25                 -999.25                 -999.25                 0.830                   0.351                   -999.25                 
304.80                  -999.25                 -999.25                 23.6                    -999.25                 -999.25                 -999.25                 
304.90                  -999.25                 -999.25                 -999.25                 -999.25                 -999.25                 -999.25                 
305.00                  -999.25                 -999.25                 -999.25                 0.864                   0.363                   -999.25                 
305.10                  -999.25                 -999.25                 27.5                    -999.25                 -999.25                 -999.25                 
305.20                  -999.25                 -999.25                 -999.25                 -999.25                 -999.25                 -999.25                 
305.30                  -999.25                 -999.25                 -999.25                 -999.25                 -999.25                 -999.25                 
305.40                  -999.25                 -999.25                 -999.25                 0.797                   0.284                   -999.25                 
305.50                  -999.25                 -999.25                 23.6                    -999.25                 -999.25                 -999.25                 
305.60                  -999.25                 -999.25                 -999.25                 -999.25                 -999.25                 -999.25                 
305.70                  305.71                  19.40                   -999.25                 0.718                   0.219                   -999.25                 
305.80                  305.80                  -999.25                 25.3                    -999.25                 -999.25                 -999.25                 
305.90                  305.90                  -999.25                 -999.25                 0.686                   0.207                   -999.25                 
306.00                  306.02                  22.50                   18.3                    -999.25                 -999.25                 -999.25                 
306.10                  306.10                  -999.25                 -999.25                 -999.25                 -999.25                 -999.25                 
306.20                  306.20                  -999.25                 -999.25                 0.519                   0.182                   -999.25                 
306.30                  306.30                  -999.25                 -999.25                 -999.25                 -999.25                 -999.25                 
306.40                  306.40                  -999.25                 12.2                    -999.25                 -999.25                 -999.25                 
306.50                  306.50                  -999.25                 -999.25                 -999.25                 -999.25                 -999.25                 
306.60                  306.63                  20.60                   -999.25                 0.297                   0.187                   -999.25                 
306.70                  306.70                  -999.25                 7.4                     -999.25                 -999.25                 -999.25                 
306.80                  306.80                  -999.25                 -999.25                 0.243                   0.174                   -999.25                 
306.90                  306.93                  26.44                   7.9                     0.233                   0.176                   86.3                    
307.00                  307.00                  -999.25                 -999.25                 -999.25                 -999.25                 86.3                    
307.10                  307.10                  -999.25                 -999.25                 0.215                   0.191                   86.3                    
307.20                  307.24                  13.76                   7.0                     -999.25                 -999.25                 86.3                    
307.30                  307.30                  -999.25                 3.1                     -999.25                 -999.25                 86.3                    
307.40                  307.40                  -999.25                 -999.25                 0.197                   0.193                   86.3                    
307.50                  307.54                  12.04                   4.8                     -999.25                 -999.25                 86.3                    
307.60                  307.60                  -999.25                 -999.25                 -999.25                 -999.25                 86.3                    
307.70                  307.70                  -999.25                 -999.25                 -999.25                 -999.25                 86.3                    
307.80                  307.85                  10.20                   -999.25                 0.180                   0.191                   86.3                    
307.90                  307.90                  -999.25                 3.1                     -999.25                 -999.25                 86.3                    
308.00                  308.00                  -999.25                 -999.25                 -999.25                 -999.25                 86.3                    
308.10                  308.10                  -999.25                 -999.25                 -999.25                 -999.25                 86.3                    
308.20                  308.15                  9.53                    -999.25                 -999.25                 -999.25                 86.3                    
308.30                  308.30                  -999.25                 1.8                     0.173                   0.191                   86.3                    
308.40                  308.40                  -999.25                 -999.25                 -999.25                 -999.25                 86.3                    
308.50                  308.46                  8.50                    -999.25                 -999.25                 -999.25                 86.3                    
308.60                  308.60                  -999.25                 -999.25                 0.171                   0.191                   86.3                    
308.70                  308.70                  -999.25                 1.3                     -999.25                 -999.25                 86.3                    
308.80                  308.76                  9.21                    -999.25                 -999.25                 -999.25                 86.3                    
308.90                  308.90                  -999.25                 -999.25                 -999.25                 -999.25                 86.3                    
309.00                  309.00                  -999.25                 -999.25                 -999.25                 -999.25                 86.3                    
309.10                  309.07                  10.72                   0.5                     0.177                   0.191                   86.3                    
309.20                  309.20                  -999.25                 -999.25                 -999.25                 -999.25                 86.3                    
309.30                  309.30                  -999.25                 -999.25                 -999.25                 -999.25                 86.3                    
309.40                  309.37                  10.25                   -999.25                 -999.25                 -999.25                 86.3                    
309.50                  309.50                  -999.25                 -999.25                 0.202                   0.195                   86.3                    
309.60                  309.60                  -999.25                 2.2                     -999.25                 -999.25                 86.3                    
309.70                  309.68                  9.76                    -999.25                 -999.25                 -999.25                 86.3                    
309.80                  309.80                  -999.25                 -999.25                 0.257                   0.229                   86.3                    
309.90                  309.90                  -999.25                 10.0                    -999.25                 -999.25                 86.3                    
310.00                  309.98                  9.99                    -999.25                 -999.25                 -999.25                 86.3                    
310.10                  310.10                  -999.25                 -999.25                 -999.25                 -999.25                 86.3                    
310.20                  310.20                  -999.25                 -999.25                 -999.25                 -999.25                 86.3                    
310.30                  310.29                  11.05                   -999.25                 0.407                   0.263                   86.3                    
310.40                  310.40                  -999.25                 18.3                    -999.25                 -999.25                 86.3                    
310.50                  310.50                  -999.25                 -999.25                 -999.25                 -999.25                 86.3                    
310.60                  310.59                  9.72                    -999.25                 -999.25                 -999.25                 86.3                    
310.70                  310.70                  -999.25                 -999.25                 0.485                   0.269                   86.3                    
310.80                  310.80                  -999.25                 14.8                    -999.25                 -999.25                 86.3                    
310.90                  310.90                  9.40                    -999.25                 -999.25                 -999.25                 86.3                    
311.00                  311.00                  -999.25                 -999.25                 0.499                   0.266                   86.3                    
311.10                  311.10                  -999.25                 14.4                    -999.25                 -999.25                 86.3                    
311.20                  311.20                  8.95                    -999.25                 -999.25                 -999.25                 86.3                    
311.30                  311.30                  -999.25                 -999.25                 -999.25                 -999.25                 86.3                    
311.40                  311.40                  -999.25                 -999.25                 -999.25                 -999.25                 86.3                    
311.50                  311.51                  7.89                    13.5                    0.548                   0.297                   86.3                    
311.60                  311.60                  -999.25                 -999.25                 -999.25                 -999.25                 86.3                    
311.70                  311.70                  -999.25                 -999.25                 -999.25                 -999.25                 86.3                    
311.80                  311.81                  8.04                    -999.25                 -999.25                 -999.25                 86.3                    
311.90                  311.90                  -999.25                 -999.25                 -999.25                 -999.25                 86.3                    
312.00                  312.00                  -999.25                 16.1                    0.658                   0.314                   86.3                    
312.10                  312.12                  8.15                    -999.25                 -999.25                 -999.25                 86.3                    
312.20                  312.20                  -999.25                 -999.25                 -999.25                 -999.25                 86.3                    
312.30                  312.30                  -999.25                 16.1                    0.738                   0.347                   86.3                    
312.40                  312.42                  1.87                    -999.25                 -999.25                 -999.25                 86.3                    
312.50                  312.50                  -999.25                 -999.25                 -999.25                 -999.25                 86.3                    
312.60                  312.60                  -999.25                 -999.25                 -999.25                 -999.25                 86.3                    
312.70                  312.72                  5.42                    21.8                    0.877                   0.476                   86.3                    
312.80                  312.80                  -999.25                 -999.25                 -999.25                 -999.25                 86.3                    
312.90                  312.90                  -999.25                 -999.25                 -999.25                 -999.25                 86.3                    
313.00                  313.03                  7.85                    -999.25                 -999.25                 -999.25                 86.3                    
313.10                  313.10                  -999.25                 -999.25                 -999.25                 -999.25                 86.4                    
313.20                  313.20                  -999.25                 28.3                    0.975                   0.508                   86.7                    
313.30                  313.33                  10.45                   -999.25                 -999.25                 -999.25                 87.0                    
313.40                  313.40                  -999.25                 -999.25                 -999.25                 -999.25                 87.3                    
313.50                  313.50                  -999.25                 24.4                    0.999                   0.396                   87.5                    
313.60                  313.64                  10.15                   -999.25                 -999.25                 -999.25                 87.8                    
313.70                  313.70                  -999.25                 -999.25                 -999.25                 -999.25                 88.1                    
313.80                  313.80                  -999.25                 -999.25                 -999.25                 -999.25                 88.3                    
313.90                  313.94                  8.74                    46.2                    1.059                   0.769                   88.0                    
314.00                  314.00                  -999.25                 -999.25                 -999.25                 -999.25                 87.7                    
314.10                  314.10                  -999.25                 -999.25                 -999.25                 -999.25                 87.5                    
314.20                  314.25                  7.75                    -999.25                 -999.25                 -999.25                 87.2                    
314.30                  314.30                  -999.25                 -999.25                 1.174                   1.040                   86.9                    
314.40                  314.40                  -999.25                 59.3                    -999.25                 -999.25                 86.6                    
314.50                  314.50                  -999.25                 -999.25                 -999.25                 -999.25                 86.3                    
314.60                  314.55                  7.17                    -999.25                 1.185                   1.084                   86.3                    
314.70                  314.70                  -999.25                 55.4                    -999.25                 -999.25                 86.3                    
314.80                  314.80                  -999.25                 -999.25                 -999.25                 -999.25                 86.3                    
314.90                  314.86                  7.17                    -999.25                 1.266                   0.819                   86.3                    
315.00                  315.00                  -999.25                 44.9                    -999.25                 -999.25                 86.3                    
315.10                  315.10                  -999.25                 -999.25                 -999.25                 -999.25                 86.3                    
315.20                  315.16                  7.21                    -999.25                 -999.25                 -999.25                 86.3                    
315.30                  315.30                  -999.25                 -999.25                 1.286                   1.084                   86.3                    
315.40                  315.40                  -999.25                 52.7                    -999.25                 -999.25                 86.3                    
315.50                  315.47                  7.15                    -999.25                 1.293                   1.095                   86.3                    
315.60                  315.60                  -999.25                 -999.25                 -999.25                 -999.25                 86.3                    
315.70                  315.70                  -999.25                 57.5                    -999.25                 -999.25                 86.3                    
315.80                  315.77                  6.76                    -999.25                 1.286                   1.051                   86.3                    
315.90                  315.90                  -999.25                 -999.25                 -999.25                 -999.25                 85.9                    
316.00                  316.00                  -999.25                 50.6                    -999.25                 -999.25                 85.4                    
316.10                  316.08                  4.02                    -999.25                 1.278                   1.019                   84.9                    
316.20                  316.20                  -999.25                 -999.25                 1.275                   1.073                   84.5                    
316.30                  316.30                  -999.25                 52.3                    -999.25                 -999.25                 84.0                    
316.40                  316.38                  13.23                   53.6                    -999.25                 -999.25                 83.5                    
316.50                  316.50                  -999.25                 -999.25                 1.225                   1.141                   83.0                    
316.60                  316.60                  -999.25                 -999.25                 -999.25                 -999.25                 82.5                    
316.70                  316.69                  25.75                   45.8                    -999.25                 -999.25                 82.3                    
316.80                  316.80                  -999.25                 -999.25                 -999.25                 -999.25                 82.6                    
316.90                  316.90                  -999.25                 -999.25                 1.161                   0.854                   82.8                    
317.00                  316.99                  30.19                   41.0                    -999.25                 -999.25                 83.1                    
317.10                  317.10                  -999.25                 -999.25                 1.026                   0.802                   83.3                    
317.20                  317.20                  -999.25                 33.1                    -999.25                 -999.25                 83.6                    
317.30                  317.30                  13.77                   -999.25                 -999.25                 -999.25                 83.8                    
317.40                  317.40                  -999.25                 -999.25                 -999.25                 0.919                   84.0                    
317.50                  317.50                  -999.25                 -999.25                 0.900                   -999.25                 84.3                    
317.60                  317.60                  16.89                   16.6                    -999.25                 -999.25                 84.5                    
317.70                  317.70                  -999.25                 -999.25                 -999.25                 -999.25                 84.8                    
317.80                  317.80                  -999.25                 -999.25                 -999.25                 -999.25                 85.0                    
317.90                  317.91                  16.86                   -999.25                 -999.25                 -999.25                 85.3                    
318.00                  318.00                  -999.25                 -999.25                 -999.25                 -999.25                 85.5                    
318.10                  318.10                  -999.25                 -999.25                 -999.25                 -999.25                 85.8                    
318.20                  318.21                  16.92                   -999.25                 -999.25                 -999.25                 86.0                    
318.30                  318.30                  -999.25                 -999.25                 -999.25                 -999.25                 86.3                    
318.40                  318.40                  -999.25                 41.4                    -999.25                 -999.25                 86.3                    
318.50                  318.52                  15.46                   -999.25                 -999.25                 -999.25                 86.3                    
318.60                  318.60                  -999.25                 -999.25                 -999.25                 -999.25                 86.3                    
318.70                  318.70                  -999.25                 -999.25                 -999.25                 -999.25                 86.3                    
318.80                  318.82                  13.81                   -999.25                 -999.25                 -999.25                 86.3                    
318.90                  318.90                  -999.25                 -999.25                 -999.25                 -999.25                 86.3                    
319.00                  319.00                  -999.25                 -999.25                 -999.25                 -999.25                 86.3                    
319.10                  319.13                  18.90                   -999.25                 -999.25                 -999.25                 86.3                    
319.20                  319.20                  -999.25                 -999.25                 -999.25                 -999.25                 86.3                    
319.30                  319.30                  -999.25                 -999.25                 -999.25                 -999.25                 86.3                    
319.40                  319.43                  19.11                   -999.25                 -999.25                 -999.25                 86.3                    
319.50                  319.50                  -999.25                 -999.25                 -999.25                 -999.25                 86.3                    
319.60                  319.60                  -999.25                 -999.25                 -999.25                 -999.25                 86.3                    
319.70                  319.74                  18.83                   -999.25                 -999.25                 -999.25                 86.3                    
319.80                  319.80                  -999.25                 -999.25                 -999.25                 -999.25                 86.3                    
319.90                  319.90                  -999.25                 -999.25                 -999.25                 -999.25                 86.3                    
320.00                  320.04                  12.90                   -999.25                 -999.25                 -999.25                 86.3                    
320.10                  320.10                  -999.25                 -999.25                 -999.25                 -999.25                 86.3                    
320.20                  320.20                  -999.25                 -999.25                 -999.25                 -999.25                 86.3                    
320.30                  320.34                  19.00                   -999.25                 -999.25                 -999.25                 86.3                    
320.40                  320.40                  -999.25                 14.8                    -999.25                 -999.25                 86.3                    
320.50                  320.50                  -999.25                 -999.25                 0.708                   0.351                   86.3                    
320.60                  320.65                  14.80                   -999.25                 -999.25                 -999.25                 86.3                    
320.70                  320.70                  -999.25                 -999.25                 -999.25                 -999.25                 86.3                    
320.80                  320.80                  -999.25                 -999.25                 -999.25                 -999.25                 86.3                    
320.90                  320.90                  -999.25                 -999.25                 -999.25                 -999.25                 86.3                    
321.00                  320.95                  16.90                   -999.25                 -999.25                 -999.25                 86.3                    
321.10                  321.10                  -999.25                 -999.25                 -999.25                 -999.25                 86.3                    
321.20                  321.20                  -999.25                 -999.25                 -999.25                 -999.25                 86.3                    
321.30                  321.26                  3.38                    -999.25                 -999.25                 -999.25                 86.3                    
321.40                  321.40                  -999.25                 -999.25                 -999.25                 -999.25                 86.3                    
321.50                  321.50                  -999.25                 -999.25                 -999.25                 -999.25                 86.3                    
321.60                  321.56                  5.65                    -999.25                 -999.25                 -999.25                 86.3                    
321.70                  321.70                  -999.25                 -999.25                 -999.25                 -999.25                 86.3                    
321.80                  321.80                  -999.25                 -999.25                 -999.25                 -999.25                 86.3                    
321.90                  321.87                  6.70                    -999.25                 -999.25                 -999.25                 86.3                    
322.00                  322.00                  -999.25                 -999.25                 -999.25                 -999.25                 86.3                    
322.10                  322.10                  -999.25                 -999.25                 -999.25                 -999.25                 86.3                    
322.20                  322.17                  11.16                   -999.25                 -999.25                 -999.25                 86.3                    
322.30                  322.30                  -999.25                 -999.25                 -999.25                 -999.25                 86.3                    
322.40                  322.40                  -999.25                 -999.25                 -999.25                 -999.25                 86.3                    
322.50                  322.48                  11.48                   -999.25                 -999.25                 -999.25                 86.3                    
322.60                  322.60                  -999.25                 -999.25                 -999.25                 -999.25                 86.3                    
322.70                  322.70                  -999.25                 -999.25                 -999.25                 -999.25                 86.3                    
322.80                  322.78                  10.94                   -999.25                 0.710                   0.272                   86.3                    
322.90                  322.90                  -999.25                 -999.25                 -999.25                 -999.25                 86.3                    
323.00                  323.00                  -999.25                 -999.25                 -999.25                 -999.25                 86.3                    
323.10                  323.09                  11.50                   -999.25                 -999.25                 -999.25                 86.3                    
323.20                  323.20                  -999.25                 -999.25                 -999.25                 -999.25                 86.3                    
323.30                  323.30                  -999.25                 -999.25                 -999.25                 -999.25                 86.3                    
323.40                  323.39                  12.63                   -999.25                 -999.25                 -999.25                 86.3                    
323.50                  323.50                  -999.25                 -999.25                 -999.25                 -999.25                 86.3                    
323.60                  323.60                  -999.25                 -999.25                 -999.25                 -999.25                 86.3                    
323.70                  323.70                  13.18                   -999.25                 -999.25                 -999.25                 86.3                    
323.80                  323.80                  -999.25                 -999.25                 -999.25                 -999.25                 86.3                    
323.90                  323.90                  -999.25                 -999.25                 -999.25                 -999.25                 86.3                    
324.00                  324.00                  14.41                   10.9                    -999.25                 -999.25                 86.3                    
324.10                  324.10                  -999.25                 -999.25                 -999.25                 -999.25                 86.3                    
324.20                  324.20                  -999.25                 -999.25                 -999.25                 -999.25                 86.3                    
324.30                  324.31                  14.78                   -999.25                 -999.25                 -999.25                 86.3                    
324.40                  324.40                  -999.25                 -999.25                 -999.25                 -999.25                 86.3                    
324.50                  324.50                  -999.25                 -999.25                 -999.25                 -999.25                 86.3                    
324.60                  324.61                  14.41                   -999.25                 -999.25                 -999.25                 86.3                    
324.70                  324.70                  -999.25                 -999.25                 -999.25                 -999.25                 86.3                    
324.80                  324.80                  -999.25                 -999.25                 -999.25                 -999.25                 86.3                    
324.90                  324.92                  14.70                   -999.25                 -999.25                 -999.25                 86.3                    
325.00                  325.00                  -999.25                 -999.25                 -999.25                 -999.25                 86.3                    
325.10                  325.10                  -999.25                 -999.25                 -999.25                 -999.25                 86.3                    
325.20                  325.22                  13.34                   -999.25                 -999.25                 -999.25                 86.3                    
325.30                  325.30                  -999.25                 -999.25                 -999.25                 -999.25                 86.3                    
325.40                  325.40                  -999.25                 -999.25                 -999.25                 -999.25                 86.3                    
325.50                  325.53                  13.25                   -999.25                 -999.25                 -999.25                 86.3                    
325.60                  325.60                  -999.25                 -999.25                 -999.25                 -999.25                 86.3                    
325.70                  325.70                  -999.25                 -999.25                 -999.25                 -999.25                 86.3                    
325.80                  325.83                  13.33                   -999.25                 -999.25                 -999.25                 86.3                    
325.90                  325.90                  -999.25                 -999.25                 0.675                   0.343                   86.3                    
326.00                  326.00                  -999.25                 -999.25                 -999.25                 -999.25                 86.3                    
326.10                  326.14                  13.17                   -999.25                 -999.25                 -999.25                 86.3                    
326.20                  326.20                  -999.25                 -999.25                 -999.25                 -999.25                 86.3                    
326.30                  326.30                  -999.25                 -999.25                 -999.25                 -999.25                 86.3                    
326.40                  326.44                  12.20                   -999.25                 -999.25                 -999.25                 86.3                    
326.50                  326.50                  -999.25                 -999.25                 -999.25                 -999.25                 86.3                    
326.60                  326.60                  -999.25                 -999.25                 -999.25                 -999.25                 86.3                    
326.70                  326.75                  12.21                   -999.25                 -999.25                 -999.25                 86.3                    
326.80                  326.80                  -999.25                 -999.25                 -999.25                 -999.25                 86.3                    
326.90                  326.90                  -999.25                 35.8                    -999.25                 -999.25                 86.3                    
327.00                  327.00                  -999.25                 -999.25                 -999.25                 -999.25                 86.3                    
327.10                  327.05                  11.48                   -999.25                 -999.25                 -999.25                 86.3                    
327.20                  327.20                  -999.25                 -999.25                 -999.25                 -999.25                 86.3                    
327.30                  327.30                  -999.25                 -999.25                 -999.25                 -999.25                 86.3                    
327.40                  327.36                  10.66                   -999.25                 -999.25                 -999.25                 86.3                    
327.50                  327.50                  -999.25                 -999.25                 -999.25                 -999.25                 86.3                    
327.60                  327.60                  -999.25                 -999.25                 0.940                   0.663                   86.3                    
327.70                  327.66                  10.64                   -999.25                 -999.25                 -999.25                 86.3                    
327.80                  327.80                  -999.25                 20.9                    -999.25                 -999.25                 86.3                    
327.90                  327.90                  -999.25                 -999.25                 -999.25                 -999.25                 86.3                    
328.00                  327.96                  11.34                   -999.25                 -999.25                 -999.25                 86.3                    
328.10                  328.10                  -999.25                 -999.25                 -999.25                 -999.25                 86.3                    
328.20                  328.20                  -999.25                 -999.25                 -999.25                 -999.25                 86.3                    
328.30                  328.27                  12.28                   -999.25                 -999.25                 -999.25                 86.3                    
328.40                  328.40                  -999.25                 -999.25                 -999.25                 -999.25                 86.3                    
328.50                  328.50                  -999.25                 -999.25                 -999.25                 -999.25                 86.3                    
328.60                  328.57                  13.09                   -999.25                 -999.25                 -999.25                 86.3                    
328.70                  328.70                  -999.25                 -999.25                 -999.25                 -999.25                 86.3                    
328.80                  328.80                  -999.25                 -999.25                 -999.25                 -999.25                 86.3                    
328.90                  328.88                  14.16                   -999.25                 -999.25                 -999.25                 86.3                    
329.00                  329.00                  -999.25                 -999.25                 -999.25                 -999.25                 86.3                    
329.10                  329.10                  -999.25                 -999.25                 -999.25                 -999.25                 86.3                    
329.20                  329.18                  14.14                   -999.25                 -999.25                 -999.25                 86.3                    
329.30                  329.30                  -999.25                 -999.25                 -999.25                 -999.25                 86.3                    
329.40                  329.40                  -999.25                 -999.25                 0.746                   0.487                   86.3                    
329.50                  329.49                  14.73                   -999.25                 -999.25                 -999.25                 86.3                    
329.60                  329.60                  -999.25                 -999.25                 -999.25                 -999.25                 86.3                    
329.70                  329.70                  -999.25                 -999.25                 -999.25                 -999.25                 86.3                    
329.80                  329.79                  14.87                   -999.25                 -999.25                 -999.25                 86.3                    
329.90                  329.90                  -999.25                 13.1                    -999.25                 -999.25                 86.3                    
330.00                  330.00                  -999.25                 -999.25                 0.764                   0.508                   86.3                    
330.10                  330.10                  14.72                   -999.25                 -999.25                 -999.25                 86.3                    
330.20                  330.20                  -999.25                 -999.25                 -999.25                 -999.25                 86.3                    
330.30                  330.30                  -999.25                 10.0                    -999.25                 -999.25                 86.3                    
330.40                  330.40                  14.66                   -999.25                 0.818                   0.487                   86.3                    
330.50                  330.50                  -999.25                 -999.25                 -999.25                 -999.25                 86.3                    
330.60                  330.60                  -999.25                 -999.25                 -999.25                 -999.25                 86.3                    
330.70                  330.71                  13.11                   -999.25                 -999.25                 -999.25                 86.3                    
330.80                  330.80                  -999.25                 -999.25                 -999.25                 -999.25                 86.5                    
330.90                  330.90                  -999.25                 12.2                    0.881                   0.519                   86.7                    
331.00                  331.01                  12.96                   -999.25                 -999.25                 -999.25                 86.9                    
331.10                  331.10                  -999.25                 -999.25                 -999.25                 -999.25                 87.0                    
331.20                  331.20                  -999.25                 -999.25                 -999.25                 -999.25                 87.2                    
331.30                  331.32                  12.71                   -999.25                 -999.25                 -999.25                 87.4                    
331.40                  331.40                  -999.25                 -999.25                 -999.25                 -999.25                 87.6                    
331.50                  331.50                  -999.25                 8.3                     -999.25                 -999.25                 87.7                    
331.60                  331.62                  12.39                   -999.25                 0.917                   0.497                   87.9                    
331.70                  331.70                  -999.25                 -999.25                 -999.25                 -999.25                 88.1                    
331.80                  331.80                  -999.25                 -999.25                 -999.25                 -999.25                 88.3                    
331.90                  331.93                  12.09                   14.8                    -999.25                 -999.25                 88.3                    
332.00                  332.00                  -999.25                 -999.25                 1.057                   0.650                   88.3                    
332.10                  332.10                  -999.25                 -999.25                 -999.25                 -999.25                 88.3                    
332.20                  332.23                  12.14                   -999.25                 -999.25                 -999.25                 88.3                    
332.30                  332.30                  -999.25                 -999.25                 -999.25                 -999.25                 88.3                    
332.40                  332.40                  -999.25                 -999.25                 -999.25                 -999.25                 88.3                    
332.50                  332.54                  11.51                   30.5                    1.213                   1.095                   88.3                    
332.60                  332.60                  -999.25                 -999.25                 -999.25                 -999.25                 88.3                    
332.70                  332.70                  -999.25                 -999.25                 -999.25                 -999.25                 88.3                    
332.80                  332.84                  11.30                   -999.25                 -999.25                 -999.25                 88.3                    
332.90                  332.90                  -999.25                 -999.25                 -999.25                 -999.25                 88.3                    
333.00                  333.00                  -999.25                 18.3                    1.254                   0.707                   88.0                    
333.10                  333.15                  11.06                   -999.25                 -999.25                 -999.25                 87.8                    
333.20                  333.20                  -999.25                 -999.25                 -999.25                 -999.25                 87.6                    
333.30                  333.30                  -999.25                 -999.25                 1.187                   0.650                   87.4                    
333.40                  333.40                  -999.25                 10.0                    -999.25                 -999.25                 87.2                    
333.50                  333.45                  10.47                   -999.25                 -999.25                 -999.25                 86.9                    
333.60                  333.60                  -999.25                 -999.25                 -999.25                 -999.25                 86.7                    
333.70                  333.70                  -999.25                 -999.25                 1.086                   0.572                   86.5                    
333.80                  333.76                  10.34                   7.9                     -999.25                 -999.25                 86.3                    
333.90                  333.90                  -999.25                 -999.25                 -999.25                 -999.25                 86.3                    
334.00                  334.00                  -999.25                 -999.25                 -999.25                 -999.25                 86.3                    
334.10                  334.06                  9.31                    -999.25                 -999.25                 -999.25                 86.3                    
334.20                  334.20                  -999.25                 6.6                     0.999                   0.590                   86.3                    
334.30                  334.30                  -999.25                 -999.25                 -999.25                 -999.25                 86.3                    
334.40                  334.37                  9.42                    -999.25                 0.961                   0.560                   86.3                    
334.50                  334.50                  -999.25                 7.9                     -999.25                 -999.25                 86.3                    
334.60                  334.60                  -999.25                 -999.25                 -999.25                 -999.25                 86.3                    
334.70                  334.67                  9.88                    -999.25                 -999.25                 -999.25                 86.3                    
334.80                  334.80                  -999.25                 -999.25                 0.903                   0.650                   86.3                    
334.90                  334.90                  -999.25                 8.7                     -999.25                 -999.25                 86.3                    
335.00                  334.98                  7.19                    -999.25                 -999.25                 -999.25                 86.3                    
335.10                  335.10                  -999.25                 -999.25                 -999.25                 -999.25                 86.3                    
335.20                  335.20                  -999.25                 7.9                     0.914                   0.566                   86.3                    
335.30                  335.28                  7.57                    -999.25                 -999.25                 -999.25                 86.3                    
335.40                  335.40                  -999.25                 -999.25                 0.900                   0.525                   86.3                    
335.50                  335.50                  -999.25                 7.9                     -999.25                 -999.25                 86.3                    
335.60                  335.58                  9.45                    -999.25                 -999.25                 -999.25                 86.3                    
335.70                  335.70                  -999.25                 -999.25                 0.873                   0.497                   86.3                    
335.80                  335.80                  -999.25                 -999.25                 -999.25                 -999.25                 86.3                    
335.90                  335.89                  11.30                   10.0                    -999.25                 -999.25                 86.3                    
336.00                  336.00                  -999.25                 -999.25                 -999.25                 -999.25                 86.3                    
336.10                  336.10                  -999.25                 -999.25                 0.861                   0.392                   86.3                    
336.20                  336.19                  12.37                   6.6                     -999.25                 -999.25                 86.3                    
336.30                  336.30                  -999.25                 -999.25                 0.822                   0.400                   86.3                    
336.40                  336.40                  -999.25                 -999.25                 -999.25                 -999.25                 86.3                    
336.50                  336.50                  12.32                   6.6                     -999.25                 -999.25                 86.3                    
336.60                  336.60                  -999.25                 -999.25                 0.795                   0.427                   86.3                    
336.70                  336.70                  -999.25                 -999.25                 -999.25                 -999.25                 86.3                    
336.80                  336.80                  12.70                   7.0                     -999.25                 -999.25                 86.3                    
336.90                  336.90                  -999.25                 -999.25                 -999.25                 -999.25                 86.3                    
337.00                  337.00                  -999.25                 -999.25                 -999.25                 -999.25                 86.3                    
337.10                  337.11                  13.09                   9.2                     0.756                   0.396                   86.3                    
337.20                  337.20                  -999.25                 -999.25                 -999.25                 -999.25                 86.3                    
337.30                  337.30                  -999.25                 -999.25                 0.748                   0.336                   86.3                    
337.40                  337.41                  12.95                   6.1                     -999.25                 -999.25                 86.3                    
337.50                  337.50                  -999.25                 -999.25                 -999.25                 -999.25                 86.3                    
337.60                  337.60                  -999.25                 -999.25                 -999.25                 -999.25                 86.3                    
337.70                  337.72                  12.73                   -999.25                 0.766                   0.359                   86.3                    
337.80                  337.80                  -999.25                 7.9                     -999.25                 -999.25                 86.3                    
337.90                  337.90                  -999.25                 -999.25                 -999.25                 -999.25                 86.3                    
338.00                  338.02                  12.52                   -999.25                 -999.25                 -999.25                 86.3                    
338.10                  338.10                  -999.25                 10.5                    0.814                   0.392                   86.3                    
338.20                  338.20                  -999.25                 -999.25                 -999.25                 -999.25                 86.3                    
338.30                  338.33                  12.63                   -999.25                 0.849                   0.371                   86.3                    
338.40                  338.40                  -999.25                 6.6                     -999.25                 -999.25                 86.3                    
338.50                  338.50                  -999.25                 -999.25                 -999.25                 -999.25                 86.3                    
338.60                  338.63                  12.54                   -999.25                 -999.25                 -999.25                 86.3                    
338.70                  338.70                  -999.25                 -999.25                 -999.25                 -999.25                 86.3                    
338.80                  338.80                  -999.25                 8.7                     0.861                   0.355                   86.3                    
338.90                  338.94                  12.69                   -999.25                 -999.25                 -999.25                 86.3                    
339.00                  339.00                  -999.25                 -999.25                 -999.25                 -999.25                 86.3                    
339.10                  339.10                  -999.25                 -999.25                 -999.25                 -999.25                 86.3                    
339.20                  339.24                  12.64                   -999.25                 -999.25                 -999.25                 86.3                    
339.30                  339.30                  -999.25                 5.7                     0.841                   0.423                   86.3                    
339.40                  339.40                  -999.25                 -999.25                 -999.25                 -999.25                 86.3                    
339.50                  339.55                  12.49                   -999.25                 -999.25                 -999.25                 86.3                    
339.60                  339.60                  -999.25                 -999.25                 0.853                   0.375                   86.3                    
339.70                  339.70                  -999.25                 7.9                     -999.25                 -999.25                 86.3                    
339.80                  339.80                  -999.25                 -999.25                 -999.25                 -999.25                 86.3                    
339.90                  339.85                  12.55                   -999.25                 -999.25                 -999.25                 86.3                    
340.00                  340.00                  -999.25                 -999.25                 -999.25                 -999.25                 86.3                    
340.10                  340.10                  -999.25                 9.6                     -999.25                 -999.25                 86.3                    
340.20                  340.16                  12.73                   -999.25                 -999.25                 -999.25                 86.3                    
340.30                  340.30                  -999.25                 -999.25                 0.753                   0.287                   86.3                    
340.40                  340.40                  -999.25                 -999.25                 -999.25                 -999.25                 86.3                    
340.50                  340.46                  12.61                   -999.25                 0.733                   0.343                   86.3                    
340.60                  340.60                  -999.25                 -999.25                 -999.25                 -999.25                 86.3                    
340.70                  340.70                  -999.25                 4.8                     -999.25                 -999.25                 86.3                    
340.80                  340.77                  12.22                   -999.25                 -999.25                 -999.25                 86.3                    
340.90                  340.90                  -999.25                 -999.25                 0.705                   0.304                   86.3                    
341.00                  341.00                  -999.25                 3.5                     -999.25                 -999.25                 86.3                    
341.10                  341.07                  12.32                   -999.25                 -999.25                 -999.25                 86.3                    
341.20                  341.20                  -999.25                 -999.25                 -999.25                 -999.25                 86.3                    
341.30                  341.30                  -999.25                 4.0                     0.768                   0.347                   86.3                    
341.40                  341.38                  12.55                   -999.25                 -999.25                 -999.25                 86.3                    
341.50                  341.50                  -999.25                 -999.25                 -999.25                 -999.25                 86.3                    
341.60                  341.60                  -999.25                 -999.25                 -999.25                 -999.25                 86.3                    
341.70                  341.68                  12.60                   -999.25                 -999.25                 -999.25                 86.3                    
341.80                  341.80                  -999.25                 7.4                     0.779                   0.423                   86.3                    
341.90                  341.90                  -999.25                 -999.25                 -999.25                 -999.25                 86.3                    
342.00                  341.99                  12.56                   -999.25                 -999.25                 -999.25                 86.3                    
342.10                  342.10                  -999.25                 -999.25                 -999.25                 -999.25                 86.3                    
342.20                  342.20                  -999.25                 -999.25                 -999.25                 -999.25                 86.3                    
342.30                  342.29                  12.32                   7.4                     0.767                   0.383                   86.3                    
342.40                  342.40                  -999.25                 -999.25                 -999.25                 -999.25                 86.3                    
342.50                  342.50                  -999.25                 -999.25                 0.734                   0.371                   86.3                    
342.60                  342.60                  11.81                   7.0                     -999.25                 -999.25                 86.3                    
342.70                  342.70                  -999.25                 -999.25                 -999.25                 -999.25                 86.3                    
342.80                  342.80                  -999.25                 -999.25                 -999.25                 -999.25                 86.3                    
342.90                  342.90                  11.28                   -999.25                 0.720                   0.396                   86.3                    
343.00                  343.00                  -999.25                 5.3                     -999.25                 -999.25                 86.3                    
343.10                  343.10                  -999.25                 -999.25                 -999.25                 -999.25                 86.3                    
343.20                  343.20                  10.75                   -999.25                 -999.25                 -999.25                 86.3                    
343.30                  343.30                  -999.25                 -999.25                 -999.25                 -999.25                 86.3                    
343.40                  343.40                  -999.25                 5.7                     -999.25                 -999.25                 86.3                    
343.50                  343.51                  10.41                   -999.25                 0.755                   0.375                   86.4                    
343.60                  343.60                  -999.25                 -999.25                 -999.25                 -999.25                 86.7                    
343.70                  343.70                  -999.25                 -999.25                 0.756                   0.392                   87.0                    
343.80                  343.81                  9.25                    4.4                     -999.25                 -999.25                 87.3                    
343.90                  343.90                  -999.25                 -999.25                 -999.25                 -999.25                 87.6                    
344.00                  344.00                  -999.25                 -999.25                 -999.25                 -999.25                 87.8                    
344.10                  344.12                  8.39                    -999.25                 -999.25                 -999.25                 88.1                    
344.20                  344.20                  -999.25                 4.4                     0.783                   0.379                   88.3                    
344.30                  344.30                  -999.25                 -999.25                 -999.25                 -999.25                 88.3                    
344.40                  344.42                  7.93                    -999.25                 -999.25                 -999.25                 88.3                    
344.50                  344.50                  -999.25                 -999.25                 -999.25                 -999.25                 88.3                    
344.60                  344.60                  -999.25                 -999.25                 0.777                   0.351                   88.3                    
344.70                  344.73                  8.31                    4.8                     -999.25                 -999.25                 88.3                    
344.80                  344.80                  -999.25                 -999.25                 -999.25                 -999.25                 88.3                    
344.90                  344.90                  -999.25                 -999.25                 0.765                   0.409                   88.3                    
345.00                  345.03                  8.77                    6.6                     -999.25                 -999.25                 88.3                    
345.10                  345.10                  -999.25                 -999.25                 -999.25                 -999.25                 88.3                    
345.20                  345.20                  -999.25                 -999.25                 -999.25                 -999.25                 88.3                    
345.30                  345.34                  9.28                    -999.25                 -999.25                 -999.25                 88.2                    
345.40                  345.40                  -999.25                 5.7                     0.782                   0.437                   88.2                    
345.50                  345.50                  -999.25                 -999.25                 -999.25                 -999.25                 88.2                    
345.60                  345.64                  7.39                    -999.25                 -999.25                 -999.25                 88.1                    
345.70                  345.70                  -999.25                 -999.25                 0.748                   0.456                   88.1                    
345.80                  345.80                  -999.25                 -999.25                 -999.25                 -999.25                 88.1                    
345.90                  345.95                  108.30                  7.4                     -999.25                 -999.25                 88.1                    
346.00                  346.00                  -999.25                 -999.25                 0.728                   0.409                   88.0                    
346.10                  346.10                  -999.25                 7.0                     -999.25                 -999.25                 88.0                    
346.20                  346.20                  -999.25                 -999.25                 -999.25                 -999.25                 88.0                    
346.30                  346.25                  98.50                   -999.25                 0.706                   0.427                   88.0                    
346.40                  346.40                  -999.25                 7.9                     -999.25                 -999.25                 87.9                    
346.50                  346.50                  -999.25                 -999.25                 -999.25                 -999.25                 87.9                    
346.60                  346.56                  80.10                   -999.25                 -999.25                 -999.25                 87.9                    
346.70                  346.70                  -999.25                 7.9                     0.645                   0.714                   87.9                    
346.80                  346.80                  -999.25                 -999.25                 -999.25                 -999.25                 87.8                    
346.90                  346.86                  75.00                   -999.25                 -999.25                 -999.25                 87.8                    
347.00                  347.00                  -999.25                 -999.25                 0.652                   0.794                   87.8                    
347.10                  347.10                  -999.25                 11.4                    -999.25                 -999.25                 87.8                    
347.20                  347.17                  73.03                   -999.25                 0.669                   0.919                   87.7                    
347.30                  347.30                  -999.25                 -999.25                 -999.25                 -999.25                 87.7                    
347.40                  347.40                  -999.25                 -999.25                 -999.25                 -999.25                 87.7                    
347.50                  347.47                  77.87                   8.7                     -999.25                 -999.25                 87.7                    
347.60                  347.60                  -999.25                 -999.25                 -999.25                 -999.25                 87.6                    
347.70                  347.70                  -999.25                 8.7                     0.712                   1.008                   87.6                    
347.80                  347.78                  82.95                   -999.25                 -999.25                 -999.25                 87.6                    
347.90                  347.90                  -999.25                 -999.25                 -999.25                 -999.25                 87.6                    
348.00                  348.00                  -999.25                 10.5                    0.738                   0.854                   87.5                    
348.10                  348.08                  90.49                   -999.25                 -999.25                 -999.25                 87.5                    
348.20                  348.20                  -999.25                 -999.25                 -999.25                 -999.25                 87.5                    
348.30                  348.30                  -999.25                 -999.25                 -999.25                 -999.25                 87.5                    
348.40                  348.39                  96.17                   -999.25                 -999.25                 -999.25                 87.4                    
348.50                  348.50                  -999.25                 10.5                    0.733                   0.988                   87.4                    
348.60                  348.60                  -999.25                 -999.25                 -999.25                 -999.25                 87.4                    
348.70                  348.69                  102.54                  -999.25                 -999.25                 -999.25                 87.4                    
348.80                  348.80                  -999.25                 -999.25                 -999.25                 -999.25                 87.3                    
348.90                  348.90                  -999.25                 -999.25                 -999.25                 -999.25                 87.3                    
349.00                  349.00                  100.99                  8.7                     0.721                   0.957                   87.3                    
349.10                  349.10                  -999.25                 -999.25                 -999.25                 -999.25                 87.3                    
349.20                  349.20                  -999.25                 -999.25                 0.717                   0.938                   87.2                    
349.30                  349.30                  100.34                  -999.25                 -999.25                 -999.25                 87.2                    
349.40                  349.40                  -999.25                 6.1                     0.708                   0.881                   87.2                    
349.50                  349.50                  -999.25                 -999.25                 -999.25                 -999.25                 87.2                    
349.60                  349.61                  95.21                   -999.25                 -999.25                 -999.25                 87.1                    
349.70                  349.70                  -999.25                 8.7                     -999.25                 -999.25                 87.1                    
349.80                  349.80                  -999.25                 -999.25                 0.687                   0.854                   87.1                    
349.90                  349.91                  95.97                   7.4                     -999.25                 -999.25                 87.1                    
350.00                  350.00                  -999.25                 -999.25                 -999.25                 -999.25                 87.0                    
350.10                  350.10                  -999.25                 -999.25                 0.679                   0.928                   87.0                    
350.20                  350.21                  97.74                   8.3                     -999.25                 -999.25                 87.0                    
350.30                  350.30                  -999.25                 -999.25                 -999.25                 -999.25                 86.9                    
350.40                  350.40                  -999.25                 -999.25                 -999.25                 -999.25                 86.9                    
350.50                  350.52                  101.56                  -999.25                 -999.25                 -999.25                 86.9                    
350.60                  350.60                  -999.25                 7.9                     0.669                   0.828                   86.9                    
350.70                  350.70                  -999.25                 -999.25                 -999.25                 -999.25                 86.8                    
350.80                  350.82                  101.66                  -999.25                 -999.25                 -999.25                 86.8                    
350.90                  350.90                  -999.25                 -999.25                 -999.25                 -999.25                 86.8                    
351.00                  351.00                  -999.25                 8.3                     0.669                   0.828                   86.8                    
351.10                  351.13                  102.47                  -999.25                 -999.25                 -999.25                 86.7                    
351.20                  351.20                  -999.25                 -999.25                 -999.25                 -999.25                 86.7                    
351.30                  351.30                  -999.25                 7.0                     0.675                   0.928                   86.7                    
351.40                  351.43                  98.98                   -999.25                 -999.25                 -999.25                 86.7                    
351.50                  351.50                  -999.25                 -999.25                 -999.25                 -999.25                 86.6                    
351.60                  351.60                  -999.25                 -999.25                 -999.25                 -999.25                 86.6                    
351.70                  351.74                  99.49                   -999.25                 -999.25                 -999.25                 86.6                    
351.80                  351.80                  -999.25                 7.0                     0.661                   0.819                   86.6                    
351.90                  351.90                  -999.25                 -999.25                 -999.25                 -999.25                 86.5                    
352.00                  352.04                  92.98                   -999.25                 -999.25                 -999.25                 86.5                    
352.10                  352.10                  -999.25                 -999.25                 -999.25                 -999.25                 86.5                    
352.20                  352.20                  -999.25                 -999.25                 -999.25                 -999.25                 86.5                    
352.30                  352.35                  91.68                   6.6                     0.627                   0.730                   86.4                    
352.40                  352.40                  -999.25                 -999.25                 -999.25                 -999.25                 86.4                    
352.50                  352.50                  -999.25                 -999.25                 0.613                   0.685                   86.4                    
352.60                  352.60                  -999.25                 3.5                     -999.25                 -999.25                 86.4                    
352.70                  352.65                  87.34                   -999.25                 -999.25                 -999.25                 86.3                    
352.80                  352.80                  -999.25                 -999.25                 -999.25                 -999.25                 86.3                    
352.90                  352.90                  -999.25                 -999.25                 -999.25                 -999.25                 86.3                    
353.00                  352.96                  85.44                   4.0                     0.605                   0.548                   86.3                    
353.10                  353.10                  -999.25                 -999.25                 -999.25                 -999.25                 86.4                    
353.20                  353.20                  -999.25                 -999.25                 -999.25                 -999.25                 86.5                    
353.30                  353.26                  85.07                   -999.25                 -999.25                 -999.25                 86.5                    
353.40                  353.40                  -999.25                 -999.25                 0.596                   0.609                   86.6                    
353.50                  353.50                  -999.25                 7.4                     -999.25                 -999.25                 86.7                    
353.60                  353.57                  84.46                   -999.25                 -999.25                 -999.25                 86.7                    
353.70                  353.70                  -999.25                 -999.25                 0.591                   0.663                   86.8                    
353.80                  353.80                  -999.25                 6.1                     -999.25                 -999.25                 86.9                    
353.90                  353.87                  82.88                   -999.25                 -999.25                 -999.25                 86.9                    
354.00                  354.00                  -999.25                 -999.25                 -999.25                 -999.25                 87.0                    
354.10                  354.10                  -999.25                 -999.25                 0.600                   0.530                   87.1                    
354.20                  354.18                  82.91                   4.0                     -999.25                 -999.25                 87.1                    
354.30                  354.30                  -999.25                 -999.25                 -999.25                 -999.25                 87.2                    
354.40                  354.40                  -999.25                 -999.25                 -999.25                 -999.25                 87.3                    
354.50                  354.48                  83.53                   -999.25                 -999.25                 -999.25                 87.3                    
354.60                  354.60                  -999.25                 4.4                     0.590                   0.481                   87.4                    
354.70                  354.70                  -999.25                 -999.25                 -999.25                 -999.25                 87.5                    
354.80                  354.79                  55.95                   -999.25                 0.607                   0.451                   87.5                    
354.90                  354.90                  -999.25                 5.3                     -999.25                 -999.25                 87.6                    
355.00                  355.00                  -999.25                 -999.25                 -999.25                 -999.25                 87.7                    
355.10                  355.09                  49.61                   -999.25                 0.616                   0.548                   87.7                    
355.20                  355.20                  -999.25                 6.6                     -999.25                 -999.25                 87.8                    
355.30                  355.30                  -999.25                 -999.25                 0.624                   0.531                   87.9                    
355.40                  355.40                  44.68                   -999.25                 -999.25                 -999.25                 87.9                    
355.50                  355.50                  -999.25                 8.7                     0.631                   0.456                   88.0                    
355.60                  355.60                  -999.25                 6.1                     0.620                   0.557                   88.1                    
355.70                  355.70                  38.38                   -999.25                 -999.25                 -999.25                 88.1                    
355.80                  355.80                  -999.25                 7.0                     0.627                   0.597                   88.2                    
355.90                  355.90                  -999.25                 6.8                     0.639                   0.722                   88.3                    
356.00                  356.01                  33.57                   -999.25                 -999.25                 -999.25                 88.3                    
356.10                  356.10                  -999.25                 7.4                     -999.25                 -999.25                 88.3                    
356.20                  356.20                  -999.25                 7.9                     -999.25                 -999.25                 88.3                    
356.30                  356.31                  37.89                   7.0                     -999.25                 -999.25                 88.3                    
356.40                  356.40                  -999.25                 -999.25                 -999.25                 -999.25                 88.3                    
356.50                  356.50                  -999.25                 -999.25                 -999.25                 -999.25                 88.3                    
356.60                  356.62                  41.80                   9.6                     -999.25                 -999.25                 88.3                    
356.70                  356.70                  -999.25                 -999.25                 -999.25                 -999.25                 88.3                    
356.80                  356.80                  -999.25                 -999.25                 -999.25                 -999.25                 88.3                    
356.90                  356.92                  43.80                   -999.25                 -999.25                 -999.25                 88.3                    
357.00                  357.00                  -999.25                 -999.25                 -999.25                 -999.25                 88.3                    
357.10                  357.10                  -999.25                 -999.25                 -999.25                 -999.25                 88.3                    
357.20                  357.23                  42.20                   -999.25                 -999.25                 -999.25                 88.3                    
357.30                  357.30                  -999.25                 -999.25                 -999.25                 -999.25                 88.3                    
357.40                  357.40                  -999.25                 -999.25                 -999.25                 -999.25                 88.3                    
357.50                  357.53                  37.40                   -999.25                 -999.25                 -999.25                 88.3                    
357.60                  357.60                  -999.25                 -999.25                 -999.25                 -999.25                 88.3                    
357.70                  357.70                  -999.25                 -999.25                 -999.25                 -999.25                 88.3                    
357.80                  357.83                  27.93                   -999.25                 -999.25                 -999.25                 88.3                    
357.90                  357.90                  -999.25                 -999.25                 -999.25                 -999.25                 88.3                    
358.00                  358.00                  -999.25                 -999.25                 -999.25                 -999.25                 88.3                    
358.10                  358.14                  19.26                   -999.25                 -999.25                 -999.25                 88.3                    
358.20                  358.20                  -999.25                 -999.25                 -999.25                 -999.25                 88.3                    
358.30                  358.30                  -999.25                 -999.25                 -999.25                 -999.25                 88.3                    
358.40                  358.44                  17.62                   -999.25                 -999.25                 -999.25                 88.3                    
358.50                  358.50                  -999.25                 -999.25                 0.542                   0.977                   88.3                    
358.60                  358.60                  -999.25                 -999.25                 -999.25                 -999.25                 88.3                    
358.70                  358.75                  18.32                   -999.25                 -999.25                 -999.25                 88.3                    
358.80                  358.80                  -999.25                 -999.25                 -999.25                 -999.25                 88.3                    
358.90                  358.90                  -999.25                 -999.25                 -999.25                 -999.25                 88.3                    
359.00                  359.00                  -999.25                 -999.25                 -999.25                 -999.25                 88.3                    
359.10                  359.05                  17.47                   -999.25                 -999.25                 -999.25                 88.3                    
359.20                  359.20                  -999.25                 6.1                     -999.25                 -999.25                 88.3                    
359.30                  359.30                  -999.25                 -999.25                 -999.25                 -999.25                 88.3                    
359.40                  359.36                  17.46                   -999.25                 -999.25                 -999.25                 88.3                    
359.50                  359.50                  -999.25                 -999.25                 -999.25                 -999.25                 88.3                    
359.60                  359.60                  -999.25                 -999.25                 -999.25                 -999.25                 88.3                    
359.70                  359.66                  17.33                   -999.25                 -999.25                 -999.25                 88.3                    
359.80                  359.80                  -999.25                 -999.25                 0.689                   0.656                   88.3                    
359.90                  359.90                  -999.25                 -999.25                 -999.25                 -999.25                 88.3                    
360.00                  359.97                  17.88                   -999.25                 -999.25                 -999.25                 88.3                    
360.10                  360.10                  -999.25                 13.5                    -999.25                 -999.25                 88.3                    
360.20                  360.20                  -999.25                 -999.25                 -999.25                 -999.25                 88.3                    
360.30                  360.27                  16.73                   -999.25                 0.731                   0.685                   88.3                    
360.40                  360.40                  -999.25                 -999.25                 -999.25                 -999.25                 88.3                    
360.50                  360.50                  -999.25                 -999.25                 -999.25                 -999.25                 88.3                    
360.60                  360.58                  16.01                   -999.25                 -999.25                 -999.25                 88.3                    
360.70                  360.70                  -999.25                 -999.25                 -999.25                 -999.25                 88.3                    
360.80                  360.80                  -999.25                 -999.25                 -999.25                 -999.25                 88.3                    
360.90                  360.88                  15.33                   14.0                    0.712                   0.623                   88.3                    
361.00                  361.00                  -999.25                 -999.25                 -999.25                 -999.25                 88.3                    
361.10                  361.10                  -999.25                 -999.25                 -999.25                 -999.25                 88.3                    
361.20                  361.19                  14.13                   -999.25                 -999.25                 -999.25                 88.3                    
361.30                  361.30                  -999.25                 -999.25                 -999.25                 -999.25                 88.3                    
361.40                  361.40                  -999.25                 15.3                    -999.25                 -999.25                 88.3                    
361.50                  361.49                  13.14                   -999.25                 -999.25                 -999.25                 88.3                    
361.60                  361.60                  -999.25                 -999.25                 -999.25                 -999.25                 88.3                    
361.70                  361.70                  -999.25                 -999.25                 0.699                   0.643                   88.3                    
361.80                  361.80                  12.68                   -999.25                 -999.25                 -999.25                 88.3                    
361.90                  361.90                  -999.25                 -999.25                 -999.25                 -999.25                 88.3                    
362.00                  362.00                  -999.25                 -999.25                 -999.25                 -999.25                 88.3                    
362.10                  362.10                  12.10                   15.3                    0.678                   0.650                   88.3                    
362.20                  362.20                  -999.25                 -999.25                 -999.25                 -999.25                 88.3                    
362.30                  362.30                  -999.25                 -999.25                 -999.25                 -999.25                 88.3                    
362.40                  362.41                  11.39                   -999.25                 -999.25                 -999.25                 88.3                    
362.50                  362.50                  -999.25                 -999.25                 -999.25                 -999.25                 88.3                    
362.60                  362.60                  -999.25                 -999.25                 -999.25                 -999.25                 88.3                    
362.70                  362.71                  11.02                   14.0                    -999.25                 -999.25                 88.3                    
362.80                  362.80                  -999.25                 -999.25                 0.660                   0.542                   88.3                    
362.90                  362.90                  -999.25                 -999.25                 -999.25                 -999.25                 88.3                    
363.00                  363.02                  10.56                   -999.25                 -999.25                 -999.25                 88.3                    
363.10                  363.10                  -999.25                 -999.25                 -999.25                 -999.25                 88.3                    
363.20                  363.20                  -999.25                 -999.25                 -999.25                 -999.25                 88.3                    
363.30                  363.32                  10.41                   -999.25                 -999.25                 -999.25                 88.3                    
363.40                  363.40                  -999.25                 14.8                    -999.25                 -999.25                 88.3                    
363.50                  363.50                  -999.25                 -999.25                 -999.25                 -999.25                 88.3                    
363.60                  363.63                  9.88                    -999.25                 0.771                   0.519                   88.3                    
363.70                  363.70                  -999.25                 -999.25                 -999.25                 -999.25                 88.3                    
363.80                  363.80                  -999.25                 -999.25                 -999.25                 -999.25                 88.3                    
363.90                  363.93                  10.21                   17.0                    0.813                   0.714                   88.3                    
364.00                  364.00                  -999.25                 -999.25                 -999.25                 -999.25                 88.3                    
364.10                  364.10                  -999.25                 -999.25                 -999.25                 -999.25                 88.3                    
364.20                  364.24                  10.13                   -999.25                 -999.25                 -999.25                 88.3                    
364.30                  364.30                  -999.25                 -999.25                 -999.25                 -999.25                 88.3                    
364.40                  364.40                  -999.25                 -999.25                 0.862                   0.590                   88.3                    
364.50                  364.54                  9.15                    21.8                    -999.25                 -999.25                 88.3                    
364.60                  364.60                  -999.25                 -999.25                 -999.25                 -999.25                 88.3                    
364.70                  364.70                  -999.25                 -999.25                 -999.25                 -999.25                 88.3                    
364.80                  364.85                  9.36                    -999.25                 -999.25                 -999.25                 88.3                    
364.90                  364.90                  -999.25                 22.2                    -999.25                 -999.25                 88.3                    
365.00                  365.00                  -999.25                 -999.25                 -999.25                 -999.25                 88.3                    
365.10                  365.10                  -999.25                 -999.25                 0.875                   0.514                   88.3                    
365.20                  365.15                  9.68                    -999.25                 -999.25                 -999.25                 88.3                    
365.30                  365.30                  -999.25                 -999.25                 -999.25                 -999.25                 88.3                    
365.40                  365.40                  -999.25                 20.1                    -999.25                 -999.25                 88.3                    
365.50                  365.45                  9.78                    -999.25                 0.803                   0.427                   88.3                    
365.60                  365.60                  -999.25                 -999.25                 -999.25                 -999.25                 88.3                    
365.70                  365.70                  -999.25                 -999.25                 -999.25                 -999.25                 88.3                    
365.80                  365.76                  10.24                   -999.25                 -999.25                 -999.25                 88.3                    
365.90                  365.90                  -999.25                 -999.25                 -999.25                 -999.25                 88.3                    
366.00                  366.00                  -999.25                 16.1                    -999.25                 -999.25                 88.3                    
366.10                  366.06                  10.85                   -999.25                 0.698                   0.379                   88.3                    
366.20                  366.20                  -999.25                 -999.25                 -999.25                 -999.25                 88.3                    
366.30                  366.30                  -999.25                 -999.25                 -999.25                 -999.25                 88.3                    
366.40                  366.37                  11.28                   -999.25                 -999.25                 -999.25                 88.3                    
366.50                  366.50                  -999.25                 -999.25                 -999.25                 -999.25                 88.3                    
366.60                  366.60                  -999.25                 -999.25                 -999.25                 -999.25                 88.3                    
366.70                  366.67                  10.98                   10.9                    -999.25                 -999.25                 88.3                    
366.80                  366.80                  -999.25                 -999.25                 -999.25                 -999.25                 88.3                    
366.90                  366.90                  -999.25                 -999.25                 0.681                   0.336                   88.3                    
367.00                  366.98                  12.29                   -999.25                 -999.25                 -999.25                 88.3                    
367.10                  367.10                  -999.25                 8.3                     -999.25                 -999.25                 88.3                    
367.20                  367.20                  -999.25                 -999.25                 -999.25                 -999.25                 88.3                    
367.30                  367.28                  13.34                   -999.25                 -999.25                 -999.25                 88.3                    
367.40                  367.40                  -999.25                 -999.25                 0.693                   0.275                   88.3                    
367.50                  367.50                  -999.25                 -999.25                 -999.25                 -999.25                 88.3                    
367.60                  367.59                  12.99                   -999.25                 -999.25                 -999.25                 88.3                    
367.70                  367.70                  -999.25                 -999.25                 -999.25                 -999.25                 88.3                    
367.80                  367.80                  -999.25                 -999.25                 -999.25                 -999.25                 88.3                    
367.90                  367.89                  13.58                   -999.25                 -999.25                 -999.25                 88.3                    
368.00                  368.00                  -999.25                 6.6                     0.743                   0.304                   88.3                    
368.10                  368.10                  -999.25                 -999.25                 -999.25                 -999.25                 88.3                    
368.20                  368.20                  12.87                   -999.25                 -999.25                 -999.25                 88.3                    
368.30                  368.30                  -999.25                 -999.25                 -999.25                 -999.25                 88.3                    
368.40                  368.40                  -999.25                 -999.25                 -999.25                 -999.25                 88.3                    
368.50                  368.50                  11.48                   9.6                     -999.25                 -999.25                 88.3                    
368.60                  368.60                  -999.25                 -999.25                 -999.25                 -999.25                 88.3                    
368.70                  368.70                  -999.25                 -999.25                 0.859                   0.387                   88.3                    
368.80                  368.81                  10.65                   -999.25                 0.853                   0.423                   88.3                    
368.90                  368.90                  -999.25                 -999.25                 -999.25                 -999.25                 88.3                    
369.00                  369.00                  -999.25                 -999.25                 -999.25                 -999.25                 88.3                    
369.10                  369.11                  10.57                   17.0                    0.843                   0.418                   88.3                    
369.20                  369.20                  -999.25                 -999.25                 -999.25                 -999.25                 88.3                    
369.30                  369.30                  -999.25                 22.2                    -999.25                 -999.25                 88.3                    
369.40                  369.42                  10.94                   -999.25                 -999.25                 -999.25                 88.3                    
369.50                  369.50                  -999.25                 -999.25                 -999.25                 -999.25                 88.3                    
369.60                  369.60                  -999.25                 15.7                    -999.25                 -999.25                 88.3                    
369.70                  369.72                  11.71                   -999.25                 0.788                   0.396                   88.3                    
369.80                  369.80                  -999.25                 -999.25                 -999.25                 -999.25                 88.3                    
369.90                  369.90                  -999.25                 -999.25                 0.788                   0.375                   88.3                    
370.00                  370.03                  13.19                   17.9                    -999.25                 -999.25                 88.3                    
370.10                  370.10                  -999.25                 -999.25                 -999.25                 -999.25                 88.3                    
370.20                  370.20                  -999.25                 -999.25                 -999.25                 -999.25                 88.3                    
370.30                  370.33                  13.11                   -999.25                 0.786                   0.405                   88.3                    
370.40                  370.40                  -999.25                 9.6                     -999.25                 -999.25                 88.3                    
370.50                  370.50                  -999.25                 -999.25                 -999.25                 -999.25                 88.3                    
370.60                  370.64                  12.40                   -999.25                 -999.25                 -999.25                 88.3                    
370.70                  370.70                  -999.25                 -999.25                 0.588                   0.300                   88.3                    
370.80                  370.80                  -999.25                 -999.25                 -999.25                 -999.25                 88.3                    
370.90                  370.94                  12.41                   -999.25                 -999.25                 -999.25                 88.3                    
371.00                  371.00                  -999.25                 16.6                    -999.25                 -999.25                 88.3                    
371.10                  371.10                  -999.25                 -999.25                 0.595                   0.311                   88.3                    
371.20                  371.25                  13.10                   21.8                    -999.25                 -999.25                 88.3                    
371.30                  371.30                  -999.25                 -999.25                 -999.25                 -999.25                 88.3                    
371.40                  371.40                  -999.25                 -999.25                 0.664                   0.325                   88.3                    
371.50                  371.50                  -999.25                 19.2                    -999.25                 -999.25                 88.3                    
371.60                  371.55                  13.05                   -999.25                 -999.25                 -999.25                 88.3                    
371.70                  371.70                  -999.25                 -999.25                 -999.25                 -999.25                 88.3                    
371.80                  371.80                  -999.25                 -999.25                 0.781                   0.321                   88.3                    
371.90                  371.86                  12.29                   13.5                    -999.25                 -999.25                 88.3                    
372.00                  372.00                  -999.25                 -999.25                 -999.25                 -999.25                 88.3                    
372.10                  372.10                  -999.25                 -999.25                 0.863                   0.321                   88.3                    
372.20                  372.16                  12.87                   20.1                    -999.25                 -999.25                 88.3                    
372.30                  372.30                  -999.25                 -999.25                 -999.25                 -999.25                 88.3                    
372.40                  372.40                  -999.25                 -999.25                 -999.25                 -999.25                 88.3                    
372.50                  372.47                  12.28                   18.3                    -999.25                 -999.25                 88.3                    
372.60                  372.60                  -999.25                 -999.25                 0.906                   0.461                   88.3                    
372.70                  372.70                  -999.25                 -999.25                 -999.25                 -999.25                 88.3                    
372.80                  372.77                  12.70                   -999.25                 -999.25                 -999.25                 88.3                    
372.90                  372.90                  -999.25                 -999.25                 -999.25                 -999.25                 88.3                    
373.00                  373.00                  -999.25                 -999.25                 -999.25                 -999.25                 88.3                    
373.10                  373.07                  12.54                   -999.25                 -999.25                 -999.25                 88.3                    
373.20                  373.20                  -999.25                 17.9                    -999.25                 -999.25                 88.3                    
373.30                  373.30                  -999.25                 -999.25                 -999.25                 -999.25                 88.3                    
373.40                  373.38                  12.60                   -999.25                 -999.25                 -999.25                 88.3                    
373.50                  373.50                  -999.25                 -999.25                 1.040                   0.508                   88.3                    
373.60                  373.60                  -999.25                 -999.25                 -999.25                 -999.25                 88.3                    
373.70                  373.68                  11.40                   -999.25                 -999.25                 -999.25                 88.3                    
373.80                  373.80                  -999.25                 -999.25                 -999.25                 -999.25                 88.3                    
373.90                  373.90                  -999.25                 -999.25                 -999.25                 -999.25                 88.3                    
374.00                  373.99                  11.09                   -999.25                 -999.25                 -999.25                 88.3                    
374.10                  374.10                  -999.25                 18.3                    -999.25                 -999.25                 88.3                    
374.20                  374.20                  -999.25                 -999.25                 -999.25                 -999.25                 88.3                    
374.30                  374.29                  9.89                    -999.25                 -999.25                 -999.25                 88.3                    
374.40                  374.40                  -999.25                 -999.25                 1.110                   0.819                   88.3                    
374.50                  374.50                  -999.25                 -999.25                 -999.25                 -999.25                 88.3                    
374.60                  374.60                  10.02                   -999.25                 1.120                   0.819                   88.3                    
374.70                  374.70                  -999.25                 28.3                    -999.25                 -999.25                 88.3                    
374.80                  374.80                  -999.25                 -999.25                 -999.25                 -999.25                 88.3                    
374.90                  374.90                  11.11                   -999.25                 -999.25                 -999.25                 88.3                    
375.00                  375.00                  -999.25                 28.3                    -999.25                 -999.25                 88.3                    
375.10                  375.10                  -999.25                 -999.25                 -999.25                 -999.25                 88.3                    
375.20                  375.21                  9.12                    -999.25                 -999.25                 -999.25                 88.3                    
375.30                  375.30                  -999.25                 -999.25                 1.119                   0.678                   88.3                    
375.40                  375.40                  -999.25                 -999.25                 -999.25                 -999.25                 88.3                    
375.50                  375.51                  10.07                   -999.25                 -999.25                 -999.25                 88.3                    
375.60                  375.60                  -999.25                 24.0                    1.135                   0.685                   88.3                    
375.70                  375.70                  -999.25                 -999.25                 -999.25                 -999.25                 88.3                    
375.80                  375.82                  11.52                   -999.25                 -999.25                 -999.25                 88.3                    
375.90                  375.90                  -999.25                 -999.25                 1.149                   0.881                   88.3                    
376.00                  376.00                  -999.25                 -999.25                 -999.25                 -999.25                 88.3                    
376.10                  376.12                  12.75                   34.4                    -999.25                 -999.25                 88.3                    
376.20                  376.20                  -999.25                 -999.25                 -999.25                 -999.25                 88.3                    
376.30                  376.30                  -999.25                 -999.25                 -999.25                 -999.25                 88.3                    
376.40                  376.43                  14.04                   30.1                    -999.25                 -999.25                 88.3                    
376.50                  376.50                  -999.25                 -999.25                 -999.25                 -999.25                 88.3                    
376.60                  376.60                  -999.25                 -999.25                 1.193                   0.928                   88.3                    
376.70                  376.73                  13.96                   -999.25                 -999.25                 -999.25                 88.3                    
376.80                  376.80                  -999.25                 -999.25                 -999.25                 -999.25                 88.3                    
376.90                  376.90                  -999.25                 37.9                    1.208                   1.106                   88.3                    
377.00                  377.04                  14.65                   -999.25                 -999.25                 -999.25                 88.3                    
377.10                  377.10                  -999.25                 -999.25                 -999.25                 -999.25                 88.3                    
377.20                  377.20                  -999.25                 -999.25                 -999.25                 -999.25                 88.3                    
377.30                  377.34                  12.38                   -999.25                 -999.25                 -999.25                 88.3                    
377.40                  377.40                  -999.25                 43.6                    -999.25                 -999.25                 88.3                    
377.50                  377.50                  -999.25                 -999.25                 -999.25                 -999.25                 88.3                    
377.60                  377.65                  10.69                   -999.25                 -999.25                 -999.25                 88.3                    
377.70                  377.70                  -999.25                 -999.25                 -999.25                 -999.25                 88.3                    
377.80                  377.80                  -999.25                 -999.25                 1.227                   0.977                   88.3                    
377.90                  377.90                  -999.25                 -999.25                 -999.25                 -999.25                 88.3                    
378.00                  377.95                  9.85                    -999.25                 -999.25                 -999.25                 88.3                    
378.10                  378.10                  -999.25                 -999.25                 1.235                   0.928                   88.3                    
378.20                  378.20                  -999.25                 47.1                    -999.25                 -999.25                 88.3                    
378.30                  378.26                  9.86                    -999.25                 1.237                   0.881                   88.3                    
378.40                  378.40                  -999.25                 44.0                    -999.25                 -999.25                 88.3                    
378.50                  378.50                  -999.25                 -999.25                 1.244                   0.909                   88.3                    
378.60                  378.56                  10.54                   -999.25                 -999.25                 -999.25                 88.3                    
378.70                  378.70                  -999.25                 46.2                    -999.25                 -999.25                 88.3                    
378.80                  378.80                  -999.25                 -999.25                 -999.25                 -999.25                 88.3                    
378.90                  378.87                  11.41                   44.9                    1.241                   1.084                   88.3                    
379.00                  379.00                  -999.25                 -999.25                 -999.25                 -999.25                 88.3                    
379.10                  379.10                  -999.25                 -999.25                 -999.25                 -999.25                 88.3                    
379.20                  379.17                  11.70                   54.5                    1.251                   1.095                   88.3                    
379.30                  379.30                  -999.25                 -999.25                 -999.25                 -999.25                 88.3                    
379.40                  379.40                  -999.25                 -999.25                 -999.25                 -999.25                 88.3                    
379.50                  379.48                  12.72                   -999.25                 -999.25                 -999.25                 88.3                    
379.60                  379.60                  -999.25                 -999.25                 -999.25                 -999.25                 88.3                    
379.70                  379.70                  -999.25                 51.0                    1.255                   1.073                   88.3                    
379.80                  379.78                  12.65                   -999.25                 -999.25                 -999.25                 88.3                    
379.90                  379.90                  -999.25                 -999.25                 -999.25                 -999.25                 88.3                    
380.00                  380.00                  -999.25                 -999.25                 -999.25                 -999.25                 88.3                    
380.10                  380.09                  12.63                   61.9                    -999.25                 -999.25                 88.3                    
380.20                  380.20                  -999.25                 -999.25                 -999.25                 -999.25                 88.3                    
380.30                  380.30                  -999.25                 59.7                    1.239                   1.029                   88.3                    
380.40                  380.39                  12.91                   54.5                    -999.25                 -999.25                 88.3                    
380.50                  380.50                  -999.25                 -999.25                 -999.25                 -999.25                 88.3                    
380.60                  380.60                  -999.25                 -999.25                 -999.25                 -999.25                 88.3                    
380.70                  380.69                  12.31                   52.3                    1.224                   1.084                   88.3                    
380.80                  380.80                  -999.25                 -999.25                 -999.25                 -999.25                 88.3                    
380.90                  380.90                  -999.25                 -999.25                 -999.25                 -999.25                 88.3                    
381.00                  381.00                  12.91                   -999.25                 -999.25                 -999.25                 88.3                    
381.10                  381.10                  -999.25                 -999.25                 -999.25                 -999.25                 88.3                    
381.20                  381.20                  -999.25                 -999.25                 -999.25                 -999.25                 88.3                    
381.30                  381.30                  12.96                   -999.25                 -999.25                 -999.25                 88.3                    
381.40                  381.40                  -999.25                 -999.25                 -999.25                 -999.25                 88.3                    
381.50                  381.50                  -999.25                 -999.25                 -999.25                 -999.25                 88.3                    
381.60                  381.61                  11.90                   -999.25                 -999.25                 -999.25                 88.3                    
381.70                  381.70                  -999.25                 -999.25                 -999.25                 -999.25                 88.3                    
381.80                  381.80                  -999.25                 -999.25                 -999.25                 -999.25                 88.3                    
381.90                  381.91                  12.22                   -999.25                 -999.25                 -999.25                 88.3                    
382.00                  382.00                  -999.25                 53.2                    -999.25                 -999.25                 88.3                    
382.10                  382.10                  -999.25                 -999.25                 -999.25                 -999.25                 88.3                    
382.20                  382.22                  11.37                   -999.25                 -999.25                 -999.25                 88.3                    
382.30                  382.30                  -999.25                 -999.25                 -999.25                 -999.25                 88.3                    
382.40                  382.40                  -999.25                 -999.25                 -999.25                 -999.25                 88.3                    
382.50                  382.52                  11.44                   -999.25                 -999.25                 -999.25                 88.3                    
382.60                  382.60                  -999.25                 -999.25                 -999.25                 -999.25                 88.3                    
382.70                  382.70                  -999.25                 -999.25                 -999.25                 -999.25                 88.3                    
382.80                  382.83                  10.67                   -999.25                 -999.25                 -999.25                 88.3                    
382.90                  382.90                  -999.25                 -999.25                 -999.25                 -999.25                 88.3                    
383.00                  383.00                  -999.25                 -999.25                 -999.25                 -999.25                 88.3                    
383.10                  383.13                  9.77                    -999.25                 -999.25                 -999.25                 88.3                    
383.20                  383.20                  -999.25                 -999.25                 -999.25                 -999.25                 88.3                    
383.30                  383.30                  -999.25                 -999.25                 -999.25                 -999.25                 88.3                    
383.40                  383.44                  7.42                    -999.25                 -999.25                 -999.25                 88.3                    
383.50                  383.50                  -999.25                 -999.25                 -999.25                 -999.25                 88.3                    
383.60                  383.60                  -999.25                 -999.25                 -999.25                 -999.25                 88.3                    
383.70                  383.74                  5.91                    -999.25                 1.219                   1.019                   88.3                    
383.80                  383.80                  -999.25                 -999.25                 -999.25                 -999.25                 88.3                    
383.90                  383.90                  -999.25                 -999.25                 -999.25                 -999.25                 88.3                    
384.00                  384.05                  4.56                    -999.25                 -999.25                 -999.25                 88.3                    
384.10                  384.10                  -999.25                 -999.25                 -999.25                 -999.25                 88.3                    
384.20                  384.20                  -999.25                 -999.25                 -999.25                 -999.25                 88.3                    
384.30                  384.30                  -999.25                 -999.25                 -999.25                 -999.25                 88.3                    
384.40                  384.35                  6.90                    -999.25                 -999.25                 -999.25                 88.3                    
384.50                  384.50                  -999.25                 -999.25                 -999.25                 -999.25                 88.3                    
384.60                  384.60                  -999.25                 56.2                    -999.25                 -999.25                 88.3                    
384.70                  384.66                  11.24                   -999.25                 -999.25                 -999.25                 88.3                    
384.80                  384.80                  -999.25                 -999.25                 1.206                   1.021                   88.3                    
384.90                  384.90                  -999.25                 -999.25                 -999.25                 -999.25                 88.3                    
385.00                  384.96                  37.10                   -999.25                 -999.25                 -999.25                 88.3                    
385.10                  385.10                  -999.25                 39.2                    0.529                   0.174                   88.3                    
385.20                  385.20                  -999.25                 -999.25                 -999.25                 -999.25                 88.3                    
385.30                  385.27                  77.86                   -999.25                 -999.25                 -999.25                 88.3                    
385.40                  385.40                  -999.25                 18.3                    -999.25                 -999.25                 88.3                    
385.50                  385.50                  -999.25                 -999.25                 -999.25                 -999.25                 88.3                    
385.60                  385.57                  73.20                   -999.25                 -999.25                 -999.25                 88.3                    
385.70                  385.70                  -999.25                 -999.25                 0.523                   0.134                   88.3                    
385.80                  385.80                  -999.25                 -999.25                 -999.25                 -999.25                 88.3                    
385.90                  385.88                  79.60                   -999.25                 -999.25                 -999.25                 88.3                    
386.00                  386.00                  -999.25                 -999.25                 -999.25                 -999.25                 88.3                    
386.10                  386.10                  -999.25                 -999.25                 -999.25                 -999.25                 88.3                    
386.20                  386.18                  86.40                   -999.25                 -999.25                 -999.25                 88.3                    
386.30                  386.30                  -999.25                 -999.25                 -999.25                 -999.25                 88.3                    
386.40                  386.40                  -999.25                 -999.25                 -999.25                 -999.25                 88.3                    
386.50                  386.49                  91.88                   -999.25                 -999.25                 -999.25                 88.3                    
386.60                  386.60                  -999.25                 -999.25                 -999.25                 -999.25                 88.3                    
386.70                  386.70                  -999.25                 13.1                    -999.25                 -999.25                 88.3                    
386.80                  386.79                  47.29                   -999.25                 -999.25                 -999.25                 88.3                    
386.90                  386.90                  -999.25                 -999.25                 -999.25                 -999.25                 88.3                    
387.00                  387.00                  -999.25                 -999.25                 -999.25                 -999.25                 88.3                    
387.10                  387.10                  42.54                   -999.25                 -999.25                 -999.25                 88.3                    
387.20                  387.20                  -999.25                 -999.25                 -999.25                 -999.25                 88.3                    
387.30                  387.30                  -999.25                 -999.25                 -999.25                 -999.25                 88.3                    
387.40                  387.40                  47.08                   -999.25                 0.631                   0.184                   88.3                    
387.50                  387.50                  -999.25                 -999.25                 -999.25                 -999.25                 88.3                    
387.60                  387.60                  -999.25                 -999.25                 -999.25                 -999.25                 88.3                    
387.70                  387.71                  35.48                   -999.25                 -999.25                 -999.25                 88.3                    
387.80                  387.80                  -999.25                 -999.25                 -999.25                 -999.25                 88.3                    
387.90                  387.90                  -999.25                 -999.25                 -999.25                 -999.25                 88.3                    
388.00                  388.01                  28.37                   -999.25                 -999.25                 -999.25                 88.3                    
388.10                  388.10                  -999.25                 4.4                     -999.25                 -999.25                 88.3                    
388.20                  388.20                  -999.25                 -999.25                 -999.25                 -999.25                 88.3                    
388.30                  388.31                  26.95                   -999.25                 -999.25                 -999.25                 88.3                    
388.40                  388.40                  -999.25                 -999.25                 -999.25                 -999.25                 88.3                    
388.50                  388.50                  -999.25                 -999.25                 -999.25                 -999.25                 88.3                    
388.60                  388.62                  22.84                   -999.25                 -999.25                 -999.25                 88.3                    
388.70                  388.70                  -999.25                 -999.25                 0.279                   0.246                   88.3                    
388.80                  388.80                  -999.25                 -999.25                 -999.25                 -999.25                 88.3                    
388.90                  388.92                  19.57                   14.0                    -999.25                 -999.25                 88.3                    
389.00                  389.00                  -999.25                 -999.25                 -999.25                 -999.25                 88.3                    
389.10                  389.10                  -999.25                 -999.25                 -999.25                 -999.25                 88.3                    
389.20                  389.23                  19.00                   -999.25                 -999.25                 -999.25                 88.3                    
389.30                  389.30                  -999.25                 -999.25                 -999.25                 -999.25                 88.3                    
389.40                  389.40                  -999.25                 -999.25                 0.329                   0.321                   88.3                    
389.50                  389.53                  20.74                   -999.25                 -999.25                 -999.25                 88.3                    
389.60                  389.60                  -999.25                 -999.25                 -999.25                 -999.25                 88.3                    
389.70                  389.70                  -999.25                 -999.25                 -999.25                 -999.25                 88.3                    
389.80                  389.84                  17.83                   -999.25                 -999.25                 -999.25                 88.3                    
389.90                  389.90                  -999.25                 -999.25                 -999.25                 -999.25                 88.3                    
390.00                  390.00                  -999.25                 -999.25                 -999.25                 -999.25                 88.3                    
390.10                  390.14                  20.33                   -999.25                 -999.25                 -999.25                 88.3                    
390.20                  390.20                  -999.25                 -999.25                 -999.25                 -999.25                 88.3                    
390.30                  390.30                  -999.25                 -999.25                 -999.25                 -999.25                 88.3                    
390.40                  390.45                  20.26                   17.5                    -999.25                 -999.25                 88.3                    
390.50                  390.50                  -999.25                 -999.25                 -999.25                 -999.25                 88.3                    
390.60                  390.60                  -999.25                 -999.25                 -999.25                 -999.25                 88.3                    
390.70                  390.70                  -999.25                 -999.25                 0.579                   0.336                   88.3                    
390.80                  390.75                  20.61                   -999.25                 -999.25                 -999.25                 88.3                    
390.90                  390.90                  -999.25                 -999.25                 -999.25                 -999.25                 88.3                    
391.00                  391.00                  -999.25                 -999.25                 -999.25                 -999.25                 88.3                    
391.10                  391.06                  21.35                   -999.25                 -999.25                 -999.25                 88.3                    
391.20                  391.20                  -999.25                 -999.25                 -999.25                 -999.25                 88.3                    
391.30                  391.30                  -999.25                 -999.25                 -999.25                 -999.25                 88.3                    
391.40                  391.36                  20.72                   31.8                    -999.25                 -999.25                 88.3                    
391.50                  391.50                  -999.25                 -999.25                 -999.25                 -999.25                 88.3                    
391.60                  391.60                  -999.25                 -999.25                 -999.25                 -999.25                 88.3                    
391.70                  391.67                  20.48                   -999.25                 -999.25                 -999.25                 88.3                    
391.80                  391.80                  -999.25                 -999.25                 1.023                   0.845                   88.3                    
391.90                  391.90                  -999.25                 -999.25                 -999.25                 -999.25                 88.3                    
392.00                  391.97                  18.86                   -999.25                 -999.25                 -999.25                 88.3                    
392.10                  392.10                  -999.25                 28.8                    -999.25                 -999.25                 88.3                    
392.20                  392.20                  -999.25                 -999.25                 -999.25                 -999.25                 88.3                    
392.30                  392.28                  17.66                   -999.25                 -999.25                 -999.25                 88.3                    
392.40                  392.40                  -999.25                 -999.25                 -999.25                 -999.25                 88.3                    
392.50                  392.50                  -999.25                 -999.25                 0.879                   0.243                   88.3                    
392.60                  392.58                  15.82                   -999.25                 -999.25                 -999.25                 88.3                    
392.70                  392.70                  -999.25                 -999.25                 -999.25                 -999.25                 88.3                    
392.80                  392.80                  -999.25                 -999.25                 -999.25                 -999.25                 88.3                    
392.90                  392.89                  15.25                   -999.25                 -999.25                 -999.25                 88.3                    
393.00                  393.00                  -999.25                 -999.25                 -999.25                 -999.25                 88.3                    
393.10                  393.10                  -999.25                 15.3                    -999.25                 -999.25                 88.3                    
393.20                  393.19                  17.21                   -999.25                 -999.25                 -999.25                 88.3                    
393.30                  393.30                  -999.25                 -999.25                 0.629                   0.281                   88.3                    
393.40                  393.40                  -999.25                 -999.25                 -999.25                 -999.25                 88.3                    
393.50                  393.50                  18.43                   -999.25                 -999.25                 -999.25                 88.3                    
393.60                  393.60                  -999.25                 -999.25                 -999.25                 -999.25                 88.3                    
393.70                  393.70                  -999.25                 -999.25                 -999.25                 -999.25                 88.3                    
393.80                  393.80                  17.92                   -999.25                 -999.25                 -999.25                 88.3                    
393.90                  393.90                  -999.25                 -999.25                 -999.25                 -999.25                 88.3                    
394.00                  394.00                  -999.25                 -999.25                 -999.25                 -999.25                 88.3                    
394.10                  394.11                  18.03                   15.3                    -999.25                 -999.25                 88.3                    
394.20                  394.20                  -999.25                 -999.25                 0.724                   0.375                   88.3                    
394.30                  394.30                  -999.25                 -999.25                 -999.25                 -999.25                 88.3                    
394.40                  394.41                  18.88                   -999.25                 -999.25                 -999.25                 88.3                    
394.50                  394.50                  -999.25                 20.1                    -999.25                 -999.25                 88.3                    
394.60                  394.60                  -999.25                 -999.25                 0.896                   0.623                   88.3                    
394.70                  394.72                  18.10                   -999.25                 -999.25                 -999.25                 88.3                    
394.80                  394.80                  -999.25                 -999.25                 -999.25                 -999.25                 88.3                    
394.90                  394.90                  -999.25                 -999.25                 -999.25                 -999.25                 88.3                    
395.00                  395.02                  19.69                   -999.25                 -999.25                 -999.25                 88.3                    
395.10                  395.10                  -999.25                 23.1                    -999.25                 -999.25                 88.3                    
395.20                  395.20                  -999.25                 -999.25                 -999.25                 -999.25                 88.3                    
395.30                  395.33                  20.71                   -999.25                 1.094                   0.656                   88.3                    
395.40                  395.40                  -999.25                 -999.25                 -999.25                 -999.25                 88.3                    
395.50                  395.50                  -999.25                 -999.25                 -999.25                 -999.25                 88.3                    
395.60                  395.63                  21.93                   -999.25                 -999.25                 -999.25                 88.3                    
395.70                  395.70                  -999.25                 -999.25                 -999.25                 -999.25                 88.3                    
395.80                  395.80                  -999.25                 -999.25                 -999.25                 -999.25                 88.3                    
395.90                  395.93                  20.28                   33.6                    -999.25                 -999.25                 88.3                    
396.00                  396.00                  -999.25                 -999.25                 -999.25                 -999.25                 88.3                    
396.10                  396.10                  -999.25                 -999.25                 -999.25                 -999.25                 88.3                    
396.20                  396.24                  19.61                   -999.25                 1.146                   0.678                   88.3                    
396.30                  396.30                  -999.25                 -999.25                 -999.25                 -999.25                 88.3                    
396.40                  396.40                  -999.25                 -999.25                 -999.25                 -999.25                 88.3                    
396.50                  396.54                  19.74                   37.1                    -999.25                 -999.25                 88.3                    
396.60                  396.60                  -999.25                 -999.25                 -999.25                 -999.25                 88.3                    
396.70                  396.70                  -999.25                 -999.25                 -999.25                 -999.25                 88.3                    
396.80                  396.85                  13.31                   -999.25                 -999.25                 -999.25                 88.3                    
396.90                  396.90                  -999.25                 -999.25                 -999.25                 -999.25                 88.3                    
397.00                  397.00                  -999.25                 -999.25                 -999.25                 -999.25                 88.3                    
397.10                  397.10                  -999.25                 -999.25                 -999.25                 -999.25                 88.3                    
397.20                  397.15                  11.70                   -999.25                 -999.25                 -999.25                 88.3                    
397.30                  397.30                  -999.25                 -999.25                 -999.25                 -999.25                 88.3                    
397.40                  397.40                  -999.25                 -999.25                 1.101                   1.073                   88.3                    
397.50                  397.46                  12.47                   -999.25                 -999.25                 -999.25                 88.3                    
397.60                  397.60                  -999.25                 -999.25                 -999.25                 -999.25                 88.3                    
397.70                  397.70                  -999.25                 54.0                    -999.25                 -999.25                 88.3                    
397.80                  397.76                  12.15                   -999.25                 -999.25                 -999.25                 88.3                    
397.90                  397.90                  -999.25                 -999.25                 0.983                   1.118                   88.3                    
398.00                  398.00                  -999.25                 -999.25                 -999.25                 -999.25                 88.3                    
398.10                  398.07                  12.66                   -999.25                 -999.25                 -999.25                 88.3                    
398.20                  398.20                  -999.25                 -999.25                 -999.25                 -999.25                 88.3                    
398.30                  398.30                  -999.25                 -999.25                 -999.25                 -999.25                 88.3                    
398.40                  398.37                  13.07                   -999.25                 -999.25                 -999.25                 88.3                    
398.50                  398.50                  -999.25                 28.3                    -999.25                 -999.25                 88.3                    
398.60                  398.60                  -999.25                 -999.25                 -999.25                 -999.25                 88.3                    
398.70                  398.68                  13.11                   -999.25                 -999.25                 -999.25                 88.3                    
398.80                  398.80                  -999.25                 -999.25                 -999.25                 -999.25                 88.3                    
398.90                  398.90                  -999.25                 -999.25                 0.463                   0.098                   88.3                    
399.00                  398.98                  11.93                   -999.25                 -999.25                 -999.25                 88.3                    
399.10                  399.10                  -999.25                 -999.25                 -999.25                 -999.25                 88.3                    
399.20                  399.20                  -999.25                 -999.25                 -999.25                 -999.25                 88.3                    
399.30                  399.29                  11.60                   -999.25                 -999.25                 -999.25                 88.3                    
399.40                  399.40                  -999.25                 18.8                    -999.25                 -999.25                 88.3                    
399.50                  399.50                  -999.25                 -999.25                 -999.25                 -999.25                 88.3                    
399.60                  399.59                  11.08                   -999.25                 0.592                   0.120                   88.3                    
399.70                  399.70                  -999.25                 -999.25                 -999.25                 -999.25                 88.3                    
399.80                  399.80                  -999.25                 -999.25                 -999.25                 -999.25                 88.3                    
399.90                  399.90                  11.06                   -999.25                 -999.25                 -999.25                 88.3                    
400.00                  400.00                  -999.25                 14.4                    -999.25                 -999.25                 88.3                    
400.10                  400.10                  -999.25                 -999.25                 -999.25                 -999.25                 88.3                    
400.20                  400.20                  10.94                   -999.25                 -999.25                 -999.25                 88.3                    
400.30                  400.30                  -999.25                 -999.25                 0.656                   0.195                   88.3                    
400.40                  400.40                  -999.25                 -999.25                 -999.25                 -999.25                 88.3                    
400.50                  400.51                  15.17                   -999.25                 -999.25                 -999.25                 88.3                    
400.60                  400.60                  -999.25                 -999.25                 -999.25                 -999.25                 88.3                    
400.70                  400.70                  -999.25                 -999.25                 -999.25                 -999.25                 88.3                    
400.80                  400.81                  16.04                   -999.25                 -999.25                 -999.25                 88.3                    
400.90                  400.90                  -999.25                 -999.25                 -999.25                 -999.25                 88.3                    
401.00                  401.00                  -999.25                 8.3                     -999.25                 -999.25                 88.3                    
401.10                  401.12                  21.70                   -999.25                 -999.25                 -999.25                 88.3                    
401.20                  401.20                  -999.25                 -999.25                 -999.25                 -999.25                 88.3                    
401.30                  401.30                  -999.25                 -999.25                 -999.25                 -999.25                 88.3                    
401.40                  401.42                  33.91                   -999.25                 -999.25                 -999.25                 88.3                    
401.50                  401.50                  -999.25                 -999.25                 -999.25                 -999.25                 88.3                    
401.60                  401.60                  -999.25                 -999.25                 -999.25                 -999.25                 88.3                    
401.70                  401.73                  28.79                   -999.25                 0.840                   0.387                   88.3                    
401.80                  401.80                  -999.25                 -999.25                 -999.25                 -999.25                 88.3                    
401.90                  401.90                  -999.25                 -999.25                 -999.25                 -999.25                 88.3                    
402.00                  402.03                  28.20                   -999.25                 -999.25                 -999.25                 88.3                    
402.10                  402.10                  -999.25                 -999.25                 -999.25                 -999.25                 88.3                    
402.20                  402.20                  -999.25                 -999.25                 -999.25                 -999.25                 88.3                    
402.30                  402.34                  28.36                   -999.25                 -999.25                 -999.25                 88.3                    
402.40                  402.40                  -999.25                 -999.25                 -999.25                 -999.25                 88.3                    
402.50                  402.50                  -999.25                 5.3                     -999.25                 -999.25                 88.3                    
402.60                  402.64                  16.33                   -999.25                 0.770                   0.304                   88.3                    
402.70                  402.70                  -999.25                 -999.25                 -999.25                 -999.25                 88.3                    
402.80                  402.80                  -999.25                 -999.25                 -999.25                 -999.25                 88.3                    
402.90                  402.95                  15.64                   5.3                     -999.25                 -999.25                 88.3                    
403.00                  403.00                  -999.25                 -999.25                 -999.25                 -999.25                 88.3                    
403.10                  403.10                  -999.25                 -999.25                 0.760                   0.367                   88.3                    
403.20                  403.20                  -999.25                 -999.25                 -999.25                 -999.25                 88.3                    
403.30                  403.25                  31.09                   -999.25                 -999.25                 -999.25                 88.3                    
403.40                  403.40                  -999.25                 -999.25                 -999.25                 -999.25                 88.3                    
403.50                  403.50                  -999.25                 -999.25                 -999.25                 -999.25                 88.3                    
403.60                  403.55                  20.15                   -999.25                 -999.25                 -999.25                 88.3                    
403.70                  403.70                  -999.25                 7.0                     -999.25                 -999.25                 88.3                    
403.80                  403.80                  -999.25                 -999.25                 0.815                   0.508                   88.3                    
403.90                  403.86                  14.58                   -999.25                 -999.25                 -999.25                 88.3                    
404.00                  404.00                  -999.25                 -999.25                 -999.25                 -999.25                 88.3                    
404.10                  404.10                  -999.25                 -999.25                 -999.25                 -999.25                 88.3                    
404.20                  404.16                  15.64                   5.3                     -999.25                 -999.25                 88.3                    
404.30                  404.30                  -999.25                 4.4                     -999.25                 -999.25                 88.3                    
404.40                  404.40                  -999.25                 -999.25                 0.825                   0.616                   88.3                    
404.50                  404.47                  18.21                   -999.25                 -999.25                 -999.25                 88.3                    
404.60                  404.60                  -999.25                 -999.25                 -999.25                 -999.25                 88.3                    
404.70                  404.70                  -999.25                 -999.25                 -999.25                 -999.25                 88.3                    
404.80                  404.77                  18.40                   -999.25                 -999.25                 -999.25                 88.3                    
404.90                  404.90                  -999.25                 -999.25                 -999.25                 -999.25                 88.3                    
405.00                  405.00                  -999.25                 -999.25                 -999.25                 -999.25                 88.3                    
405.10                  405.08                  16.64                   -999.25                 -999.25                 -999.25                 88.3                    
405.20                  405.20                  -999.25                 -999.25                 -999.25                 -999.25                 88.3                    
405.30                  405.30                  -999.25                 -999.25                 -999.25                 -999.25                 88.3                    
405.40                  405.38                  17.78                   -999.25                 -999.25                 -999.25                 88.3                    
405.50                  405.50                  -999.25                 -999.25                 -999.25                 -999.25                 88.3                    
405.60                  405.60                  -999.25                 -999.25                 -999.25                 -999.25                 88.3                    
405.70                  405.69                  26.80                   -999.25                 -999.25                 -999.25                 88.3                    
405.80                  405.80                  -999.25                 -999.25                 -999.25                 -999.25                 88.3                    
405.90                  405.90                  -999.25                 -999.25                 -999.25                 -999.25                 88.3                    
406.00                  405.99                  17.51                   -999.25                 -999.25                 -999.25                 88.3                    
406.10                  406.10                  -999.25                 -999.25                 -999.25                 -999.25                 88.3                    
406.20                  406.20                  -999.25                 -999.25                 -999.25                 -999.25                 88.3                    
406.30                  406.30                  14.46                   -999.25                 -999.25                 -999.25                 88.3                    
406.40                  406.40                  -999.25                 -999.25                 -999.25                 -999.25                 88.3                    
406.50                  406.50                  -999.25                 -999.25                 -999.25                 -999.25                 88.3                    
406.60                  406.60                  10.76                   -999.25                 -999.25                 -999.25                 88.3                    
406.70                  406.70                  -999.25                 -999.25                 0.631                   0.195                   88.3                    
406.80                  406.80                  -999.25                 -999.25                 -999.25                 -999.25                 88.3                    
406.90                  406.91                  8.77                    -999.25                 -999.25                 -999.25                 88.3                    
407.00                  407.00                  -999.25                 -999.25                 -999.25                 -999.25                 88.3                    
407.10                  407.10                  -999.25                 -999.25                 -999.25                 -999.25                 88.3                    
407.20                  407.21                  9.87                    -999.25                 -999.25                 -999.25                 88.3                    
407.30                  407.30                  -999.25                 -999.25                 -999.25                 -999.25                 88.3                    
407.40                  407.40                  -999.25                 -999.25                 -999.25                 -999.25                 88.3                    
407.50                  407.52                  11.30                   -999.25                 -999.25                 -999.25                 88.3                    
407.60                  407.60                  -999.25                 -999.25                 -999.25                 -999.25                 88.3                    
407.70                  407.70                  -999.25                 -999.25                 -999.25                 -999.25                 88.3                    
407.80                  407.82                  12.87                   -999.25                 -999.25                 -999.25                 88.3                    
407.90                  407.90                  -999.25                 -999.25                 -999.25                 -999.25                 88.3                    
408.00                  408.00                  -999.25                 -999.25                 -999.25                 -999.25                 88.3                    
408.10                  408.13                  13.39                   8.3                     -999.25                 -999.25                 88.3                    
408.20                  408.20                  -999.25                 -999.25                 -999.25                 -999.25                 88.3                    
408.30                  408.30                  -999.25                 -999.25                 -999.25                 -999.25                 88.3                    
408.40                  408.43                  10.32                   -999.25                 -999.25                 -999.25                 88.3                    
408.50                  408.50                  -999.25                 -999.25                 -999.25                 -999.25                 88.3                    
408.60                  408.60                  -999.25                 -999.25                 -999.25                 -999.25                 88.3                    
408.70                  408.74                  9.56                    -999.25                 -999.25                 -999.25                 88.3                    
408.80                  408.80                  -999.25                 -999.25                 -999.25                 -999.25                 88.3                    
408.90                  408.90                  -999.25                 -999.25                 -999.25                 -999.25                 88.3                    
409.00                  409.04                  16.16                   -999.25                 -999.25                 -999.25                 88.3                    
409.10                  409.10                  -999.25                 -999.25                 -999.25                 -999.25                 88.3                    
409.20                  409.20                  -999.25                 -999.25                 0.853                   0.427                   88.3                    
409.30                  409.35                  45.33                   -999.25                 -999.25                 -999.25                 88.3                    
409.40                  409.40                  -999.25                 -999.25                 -999.25                 -999.25                 88.3                    
409.50                  409.50                  -999.25                 -999.25                 -999.25                 -999.25                 88.3                    
409.60                  409.60                  -999.25                 -999.25                 -999.25                 -999.25                 88.3                    
409.70                  409.65                  80.38                   10.5                    -999.25                 -999.25                 88.3                    
409.80                  409.80                  -999.25                 -999.25                 -999.25                 -999.25                 88.3                    
409.90                  409.90                  -999.25                 -999.25                 -999.25                 -999.25                 88.3                    
410.00                  409.96                  91.60                   -999.25                 -999.25                 -999.25                 88.3                    
410.10                  410.10                  -999.25                 -999.25                 -999.25                 -999.25                 88.3                    
410.20                  410.20                  -999.25                 -999.25                 -999.25                 -999.25                 88.3                    
410.30                  410.26                  45.00                   -999.25                 -999.25                 -999.25                 88.3                    
410.40                  410.40                  -999.25                 -999.25                 -999.25                 -999.25                 88.3                    
410.50                  410.50                  -999.25                 -999.25                 -999.25                 -999.25                 88.3                    
410.60                  410.57                  54.00                   -999.25                 -999.25                 -999.25                 88.3                    
410.70                  410.70                  -999.25                 -999.25                 -999.25                 -999.25                 88.3                    
410.80                  410.80                  -999.25                 -999.25                 -999.25                 -999.25                 88.3                    
410.90                  410.87                  61.00                   -999.25                 -999.25                 -999.25                 88.3                    
411.00                  411.00                  -999.25                 -999.25                 -999.25                 -999.25                 88.3                    
411.10                  411.10                  -999.25                 -999.25                 -999.25                 -999.25                 88.3                    
411.20                  411.17                  75.18                   -999.25                 0.479                   0.291                   88.3                    
411.30                  411.30                  -999.25                 -999.25                 -999.25                 -999.25                 88.3                    
411.40                  411.40                  -999.25                 -999.25                 -999.25                 -999.25                 88.3                    
411.50                  411.48                  93.82                   -999.25                 -999.25                 -999.25                 88.3                    
411.60                  411.60                  -999.25                 17.0                    -999.25                 -999.25                 88.3                    
411.70                  411.70                  -999.25                 -999.25                 -999.25                 -999.25                 88.3                    
411.80                  411.78                  44.00                   -999.25                 -999.25                 -999.25                 88.3                    
411.90                  411.90                  -999.25                 -999.25                 -999.25                 -999.25                 88.3                    
412.00                  412.00                  -999.25                 -999.25                 -999.25                 -999.25                 88.3                    
412.10                  412.09                  65.00                   -999.25                 -999.25                 -999.25                 88.3                    
412.20                  412.20                  -999.25                 -999.25                 -999.25                 -999.25                 88.3                    
412.30                  412.30                  -999.25                 -999.25                 -999.25                 -999.25                 88.3                    
412.40                  412.39                  79.01                   -999.25                 0.778                   0.351                   88.3                    
412.50                  412.50                  -999.25                 -999.25                 -999.25                 -999.25                 88.3                    
412.60                  412.60                  -999.25                 -999.25                 -999.25                 -999.25                 88.3                    
412.70                  412.70                  50.06                   -999.25                 -999.25                 -999.25                 88.3                    
412.80                  412.80                  -999.25                 31.0                    -999.25                 -999.25                 88.3                    
412.90                  412.90                  -999.25                 -999.25                 -999.25                 -999.25                 88.3                    
413.00                  413.00                  4.70                    -999.25                 -999.25                 -999.25                 88.3                    
413.10                  413.10                  -999.25                 -999.25                 0.635                   0.260                   88.3                    
413.20                  413.20                  -999.25                 -999.25                 -999.25                 -999.25                 88.3                    
413.30                  413.31                  11.74                   -999.25                 -999.25                 -999.25                 88.3                    
413.40                  413.40                  -999.25                 14.8                    -999.25                 -999.25                 88.3                    
413.50                  413.50                  -999.25                 -999.25                 -999.25                 -999.25                 88.3                    
413.60                  413.61                  20.91                   -999.25                 -999.25                 -999.25                 88.3                    
413.70                  413.70                  -999.25                 -999.25                 -999.25                 -999.25                 88.3                    
413.80                  413.80                  -999.25                 -999.25                 0.745                   0.446                   88.3                    
413.90                  413.92                  24.01                   -999.25                 -999.25                 -999.25                 88.3                    
414.00                  414.00                  -999.25                 -999.25                 -999.25                 -999.25                 88.3                    
414.10                  414.10                  -999.25                 -999.25                 -999.25                 -999.25                 88.3                    
414.20                  414.22                  29.48                   -999.25                 -999.25                 -999.25                 88.3                    
414.30                  414.30                  -999.25                 -999.25                 -999.25                 -999.25                 88.3                    
414.40                  414.40                  -999.25                 -999.25                 -999.25                 -999.25                 88.3                    
414.50                  414.53                  23.52                   31.8                    -999.25                 -999.25                 88.3                    
414.60                  414.60                  -999.25                 -999.25                 -999.25                 -999.25                 88.3                    
414.70                  414.70                  -999.25                 -999.25                 -999.25                 -999.25                 88.3                    
414.80                  414.83                  24.98                   -999.25                 -999.25                 -999.25                 88.3                    
414.90                  414.90                  -999.25                 -999.25                 0.756                   0.446                   88.3                    
415.00                  415.00                  -999.25                 -999.25                 -999.25                 -999.25                 88.3                    
415.10                  415.14                  28.25                   -999.25                 -999.25                 -999.25                 88.3                    
415.20                  415.20                  -999.25                 -999.25                 -999.25                 -999.25                 88.3                    
415.30                  415.30                  -999.25                 -999.25                 -999.25                 -999.25                 88.3                    
415.40                  415.44                  31.81                   -999.25                 -999.25                 -999.25                 88.3                    
415.50                  415.50                  -999.25                 10.0                    -999.25                 -999.25                 88.3                    
415.60                  415.60                  -999.25                 -999.25                 -999.25                 -999.25                 88.3                    
415.70                  415.75                  35.50                   -999.25                 -999.25                 -999.25                 88.3                    
415.80                  415.80                  -999.25                 -999.25                 -999.25                 -999.25                 88.3                    
415.90                  415.90                  -999.25                 -999.25                 -999.25                 -999.25                 88.3                    
416.00                  416.00                  -999.25                 -999.25                 -999.25                 -999.25                 88.3                    
416.10                  416.05                  34.43                   -999.25                 -999.25                 -999.25                 88.3                    
416.20                  416.20                  -999.25                 -999.25                 0.663                   0.237                   88.3                    
416.30                  416.30                  -999.25                 -999.25                 -999.25                 -999.25                 88.3                    
416.40                  416.36                  24.26                   -999.25                 -999.25                 -999.25                 88.3                    
416.50                  416.50                  -999.25                 18.3                    -999.25                 -999.25                 88.3                    
416.60                  416.60                  -999.25                 -999.25                 -999.25                 -999.25                 88.3                    
416.70                  416.66                  25.82                   -999.25                 -999.25                 -999.25                 88.3                    
416.80                  416.80                  -999.25                 -999.25                 -999.25                 -999.25                 88.3                    
416.90                  416.90                  -999.25                 -999.25                 -999.25                 -999.25                 88.3                    
417.00                  416.97                  28.10                   -999.25                 -999.25                 -999.25                 88.3                    
417.10                  417.10                  -999.25                 -999.25                 0.788                   0.325                   88.3                    
417.20                  417.20                  -999.25                 -999.25                 -999.25                 -999.25                 88.3                    
417.30                  417.27                  30.05                   -999.25                 -999.25                 -999.25                 88.3                    
417.40                  417.40                  -999.25                 -999.25                 -999.25                 -999.25                 88.3                    
417.50                  417.50                  -999.25                 -999.25                 -999.25                 -999.25                 88.3                    
417.60                  417.58                  29.68                   -999.25                 -999.25                 -999.25                 88.3                    
417.70                  417.70                  -999.25                 -999.25                 -999.25                 -999.25                 88.3                    
417.80                  417.80                  -999.25                 -999.25                 -999.25                 -999.25                 88.3                    
417.90                  417.88                  16.87                   -999.25                 -999.25                 -999.25                 88.3                    
418.00                  418.00                  -999.25                 27.9                    -999.25                 -999.25                 88.3                    
418.10                  418.10                  -999.25                 -999.25                 -999.25                 -999.25                 88.3                    
418.20                  418.19                  17.93                   -999.25                 -999.25                 -999.25                 88.3                    
418.30                  418.30                  -999.25                 -999.25                 -999.25                 -999.25                 88.3                    
418.40                  418.40                  -999.25                 -999.25                 -999.25                 -999.25                 88.3                    
418.50                  418.49                  21.77                   -999.25                 -999.25                 -999.25                 88.3                    
418.60                  418.60                  -999.25                 -999.25                 -999.25                 -999.25                 88.3                    
418.70                  418.70                  -999.25                 -999.25                 -999.25                 -999.25                 88.3                    
418.80                  418.79                  27.21                   -999.25                 -999.25                 -999.25                 88.3                    
418.90                  418.90                  -999.25                 -999.25                 -999.25                 -999.25                 88.3                    
419.00                  419.00                  -999.25                 -999.25                 -999.25                 -999.25                 88.3                    
419.10                  419.10                  28.45                   -999.25                 -999.25                 -999.25                 88.3                    
419.20                  419.20                  -999.25                 -999.25                 -999.25                 -999.25                 88.3                    
419.30                  419.30                  -999.25                 -999.25                 0.876                   0.503                   88.3                    
419.40                  419.40                  28.88                   -999.25                 -999.25                 -999.25                 88.3                    
419.50                  419.50                  -999.25                 -999.25                 -999.25                 -999.25                 88.3                    
419.60                  419.60                  -999.25                 -999.25                 -999.25                 -999.25                 88.3                    
419.70                  419.71                  29.25                   -999.25                 -999.25                 -999.25                 88.3                    
419.80                  419.80                  -999.25                 -999.25                 -999.25                 -999.25                 88.3                    
419.90                  419.90                  -999.25                 -999.25                 -999.25                 -999.25                 88.3                    
420.00                  420.01                  33.96                   -999.25                 -999.25                 -999.25                 88.3                    
420.10                  420.10                  -999.25                 -999.25                 -999.25                 -999.25                 88.3                    
420.20                  420.20                  -999.25                 -999.25                 -999.25                 -999.25                 88.3                    
420.30                  420.32                  29.47                   -999.25                 -999.25                 -999.25                 88.3                    
420.40                  420.40                  -999.25                 19.2                    -999.25                 -999.25                 88.3                    
420.50                  420.50                  -999.25                 -999.25                 -999.25                 -999.25                 88.3                    
420.60                  420.62                  28.70                   -999.25                 -999.25                 -999.25                 88.3                    
420.70                  420.70                  -999.25                 -999.25                 -999.25                 -999.25                 88.3                    
420.80                  420.80                  -999.25                 -999.25                 -999.25                 -999.25                 88.3                    
420.90                  420.93                  30.36                   -999.25                 -999.25                 -999.25                 88.3                    
421.00                  421.00                  -999.25                 -999.25                 -999.25                 -999.25                 88.3                    
421.10                  421.10                  -999.25                 -999.25                 -999.25                 -999.25                 88.3                    
421.20                  421.23                  26.14                   -999.25                 -999.25                 -999.25                 88.3                    
421.30                  421.30                  -999.25                 -999.25                 -999.25                 -999.25                 88.3                    
421.40                  421.40                  -999.25                 -999.25                 -999.25                 -999.25                 88.3                    
421.50                  421.54                  26.19                   -999.25                 -999.25                 -999.25                 88.3                    
421.60                  421.60                  -999.25                 -999.25                 -999.25                 -999.25                 88.3                    
421.70                  421.70                  -999.25                 -999.25                 -999.25                 -999.25                 88.3                    
421.80                  421.84                  25.88                   -999.25                 -999.25                 -999.25                 88.3                    
421.90                  421.90                  -999.25                 -999.25                 -999.25                 -999.25                 88.3                    
422.00                  422.00                  -999.25                 17.5                    -999.25                 -999.25                 88.3                    
422.10                  422.15                  22.33                   -999.25                 -999.25                 -999.25                 88.3                    
422.20                  422.20                  -999.25                 -999.25                 -999.25                 -999.25                 88.3                    
422.30                  422.30                  -999.25                 -999.25                 -999.25                 -999.25                 88.3                    
422.40                  422.40                  -999.25                 -999.25                 -999.25                 -999.25                 88.3                    
422.50                  422.45                  20.17                   -999.25                 0.758                   0.328                   88.3                    
422.60                  422.60                  -999.25                 -999.25                 -999.25                 -999.25                 88.3                    
422.70                  422.70                  -999.25                 -999.25                 -999.25                 -999.25                 88.3                    
422.80                  422.76                  17.91                   -999.25                 -999.25                 -999.25                 88.3                    
422.90                  422.90                  -999.25                 -999.25                 -999.25                 -999.25                 88.3                    
423.00                  423.00                  -999.25                 -999.25                 -999.25                 -999.25                 88.3                    
423.10                  423.06                  17.43                   -999.25                 -999.25                 -999.25                 88.3                    
423.20                  423.20                  -999.25                 -999.25                 -999.25                 -999.25                 88.3                    
423.30                  423.30                  -999.25                 -999.25                 -999.25                 -999.25                 88.3                    
423.40                  423.37                  20.85                   -999.25                 -999.25                 -999.25                 88.3                    
423.50                  423.50                  -999.25                 -999.25                 -999.25                 -999.25                 88.3                    
423.60                  423.60                  -999.25                 -999.25                 -999.25                 -999.25                 88.3                    
423.70                  423.67                  22.73                   -999.25                 -999.25                 -999.25                 88.3                    
423.80                  423.80                  -999.25                 -999.25                 -999.25                 -999.25                 88.3                    
423.90                  423.90                  -999.25                 -999.25                 0.926                   0.578                   88.3                    
424.00                  423.98                  24.27                   -999.25                 -999.25                 -999.25                 88.3                    
424.10                  424.10                  -999.25                 -999.25                 -999.25                 -999.25                 88.3                    
424.20                  424.20                  -999.25                 -999.25                 -999.25                 -999.25                 88.3                    
424.30                  424.28                  23.27                   -999.25                 -999.25                 -999.25                 88.3                    
424.40                  424.40                  -999.25                 -999.25                 -999.25                 -999.25                 88.3                    
424.50                  424.50                  -999.25                 -999.25                 -999.25                 -999.25                 88.5                    
424.60                  424.59                  21.87                   -999.25                 -999.25                 -999.25                 88.9                    
424.70                  424.70                  -999.25                 -999.25                 -999.25                 -999.25                 89.2                    
424.80                  424.80                  -999.25                 -999.25                 -999.25                 -999.25                 89.5                    
424.90                  424.89                  22.28                   32.7                    -999.25                 -999.25                 89.8                    
425.00                  425.00                  -999.25                 -999.25                 -999.25                 -999.25                 90.2                    
425.10                  425.10                  -999.25                 -999.25                 -999.25                 -999.25                 90.5                    
425.20                  425.20                  22.04                   -999.25                 -999.25                 -999.25                 90.8                    
425.30                  425.30                  -999.25                 -999.25                 -999.25                 -999.25                 91.2                    
425.40                  425.40                  -999.25                 -999.25                 -999.25                 -999.25                 91.5                    
425.50                  425.50                  22.05                   -999.25                 -999.25                 -999.25                 91.8                    
425.60                  425.60                  -999.25                 -999.25                 -999.25                 -999.25                 92.2                    
425.70                  425.70                  -999.25                 -999.25                 -999.25                 -999.25                 92.3                    
425.80                  425.81                  21.08                   -999.25                 -999.25                 -999.25                 92.1                    
425.90                  425.90                  -999.25                 -999.25                 -999.25                 -999.25                 91.9                    
426.00                  426.00                  -999.25                 -999.25                 -999.25                 -999.25                 91.7                    
426.10                  426.11                  21.83                   -999.25                 0.654                   0.409                   91.5                    
426.20                  426.20                  -999.25                 -999.25                 -999.25                 -999.25                 91.4                    
426.30                  426.30                  -999.25                 -999.25                 -999.25                 -999.25                 91.2                    
426.40                  426.41                  24.20                   -999.25                 -999.25                 -999.25                 91.0                    
426.50                  426.50                  -999.25                 -999.25                 -999.25                 -999.25                 90.8                    
426.60                  426.60                  -999.25                 -999.25                 -999.25                 -999.25                 90.7                    
426.70                  426.72                  28.67                   -999.25                 -999.25                 -999.25                 90.5                    
426.80                  426.80                  -999.25                 -999.25                 -999.25                 -999.25                 90.3                    
426.90                  426.90                  -999.25                 15.3                    -999.25                 -999.25                 90.2                    
427.00                  427.02                  27.56                   -999.25                 -999.25                 -999.25                 90.0                    
427.10                  427.10                  -999.25                 -999.25                 -999.25                 -999.25                 89.8                    
427.20                  427.20                  -999.25                 -999.25                 -999.25                 -999.25                 89.6                    
427.30                  427.33                  26.28                   -999.25                 -999.25                 -999.25                 89.5                    
427.40                  427.40                  -999.25                 -999.25                 -999.25                 -999.25                 89.3                    
427.50                  427.50                  -999.25                 -999.25                 -999.25                 -999.25                 89.1                    
427.60                  427.63                  23.55                   -999.25                 -999.25                 -999.25                 88.9                    
427.70                  427.70                  -999.25                 -999.25                 -999.25                 -999.25                 88.8                    
427.80                  427.80                  -999.25                 14.8                    0.705                   0.476                   88.6                    
427.90                  427.94                  21.93                   -999.25                 -999.25                 -999.25                 88.4                    
428.00                  428.00                  -999.25                 -999.25                 -999.25                 -999.25                 88.3                    
428.10                  428.10                  -999.25                 -999.25                 -999.25                 -999.25                 88.3                    
428.20                  428.24                  24.18                   -999.25                 -999.25                 -999.25                 88.3                    
428.30                  428.30                  -999.25                 -999.25                 -999.25                 -999.25                 88.3                    
428.40                  428.40                  -999.25                 -999.25                 0.700                   0.597                   88.3                    
428.50                  428.55                  35.92                   -999.25                 -999.25                 -999.25                 88.3                    
428.60                  428.60                  -999.25                 -999.25                 -999.25                 -999.25                 88.3                    
428.70                  428.70                  -999.25                 -999.25                 -999.25                 -999.25                 88.3                    
428.80                  428.80                  -999.25                 -999.25                 -999.25                 -999.25                 88.3                    
428.90                  428.85                  35.06                   -999.25                 0.734                   0.437                   88.3                    
429.00                  429.00                  -999.25                 18.8                    -999.25                 -999.25                 88.3                    
429.10                  429.10                  -999.25                 -999.25                 -999.25                 -999.25                 88.3                    
429.20                  429.16                  37.26                   -999.25                 -999.25                 -999.25                 88.3                    
429.30                  429.30                  -999.25                 -999.25                 -999.25                 -999.25                 88.3                    
429.40                  429.40                  -999.25                 -999.25                 -999.25                 -999.25                 88.3                    
429.50                  429.46                  35.90                   -999.25                 -999.25                 -999.25                 88.3                    
429.60                  429.60                  -999.25                 11.8                    -999.25                 -999.25                 88.3                    
429.70                  429.70                  -999.25                 -999.25                 -999.25                 -999.25                 88.3                    
429.80                  429.77                  38.26                   -999.25                 -999.25                 -999.25                 88.3                    
429.90                  429.90                  -999.25                 -999.25                 0.645                   0.392                   88.3                    
430.00                  430.00                  -999.25                 -999.25                 -999.25                 -999.25                 88.3                    
430.10                  430.07                  42.22                   -999.25                 -999.25                 -999.25                 88.3                    
430.20                  430.20                  -999.25                 7.0                     -999.25                 -999.25                 88.3                    
430.30                  430.30                  -999.25                 -999.25                 0.631                   0.441                   88.3                    
430.40                  430.38                  33.43                   -999.25                 -999.25                 -999.25                 88.3                    
430.50                  430.50                  -999.25                 -999.25                 -999.25                 -999.25                 88.3                    
430.60                  430.60                  -999.25                 -999.25                 -999.25                 -999.25                 88.3                    
430.70                  430.68                  26.52                   -999.25                 -999.25                 -999.25                 88.3                    
430.80                  430.80                  -999.25                 -999.25                 -999.25                 -999.25                 88.3                    
430.90                  430.90                  -999.25                 10.5                    -999.25                 -999.25                 88.3                    
431.00                  430.99                  20.15                   -999.25                 -999.25                 -999.25                 88.3                    
431.10                  431.10                  -999.25                 -999.25                 -999.25                 -999.25                 88.3                    
431.20                  431.20                  -999.25                 -999.25                 -999.25                 -999.25                 88.3                    
431.30                  431.29                  19.32                   -999.25                 -999.25                 -999.25                 88.3                    
431.40                  431.40                  -999.25                 -999.25                 -999.25                 -999.25                 88.3                    
431.50                  431.50                  -999.25                 -999.25                 -999.25                 -999.25                 88.3                    
431.60                  431.60                  27.02                   -999.25                 -999.25                 -999.25                 88.3                    
431.70                  431.70                  -999.25                 -999.25                 -999.25                 -999.25                 88.3                    
431.80                  431.80                  -999.25                 -999.25                 -999.25                 -999.25                 88.3                    
431.90                  431.90                  13.03                   15.7                    -999.25                 -999.25                 88.3                    
432.00                  432.00                  -999.25                 -999.25                 -999.25                 -999.25                 88.3                    
432.10                  432.10                  -999.25                 -999.25                 -999.25                 -999.25                 88.3                    
432.20                  432.21                  35.17                   -999.25                 -999.25                 -999.25                 88.3                    
432.30                  432.30                  -999.25                 -999.25                 -999.25                 -999.25                 88.3                    
432.40                  432.40                  -999.25                 -999.25                 0.307                   0.957                   88.3                    
432.50                  432.51                  66.87                   -999.25                 -999.25                 -999.25                 88.3                    
432.60                  432.60                  -999.25                 -999.25                 -999.25                 -999.25                 88.3                    
432.70                  432.70                  -999.25                 32.7                    -999.25                 -999.25                 88.3                    
432.80                  432.82                  93.86                   -999.25                 -999.25                 -999.25                 88.3                    
432.90                  432.90                  -999.25                 -999.25                 -999.25                 -999.25                 88.3                    
433.00                  433.00                  -999.25                 -999.25                 -999.25                 -999.25                 88.3                    
433.10                  433.12                  119.88                  -999.25                 -999.25                 -999.25                 88.3                    
433.20                  433.20                  -999.25                 -999.25                 0.393                   0.414                   88.3                    
433.30                  433.30                  -999.25                 -999.25                 -999.25                 -999.25                 88.3                    
433.40                  433.43                  121.57                  -999.25                 -999.25                 -999.25                 88.3                    
433.50                  433.50                  -999.25                 -999.25                 -999.25                 -999.25                 88.3                    
433.60                  433.60                  -999.25                 -999.25                 -999.25                 -999.25                 88.3                    
433.70                  433.73                  104.82                  -999.25                 -999.25                 -999.25                 88.3                    
433.80                  433.80                  -999.25                 16.1                    -999.25                 -999.25                 88.3                    
433.90                  433.90                  -999.25                 -999.25                 -999.25                 -999.25                 88.3                    
434.00                  434.03                  90.35                   -999.25                 -999.25                 -999.25                 88.3                    
434.10                  434.10                  -999.25                 -999.25                 -999.25                 -999.25                 88.3                    
434.20                  434.20                  -999.25                 -999.25                 -999.25                 -999.25                 88.3                    
434.30                  434.34                  94.33                   -999.25                 -999.25                 -999.25                 88.3                    
434.40                  434.40                  -999.25                 -999.25                 -999.25                 -999.25                 88.3                    
434.50                  434.50                  -999.25                 -999.25                 0.571                   0.351                   88.3                    
434.60                  434.64                  105.52                  -999.25                 -999.25                 -999.25                 88.3                    
434.70                  434.70                  -999.25                 -999.25                 -999.25                 -999.25                 88.3                    
434.80                  434.80                  -999.25                 -999.25                 -999.25                 -999.25                 88.3                    
434.90                  434.95                  121.48                  -999.25                 -999.25                 -999.25                 88.3                    
435.00                  435.00                  -999.25                 -999.25                 -999.25                 -999.25                 88.3                    
435.10                  435.10                  -999.25                 -999.25                 -999.25                 -999.25                 88.3                    
435.20                  435.20                  -999.25                 8.3                     -999.25                 -999.25                 88.3                    
435.30                  435.25                  128.06                  -999.25                 -999.25                 -999.25                 88.3                    
435.40                  435.40                  -999.25                 -999.25                 -999.25                 -999.25                 88.3                    
435.50                  435.50                  -999.25                 -999.25                 -999.25                 -999.25                 88.3                    
435.60                  435.56                  119.67                  -999.25                 -999.25                 -999.25                 88.3                    
435.70                  435.70                  -999.25                 -999.25                 0.749                   0.492                   88.3                    
435.80                  435.80                  -999.25                 -999.25                 -999.25                 -999.25                 88.3                    
435.90                  435.86                  112.83                  -999.25                 -999.25                 -999.25                 88.3                    
436.00                  436.00                  -999.25                 13.5                    -999.25                 -999.25                 88.3                    
436.10                  436.10                  -999.25                 -999.25                 -999.25                 -999.25                 88.3                    
436.20                  436.17                  104.12                  -999.25                 -999.25                 -999.25                 88.3                    
436.30                  436.30                  -999.25                 -999.25                 -999.25                 -999.25                 88.3                    
436.40                  436.40                  -999.25                 -999.25                 -999.25                 -999.25                 88.3                    
436.50                  436.47                  103.05                  -999.25                 0.803                   0.590                   88.3                    
436.60                  436.60                  -999.25                 -999.25                 -999.25                 -999.25                 88.3                    
436.70                  436.70                  -999.25                 -999.25                 -999.25                 -999.25                 88.3                    
436.80                  436.78                  88.75                   -999.25                 -999.25                 -999.25                 88.3                    
436.90                  436.90                  -999.25                 -999.25                 -999.25                 -999.25                 88.3                    
437.00                  437.00                  -999.25                 -999.25                 -999.25                 -999.25                 88.3                    
437.10                  437.08                  75.35                   26.6                    -999.25                 -999.25                 88.3                    
437.20                  437.20                  -999.25                 -999.25                 -999.25                 -999.25                 88.3                    
437.30                  437.30                  -999.25                 -999.25                 -999.25                 -999.25                 88.3                    
437.40                  437.39                  46.09                   -999.25                 -999.25                 -999.25                 88.3                    
437.50                  437.50                  -999.25                 -999.25                 -999.25                 -999.25                 88.3                    
437.60                  437.60                  -999.25                 -999.25                 -999.25                 -999.25                 88.3                    
437.70                  437.69                  43.21                   -999.25                 -999.25                 -999.25                 88.3                    
437.80                  437.80                  -999.25                 -999.25                 -999.25                 -999.25                 88.3                    
437.90                  437.90                  -999.25                 -999.25                 0.764                   0.427                   88.3                    
438.00                  438.00                  45.68                   -999.25                 -999.25                 -999.25                 88.3                    
438.10                  438.10                  -999.25                 -999.25                 -999.25                 -999.25                 88.3                    
438.20                  438.20                  -999.25                 -999.25                 -999.25                 -999.25                 88.3                    
438.30                  438.30                  47.85                   -999.25                 -999.25                 -999.25                 88.3                    
438.40                  438.40                  -999.25                 21.8                    -999.25                 -999.25                 88.3                    
438.50                  438.50                  -999.25                 -999.25                 -999.25                 -999.25                 88.3                    
438.60                  438.61                  47.97                   -999.25                 -999.25                 -999.25                 88.3                    
438.70                  438.70                  -999.25                 -999.25                 -999.25                 -999.25                 88.3                    
438.80                  438.80                  -999.25                 -999.25                 0.789                   0.487                   88.3                    
438.90                  438.91                  40.56                   -999.25                 -999.25                 -999.25                 88.3                    
439.00                  439.00                  -999.25                 -999.25                 -999.25                 -999.25                 88.3                    
439.10                  439.10                  -999.25                 27.0                    -999.25                 -999.25                 88.3                    
439.20                  439.22                  38.97                   -999.25                 -999.25                 -999.25                 88.3                    
439.30                  439.30                  -999.25                 -999.25                 0.744                   0.636                   88.3                    
439.40                  439.40                  -999.25                 -999.25                 -999.25                 -999.25                 88.3                    
439.50                  439.52                  36.78                   -999.25                 -999.25                 -999.25                 88.3                    
439.60                  439.60                  -999.25                 -999.25                 -999.25                 -999.25                 88.3                    
439.70                  439.70                  -999.25                 -999.25                 -999.25                 -999.25                 88.3                    
439.80                  439.83                  28.68                   -999.25                 -999.25                 -999.25                 88.3                    
439.90                  439.90                  -999.25                 -999.25                 0.661                   0.237                   88.3                    
440.00                  440.00                  -999.25                 27.9                    -999.25                 -999.25                 88.3                    
440.10                  440.13                  25.72                   -999.25                 -999.25                 -999.25                 88.3                    
440.20                  440.20                  -999.25                 -999.25                 -999.25                 -999.25                 88.3                    
440.30                  440.30                  -999.25                 -999.25                 -999.25                 -999.25                 88.3                    
440.40                  440.44                  20.45                   -999.25                 -999.25                 -999.25                 88.3                    
440.50                  440.50                  -999.25                 -999.25                 -999.25                 -999.25                 88.3                    
440.60                  440.60                  -999.25                 10.9                    -999.25                 -999.25                 88.3                    
440.70                  440.74                  15.98                   -999.25                 -999.25                 -999.25                 88.3                    
440.80                  440.80                  -999.25                 -999.25                 -999.25                 -999.25                 88.3                    
440.90                  440.90                  -999.25                 -999.25                 -999.25                 -999.25                 88.3                    
441.00                  441.05                  20.94                   -999.25                 -999.25                 -999.25                 88.3                    
441.10                  441.10                  -999.25                 -999.25                 -999.25                 -999.25                 88.3                    
441.20                  441.20                  -999.25                 -999.25                 -999.25                 -999.25                 88.3                    
441.30                  441.30                  -999.25                 -999.25                 -999.25                 -999.25                 88.3                    
441.40                  441.35                  23.30                   -999.25                 -999.25                 -999.25                 88.3                    
441.50                  441.50                  -999.25                 -999.25                 -999.25                 -999.25                 88.3                    
441.60                  441.60                  -999.25                 -999.25                 -999.25                 -999.25                 88.3                    
441.70                  441.65                  25.94                   -999.25                 -999.25                 -999.25                 88.3                    
441.80                  441.80                  -999.25                 -999.25                 -999.25                 -999.25                 88.3                    
441.90                  441.90                  -999.25                 -999.25                 -999.25                 -999.25                 88.3                    
442.00                  441.96                  29.73                   -999.25                 -999.25                 -999.25                 88.3                    
442.10                  442.10                  -999.25                 -999.25                 -999.25                 -999.25                 88.3                    
442.20                  442.20                  -999.25                 -999.25                 -999.25                 -999.25                 88.3                    
442.30                  442.26                  30.45                   -999.25                 0.274                   0.120                   88.3                    
442.40                  442.40                  -999.25                 -999.25                 -999.25                 -999.25                 88.3                    
442.50                  442.50                  -999.25                 -999.25                 -999.25                 -999.25                 88.3                    
442.60                  442.57                  30.58                   -999.25                 -999.25                 -999.25                 88.3                    
442.70                  442.70                  -999.25                 -999.25                 -999.25                 -999.25                 88.3                    
442.80                  442.80                  -999.25                 -999.25                 -999.25                 -999.25                 88.3                    
442.90                  442.87                  29.49                   -999.25                 -999.25                 -999.25                 88.3                    
443.00                  443.00                  -999.25                 -999.25                 -999.25                 -999.25                 88.3                    
443.10                  443.10                  -999.25                 -999.25                 -999.25                 -999.25                 88.3                    
443.20                  443.18                  29.50                   -999.25                 -999.25                 -999.25                 88.3                    
443.30                  443.30                  -999.25                 -999.25                 -999.25                 -999.25                 88.3                    
443.40                  443.40                  -999.25                 18.8                    -999.25                 -999.25                 88.3                    
443.50                  443.48                  32.00                   -999.25                 -999.25                 -999.25                 88.3                    
443.60                  443.60                  -999.25                 -999.25                 -999.25                 -999.25                 88.3                    
443.70                  443.70                  -999.25                 -999.25                 -999.25                 -999.25                 88.3                    
443.80                  443.79                  33.46                   -999.25                 -999.25                 -999.25                 88.3                    
443.90                  443.90                  -999.25                 -999.25                 -999.25                 -999.25                 88.3                    
444.00                  444.00                  -999.25                 -999.25                 0.726                   0.347                   88.3                    
444.10                  444.09                  37.10                   -999.25                 -999.25                 -999.25                 88.3                    
444.20                  444.20                  -999.25                 -999.25                 -999.25                 -999.25                 88.3                    
444.30                  444.30                  -999.25                 -999.25                 -999.25                 -999.25                 88.3                    
444.40                  444.40                  38.41                   -999.25                 -999.25                 -999.25                 88.3                    
444.50                  444.50                  -999.25                 -999.25                 -999.25                 -999.25                 88.3                    
444.60                  444.60                  -999.25                 -999.25                 -999.25                 -999.25                 88.3                    
444.70                  444.70                  40.07                   11.8                    -999.25                 -999.25                 88.3                    
444.80                  444.80                  -999.25                 -999.25                 -999.25                 -999.25                 88.4                    
444.90                  444.90                  -999.25                 -999.25                 -999.25                 -999.25                 88.4                    
445.00                  445.01                  57.32                   -999.25                 -999.25                 -999.25                 88.5                    
445.10                  445.10                  -999.25                 -999.25                 -999.25                 -999.25                 88.5                    
445.20                  445.20                  -999.25                 -999.25                 -999.25                 -999.25                 88.6                    
445.30                  445.31                  52.39                   -999.25                 -999.25                 -999.25                 88.7                    
445.40                  445.40                  -999.25                 -999.25                 0.808                   0.307                   88.7                    
445.50                  445.50                  -999.25                 -999.25                 -999.25                 -999.25                 88.8                    
445.60                  445.62                  56.01                   -999.25                 -999.25                 -999.25                 88.8                    
445.70                  445.70                  -999.25                 20.1                    -999.25                 -999.25                 88.9                    
445.80                  445.80                  -999.25                 -999.25                 -999.25                 -999.25                 89.0                    
445.90                  445.92                  59.88                   -999.25                 0.818                   0.409                   89.0                    
446.00                  446.00                  -999.25                 -999.25                 -999.25                 -999.25                 89.1                    
446.10                  446.10                  -999.25                 -999.25                 -999.25                 -999.25                 89.2                    
446.20                  446.23                  56.51                   -999.25                 -999.25                 -999.25                 89.2                    
446.30                  446.30                  -999.25                 -999.25                 -999.25                 -999.25                 89.3                    
446.40                  446.40                  -999.25                 12.2                    -999.25                 -999.25                 89.3                    
446.50                  446.53                  54.91                   -999.25                 -999.25                 -999.25                 89.4                    
446.60                  446.60                  -999.25                 -999.25                 -999.25                 -999.25                 89.5                    
446.70                  446.70                  -999.25                 -999.25                 -999.25                 -999.25                 89.5                    
446.80                  446.84                  56.60                   -999.25                 0.885                   0.396                   89.6                    
446.90                  446.90                  -999.25                 -999.25                 -999.25                 -999.25                 89.7                    
447.00                  447.00                  -999.25                 -999.25                 -999.25                 -999.25                 89.7                    
447.10                  447.14                  55.92                   -999.25                 -999.25                 -999.25                 89.8                    
447.20                  447.20                  -999.25                 -999.25                 -999.25                 -999.25                 89.8                    
447.30                  447.30                  -999.25                 -999.25                 -999.25                 -999.25                 89.9                    
447.40                  447.45                  58.78                   -999.25                 -999.25                 -999.25                 90.0                    
447.50                  447.50                  -999.25                 21.4                    -999.25                 -999.25                 90.0                    
447.60                  447.60                  -999.25                 -999.25                 -999.25                 -999.25                 90.1                    
447.70                  447.70                  -999.25                 -999.25                 -999.25                 -999.25                 90.1                    
447.80                  447.75                  63.80                   -999.25                 -999.25                 -999.25                 90.2                    
447.90                  447.90                  -999.25                 -999.25                 -999.25                 -999.25                 90.3                    
448.00                  448.00                  -999.25                 -999.25                 -999.25                 -999.25                 90.3                    
448.10                  448.06                  60.87                   -999.25                 -999.25                 -999.25                 90.4                    
448.20                  448.20                  -999.25                 -999.25                 -999.25                 -999.25                 90.5                    
448.30                  448.30                  -999.25                 -999.25                 -999.25                 -999.25                 90.5                    
448.40                  448.36                  62.25                   -999.25                 -999.25                 -999.25                 90.6                    
448.50                  448.50                  -999.25                 -999.25                 0.820                   0.359                   90.6                    
448.60                  448.60                  -999.25                 -999.25                 -999.25                 -999.25                 90.7                    
448.70                  448.67                  57.32                   14.0                    -999.25                 -999.25                 90.8                    
448.80                  448.80                  -999.25                 -999.25                 -999.25                 -999.25                 90.8                    
448.90                  448.90                  -999.25                 -999.25                 -999.25                 -999.25                 90.9                    
449.00                  448.97                  54.85                   -999.25                 -999.25                 -999.25                 91.0                    
449.10                  449.10                  -999.25                 -999.25                 -999.25                 -999.25                 91.0                    
449.20                  449.20                  -999.25                 -999.25                 -999.25                 -999.25                 91.1                    
449.30                  449.27                  65.48                   -999.25                 -999.25                 -999.25                 91.1                    
449.40                  449.40                  -999.25                 -999.25                 0.810                   0.325                   91.2                    
449.50                  449.50                  -999.25                 -999.25                 -999.25                 -999.25                 91.3                    
449.60                  449.58                  51.88                   -999.25                 -999.25                 -999.25                 91.3                    
449.70                  449.70                  -999.25                 -999.25                 -999.25                 -999.25                 91.4                    
449.80                  449.80                  -999.25                 -999.25                 -999.25                 -999.25                 91.4                    
449.90                  449.90                  -999.25                 -999.25                 -999.25                 -999.25                 91.5                    
450.00                  450.00                  -999.25                 -999.25                 -999.25                 -999.25                 91.6                    
450.10                  450.10                  -999.25                 -999.25                 -999.25                 -999.25                 91.6                    
450.20                  450.19                  57.32                   24.4                    -999.25                 -999.25                 91.7                    
450.30                  450.30                  -999.25                 -999.25                 -999.25                 -999.25                 91.8                    
450.40                  450.40                  -999.25                 -999.25                 -999.25                 -999.25                 91.8                    
450.50                  450.49                  62.85                   -999.25                 -999.25                 -999.25                 91.9                    
450.60                  450.60                  -999.25                 -999.25                 0.899                   0.400                   91.9                    
450.70                  450.70                  -999.25                 -999.25                 -999.25                 -999.25                 92.0                    
450.80                  450.80                  65.48                   -999.25                 -999.25                 -999.25                 92.1                    
450.90                  450.90                  -999.25                 -999.25                 -999.25                 -999.25                 92.1                    
451.00                  451.00                  -999.25                 -999.25                 -999.25                 -999.25                 92.2                    
451.10                  451.10                  68.64                   -999.25                 -999.25                 -999.25                 92.3                    
451.20                  451.20                  -999.25                 -999.25                 -999.25                 -999.25                 92.3                    
451.30                  451.30                  -999.25                 -999.25                 -999.25                 -999.25                 92.3                    
451.40                  451.41                  64.36                   14.8                    -999.25                 -999.25                 92.3                    
451.50                  451.50                  -999.25                 -999.25                 -999.25                 -999.25                 92.3                    
451.60                  451.60                  -999.25                 -999.25                 -999.25                 -999.25                 92.3                    
451.70                  451.71                  67.00                   -999.25                 -999.25                 -999.25                 92.3                    
451.80                  451.80                  -999.25                 -999.25                 -999.25                 -999.25                 92.3                    
451.90                  451.90                  -999.25                 -999.25                 -999.25                 -999.25                 92.3                    
452.00                  452.02                  70.71                   -999.25                 -999.25                 -999.25                 92.3                    
452.10                  452.10                  -999.25                 -999.25                 -999.25                 -999.25                 92.3                    
452.20                  452.20                  -999.25                 -999.25                 -999.25                 -999.25                 92.3                    
452.30                  452.32                  70.16                   -999.25                 -999.25                 -999.25                 92.3                    
452.40                  452.40                  -999.25                 -999.25                 -999.25                 -999.25                 92.3                    
452.50                  452.50                  -999.25                 -999.25                 -999.25                 -999.25                 92.3                    
452.60                  452.63                  71.58                   -999.25                 1.016                   0.572                   92.3                    
452.70                  452.70                  -999.25                 -999.25                 -999.25                 -999.25                 92.3                    
452.80                  452.80                  -999.25                 31.4                    -999.25                 -999.25                 92.3                    
452.90                  452.93                  87.00                   -999.25                 -999.25                 -999.25                 92.3                    
453.00                  453.00                  -999.25                 -999.25                 -999.25                 -999.25                 92.3                    
453.10                  453.10                  -999.25                 -999.25                 -999.25                 -999.25                 92.3                    
453.20                  453.24                  79.52                   -999.25                 -999.25                 -999.25                 92.3                    
453.30                  453.30                  -999.25                 -999.25                 0.977                   0.432                   92.3                    
453.40                  453.40                  -999.25                 -999.25                 -999.25                 -999.25                 92.3                    
453.50                  453.54                  72.95                   -999.25                 -999.25                 -999.25                 92.3                    
453.60                  453.60                  -999.25                 -999.25                 -999.25                 -999.25                 92.3                    
453.70                  453.70                  -999.25                 -999.25                 -999.25                 -999.25                 92.3                    
453.80                  453.85                  63.16                   -999.25                 -999.25                 -999.25                 92.3                    
453.90                  453.90                  -999.25                 30.1                    -999.25                 -999.25                 92.3                    
454.00                  454.00                  -999.25                 -999.25                 -999.25                 -999.25                 92.3                    
454.10                  454.10                  -999.25                 -999.25                 -999.25                 -999.25                 92.3                    
454.20                  454.15                  55.61                   -999.25                 -999.25                 -999.25                 92.3                    
454.30                  454.30                  -999.25                 -999.25                 -999.25                 -999.25                 92.3                    
454.40                  454.40                  -999.25                 -999.25                 -999.25                 -999.25                 92.3                    
454.50                  454.46                  54.09                   -999.25                 0.974                   0.566                   92.3                    
454.60                  454.60                  -999.25                 -999.25                 -999.25                 -999.25                 92.3                    
454.70                  454.70                  -999.25                 -999.25                 -999.25                 -999.25                 92.3                    
454.80                  454.76                  35.47                   -999.25                 -999.25                 -999.25                 92.3                    
454.90                  454.90                  -999.25                 -999.25                 -999.25                 -999.25                 92.3                    
455.00                  455.00                  -999.25                 -999.25                 -999.25                 -999.25                 92.3                    
455.10                  455.07                  37.73                   -999.25                 -999.25                 -999.25                 92.3                    
455.20                  455.20                  -999.25                 37.5                    -999.25                 -999.25                 92.3                    
455.30                  455.30                  -999.25                 -999.25                 1.035                   0.542                   92.3                    
455.40                  455.37                  48.18                   -999.25                 -999.25                 -999.25                 92.3                    
455.50                  455.50                  -999.25                 -999.25                 -999.25                 -999.25                 92.3                    
455.60                  455.60                  -999.25                 31.8                    -999.25                 -999.25                 92.3                    
455.70                  455.68                  78.00                   -999.25                 -999.25                 -999.25                 92.3                    
455.80                  455.80                  -999.25                 -999.25                 -999.25                 -999.25                 92.3                    
455.90                  455.90                  -999.25                 -999.25                 -999.25                 -999.25                 92.3                    
456.00                  455.98                  73.52                   -999.25                 1.063                   0.572                   92.3                    
456.10                  456.10                  -999.25                 -999.25                 -999.25                 -999.25                 92.3                    
456.20                  456.20                  -999.25                 -999.25                 -999.25                 -999.25                 92.3                    
456.30                  456.29                  57.48                   -999.25                 -999.25                 -999.25                 92.3                    
456.40                  456.40                  -999.25                 -999.25                 -999.25                 -999.25                 92.3                    
456.50                  456.50                  -999.25                 27.9                    -999.25                 -999.25                 92.3                    
456.60                  456.59                  37.45                   -999.25                 -999.25                 -999.25                 92.3                    
456.70                  456.70                  -999.25                 -999.25                 1.039                   0.566                   92.3                    
456.80                  456.80                  -999.25                 -999.25                 -999.25                 -999.25                 92.3                    
456.90                  456.89                  25.61                   -999.25                 -999.25                 -999.25                 92.3                    
457.00                  457.00                  -999.25                 -999.25                 -999.25                 -999.25                 92.3                    
457.10                  457.10                  -999.25                 -999.25                 -999.25                 -999.25                 92.3                    
457.20                  457.20                  21.90                   -999.25                 -999.25                 -999.25                 92.3                    
457.30                  457.30                  -999.25                 -999.25                 -999.25                 -999.25                 92.3                    
457.40                  457.40                  -999.25                 -999.25                 -999.25                 -999.25                 92.3                    
457.50                  457.50                  20.71                   -999.25                 -999.25                 -999.25                 92.3                    
457.60                  457.60                  -999.25                 -999.25                 -999.25                 -999.25                 92.3                    
457.70                  457.70                  -999.25                 26.6                    -999.25                 -999.25                 92.3                    
457.80                  457.81                  17.69                   -999.25                 -999.25                 -999.25                 92.3                    
457.90                  457.90                  -999.25                 -999.25                 -999.25                 -999.25                 92.3                    
458.00                  458.00                  -999.25                 -999.25                 -999.25                 -999.25                 92.3                    
458.10                  458.11                  20.22                   -999.25                 1.050                   0.700                   92.3                    
458.20                  458.20                  -999.25                 29.2                    -999.25                 -999.25                 92.3                    
458.30                  458.30                  -999.25                 -999.25                 -999.25                 -999.25                 92.3                    
458.40                  458.42                  19.54                   -999.25                 -999.25                 -999.25                 92.3                    
458.50                  458.50                  -999.25                 -999.25                 -999.25                 -999.25                 92.3                    
458.60                  458.60                  -999.25                 -999.25                 -999.25                 -999.25                 92.3                    
458.70                  458.72                  22.74                   -999.25                 -999.25                 -999.25                 92.3                    
458.80                  458.80                  -999.25                 -999.25                 -999.25                 -999.25                 92.3                    
458.90                  458.90                  -999.25                 -999.25                 -999.25                 -999.25                 92.3                    
459.00                  459.03                  23.37                   -999.25                 -999.25                 -999.25                 92.3                    
459.10                  459.10                  -999.25                 -999.25                 0.912                   0.636                   92.3                    
459.20                  459.20                  -999.25                 -999.25                 -999.25                 -999.25                 92.3                    
459.30                  459.33                  27.28                   -999.25                 -999.25                 -999.25                 92.3                    
459.40                  459.40                  -999.25                 -999.25                 -999.25                 -999.25                 92.3                    
459.50                  459.50                  -999.25                 -999.25                 0.818                   1.084                   92.3                    
459.60                  459.64                  31.39                   -999.25                 -999.25                 -999.25                 92.3                    
459.70                  459.70                  -999.25                 36.2                    -999.25                 -999.25                 92.3                    
459.80                  459.80                  -999.25                 -999.25                 -999.25                 -999.25                 92.3                    
459.90                  459.94                  33.35                   -999.25                 -999.25                 -999.25                 92.3                    
460.00                  460.00                  -999.25                 -999.25                 -999.25                 -999.25                 92.3                    
460.10                  460.10                  -999.25                 -999.25                 1.064                   0.383                   92.3                    
460.20                  460.25                  31.41                   -999.25                 -999.25                 -999.25                 92.3                    
460.30                  460.30                  -999.25                 -999.25                 -999.25                 -999.25                 92.3                    
460.40                  460.40                  -999.25                 -999.25                 -999.25                 -999.25                 92.3                    
460.50                  460.50                  -999.25                 -999.25                 -999.25                 -999.25                 92.3                    
460.60                  460.55                  31.56                   40.5                    -999.25                 -999.25                 92.3                    
460.70                  460.70                  -999.25                 -999.25                 -999.25                 -999.25                 92.3                    
460.80                  460.80                  -999.25                 -999.25                 -999.25                 -999.25                 92.3                    
460.90                  460.86                  31.52                   -999.25                 -999.25                 -999.25                 92.3                    
461.00                  461.00                  -999.25                 -999.25                 1.071                   0.707                   92.3                    
461.10                  461.10                  -999.25                 -999.25                 -999.25                 -999.25                 92.3                    
461.20                  461.16                  32.65                   -999.25                 -999.25                 -999.25                 92.3                    
461.30                  461.30                  -999.25                 -999.25                 -999.25                 -999.25                 92.3                    
461.40                  461.40                  -999.25                 -999.25                 -999.25                 -999.25                 92.3                    
461.50                  461.47                  30.78                   -999.25                 -999.25                 -999.25                 92.3                    
461.60                  461.60                  -999.25                 35.3                    -999.25                 -999.25                 92.3                    
461.70                  461.70                  -999.25                 -999.25                 -999.25                 -999.25                 92.3                    
461.80                  461.77                  33.87                   -999.25                 -999.25                 -999.25                 92.3                    
461.90                  461.90                  -999.25                 -999.25                 -999.25                 -999.25                 92.3                    
462.00                  462.00                  -999.25                 -999.25                 -999.25                 -999.25                 92.3                    
462.10                  462.08                  35.93                   -999.25                 1.061                   0.572                   92.3                    
462.20                  462.20                  -999.25                 -999.25                 -999.25                 -999.25                 92.3                    
462.30                  462.30                  -999.25                 -999.25                 -999.25                 -999.25                 92.3                    
462.40                  462.38                  37.37                   30.5                    -999.25                 -999.25                 92.3                    
462.50                  462.50                  -999.25                 -999.25                 -999.25                 -999.25                 92.3                    
462.60                  462.60                  -999.25                 -999.25                 -999.25                 -999.25                 92.3                    
462.70                  462.69                  40.46                   -999.25                 -999.25                 -999.25                 92.3                    
462.80                  462.80                  -999.25                 -999.25                 0.997                   0.466                   92.3                    
462.90                  462.90                  -999.25                 -999.25                 -999.25                 -999.25                 92.3                    
463.00                  462.99                  37.66                   -999.25                 -999.25                 -999.25                 92.3                    
463.10                  463.10                  -999.25                 -999.25                 -999.25                 -999.25                 92.3                    
463.20                  463.20                  -999.25                 -999.25                 -999.25                 -999.25                 92.3                    
463.30                  463.30                  36.39                   -999.25                 -999.25                 -999.25                 92.3                    
463.40                  463.40                  -999.25                 30.5                    -999.25                 -999.25                 92.3                    
463.50                  463.50                  -999.25                 -999.25                 -999.25                 -999.25                 92.3                    
463.60                  463.60                  34.09                   -999.25                 -999.25                 -999.25                 92.3                    
463.70                  463.70                  -999.25                 -999.25                 -999.25                 -999.25                 92.3                    
463.80                  463.80                  -999.25                 -999.25                 -999.25                 -999.25                 92.3                    
463.90                  463.91                  30.85                   -999.25                 -999.25                 -999.25                 92.3                    
464.00                  464.00                  -999.25                 -999.25                 1.103                   1.051                   92.3                    
464.10                  464.10                  -999.25                 -999.25                 -999.25                 -999.25                 92.3                    
464.20                  464.21                  34.92                   -999.25                 -999.25                 -999.25                 92.3                    
464.30                  464.30                  -999.25                 -999.25                 -999.25                 -999.25                 92.3                    
464.40                  464.40                  -999.25                 -999.25                 -999.25                 -999.25                 92.3                    
464.50                  464.51                  35.67                   49.7                    -999.25                 -999.25                 92.3                    
464.60                  464.60                  -999.25                 -999.25                 1.127                   0.881                   92.3                    
464.70                  464.70                  -999.25                 -999.25                 -999.25                 -999.25                 92.3                    
464.80                  464.82                  33.68                   -999.25                 1.083                   0.810                   92.3                    
464.90                  464.90                  -999.25                 -999.25                 -999.25                 -999.25                 92.3                    
465.00                  465.00                  -999.25                 35.8                    -999.25                 -999.25                 92.3                    
465.10                  465.12                  40.88                   -999.25                 -999.25                 -999.25                 92.3                    
465.20                  465.20                  -999.25                 -999.25                 -999.25                 -999.25                 92.3                    
465.30                  465.30                  -999.25                 -999.25                 -999.25                 -999.25                 92.3                    
465.40                  465.43                  46.03                   -999.25                 -999.25                 -999.25                 92.3                    
465.50                  465.50                  -999.25                 -999.25                 -999.25                 -999.25                 92.3                    
465.60                  465.60                  -999.25                 -999.25                 -999.25                 -999.25                 92.3                    
465.70                  465.73                  41.61                   30.5                    -999.25                 -999.25                 92.3                    
465.80                  465.80                  -999.25                 -999.25                 -999.25                 -999.25                 92.3                    
465.90                  465.90                  -999.25                 -999.25                 -999.25                 -999.25                 92.3                    
466.00                  466.04                  42.75                   -999.25                 -999.25                 -999.25                 92.3                    
466.10                  466.10                  -999.25                 -999.25                 -999.25                 -999.25                 92.3                    
466.20                  466.20                  -999.25                 -999.25                 -999.25                 -999.25                 92.3                    
466.30                  466.34                  37.06                   -999.25                 -999.25                 -999.25                 92.3                    
466.40                  466.40                  -999.25                 -999.25                 -999.25                 -999.25                 92.3                    
466.50                  466.50                  -999.25                 -999.25                 -999.25                 -999.25                 92.3                    
466.60                  466.65                  32.19                   -999.25                 -999.25                 -999.25                 92.3                    
466.70                  466.70                  -999.25                 -999.25                 -999.25                 -999.25                 92.3                    
466.80                  466.80                  -999.25                 -999.25                 -999.25                 -999.25                 92.3                    
466.90                  466.90                  -999.25                 -999.25                 -999.25                 -999.25                 92.3                    
467.00                  466.95                  23.71                   -999.25                 -999.25                 -999.25                 92.3                    
467.10                  467.10                  -999.25                 -999.25                 1.104                   0.863                   92.3                    
467.20                  467.20                  -999.25                 -999.25                 -999.25                 -999.25                 92.3                    
467.30                  467.26                  23.63                   -999.25                 -999.25                 -999.25                 92.3                    
467.40                  467.40                  -999.25                 -999.25                 -999.25                 -999.25                 92.3                    
467.50                  467.50                  -999.25                 -999.25                 -999.25                 -999.25                 92.3                    
467.60                  467.56                  26.09                   -999.25                 -999.25                 -999.25                 92.3                    
467.70                  467.70                  -999.25                 -999.25                 -999.25                 -999.25                 92.3                    
467.80                  467.80                  -999.25                 -999.25                 -999.25                 -999.25                 92.3                    
467.90                  467.87                  20.55                   -999.25                 -999.25                 -999.25                 92.3                    
468.00                  468.00                  -999.25                 -999.25                 -999.25                 -999.25                 92.3                    
468.10                  468.10                  -999.25                 28.3                    -999.25                 -999.25                 92.3                    
468.20                  468.17                  29.97                   -999.25                 -999.25                 -999.25                 92.3                    
468.30                  468.30                  -999.25                 -999.25                 -999.25                 -999.25                 92.3                    
468.40                  468.40                  -999.25                 -999.25                 -999.25                 -999.25                 92.3                    
468.50                  468.48                  21.52                   -999.25                 -999.25                 -999.25                 92.3                    
468.60                  468.60                  -999.25                 -999.25                 0.979                   0.530                   92.3                    
468.70                  468.70                  -999.25                 -999.25                 -999.25                 -999.25                 92.3                    
468.80                  468.78                  32.78                   -999.25                 -999.25                 -999.25                 92.3                    
468.90                  468.90                  -999.25                 22.2                    -999.25                 -999.25                 92.3                    
469.00                  469.00                  -999.25                 -999.25                 -999.25                 -999.25                 92.3                    
469.10                  469.09                  28.22                   -999.25                 0.808                   0.229                   92.3                    
469.20                  469.20                  -999.25                 -999.25                 -999.25                 -999.25                 92.3                    
469.30                  469.30                  -999.25                 -999.25                 -999.25                 -999.25                 92.3                    
469.40                  469.39                  32.78                   -999.25                 -999.25                 -999.25                 92.3                    
469.50                  469.50                  -999.25                 -999.25                 -999.25                 -999.25                 92.3                    
469.60                  469.60                  -999.25                 -999.25                 -999.25                 -999.25                 92.3                    
469.70                  469.70                  38.79                   17.5                    -999.25                 -999.25                 92.3                    
469.80                  469.80                  -999.25                 -999.25                 0.657                   0.198                   92.3                    
469.90                  469.90                  -999.25                 -999.25                 -999.25                 -999.25                 92.3                    
470.00                  470.00                  109.67                  -999.25                 -999.25                 -999.25                 92.3                    
470.10                  470.10                  -999.25                 -999.25                 -999.25                 -999.25                 92.3                    
470.20                  470.20                  -999.25                 -999.25                 -999.25                 -999.25                 92.3                    
470.30                  470.31                  138.11                  -999.25                 -999.25                 -999.25                 92.3                    
470.40                  470.40                  -999.25                 -999.25                 -999.25                 -999.25                 92.3                    
470.50                  470.50                  -999.25                 -999.25                 -999.25                 -999.25                 92.3                    
470.60                  470.61                  123.25                  -999.25                 -999.25                 -999.25                 92.3                    
470.70                  470.70                  -999.25                 17.5                    -999.25                 -999.25                 92.3                    
470.80                  470.80                  -999.25                 -999.25                 -999.25                 -999.25                 92.3                    
470.90                  470.92                  110.55                  -999.25                 -999.25                 -999.25                 92.3                    
471.00                  471.00                  -999.25                 -999.25                 -999.25                 -999.25                 92.3                    
471.10                  471.10                  -999.25                 -999.25                 -999.25                 -999.25                 92.3                    
471.20                  471.22                  84.27                   -999.25                 -999.25                 -999.25                 92.3                    
471.30                  471.30                  -999.25                 -999.25                 -999.25                 -999.25                 92.3                    
471.40                  471.40                  -999.25                 -999.25                 -999.25                 -999.25                 92.3                    
471.50                  471.53                  76.97                   -999.25                 -999.25                 -999.25                 92.3                    
471.60                  471.60                  -999.25                 -999.25                 -999.25                 -999.25                 92.3                    
471.70                  471.70                  -999.25                 -999.25                 -999.25                 -999.25                 92.3                    
471.80                  471.83                  52.02                   -999.25                 1.153                   1.073                   92.3                    
471.90                  471.90                  -999.25                 48.0                    -999.25                 -999.25                 92.3                    
472.00                  472.00                  -999.25                 -999.25                 -999.25                 -999.25                 92.3                    
472.10                  472.13                  45.18                   -999.25                 -999.25                 -999.25                 92.3                    
472.20                  472.20                  -999.25                 -999.25                 -999.25                 -999.25                 92.3                    
472.30                  472.30                  -999.25                 -999.25                 -999.25                 -999.25                 92.3                    
472.40                  472.44                  38.40                   -999.25                 -999.25                 -999.25                 92.3                    
472.50                  472.50                  -999.25                 -999.25                 -999.25                 -999.25                 92.3                    
472.60                  472.60                  -999.25                 -999.25                 -999.25                 -999.25                 92.3                    
472.70                  472.74                  41.08                   -999.25                 -999.25                 -999.25                 92.3                    
472.80                  472.80                  -999.25                 -999.25                 -999.25                 -999.25                 92.3                    
472.90                  472.90                  -999.25                 -999.25                 1.275                   1.176                   92.3                    
473.00                  473.05                  38.48                   -999.25                 -999.25                 -999.25                 92.3                    
473.10                  473.10                  -999.25                 -999.25                 -999.25                 -999.25                 92.3                    
473.20                  473.20                  -999.25                 -999.25                 -999.25                 -999.25                 92.3                    
473.30                  473.30                  -999.25                 -999.25                 -999.25                 -999.25                 92.3                    
473.40                  473.35                  38.28                   -999.25                 -999.25                 -999.25                 92.3                    
473.50                  473.50                  -999.25                 -999.25                 -999.25                 -999.25                 92.3                    
473.60                  473.60                  -999.25                 47.1                    -999.25                 -999.25                 92.3                    
473.70                  473.66                  38.07                   -999.25                 -999.25                 -999.25                 92.3                    
473.80                  473.80                  -999.25                 -999.25                 -999.25                 -999.25                 92.3                    
473.90                  473.90                  -999.25                 -999.25                 -999.25                 -999.25                 92.3                    
474.00                  473.96                  31.60                   -999.25                 -999.25                 -999.25                 92.3                    
474.10                  474.10                  -999.25                 -999.25                 -999.25                 -999.25                 92.3                    
474.20                  474.20                  -999.25                 -999.25                 -999.25                 -999.25                 92.3                    
474.30                  474.27                  25.18                   -999.25                 1.117                   0.909                   92.3                    
474.40                  474.40                  -999.25                 -999.25                 -999.25                 -999.25                 92.3                    
474.50                  474.50                  -999.25                 -999.25                 -999.25                 -999.25                 92.3                    
474.60                  474.57                  22.45                   -999.25                 -999.25                 -999.25                 92.3                    
474.70                  474.70                  -999.25                 -999.25                 -999.25                 -999.25                 92.3                    
474.80                  474.80                  -999.25                 -999.25                 -999.25                 -999.25                 92.3                    
474.90                  474.88                  22.53                   -999.25                 -999.25                 -999.25                 92.3                    
475.00                  475.00                  -999.25                 -999.25                 -999.25                 -999.25                 92.3                    
475.10                  475.10                  -999.25                 -999.25                 -999.25                 -999.25                 92.3                    
475.20                  475.18                  24.44                   -999.25                 -999.25                 -999.25                 92.3                    
475.30                  475.30                  -999.25                 -999.25                 -999.25                 -999.25                 92.3                    
475.40                  475.40                  -999.25                 -999.25                 -999.25                 -999.25                 92.3                    
475.50                  475.49                  28.62                   -999.25                 -999.25                 -999.25                 92.3                    
475.60                  475.60                  -999.25                 -999.25                 -999.25                 -999.25                 92.3                    
475.70                  475.70                  -999.25                 -999.25                 -999.25                 -999.25                 92.3                    
475.80                  475.79                  31.53                   -999.25                 -999.25                 -999.25                 92.3                    
475.90                  475.90                  -999.25                 -999.25                 -999.25                 -999.25                 92.3                    
476.00                  476.00                  -999.25                 -999.25                 0.947                   0.405                   92.3                    
476.10                  476.10                  44.36                   -999.25                 -999.25                 -999.25                 92.3                    
476.20                  476.20                  -999.25                 -999.25                 -999.25                 -999.25                 92.3                    
476.30                  476.30                  -999.25                 23.1                    -999.25                 -999.25                 92.3                    
476.40                  476.40                  72.32                   -999.25                 -999.25                 -999.25                 92.3                    
476.50                  476.50                  -999.25                 -999.25                 -999.25                 -999.25                 92.3                    
476.60                  476.60                  -999.25                 -999.25                 -999.25                 -999.25                 92.3                    
476.70                  476.71                  86.45                   -999.25                 -999.25                 -999.25                 92.3                    
476.80                  476.80                  -999.25                 -999.25                 -999.25                 -999.25                 92.3                    
476.90                  476.90                  -999.25                 -999.25                 1.072                   0.685                   92.3                    
477.00                  477.01                  73.03                   -999.25                 -999.25                 -999.25                 92.3                    
477.10                  477.10                  -999.25                 -999.25                 -999.25                 -999.25                 92.3                    
477.20                  477.20                  -999.25                 -999.25                 -999.25                 -999.25                 92.3                    
477.30                  477.32                  53.69                   -999.25                 -999.25                 -999.25                 92.3                    
477.40                  477.40                  -999.25                 -999.25                 -999.25                 -999.25                 92.3                    
477.50                  477.50                  -999.25                 -999.25                 -999.25                 -999.25                 92.3                    
477.60                  477.62                  45.13                   29.2                    -999.25                 -999.25                 92.3                    
477.70                  477.70                  -999.25                 -999.25                 -999.25                 -999.25                 92.3                    
477.80                  477.80                  -999.25                 -999.25                 1.060                   0.643                   92.3                    
477.90                  477.93                  37.17                   -999.25                 -999.25                 -999.25                 92.3                    
478.00                  478.00                  -999.25                 -999.25                 -999.25                 -999.25                 92.3                    
478.10                  478.10                  -999.25                 -999.25                 -999.25                 -999.25                 92.3                    
478.20                  478.23                  34.60                   -999.25                 -999.25                 -999.25                 92.3                    
478.30                  478.30                  -999.25                 -999.25                 -999.25                 -999.25                 92.3                    
478.40                  478.40                  -999.25                 34.9                    -999.25                 -999.25                 92.3                    
478.50                  478.54                  32.34                   -999.25                 -999.25                 -999.25                 92.3                    
478.60                  478.60                  -999.25                 -999.25                 -999.25                 -999.25                 92.3                    
478.70                  478.70                  -999.25                 -999.25                 -999.25                 -999.25                 92.3                    
478.80                  478.84                  29.42                   -999.25                 0.791                   0.700                   92.3                    
478.90                  478.90                  -999.25                 -999.25                 -999.25                 -999.25                 92.3                    
479.00                  479.00                  -999.25                 -999.25                 -999.25                 -999.25                 92.3                    
479.10                  479.15                  32.99                   -999.25                 -999.25                 -999.25                 92.3                    
479.20                  479.20                  -999.25                 20.1                    -999.25                 -999.25                 92.3                    
479.30                  479.30                  -999.25                 -999.25                 -999.25                 -999.25                 92.3                    
479.40                  479.40                  -999.25                 -999.25                 0.558                   0.219                   92.3                    
479.50                  479.45                  44.09                   -999.25                 -999.25                 -999.25                 92.3                    
479.60                  479.60                  -999.25                 -999.25                 -999.25                 -999.25                 92.3                    
479.70                  479.70                  -999.25                 -999.25                 -999.25                 -999.25                 92.3                    
479.80                  479.75                  47.05                   -999.25                 -999.25                 -999.25                 92.3                    
479.90                  479.90                  -999.25                 5.7                     -999.25                 -999.25                 92.3                    
480.00                  480.00                  -999.25                 -999.25                 -999.25                 -999.25                 92.3                    
480.10                  480.06                  50.75                   -999.25                 0.373                   0.166                   92.3                    
480.20                  480.20                  -999.25                 -999.25                 -999.25                 -999.25                 92.3                    
480.30                  480.30                  -999.25                 -999.25                 -999.25                 -999.25                 92.3                    
480.40                  480.36                  50.58                   -999.25                 -999.25                 -999.25                 92.3                    
480.50                  480.50                  -999.25                 -999.25                 -999.25                 -999.25                 92.3                    
480.60                  480.60                  -999.25                 -999.25                 -999.25                 -999.25                 92.3                    
480.70                  480.67                  43.60                   -999.25                 -999.25                 -999.25                 92.3                    
480.80                  480.80                  -999.25                 3.1                     -999.25                 -999.25                 92.3                    
480.90                  480.90                  -999.25                 -999.25                 -999.25                 -999.25                 92.3                    
481.00                  480.97                  64.53                   -999.25                 -999.25                 -999.25                 92.3                    
481.10                  481.10                  -999.25                 -999.25                 -999.25                 -999.25                 92.3                    
481.20                  481.20                  -999.25                 -999.25                 0.309                   0.157                   92.3                    
481.30                  481.28                  39.02                   -999.25                 -999.25                 -999.25                 92.3                    
481.40                  481.40                  -999.25                 4.0                     -999.25                 -999.25                 92.3                    
481.50                  481.50                  -999.25                 -999.25                 -999.25                 -999.25                 92.3                    
481.60                  481.58                  31.90                   -999.25                 -999.25                 -999.25                 92.3                    
481.70                  481.70                  -999.25                 -999.25                 0.305                   0.157                   92.3                    
481.80                  481.80                  -999.25                 -999.25                 -999.25                 -999.25                 92.3                    
481.90                  481.89                  36.24                   -999.25                 -999.25                 -999.25                 92.3                    
482.00                  482.00                  -999.25                 -999.25                 -999.25                 -999.25                 92.3                    
482.10                  482.10                  -999.25                 -999.25                 -999.25                 -999.25                 92.3                    
482.20                  482.19                  32.94                   -999.25                 -999.25                 -999.25                 92.3                    
482.30                  482.30                  -999.25                 -999.25                 -999.25                 -999.25                 92.3                    
482.40                  482.40                  -999.25                 -999.25                 -999.25                 -999.25                 92.3                    
482.50                  482.50                  31.22                   10.0                    -999.25                 -999.25                 92.3                    
482.60                  482.60                  -999.25                 -999.25                 -999.25                 -999.25                 92.3                    
482.70                  482.70                  -999.25                 -999.25                 -999.25                 -999.25                 92.3                    
482.80                  482.80                  36.63                   -999.25                 0.703                   0.347                   92.3                    
482.90                  482.90                  -999.25                 -999.25                 -999.25                 -999.25                 92.3                    
483.00                  483.00                  -999.25                 -999.25                 -999.25                 -999.25                 92.3                    
483.10                  483.11                  32.16                   -999.25                 -999.25                 -999.25                 92.3                    
483.20                  483.20                  -999.25                 -999.25                 -999.25                 -999.25                 92.3                    
483.30                  483.30                  -999.25                 -999.25                 -999.25                 -999.25                 92.3                    
483.40                  483.41                  24.32                   38.8                    -999.25                 -999.25                 92.3                    
483.50                  483.50                  -999.25                 -999.25                 -999.25                 -999.25                 92.3                    
483.60                  483.60                  -999.25                 -999.25                 -999.25                 -999.25                 92.3                    
483.70                  483.72                  22.27                   -999.25                 -999.25                 -999.25                 92.3                    
483.80                  483.80                  -999.25                 -999.25                 -999.25                 -999.25                 92.3                    
483.90                  483.90                  -999.25                 -999.25                 0.968                   0.497                   92.3                    
484.00                  484.02                  23.50                   -999.25                 -999.25                 -999.25                 92.3                    
484.10                  484.10                  -999.25                 -999.25                 -999.25                 -999.25                 92.3                    
484.20                  484.20                  -999.25                 -999.25                 -999.25                 -999.25                 92.3                    
484.30                  484.33                  21.46                   39.2                    -999.25                 -999.25                 92.3                    
484.40                  484.40                  -999.25                 -999.25                 -999.25                 -999.25                 92.3                    
484.50                  484.50                  -999.25                 -999.25                 -999.25                 -999.25                 92.3                    
484.60                  484.63                  22.99                   -999.25                 -999.25                 -999.25                 92.3                    
484.70                  484.70                  -999.25                 -999.25                 -999.25                 -999.25                 92.3                    
484.80                  484.80                  -999.25                 -999.25                 -999.25                 -999.25                 92.3                    
484.90                  484.94                  24.00                   -999.25                 0.926                   0.761                   92.3                    
485.00                  485.00                  -999.25                 -999.25                 -999.25                 -999.25                 92.3                    
485.10                  485.10                  -999.25                 -999.25                 -999.25                 -999.25                 92.3                    
485.20                  485.24                  53.38                   -999.25                 0.893                   0.530                   92.3                    
485.30                  485.30                  -999.25                 -999.25                 -999.25                 -999.25                 92.3                    
485.40                  485.40                  -999.25                 18.8                    -999.25                 -999.25                 92.3                    
485.50                  485.55                  40.08                   -999.25                 -999.25                 -999.25                 92.3                    
485.60                  485.60                  -999.25                 -999.25                 -999.25                 -999.25                 92.3                    
485.70                  485.70                  -999.25                 17.0                    -999.25                 -999.25                 92.3                    
485.80                  485.80                  -999.25                 -999.25                 0.781                   0.471                   92.3                    
485.90                  485.85                  27.67                   16.1                    -999.25                 -999.25                 92.3                    
486.00                  486.00                  -999.25                 -999.25                 -999.25                 -999.25                 92.3                    
486.10                  486.10                  -999.25                 -999.25                 -999.25                 -999.25                 92.3                    
486.20                  486.16                  32.95                   -999.25                 0.580                   0.232                   92.3                    
486.30                  486.30                  -999.25                 -999.25                 -999.25                 -999.25                 92.3                    
486.40                  486.40                  -999.25                 -999.25                 -999.25                 -999.25                 92.3                    
486.50                  486.46                  37.66                   -999.25                 -999.25                 -999.25                 92.3                    
486.60                  486.60                  -999.25                 -999.25                 -999.25                 -999.25                 92.3                    
486.70                  486.70                  -999.25                 19.2                    -999.25                 -999.25                 92.3                    
486.80                  486.77                  34.84                   -999.25                 0.374                   0.113                   92.3                    
486.90                  486.90                  -999.25                 -999.25                 -999.25                 -999.25                 92.3                    
487.00                  487.00                  -999.25                 -999.25                 -999.25                 -999.25                 92.3                    
487.10                  487.07                  45.27                   -999.25                 0.510                   0.137                   92.3                    
487.20                  487.20                  -999.25                 15.7                    -999.25                 -999.25                 92.3                    
487.30                  487.30                  -999.25                 -999.25                 -999.25                 -999.25                 92.3                    
487.40                  487.37                  39.15                   -999.25                 0.532                   0.157                   92.3                    
487.50                  487.50                  -999.25                 7.0                     -999.25                 -999.25                 92.3                    
487.60                  487.60                  -999.25                 -999.25                 -999.25                 -999.25                 92.3                    
487.70                  487.68                  24.75                   -999.25                 -999.25                 -999.25                 92.3                    
487.80                  487.80                  -999.25                 -999.25                 -999.25                 -999.25                 92.3                    
487.90                  487.90                  -999.25                 -999.25                 -999.25                 -999.25                 92.3                    
488.00                  487.98                  17.58                   -999.25                 -999.25                 -999.25                 92.3                    
488.10                  488.10                  -999.25                 -999.25                 -999.25                 -999.25                 92.3                    
488.20                  488.20                  -999.25                 -999.25                 -999.25                 -999.25                 92.3                    
488.30                  488.29                  17.26                   -999.25                 0.667                   0.311                   92.3                    
488.40                  488.40                  -999.25                 -999.25                 -999.25                 -999.25                 92.3                    
488.50                  488.50                  -999.25                 -999.25                 -999.25                 -999.25                 92.3                    
488.60                  488.59                  22.74                   -999.25                 -999.25                 -999.25                 92.3                    
488.70                  488.70                  -999.25                 -999.25                 -999.25                 -999.25                 92.3                    
488.80                  488.80                  -999.25                 15.3                    -999.25                 -999.25                 92.3                    
488.90                  488.90                  24.21                   -999.25                 -999.25                 -999.25                 92.3                    
489.00                  489.00                  -999.25                 -999.25                 0.606                   0.287                   92.3                    
489.10                  489.10                  -999.25                 -999.25                 -999.25                 -999.25                 92.3                    
489.20                  489.20                  27.26                   -999.25                 0.641                   0.311                   92.3                    
489.30                  489.30                  -999.25                 21.4                    -999.25                 -999.25                 92.3                    
489.40                  489.40                  -999.25                 -999.25                 -999.25                 -999.25                 92.3                    
489.50                  489.51                  29.62                   -999.25                 -999.25                 -999.25                 92.3                    
489.60                  489.60                  -999.25                 33.6                    -999.25                 -999.25                 92.3                    
489.70                  489.70                  -999.25                 -999.25                 -999.25                 -999.25                 92.3                    
489.80                  489.81                  27.82                   -999.25                 -999.25                 -999.25                 92.3                    
489.90                  489.90                  -999.25                 -999.25                 -999.25                 -999.25                 92.3                    
490.00                  490.00                  -999.25                 -999.25                 0.817                   0.487                   92.3                    
490.10                  490.12                  34.43                   -999.25                 -999.25                 -999.25                 92.3                    
490.20                  490.20                  -999.25                 -999.25                 -999.25                 -999.25                 92.3                    
490.30                  490.30                  -999.25                 -999.25                 -999.25                 -999.25                 92.3                    
490.40                  490.42                  37.74                   -999.25                 -999.25                 -999.25                 92.3                    
490.50                  490.50                  -999.25                 -999.25                 -999.25                 -999.25                 92.3                    
490.60                  490.60                  -999.25                 -999.25                 -999.25                 -999.25                 92.3                    
490.70                  490.73                  33.58                   -999.25                 -999.25                 -999.25                 92.3                    
490.80                  490.80                  -999.25                 -999.25                 -999.25                 -999.25                 92.3                    
490.90                  490.90                  -999.25                 -999.25                 -999.25                 -999.25                 92.3                    
491.00                  491.03                  29.54                   18.3                    -999.25                 -999.25                 92.3                    
491.10                  491.10                  -999.25                 -999.25                 -999.25                 -999.25                 92.3                    
491.20                  491.20                  -999.25                 -999.25                 -999.25                 -999.25                 92.3                    
491.30                  491.34                  38.69                   -999.25                 -999.25                 -999.25                 92.3                    
491.40                  491.40                  -999.25                 -999.25                 -999.25                 -999.25                 92.3                    
491.50                  491.50                  -999.25                 -999.25                 -999.25                 -999.25                 92.3                    
491.60                  491.64                  47.25                   -999.25                 -999.25                 -999.25                 92.3                    
491.70                  491.70                  -999.25                 -999.25                 0.926                   0.492                   92.3                    
491.80                  491.80                  -999.25                 -999.25                 -999.25                 -999.25                 92.3                    
491.90                  491.95                  35.11                   -999.25                 -999.25                 -999.25                 92.3                    
492.00                  492.00                  -999.25                 -999.25                 -999.25                 -999.25                 92.3                    
492.10                  492.10                  -999.25                 27.9                    -999.25                 -999.25                 92.3                    
492.20                  492.20                  -999.25                 -999.25                 -999.25                 -999.25                 92.3                    
492.30                  492.25                  28.83                   -999.25                 -999.25                 -999.25                 92.3                    
492.40                  492.40                  -999.25                 -999.25                 -999.25                 -999.25                 92.3                    
492.50                  492.50                  -999.25                 -999.25                 -999.25                 -999.25                 92.3                    
492.60                  492.56                  26.14                   -999.25                 -999.25                 -999.25                 92.3                    
492.70                  492.70                  -999.25                 -999.25                 -999.25                 -999.25                 92.3                    
492.80                  492.80                  -999.25                 -999.25                 -999.25                 -999.25                 92.3                    
492.90                  492.86                  18.28                   -999.25                 0.853                   0.307                   92.3                    
493.00                  493.00                  -999.25                 -999.25                 -999.25                 -999.25                 92.3                    
493.10                  493.10                  -999.25                 -999.25                 -999.25                 -999.25                 92.3                    
493.20                  493.17                  17.82                   -999.25                 -999.25                 -999.25                 92.3                    
493.30                  493.30                  -999.25                 -999.25                 -999.25                 -999.25                 92.3                    
493.40                  493.40                  -999.25                 -999.25                 -999.25                 -999.25                 92.3                    
493.50                  493.47                  50.00                   -999.25                 -999.25                 -999.25                 92.3                    
493.60                  493.60                  -999.25                 -999.25                 -999.25                 -999.25                 92.3                    
493.70                  493.70                  -999.25                 -999.25                 -999.25                 -999.25                 92.3                    
493.80                  493.78                  65.70                   25.7                    -999.25                 -999.25                 92.3                    
493.90                  493.90                  -999.25                 -999.25                 -999.25                 -999.25                 92.3                    
494.00                  494.00                  -999.25                 -999.25                 -999.25                 -999.25                 92.3                    
494.10                  494.08                  89.73                   -999.25                 -999.25                 -999.25                 92.3                    
494.20                  494.20                  -999.25                 -999.25                 -999.25                 -999.25                 92.3                    
494.30                  494.30                  -999.25                 -999.25                 -999.25                 -999.25                 92.3                    
494.40                  494.39                  82.77                   -999.25                 -999.25                 -999.25                 92.3                    
494.50                  494.50                  -999.25                 -999.25                 0.981                   0.678                   92.3                    
494.60                  494.60                  -999.25                 -999.25                 -999.25                 -999.25                 92.3                    
494.70                  494.69                  75.46                   -999.25                 -999.25                 -999.25                 92.3                    
494.80                  494.80                  -999.25                 -999.25                 -999.25                 -999.25                 92.3                    
494.90                  494.90                  -999.25                 -999.25                 -999.25                 -999.25                 92.3                    
495.00                  494.99                  66.85                   -999.25                 -999.25                 -999.25                 92.3                    
495.10                  495.10                  -999.25                 -999.25                 -999.25                 -999.25                 92.3                    
495.20                  495.20                  -999.25                 -999.25                 -999.25                 -999.25                 92.3                    
495.30                  495.30                  61.11                   32.3                    -999.25                 -999.25                 92.3                    
495.40                  495.40                  -999.25                 -999.25                 -999.25                 -999.25                 92.3                    
495.50                  495.50                  -999.25                 -999.25                 -999.25                 -999.25                 92.3                    
495.60                  495.60                  77.19                   -999.25                 -999.25                 -999.25                 92.3                    
495.70                  495.70                  -999.25                 -999.25                 -999.25                 -999.25                 92.3                    
495.80                  495.80                  -999.25                 -999.25                 -999.25                 -999.25                 92.3                    
495.90                  495.91                  45.32                   -999.25                 -999.25                 -999.25                 92.3                    
496.00                  496.00                  -999.25                 -999.25                 -999.25                 -999.25                 92.3                    
496.10                  496.10                  -999.25                 -999.25                 1.101                   0.707                   92.3                    
496.20                  496.21                  43.44                   -999.25                 -999.25                 -999.25                 92.3                    
496.30                  496.30                  -999.25                 34.9                    -999.25                 -999.25                 92.3                    
496.40                  496.40                  -999.25                 -999.25                 -999.25                 -999.25                 92.3                    
496.50                  496.52                  41.77                   -999.25                 -999.25                 -999.25                 92.3                    
496.60                  496.60                  -999.25                 -999.25                 -999.25                 -999.25                 92.3                    
496.70                  496.70                  -999.25                 -999.25                 -999.25                 -999.25                 92.3                    
496.80                  496.82                  29.27                   -999.25                 1.010                   0.671                   92.3                    
496.90                  496.90                  -999.25                 -999.25                 -999.25                 -999.25                 92.3                    
497.00                  497.00                  -999.25                 -999.25                 -999.25                 -999.25                 92.3                    
497.10                  497.13                  24.93                   -999.25                 -999.25                 -999.25                 92.3                    
497.20                  497.20                  -999.25                 -999.25                 -999.25                 -999.25                 92.3                    
497.30                  497.30                  -999.25                 -999.25                 -999.25                 -999.25                 92.3                    
497.40                  497.43                  24.31                   -999.25                 -999.25                 -999.25                 92.3                    
497.50                  497.50                  -999.25                 -999.25                 -999.25                 -999.25                 92.3                    
497.60                  497.60                  -999.25                 -999.25                 -999.25                 -999.25                 92.3                    
497.70                  497.74                  20.19                   -999.25                 0.942                   0.508                   92.3                    
497.80                  497.80                  -999.25                 38.8                    -999.25                 -999.25                 92.3                    
497.90                  497.90                  -999.25                 -999.25                 -999.25                 -999.25                 92.3                    
498.00                  498.04                  22.89                   -999.25                 -999.25                 -999.25                 92.3                    
498.10                  498.10                  -999.25                 -999.25                 -999.25                 -999.25                 92.3                    
498.20                  498.20                  -999.25                 -999.25                 -999.25                 -999.25                 92.3                    
498.30                  498.35                  35.69                   55.4                    0.986                   0.810                   92.3                    
498.40                  498.40                  -999.25                 -999.25                 -999.25                 -999.25                 92.3                    
498.50                  498.50                  -999.25                 -999.25                 -999.25                 -999.25                 92.3                    
498.60                  498.60                  -999.25                 54.9                    -999.25                 -999.25                 92.3                    
498.70                  498.65                  46.00                   -999.25                 -999.25                 -999.25                 92.3                    
498.80                  498.80                  -999.25                 -999.25                 -999.25                 -999.25                 92.3                    
498.90                  498.90                  -999.25                 -999.25                 -999.25                 -999.25                 92.3                    
499.00                  498.96                  55.79                   -999.25                 -999.25                 -999.25                 92.3                    
499.10                  499.10                  -999.25                 -999.25                 -999.25                 -999.25                 92.3                    
499.20                  499.20                  -999.25                 -999.25                 -999.25                 -999.25                 92.3                    
499.30                  499.26                  43.39                   -999.25                 -999.25                 -999.25                 92.3                    
499.40                  499.40                  -999.25                 -999.25                 1.006                   0.745                   92.3                    
499.50                  499.50                  -999.25                 -999.25                 -999.25                 -999.25                 92.3                    
499.60                  499.57                  59.05                   -999.25                 -999.25                 -999.25                 92.3                    
499.70                  499.70                  -999.25                 29.7                    -999.25                 -999.25                 92.3                    
499.80                  499.80                  -999.25                 -999.25                 -999.25                 -999.25                 92.3                    
499.90                  499.87                  55.70                   -999.25                 -999.25                 -999.25                 92.3                    
500.00                  500.00                  -999.25                 -999.25                 -999.25                 -999.25                 92.3                    
500.10                  500.10                  -999.25                 -999.25                 -999.25                 -999.25                 92.3                    
500.20                  500.18                  59.90                   -999.25                 -999.25                 -999.25                 92.3                    
500.30                  500.30                  -999.25                 -999.25                 -999.25                 -999.25                 92.3                    
500.40                  500.40                  -999.25                 -999.25                 -999.25                 -999.25                 92.3                    
500.50                  500.48                  65.04                   -999.25                 -999.25                 -999.25                 92.3                    
500.60                  500.60                  -999.25                 -999.25                 -999.25                 -999.25                 92.3                    
500.70                  500.70                  -999.25                 -999.25                 -999.25                 -999.25                 92.3                    
500.80                  500.79                  76.27                   -999.25                 -999.25                 -999.25                 92.3                    
500.90                  500.90                  -999.25                 -999.25                 1.246                   1.008                   92.3                    
501.00                  501.00                  -999.25                 -999.25                 -999.25                 -999.25                 92.3                    
501.10                  501.09                  44.72                   -999.25                 -999.25                 -999.25                 92.3                    
501.20                  501.20                  -999.25                 -999.25                 -999.25                 -999.25                 92.3                    
501.30                  501.30                  -999.25                 -999.25                 -999.25                 -999.25                 92.3                    
501.40                  501.40                  51.43                   -999.25                 -999.25                 -999.25                 92.3                    
501.50                  501.50                  -999.25                 -999.25                 -999.25                 -999.25                 92.3                    
501.60                  501.60                  -999.25                 -999.25                 -999.25                 -999.25                 92.3                    
501.70                  501.70                  57.51                   -999.25                 -999.25                 -999.25                 92.3                    
501.80                  501.80                  -999.25                 53.6                    -999.25                 -999.25                 92.3                    
501.90                  501.90                  -999.25                 -999.25                 -999.25                 -999.25                 92.3                    
502.00                  502.01                  50.38                   -999.25                 -999.25                 -999.25                 92.3                    
502.10                  502.10                  -999.25                 -999.25                 -999.25                 -999.25                 92.3                    
502.20                  502.20                  -999.25                 -999.25                 -999.25                 -999.25                 92.3                    
502.30                  502.31                  61.37                   -999.25                 -999.25                 -999.25                 92.3                    
502.40                  502.40                  -999.25                 -999.25                 -999.25                 -999.25                 92.3                    
502.50                  502.50                  -999.25                 -999.25                 -999.25                 -999.25                 92.3                    
502.60                  502.61                  67.35                   -999.25                 -999.25                 -999.25                 92.3                    
502.70                  502.70                  -999.25                 -999.25                 -999.25                 -999.25                 92.3                    
502.80                  502.80                  -999.25                 -999.25                 1.323                   1.153                   92.3                    
502.90                  502.92                  57.53                   54.0                    -999.25                 -999.25                 92.3                    
503.00                  503.00                  -999.25                 -999.25                 -999.25                 -999.25                 92.3                    
503.10                  503.10                  -999.25                 -999.25                 -999.25                 -999.25                 92.3                    
503.20                  503.22                  50.28                   -999.25                 -999.25                 -999.25                 92.3                    
503.30                  503.30                  -999.25                 -999.25                 -999.25                 -999.25                 92.3                    
503.40                  503.40                  -999.25                 -999.25                 -999.25                 -999.25                 92.3                    
503.50                  503.53                  49.74                   -999.25                 -999.25                 -999.25                 92.3                    
503.60                  503.60                  -999.25                 -999.25                 -999.25                 -999.25                 92.3                    
503.70                  503.70                  -999.25                 -999.25                 -999.25                 -999.25                 92.3                    
503.80                  503.83                  47.05                   -999.25                 -999.25                 -999.25                 92.3                    
503.90                  503.90                  -999.25                 -999.25                 -999.25                 -999.25                 92.3                    
504.00                  504.00                  -999.25                 -999.25                 -999.25                 -999.25                 92.3                    
504.10                  504.14                  42.49                   -999.25                 1.318                   1.106                   92.3                    
504.20                  504.20                  -999.25                 -999.25                 -999.25                 -999.25                 92.3                    
504.30                  504.30                  -999.25                 -999.25                 -999.25                 -999.25                 92.3                    
504.40                  504.44                  46.27                   -999.25                 -999.25                 -999.25                 92.3                    
504.50                  504.50                  -999.25                 -999.25                 -999.25                 -999.25                 92.3                    
504.60                  504.60                  -999.25                 -999.25                 -999.25                 -999.25                 92.3                    
504.70                  504.75                  43.79                   -999.25                 -999.25                 -999.25                 92.3                    
504.80                  504.80                  -999.25                 55.4                    -999.25                 -999.25                 92.3                    
504.90                  504.90                  -999.25                 -999.25                 -999.25                 -999.25                 92.3                    
505.00                  505.00                  -999.25                 -999.25                 -999.25                 -999.25                 92.3                    
505.10                  505.05                  39.37                   -999.25                 -999.25                 -999.25                 92.3                    
505.20                  505.20                  -999.25                 -999.25                 -999.25                 -999.25                 92.3                    
505.30                  505.30                  -999.25                 -999.25                 -999.25                 -999.25                 92.3                    
505.40                  505.36                  34.67                   -999.25                 -999.25                 -999.25                 92.3                    
505.50                  505.50                  -999.25                 -999.25                 -999.25                 -999.25                 92.3                    
505.60                  505.60                  -999.25                 -999.25                 -999.25                 -999.25                 92.3                    
505.70                  505.66                  30.73                   -999.25                 -999.25                 -999.25                 92.3                    
505.80                  505.80                  -999.25                 -999.25                 -999.25                 -999.25                 92.3                    
505.90                  505.90                  -999.25                 -999.25                 -999.25                 -999.25                 92.3                    
506.00                  505.97                  27.31                   -999.25                 1.314                   1.040                   92.3                    
506.10                  506.10                  -999.25                 -999.25                 -999.25                 -999.25                 92.3                    
506.20                  506.20                  -999.25                 -999.25                 -999.25                 -999.25                 92.3                    
506.30                  506.27                  22.20                   -999.25                 -999.25                 -999.25                 92.3                    
506.40                  506.40                  -999.25                 -999.25                 -999.25                 -999.25                 92.3                    
506.50                  506.50                  -999.25                 -999.25                 -999.25                 -999.25                 92.3                    
506.60                  506.58                  29.78                   -999.25                 -999.25                 -999.25                 92.3                    
506.70                  506.70                  -999.25                 64.5                    -999.25                 -999.25                 92.3                    
506.80                  506.80                  -999.25                 -999.25                 -999.25                 -999.25                 92.3                    
506.90                  506.88                  52.12                   -999.25                 -999.25                 -999.25                 92.3                    
507.00                  507.00                  -999.25                 -999.25                 -999.25                 -999.25                 92.3                    
507.10                  507.10                  -999.25                 -999.25                 -999.25                 -999.25                 92.3                    
507.20                  507.19                  42.22                   -999.25                 -999.25                 -999.25                 92.3                    
507.30                  507.30                  -999.25                 -999.25                 -999.25                 -999.25                 92.3                    
507.40                  507.40                  -999.25                 -999.25                 -999.25                 -999.25                 92.3                    
507.50                  507.49                  36.78                   -999.25                 -999.25                 -999.25                 92.3                    
507.60                  507.60                  -999.25                 -999.25                 -999.25                 -999.25                 92.3                    
507.70                  507.70                  -999.25                 -999.25                 -999.25                 -999.25                 92.3                    
507.80                  507.80                  29.67                   -999.25                 -999.25                 -999.25                 92.3                    
507.90                  507.90                  -999.25                 -999.25                 1.225                   1.095                   92.3                    
508.00                  508.00                  -999.25                 55.8                    -999.25                 -999.25                 92.3                    
508.10                  508.10                  26.47                   -999.25                 -999.25                 -999.25                 92.3                    
508.20                  508.20                  -999.25                 -999.25                 -999.25                 -999.25                 92.3                    
508.30                  508.30                  -999.25                 -999.25                 -999.25                 -999.25                 92.3                    
508.40                  508.41                  26.32                   -999.25                 -999.25                 -999.25                 92.3                    
508.50                  508.50                  -999.25                 -999.25                 -999.25                 -999.25                 92.3                    
508.60                  508.60                  -999.25                 -999.25                 -999.25                 -999.25                 92.3                    
508.70                  508.71                  23.14                   -999.25                 1.147                   0.794                   92.3                    
508.80                  508.80                  -999.25                 -999.25                 -999.25                 -999.25                 92.3                    
508.90                  508.90                  -999.25                 -999.25                 -999.25                 -999.25                 92.3                    
509.00                  509.02                  24.03                   -999.25                 -999.25                 -999.25                 92.3                    
509.10                  509.10                  -999.25                 -999.25                 -999.25                 -999.25                 92.3                    
509.20                  509.20                  -999.25                 -999.25                 -999.25                 -999.25                 92.3                    
509.30                  509.32                  22.18                   -999.25                 -999.25                 -999.25                 92.3                    
509.40                  509.40                  -999.25                 -999.25                 1.146                   0.590                   92.3                    
509.50                  509.50                  -999.25                 -999.25                 -999.25                 -999.25                 92.3                    
509.60                  509.62                  29.68                   -999.25                 -999.25                 -999.25                 92.3                    
509.70                  509.70                  -999.25                 50.6                    -999.25                 -999.25                 92.3                    
509.80                  509.80                  -999.25                 -999.25                 -999.25                 -999.25                 92.3                    
509.90                  509.93                  38.87                   -999.25                 -999.25                 -999.25                 92.3                    
510.00                  510.00                  -999.25                 -999.25                 -999.25                 -999.25                 92.3                    
510.10                  510.10                  -999.25                 -999.25                 -999.25                 -999.25                 92.3                    
510.20                  510.23                  34.33                   -999.25                 -999.25                 -999.25                 92.3                    
510.30                  510.30                  -999.25                 -999.25                 -999.25                 -999.25                 92.3                    
510.40                  510.40                  -999.25                 -999.25                 -999.25                 -999.25                 92.3                    
510.50                  510.54                  36.24                   54.5                    -999.25                 -999.25                 92.3                    
510.60                  510.60                  -999.25                 -999.25                 0.921                   0.584                   92.3                    
510.70                  510.70                  -999.25                 -999.25                 -999.25                 -999.25                 92.3                    
510.80                  510.84                  31.58                   -999.25                 0.826                   0.671                   92.3                    
510.90                  510.90                  -999.25                 -999.25                 -999.25                 -999.25                 92.3                    
511.00                  511.00                  -999.25                 -999.25                 -999.25                 -999.25                 92.3                    
511.10                  511.15                  33.24                   -999.25                 -999.25                 -999.25                 92.3                    
511.20                  511.20                  -999.25                 -999.25                 -999.25                 -999.25                 92.3                    
511.30                  511.30                  -999.25                 -999.25                 -999.25                 -999.25                 92.3                    
511.40                  511.40                  -999.25                 25.7                    -999.25                 -999.25                 92.3                    
511.50                  511.45                  33.93                   10.9                    -999.25                 -999.25                 92.3                    
511.60                  511.60                  -999.25                 -999.25                 -999.25                 -999.25                 92.3                    
511.70                  511.70                  -999.25                 -999.25                 -999.25                 -999.25                 92.3                    
511.80                  511.76                  31.65                   -999.25                 0.541                   0.180                   92.3                    
511.90                  511.90                  -999.25                 -999.25                 -999.25                 -999.25                 92.3                    
512.00                  512.00                  -999.25                 -999.25                 -999.25                 -999.25                 92.3                    
512.10                  512.06                  29.48                   -999.25                 -999.25                 -999.25                 92.3                    
512.20                  512.20                  -999.25                 -999.25                 -999.25                 -999.25                 92.3                    
512.30                  512.30                  -999.25                 -999.25                 -999.25                 -999.25                 92.3                    
512.40                  512.37                  36.51                   -999.25                 -999.25                 -999.25                 92.3                    
512.50                  512.50                  -999.25                 10.0                    -999.25                 -999.25                 92.3                    
512.60                  512.60                  -999.25                 -999.25                 -999.25                 -999.25                 92.3                    
512.70                  512.67                  32.73                   -999.25                 -999.25                 -999.25                 92.3                    
512.80                  512.80                  -999.25                 -999.25                 -999.25                 -999.25                 92.3                    
512.90                  512.90                  -999.25                 -999.25                 -999.25                 -999.25                 92.3                    
513.00                  512.98                  31.74                   -999.25                 -999.25                 -999.25                 92.3                    
513.10                  513.10                  -999.25                 -999.25                 -999.25                 -999.25                 92.3                    
513.20                  513.20                  -999.25                 -999.25                 -999.25                 -999.25                 92.3                    
513.30                  513.28                  17.57                   -999.25                 0.792                   0.379                   92.3                    
513.40                  513.40                  -999.25                 -999.25                 -999.25                 -999.25                 92.3                    
513.50                  513.50                  -999.25                 -999.25                 -999.25                 -999.25                 92.3                    
513.60                  513.59                  13.88                   -999.25                 -999.25                 -999.25                 92.3                    
513.70                  513.70                  -999.25                 -999.25                 -999.25                 -999.25                 92.3                    
513.80                  513.80                  -999.25                 -999.25                 -999.25                 -999.25                 92.3                    
513.90                  513.89                  16.86                   -999.25                 -999.25                 -999.25                 92.3                    
514.00                  514.00                  -999.25                 -999.25                 -999.25                 -999.25                 92.3                    
514.10                  514.10                  -999.25                 -999.25                 -999.25                 -999.25                 92.3                    
514.20                  514.20                  16.08                   -999.25                 -999.25                 -999.25                 92.3                    
514.30                  514.30                  -999.25                 -999.25                 -999.25                 -999.25                 92.3                    
514.40                  514.40                  -999.25                 -999.25                 -999.25                 -999.25                 92.3                    
514.50                  514.50                  19.16                   -999.25                 -999.25                 -999.25                 92.3                    
514.60                  514.60                  -999.25                 -999.25                 -999.25                 -999.25                 92.3                    
514.70                  514.70                  -999.25                 -999.25                 -999.25                 -999.25                 92.3                    
514.80                  514.81                  14.87                   -999.25                 -999.25                 -999.25                 92.3                    
514.90                  514.90                  -999.25                 -999.25                 -999.25                 -999.25                 92.3                    
515.00                  515.00                  -999.25                 -999.25                 -999.25                 -999.25                 92.3                    
515.10                  515.11                  13.68                   42.7                    -999.25                 -999.25                 92.3                    
515.20                  515.20                  -999.25                 -999.25                 -999.25                 -999.25                 92.3                    
515.30                  515.30                  -999.25                 -999.25                 -999.25                 -999.25                 92.3                    
515.40                  515.42                  12.21                   -999.25                 -999.25                 -999.25                 92.3                    
515.50                  515.50                  -999.25                 -999.25                 -999.25                 -999.25                 92.3                    
515.60                  515.60                  -999.25                 -999.25                 -999.25                 -999.25                 92.3                    
515.70                  515.72                  37.79                   -999.25                 -999.25                 -999.25                 92.3                    
515.80                  515.80                  -999.25                 -999.25                 -999.25                 -999.25                 92.3                    
515.90                  515.90                  -999.25                 -999.25                 -999.25                 -999.25                 92.3                    
516.00                  516.03                  47.42                   -999.25                 -999.25                 -999.25                 92.3                    
516.10                  516.10                  -999.25                 -999.25                 -999.25                 -999.25                 92.3                    
516.20                  516.20                  -999.25                 -999.25                 -999.25                 -999.25                 92.3                    
516.30                  516.33                  41.61                   -999.25                 -999.25                 -999.25                 92.3                    
516.40                  516.40                  -999.25                 -999.25                 -999.25                 -999.25                 92.3                    
516.50                  516.50                  -999.25                 -999.25                 -999.25                 -999.25                 92.3                    
516.60                  516.64                  33.97                   -999.25                 -999.25                 -999.25                 92.3                    
516.70                  516.70                  -999.25                 -999.25                 -999.25                 -999.25                 92.3                    
516.80                  516.80                  -999.25                 -999.25                 -999.25                 -999.25                 92.3                    
516.90                  516.94                  26.15                   -999.25                 -999.25                 -999.25                 92.3                    
517.00                  517.00                  -999.25                 -999.25                 -999.25                 -999.25                 92.3                    
517.10                  517.10                  -999.25                 -999.25                 0.866                   0.737                   92.3                    
517.20                  517.24                  17.41                   -999.25                 -999.25                 -999.25                 92.3                    
517.30                  517.30                  -999.25                 -999.25                 -999.25                 -999.25                 92.3                    
517.40                  517.40                  -999.25                 -999.25                 -999.25                 -999.25                 92.3                    
517.50                  517.50                  -999.25                 58.8                    -999.25                 -999.25                 92.3                    
517.60                  517.55                  18.32                   -999.25                 -999.25                 -999.25                 92.3                    
517.70                  517.70                  -999.25                 -999.25                 -999.25                 -999.25                 92.3                    
517.80                  517.80                  -999.25                 -999.25                 -999.25                 -999.25                 92.3                    
517.90                  517.85                  29.88                   -999.25                 -999.25                 -999.25                 92.3                    
518.00                  518.00                  -999.25                 -999.25                 0.817                   1.343                   92.3                    
518.10                  518.10                  -999.25                 -999.25                 -999.25                 -999.25                 92.3                    
518.20                  518.16                  41.43                   -999.25                 -999.25                 -999.25                 92.3                    
518.30                  518.30                  -999.25                 -999.25                 -999.25                 -999.25                 92.3                    
518.40                  518.40                  -999.25                 -999.25                 0.677                   0.336                   92.3                    
518.50                  518.46                  56.74                   -999.25                 -999.25                 -999.25                 92.3                    
518.60                  518.60                  -999.25                 -999.25                 -999.25                 -999.25                 92.3                    
518.70                  518.70                  -999.25                 12.7                    -999.25                 -999.25                 92.3                    
518.80                  518.77                  54.93                   11.4                    -999.25                 -999.25                 92.3                    
518.90                  518.90                  -999.25                 -999.25                 -999.25                 -999.25                 92.3                    
519.00                  519.00                  -999.25                 -999.25                 -999.25                 -999.25                 92.3                    
519.10                  519.07                  58.14                   -999.25                 -999.25                 -999.25                 92.3                    
519.20                  519.20                  -999.25                 -999.25                 -999.25                 -999.25                 92.3                    
519.30                  519.30                  -999.25                 -999.25                 -999.25                 -999.25                 92.3                    
519.40                  519.38                  55.06                   -999.25                 -999.25                 -999.25                 92.3                    
519.50                  519.50                  -999.25                 -999.25                 0.370                   0.198                   92.3                    
519.60                  519.60                  -999.25                 -999.25                 -999.25                 -999.25                 92.3                    
519.70                  519.68                  57.61                   -999.25                 -999.25                 -999.25                 92.3                    
519.80                  519.80                  -999.25                 -999.25                 -999.25                 -999.25                 92.3                    
519.90                  519.90                  -999.25                 -999.25                 -999.25                 -999.25                 92.3                    
520.00                  519.99                  44.23                   -999.25                 -999.25                 -999.25                 92.3                    
520.10                  520.10                  -999.25                 -999.25                 -999.25                 -999.25                 92.3                    
520.20                  520.20                  -999.25                 -999.25                 -999.25                 -999.25                 92.3                    
520.30                  520.29                  42.27                   -999.25                 -999.25                 -999.25                 92.3                    
520.40                  520.40                  -999.25                 -999.25                 -999.25                 -999.25                 92.3                    
520.50                  520.50                  -999.25                 -999.25                 -999.25                 -999.25                 92.3                    
520.60                  520.60                  45.77                   -999.25                 -999.25                 -999.25                 92.3                    
520.70                  520.70                  -999.25                 14.4                    -999.25                 -999.25                 92.3                    
520.80                  520.80                  -999.25                 -999.25                 -999.25                 -999.25                 92.3                    
520.90                  520.90                  56.40                   -999.25                 -999.25                 -999.25                 92.3                    
521.00                  521.00                  -999.25                 -999.25                 -999.25                 -999.25                 92.3                    
521.10                  521.10                  -999.25                 -999.25                 -999.25                 -999.25                 92.3                    
521.20                  521.21                  48.36                   -999.25                 -999.25                 -999.25                 92.3                    
521.30                  521.30                  -999.25                 -999.25                 -999.25                 -999.25                 92.3                    
521.40                  521.40                  -999.25                 -999.25                 -999.25                 -999.25                 92.3                    
521.50                  521.51                  48.37                   -999.25                 -999.25                 -999.25                 92.3                    
521.60                  521.60                  -999.25                 -999.25                 -999.25                 -999.25                 92.3                    
521.70                  521.70                  -999.25                 -999.25                 -999.25                 -999.25                 92.3                    
521.80                  521.82                  54.39                   -999.25                 -999.25                 -999.25                 92.3                    
521.90                  521.90                  -999.25                 -999.25                 -999.25                 -999.25                 92.3                    
522.00                  522.00                  -999.25                 -999.25                 -999.25                 -999.25                 92.3                    
522.10                  522.12                  45.87                   -999.25                 -999.25                 -999.25                 92.3                    
522.20                  522.20                  -999.25                 -999.25                 -999.25                 -999.25                 92.3                    
522.30                  522.30                  -999.25                 -999.25                 0.358                   0.157                   92.3                    
522.40                  522.43                  41.65                   -999.25                 -999.25                 -999.25                 92.3                    
522.50                  522.50                  -999.25                 -999.25                 -999.25                 -999.25                 92.3                    
522.60                  522.60                  -999.25                 -999.25                 -999.25                 -999.25                 92.3                    
522.70                  522.73                  51.40                   -999.25                 -999.25                 -999.25                 92.3                    
522.80                  522.80                  -999.25                 -999.25                 -999.25                 -999.25                 92.3                    
522.90                  522.90                  -999.25                 -999.25                 -999.25                 -999.25                 92.3                    
523.00                  523.04                  47.33                   -999.25                 -999.25                 -999.25                 92.3                    
523.10                  523.10                  -999.25                 -999.25                 -999.25                 -999.25                 92.3                    
523.20                  523.20                  -999.25                 12.2                    -999.25                 -999.25                 92.3                    
523.30                  523.34                  47.39                   -999.25                 -999.25                 -999.25                 92.3                    
523.40                  523.40                  -999.25                 -999.25                 -999.25                 -999.25                 92.3                    
523.50                  523.50                  -999.25                 -999.25                 -999.25                 -999.25                 92.3                    
523.60                  523.65                  52.91                   -999.25                 -999.25                 -999.25                 92.3                    
523.70                  523.70                  -999.25                 -999.25                 -999.25                 -999.25                 92.3                    
523.80                  523.80                  -999.25                 -999.25                 -999.25                 -999.25                 92.3                    
523.90                  523.90                  -999.25                 -999.25                 -999.25                 -999.25                 92.3                    
524.00                  523.95                  43.42                   -999.25                 -999.25                 -999.25                 92.3                    
524.10                  524.10                  -999.25                 -999.25                 -999.25                 -999.25                 92.3                    
524.20                  524.20                  -999.25                 -999.25                 -999.25                 -999.25                 92.3                    
524.30                  524.26                  36.37                   -999.25                 0.374                   0.172                   92.3                    
524.40                  524.40                  -999.25                 -999.25                 -999.25                 -999.25                 92.3                    
524.50                  524.50                  -999.25                 -999.25                 -999.25                 -999.25                 92.3                    
524.60                  524.56                  37.11                   14.8                    0.370                   0.180                   92.3                    
524.70                  524.70                  -999.25                 -999.25                 -999.25                 -999.25                 92.3                    
524.80                  524.80                  -999.25                 -999.25                 -999.25                 -999.25                 92.3                    
524.90                  524.86                  37.63                   -999.25                 -999.25                 -999.25                 92.3                    
525.00                  525.00                  -999.25                 -999.25                 -999.25                 -999.25                 92.3                    
525.10                  525.10                  -999.25                 -999.25                 -999.25                 -999.25                 92.3                    
525.20                  525.17                  55.30                   18.3                    -999.25                 -999.25                 92.3                    
525.30                  525.30                  -999.25                 -999.25                 -999.25                 -999.25                 92.3                    
525.40                  525.40                  -999.25                 -999.25                 -999.25                 -999.25                 92.3                    
525.50                  525.47                  61.97                   -999.25                 -999.25                 -999.25                 92.3                    
525.60                  525.60                  -999.25                 -999.25                 -999.25                 -999.25                 92.3                    
525.70                  525.70                  -999.25                 -999.25                 -999.25                 -999.25                 92.3                    
525.80                  525.78                  29.39                   -999.25                 -999.25                 -999.25                 92.3                    
525.90                  525.90                  -999.25                 -999.25                 -999.25                 -999.25                 92.3                    
526.00                  526.00                  -999.25                 -999.25                 -999.25                 -999.25                 92.3                    
526.10                  526.08                  24.87                   -999.25                 -999.25                 -999.25                 92.3                    
526.20                  526.20                  -999.25                 -999.25                 0.556                   0.187                   92.3                    
526.30                  526.30                  -999.25                 -999.25                 -999.25                 -999.25                 92.3                    
526.40                  526.39                  15.67                   -999.25                 -999.25                 -999.25                 92.3                    
526.50                  526.50                  -999.25                 -999.25                 -999.25                 -999.25                 92.3                    
526.60                  526.60                  -999.25                 -999.25                 -999.25                 -999.25                 92.3                    
526.70                  526.69                  25.96                   33.1                    0.895                   0.714                   92.3                    
526.80                  526.80                  -999.25                 -999.25                 -999.25                 -999.25                 92.3                    
526.90                  526.90                  -999.25                 -999.25                 -999.25                 -999.25                 92.3                    
527.00                  527.00                  59.47                   -999.25                 1.161                   1.201                   92.3                    
527.10                  527.10                  -999.25                 49.7                    -999.25                 -999.25                 92.3                    
527.20                  527.20                  -999.25                 -999.25                 -999.25                 -999.25                 92.3                    
527.30                  527.30                  94.63                   -999.25                 -999.25                 -999.25                 92.3                    
527.40                  527.40                  -999.25                 -999.25                 -999.25                 -999.25                 92.3                    
527.50                  527.50                  -999.25                 -999.25                 -999.25                 -999.25                 92.3                    
527.60                  527.61                  72.59                   -999.25                 -999.25                 -999.25                 92.3                    
527.70                  527.70                  -999.25                 -999.25                 -999.25                 -999.25                 92.3                    
527.80                  527.80                  -999.25                 -999.25                 -999.25                 -999.25                 92.3                    
527.90                  527.91                  105.60                  -999.25                 -999.25                 -999.25                 92.3                    
528.00                  528.00                  -999.25                 -999.25                 -999.25                 -999.25                 92.3                    
528.10                  528.10                  -999.25                 -999.25                 -999.25                 -999.25                 92.3                    
528.20                  528.22                  74.64                   -999.25                 -999.25                 -999.25                 92.3                    
528.30                  528.30                  -999.25                 -999.25                 -999.25                 -999.25                 92.3                    
528.40                  528.40                  -999.25                 -999.25                 -999.25                 -999.25                 92.3                    
528.50                  528.52                  52.03                   -999.25                 -999.25                 -999.25                 92.3                    
528.60                  528.60                  -999.25                 -999.25                 -999.25                 -999.25                 92.3                    
528.70                  528.70                  -999.25                 -999.25                 -999.25                 -999.25                 92.3                    
528.80                  528.83                  65.75                   -999.25                 -999.25                 -999.25                 92.3                    
528.90                  528.90                  -999.25                 43.2                    -999.25                 -999.25                 92.3                    
529.00                  529.00                  -999.25                 -999.25                 -999.25                 -999.25                 92.3                    
529.10                  529.13                  61.25                   -999.25                 -999.25                 -999.25                 92.3                    
529.20                  529.20                  -999.25                 -999.25                 -999.25                 -999.25                 92.3                    
529.30                  529.30                  -999.25                 -999.25                 -999.25                 -999.25                 92.3                    
529.40                  529.44                  63.75                   -999.25                 -999.25                 -999.25                 92.3                    
529.50                  529.50                  -999.25                 -999.25                 -999.25                 -999.25                 92.3                    
529.60                  529.60                  -999.25                 -999.25                 -999.25                 -999.25                 92.3                    
529.70                  529.74                  48.01                   -999.25                 -999.25                 -999.25                 92.3                    
529.80                  529.80                  -999.25                 -999.25                 -999.25                 -999.25                 92.3                    
529.90                  529.90                  -999.25                 -999.25                 -999.25                 -999.25                 92.3                    
530.00                  530.05                  48.48                   -999.25                 -999.25                 -999.25                 92.3                    
530.10                  530.10                  -999.25                 -999.25                 -999.25                 -999.25                 92.3                    
530.20                  530.20                  -999.25                 -999.25                 -999.25                 -999.25                 92.3                    
530.30                  530.30                  -999.25                 -999.25                 -999.25                 -999.25                 92.3                    
530.40                  530.35                  58.76                   -999.25                 -999.25                 -999.25                 92.3                    
530.50                  530.50                  -999.25                 -999.25                 -999.25                 -999.25                 92.3                    
530.60                  530.60                  -999.25                 -999.25                 -999.25                 -999.25                 92.3                    
530.70                  530.66                  64.24                   -999.25                 -999.25                 -999.25                 92.3                    
530.80                  530.80                  -999.25                 -999.25                 -999.25                 -999.25                 92.3                    
530.90                  530.90                  -999.25                 -999.25                 -999.25                 -999.25                 92.3                    
531.00                  530.96                  62.36                   -999.25                 -999.25                 -999.25                 92.3                    
531.10                  531.10                  -999.25                 -999.25                 -999.25                 -999.25                 92.3                    
531.20                  531.20                  -999.25                 -999.25                 -999.25                 -999.25                 92.3                    
531.30                  531.27                  55.87                   -999.25                 1.031                   0.836                   92.3                    
531.40                  531.40                  -999.25                 -999.25                 -999.25                 -999.25                 92.3                    
531.50                  531.50                  -999.25                 -999.25                 -999.25                 -999.25                 92.3                    
531.60                  531.57                  59.59                   -999.25                 -999.25                 -999.25                 92.3                    
531.70                  531.70                  -999.25                 -999.25                 0.937                   0.446                   92.3                    
531.80                  531.80                  -999.25                 29.2                    -999.25                 -999.25                 92.3                    
531.90                  531.88                  57.02                   -999.25                 -999.25                 -999.25                 92.3                    
532.00                  532.00                  -999.25                 -999.25                 -999.25                 -999.25                 92.3                    
532.10                  532.10                  -999.25                 40.1                    -999.25                 -999.25                 92.3                    
532.20                  532.18                  61.87                   -999.25                 -999.25                 -999.25                 92.3                    
532.30                  532.30                  -999.25                 -999.25                 -999.25                 -999.25                 92.3                    
532.40                  532.40                  -999.25                 -999.25                 -999.25                 -999.25                 92.3                    
532.50                  532.48                  53.68                   -999.25                 0.904                   0.802                   92.3                    
532.60                  532.60                  -999.25                 -999.25                 -999.25                 -999.25                 92.3                    
532.70                  532.70                  -999.25                 -999.25                 -999.25                 -999.25                 92.3                    
532.80                  532.79                  51.69                   -999.25                 -999.25                 -999.25                 92.3                    
532.90                  532.90                  -999.25                 -999.25                 -999.25                 -999.25                 92.3                    
533.00                  533.00                  -999.25                 31.0                    0.742                   0.291                   92.3                    
533.10                  533.09                  49.42                   -999.25                 -999.25                 -999.25                 92.3                    
533.20                  533.20                  -999.25                 -999.25                 -999.25                 -999.25                 92.3                    
533.30                  533.30                  -999.25                 -999.25                 -999.25                 -999.25                 92.3                    
533.40                  533.40                  56.38                   -999.25                 -999.25                 -999.25                 92.3                    
533.50                  533.50                  -999.25                 -999.25                 -999.25                 -999.25                 92.3                    
533.60                  533.60                  -999.25                 -999.25                 -999.25                 -999.25                 92.3                    
533.70                  533.70                  70.59                   25.7                    -999.25                 -999.25                 92.3                    
533.80                  533.80                  -999.25                 -999.25                 -999.25                 -999.25                 92.3                    
533.90                  533.90                  -999.25                 -999.25                 -999.25                 -999.25                 92.3                    
534.00                  534.01                  85.44                   -999.25                 -999.25                 -999.25                 92.3                    
534.10                  534.10                  -999.25                 -999.25                 -999.25                 -999.25                 92.3                    
534.20                  534.20                  -999.25                 -999.25                 -999.25                 -999.25                 92.3                    
534.30                  534.31                  57.23                   -999.25                 -999.25                 -999.25                 92.3                    
534.40                  534.40                  -999.25                 -999.25                 -999.25                 -999.25                 92.3                    
534.50                  534.50                  -999.25                 -999.25                 0.334                   0.209                   92.3                    
534.60                  534.62                  52.06                   -999.25                 -999.25                 -999.25                 92.3                    
534.70                  534.70                  -999.25                 -999.25                 -999.25                 -999.25                 92.3                    
534.80                  534.80                  -999.25                 26.2                    -999.25                 -999.25                 92.3                    
534.90                  534.92                  59.30                   -999.25                 -999.25                 -999.25                 92.3                    
535.00                  535.00                  -999.25                 -999.25                 -999.25                 -999.25                 92.3                    
535.10                  535.10                  -999.25                 -999.25                 -999.25                 -999.25                 92.3                    
535.20                  535.23                  47.89                   -999.25                 -999.25                 -999.25                 92.3                    
535.30                  535.30                  -999.25                 -999.25                 -999.25                 -999.25                 92.3                    
535.40                  535.40                  -999.25                 -999.25                 -999.25                 -999.25                 92.3                    
535.50                  535.53                  47.61                   -999.25                 -999.25                 -999.25                 92.3                    
535.60                  535.60                  -999.25                 -999.25                 -999.25                 -999.25                 92.3                    
535.70                  535.70                  -999.25                 -999.25                 -999.25                 -999.25                 92.3                    
535.80                  535.84                  60.69                   -999.25                 -999.25                 -999.25                 92.3                    
535.90                  535.90                  -999.25                 -999.25                 0.470                   0.240                   92.3                    
536.00                  536.00                  -999.25                 -999.25                 -999.25                 -999.25                 92.3                    
536.10                  536.14                  64.73                   -999.25                 -999.25                 -999.25                 92.3                    
536.20                  536.20                  -999.25                 -999.25                 -999.25                 -999.25                 92.3                    
536.30                  536.30                  -999.25                 -999.25                 -999.25                 -999.25                 92.3                    
536.40                  536.45                  55.36                   -999.25                 -999.25                 -999.25                 92.3                    
536.50                  536.50                  -999.25                 -999.25                 -999.25                 -999.25                 92.3                    
536.60                  536.60                  -999.25                 -999.25                 -999.25                 -999.25                 92.3                    
536.70                  536.70                  -999.25                 -999.25                 -999.25                 -999.25                 92.3                    
536.80                  536.75                  38.55                   55.4                    -999.25                 -999.25                 92.3                    
536.90                  536.90                  -999.25                 -999.25                 -999.25                 -999.25                 92.3                    
537.00                  537.00                  -999.25                 -999.25                 -999.25                 -999.25                 92.3                    
537.10                  537.06                  33.35                   -999.25                 -999.25                 -999.25                 92.3                    
537.20                  537.20                  -999.25                 -999.25                 -999.25                 -999.25                 92.3                    
537.30                  537.30                  -999.25                 -999.25                 -999.25                 -999.25                 92.3                    
537.40                  537.36                  27.87                   -999.25                 -999.25                 -999.25                 92.3                    
537.50                  537.50                  -999.25                 -999.25                 -999.25                 -999.25                 92.3                    
537.60                  537.60                  -999.25                 -999.25                 -999.25                 -999.25                 92.3                    
537.70                  537.67                  26.24                   -999.25                 -999.25                 -999.25                 92.3                    
537.80                  537.80                  -999.25                 -999.25                 -999.25                 -999.25                 92.3                    
537.90                  537.90                  -999.25                 -999.25                 -999.25                 -999.25                 92.3                    
538.00                  537.97                  29.81                   -999.25                 -999.25                 -999.25                 92.3                    
538.10                  538.10                  -999.25                 -999.25                 1.111                   0.988                   92.3                    
538.20                  538.20                  -999.25                 -999.25                 -999.25                 -999.25                 92.3                    
538.30                  538.28                  29.06                   -999.25                 -999.25                 -999.25                 92.3                    
538.40                  538.40                  -999.25                 -999.25                 -999.25                 -999.25                 92.3                    
538.50                  538.50                  -999.25                 -999.25                 -999.25                 -999.25                 92.3                    
538.60                  538.58                  33.77                   -999.25                 -999.25                 -999.25                 92.3                    
538.70                  538.70                  -999.25                 -999.25                 -999.25                 -999.25                 92.3                    
538.80                  538.80                  -999.25                 -999.25                 -999.25                 -999.25                 92.3                    
538.90                  538.89                  18.91                   -999.25                 -999.25                 -999.25                 92.3                    
539.00                  539.00                  -999.25                 -999.25                 -999.25                 -999.25                 92.3                    
539.10                  539.10                  -999.25                 -999.25                 -999.25                 -999.25                 92.3                    
539.20                  539.19                  15.87                   68.0                    -999.25                 -999.25                 92.3                    
539.30                  539.30                  -999.25                 -999.25                 -999.25                 -999.25                 92.3                    
539.40                  539.40                  -999.25                 -999.25                 -999.25                 -999.25                 92.3                    
539.50                  539.50                  16.34                   -999.25                 -999.25                 -999.25                 92.3                    
539.60                  539.60                  -999.25                 -999.25                 -999.25                 -999.25                 92.3                    
539.70                  539.70                  -999.25                 -999.25                 1.143                   0.819                   92.3                    
539.80                  539.80                  17.84                   -999.25                 -999.25                 -999.25                 92.3                    
539.90                  539.90                  -999.25                 69.7                    -999.25                 -999.25                 92.3                    
540.00                  540.00                  -999.25                 -999.25                 -999.25                 -999.25                 92.3                    
540.10                  540.10                  36.27                   -999.25                 -999.25                 -999.25                 92.3                    
540.20                  540.20                  -999.25                 -999.25                 -999.25                 -999.25                 92.3                    
540.30                  540.30                  -999.25                 -999.25                 1.091                   0.938                   92.3                    
540.40                  540.41                  41.71                   -999.25                 -999.25                 -999.25                 92.3                    
540.50                  540.50                  -999.25                 -999.25                 -999.25                 -999.25                 92.3                    
540.60                  540.60                  -999.25                 -999.25                 -999.25                 -999.25                 92.3                    
540.70                  540.71                  51.46                   -999.25                 -999.25                 -999.25                 92.3                    
540.80                  540.80                  -999.25                 -999.25                 -999.25                 -999.25                 92.3                    
540.90                  540.90                  -999.25                 68.0                    -999.25                 -999.25                 92.3                    
541.00                  541.02                  52.38                   -999.25                 -999.25                 -999.25                 92.3                    
541.10                  541.10                  -999.25                 -999.25                 -999.25                 -999.25                 92.3                    
541.20                  541.20                  -999.25                 -999.25                 -999.25                 -999.25                 92.3                    
541.30                  541.32                  48.83                   -999.25                 -999.25                 -999.25                 92.3                    
541.40                  541.40                  -999.25                 -999.25                 -999.25                 -999.25                 92.3                    
541.50                  541.50                  -999.25                 -999.25                 1.087                   0.919                   92.3                    
541.60                  541.63                  57.01                   -999.25                 -999.25                 -999.25                 92.3                    
541.70                  541.70                  -999.25                 -999.25                 -999.25                 -999.25                 92.3                    
541.80                  541.80                  -999.25                 -999.25                 -999.25                 -999.25                 92.3                    
541.90                  541.93                  72.09                   -999.25                 -999.25                 -999.25                 92.3                    
542.00                  542.00                  -999.25                 -999.25                 -999.25                 -999.25                 92.3                    
542.10                  542.10                  -999.25                 -999.25                 1.093                   0.948                   92.3                    
542.20                  542.24                  96.57                   66.2                    -999.25                 -999.25                 92.3                    
542.30                  542.30                  -999.25                 -999.25                 -999.25                 -999.25                 92.3                    
542.40                  542.40                  -999.25                 -999.25                 -999.25                 -999.25                 92.3                    
542.50                  542.54                  114.45                  71.9                    -999.25                 -999.25                 92.3                    
542.60                  542.60                  -999.25                 -999.25                 -999.25                 -999.25                 92.3                    
542.70                  542.70                  -999.25                 -999.25                 -999.25                 -999.25                 92.3                    
542.80                  542.85                  69.26                   -999.25                 -999.25                 -999.25                 92.3                    
542.90                  542.90                  -999.25                 -999.25                 1.103                   0.948                   92.3                    
543.00                  543.00                  -999.25                 -999.25                 -999.25                 -999.25                 92.3                    
543.10                  543.10                  -999.25                 -999.25                 -999.25                 -999.25                 92.3                    
543.20                  543.15                  61.15                   -999.25                 -999.25                 -999.25                 92.3                    
543.30                  543.30                  -999.25                 -999.25                 -999.25                 -999.25                 92.3                    
543.40                  543.40                  -999.25                 -999.25                 -999.25                 -999.25                 92.3                    
543.50                  543.46                  51.26                   -999.25                 -999.25                 -999.25                 92.3                    
543.60                  543.60                  -999.25                 70.2                    -999.25                 -999.25                 92.3                    
543.70                  543.70                  -999.25                 -999.25                 -999.25                 -999.25                 92.3                    
543.80                  543.76                  44.78                   -999.25                 -999.25                 -999.25                 92.3                    
543.90                  543.90                  -999.25                 -999.25                 -999.25                 -999.25                 92.3                    
544.00                  544.00                  -999.25                 -999.25                 0.987                   1.095                   92.3                    
544.10                  544.07                  39.12                   -999.25                 -999.25                 -999.25                 92.3                    
544.20                  544.20                  -999.25                 -999.25                 -999.25                 -999.25                 92.3                    
544.30                  544.30                  -999.25                 -999.25                 -999.25                 -999.25                 92.3                    
544.40                  544.37                  48.60                   -999.25                 -999.25                 -999.25                 92.3                    
544.50                  544.50                  -999.25                 34.9                    -999.25                 -999.25                 92.3                    
544.60                  544.60                  -999.25                 -999.25                 0.765                   0.371                   92.3                    
544.70                  544.68                  80.37                   -999.25                 -999.25                 -999.25                 92.3                    
544.80                  544.80                  -999.25                 26.2                    -999.25                 -999.25                 92.3                    
544.90                  544.90                  -999.25                 -999.25                 -999.25                 -999.25                 92.3                    
545.00                  544.98                  93.12                   -999.25                 -999.25                 -999.25                 92.3                    
545.10                  545.10                  -999.25                 -999.25                 0.504                   0.172                   92.3                    
545.20                  545.20                  -999.25                 -999.25                 -999.25                 -999.25                 92.3                    
545.30                  545.29                  73.85                   -999.25                 -999.25                 -999.25                 92.3                    
545.40                  545.40                  -999.25                 -999.25                 0.436                   0.191                   92.3                    
545.50                  545.50                  -999.25                 17.0                    -999.25                 -999.25                 92.3                    
545.60                  545.59                  54.63                   -999.25                 -999.25                 -999.25                 92.3                    
545.70                  545.70                  -999.25                 -999.25                 -999.25                 -999.25                 92.3                    
545.80                  545.80                  -999.25                 -999.25                 -999.25                 -999.25                 92.3                    
545.90                  545.90                  36.50                   27.5                    -999.25                 -999.25                 92.3                    
546.00                  546.00                  -999.25                 -999.25                 -999.25                 -999.25                 92.3                    
546.10                  546.10                  -999.25                 -999.25                 -999.25                 -999.25                 92.3                    
546.20                  546.20                  32.28                   -999.25                 0.796                   0.409                   92.3                    
546.30                  546.30                  -999.25                 -999.25                 -999.25                 -999.25                 92.3                    
546.40                  546.40                  -999.25                 -999.25                 -999.25                 -999.25                 92.3                    
546.50                  546.51                  16.57                   36.2                    -999.25                 -999.25                 92.3                    
546.60                  546.60                  -999.25                 -999.25                 0.886                   0.629                   92.3                    
546.70                  546.70                  -999.25                 -999.25                 -999.25                 -999.25                 92.3                    
546.80                  546.81                  16.87                   -999.25                 -999.25                 -999.25                 92.3                    
546.90                  546.90                  -999.25                 -999.25                 0.897                   0.753                   92.3                    
547.00                  547.00                  -999.25                 -999.25                 -999.25                 -999.25                 92.3                    
547.10                  547.12                  26.46                   -999.25                 -999.25                 -999.25                 92.3                    
547.20                  547.20                  -999.25                 36.2                    0.905                   0.785                   92.3                    
547.30                  547.30                  -999.25                 29.7                    0.870                   0.714                   92.3                    
547.40                  547.42                  27.86                   -999.25                 -999.25                 -999.25                 92.3                    
547.50                  547.50                  -999.25                 -999.25                 -999.25                 -999.25                 92.3                    
547.60                  547.60                  -999.25                 27.5                    -999.25                 -999.25                 92.3                    
547.70                  547.72                  46.43                   29.2                    0.853                   0.656                   92.3                    
547.80                  547.80                  -999.25                 -999.25                 0.793                   0.650                   92.3                    
547.90                  547.90                  -999.25                 -999.25                 0.787                   0.707                   92.3                    
548.00                  548.03                  72.58                   -999.25                 -999.25                 -999.25                 92.3                    
548.10                  548.10                  -999.25                 28.3                    -999.25                 -999.25                 92.3                    
548.20                  548.20                  -999.25                 29.2                    0.792                   0.656                   92.3                    
548.30                  548.33                  74.50                   31.8                    -999.25                 -999.25                 92.3                    
548.40                  548.40                  -999.25                 -999.25                 0.794                   0.722                   92.3                    
548.50                  548.50                  -999.25                 -999.25                 -999.25                 -999.25                 92.3                    
548.60                  548.64                  75.14                   31.0                    0.809                   0.722                   92.3                    
548.70                  548.70                  -999.25                 -999.25                 -999.25                 -999.25                 92.3                    
548.80                  548.80                  -999.25                 27.5                    0.778                   0.810                   92.3                    
548.90                  548.94                  74.33                   -999.25                 -999.25                 -999.25                 92.3                    
549.00                  549.00                  -999.25                 29.2                    -999.25                 -999.25                 92.3                    
549.10                  549.10                  -999.25                 -999.25                 -999.25                 -999.25                 92.3                    
549.20                  549.25                  79.80                   -999.25                 -999.25                 -999.25                 92.3                    
549.30                  549.30                  -999.25                 29.2                    0.784                   0.678                   92.3                    
549.40                  549.40                  -999.25                 -999.25                 -999.25                 -999.25                 92.3                    
549.50                  549.50                  -999.25                 -999.25                 -999.25                 -999.25                 92.3                    
549.60                  549.55                  70.39                   -999.25                 0.732                   0.650                   92.3                    
549.70                  549.70                  -999.25                 26.2                    -999.25                 -999.25                 92.3                    
549.80                  549.80                  -999.25                 -999.25                 -999.25                 -999.25                 92.3                    
549.90                  549.86                  72.60                   -999.25                 -999.25                 -999.25                 92.3                    
550.00                  550.00                  -999.25                 -999.25                 -999.25                 -999.25                 92.3                    
550.10                  550.10                  -999.25                 25.3                    0.693                   0.603                   92.3                    
550.20                  550.16                  72.95                   -999.25                 -999.25                 -999.25                 92.3                    
550.30                  550.30                  -999.25                 -999.25                 -999.25                 -999.25                 92.3                    
550.40                  550.40                  -999.25                 -999.25                 -999.25                 -999.25                 92.3                    
550.50                  550.47                  94.51                   -999.25                 -999.25                 -999.25                 92.3                    
550.60                  550.60                  -999.25                 24.4                    -999.25                 -999.25                 92.3                    
550.70                  550.70                  -999.25                 -999.25                 -999.25                 -999.25                 92.3                    
550.80                  550.77                  81.76                   -999.25                 0.726                   0.284                   92.3                    
550.90                  550.90                  -999.25                 -999.25                 -999.25                 -999.25                 92.3                    
551.00                  551.00                  -999.25                 -999.25                 -999.25                 -999.25                 92.3                    
551.10                  551.08                  68.48                   15.3                    0.655                   0.314                   92.3                    
551.20                  551.20                  -999.25                 -999.25                 -999.25                 -999.25                 92.3                    
551.30                  551.30                  -999.25                 -999.25                 -999.25                 -999.25                 92.3                    
551.40                  551.38                  66.05                   -999.25                 -999.25                 -999.25                 92.3                    
551.50                  551.50                  -999.25                 -999.25                 -999.25                 -999.25                 92.3                    
551.60                  551.60                  -999.25                 -999.25                 -999.25                 -999.25                 92.3                    
551.70                  551.69                  59.66                   14.8                    -999.25                 -999.25                 92.3                    
551.80                  551.80                  -999.25                 -999.25                 0.547                   0.300                   92.3                    
551.90                  551.90                  -999.25                 -999.25                 -999.25                 -999.25                 92.3                    
552.00                  551.99                  54.57                   -999.25                 -999.25                 -999.25                 92.3                    
552.10                  552.10                  -999.25                 -999.25                 -999.25                 -999.25                 92.3                    
552.20                  552.20                  -999.25                 -999.25                 -999.25                 -999.25                 92.3                    
552.30                  552.30                  51.63                   -999.25                 -999.25                 -999.25                 92.3                    
552.40                  552.40                  -999.25                 16.6                    -999.25                 -999.25                 92.3                    
552.50                  552.50                  -999.25                 -999.25                 0.560                   0.332                   92.3                    
552.60                  552.60                  37.34                   -999.25                 -999.25                 -999.25                 92.3                    
552.70                  552.70                  -999.25                 -999.25                 -999.25                 -999.25                 92.3                    
552.80                  552.80                  -999.25                 12.7                    -999.25                 -999.25                 92.3                    
552.90                  552.91                  28.53                   -999.25                 0.556                   0.423                   92.3                    
553.00                  553.00                  -999.25                 -999.25                 -999.25                 -999.25                 92.3                    
553.10                  553.10                  -999.25                 -999.25                 -999.25                 -999.25                 92.3                    
553.20                  553.21                  20.83                   -999.25                 -999.25                 -999.25                 92.3                    
553.30                  553.30                  -999.25                 -999.25                 -999.25                 -999.25                 92.3                    
553.40                  553.40                  -999.25                 13.5                    0.568                   0.379                   92.3                    
553.50                  553.52                  39.37                   -999.25                 -999.25                 -999.25                 92.3                    
553.60                  553.60                  -999.25                 -999.25                 -999.25                 -999.25                 92.3                    
553.70                  553.70                  -999.25                 -999.25                 -999.25                 -999.25                 92.3                    
553.80                  553.82                  49.34                   -999.25                 -999.25                 -999.25                 92.3                    
553.90                  553.90                  -999.25                 -999.25                 -999.25                 -999.25                 92.3                    
554.00                  554.00                  -999.25                 15.7                    -999.25                 -999.25                 92.3                    
554.10                  554.13                  59.08                   -999.25                 0.599                   0.359                   92.3                    
554.20                  554.20                  -999.25                 -999.25                 -999.25                 -999.25                 92.3                    
554.30                  554.30                  -999.25                 -999.25                 -999.25                 -999.25                 92.3                    
554.40                  554.43                  50.60                   13.5                    -999.25                 -999.25                 92.3                    
554.50                  554.50                  -999.25                 -999.25                 -999.25                 -999.25                 92.3                    
554.60                  554.60                  -999.25                 -999.25                 0.632                   0.351                   92.3                    
554.70                  554.74                  36.92                   -999.25                 0.593                   0.427                   92.3                    
554.80                  554.80                  -999.25                 -999.25                 -999.25                 -999.25                 92.3                    
554.90                  554.90                  -999.25                 -999.25                 -999.25                 -999.25                 92.3                    
555.00                  555.04                  20.89                   -999.25                 -999.25                 -999.25                 92.3                    
555.10                  555.10                  -999.25                 10.5                    0.587                   0.396                   92.3                    
555.20                  555.20                  -999.25                 -999.25                 -999.25                 -999.25                 92.3                    
555.30                  555.34                  28.31                   -999.25                 -999.25                 -999.25                 92.3                    
555.40                  555.40                  -999.25                 -999.25                 -999.25                 -999.25                 92.3                    
555.50                  555.50                  -999.25                 -999.25                 0.523                   0.243                   92.3                    
555.60                  555.60                  -999.25                 9.2                     -999.25                 -999.25                 92.3                    
555.70                  555.65                  31.42                   -999.25                 -999.25                 -999.25                 92.3                    
555.80                  555.80                  -999.25                 -999.25                 -999.25                 -999.25                 92.3                    
555.90                  555.90                  -999.25                 -999.25                 -999.25                 -999.25                 92.3                    
556.00                  555.95                  36.55                   7.4                     -999.25                 -999.25                 92.3                    
556.10                  556.10                  -999.25                 -999.25                 -999.25                 -999.25                 92.3                    
556.20                  556.20                  -999.25                 -999.25                 -999.25                 -999.25                 92.3                    
556.30                  556.26                  33.12                   -999.25                 -999.25                 -999.25                 92.3                    
556.40                  556.40                  -999.25                 -999.25                 -999.25                 -999.25                 92.3                    
556.50                  556.50                  -999.25                 -999.25                 0.452                   0.182                   92.3                    
556.60                  556.56                  38.72                   -999.25                 -999.25                 -999.25                 92.3                    
556.70                  556.70                  -999.25                 -999.25                 -999.25                 -999.25                 92.3                    
556.80                  556.80                  -999.25                 -999.25                 -999.25                 -999.25                 92.3                    
556.90                  556.87                  41.56                   7.9                     0.487                   0.291                   92.3                    
557.00                  557.00                  -999.25                 -999.25                 -999.25                 -999.25                 92.3                    
557.10                  557.10                  -999.25                 -999.25                 -999.25                 -999.25                 92.3                    
557.20                  557.17                  45.33                   -999.25                 -999.25                 -999.25                 92.3                    
557.30                  557.30                  -999.25                 -999.25                 -999.25                 -999.25                 92.3                    
557.40                  557.40                  -999.25                 -999.25                 -999.25                 -999.25                 92.3                    
557.50                  557.48                  40.83                   8.3                     -999.25                 -999.25                 92.3                    
557.60                  557.60                  -999.25                 -999.25                 -999.25                 -999.25                 92.3                    
557.70                  557.70                  -999.25                 -999.25                 -999.25                 -999.25                 92.3                    
557.80                  557.78                  38.71                   -999.25                 0.537                   0.257                   92.3                    
557.90                  557.90                  -999.25                 -999.25                 -999.25                 -999.25                 92.3                    
558.00                  558.00                  -999.25                 -999.25                 -999.25                 -999.25                 92.3                    
558.10                  558.09                  35.68                   -999.25                 -999.25                 -999.25                 92.3                    
558.20                  558.20                  -999.25                 -999.25                 -999.25                 -999.25                 92.3                    
558.30                  558.30                  -999.25                 -999.25                 -999.25                 -999.25                 92.3                    
558.40                  558.39                  40.85                   -999.25                 -999.25                 -999.25                 92.3                    
558.50                  558.50                  -999.25                 7.9                     -999.25                 -999.25                 92.3                    
558.60                  558.60                  -999.25                 -999.25                 -999.25                 -999.25                 92.3                    
558.70                  558.70                  44.61                   -999.25                 -999.25                 -999.25                 92.3                    
558.80                  558.80                  -999.25                 -999.25                 -999.25                 -999.25                 92.3                    
558.90                  558.90                  -999.25                 -999.25                 -999.25                 -999.25                 92.3                    
559.00                  559.00                  41.78                   -999.25                 -999.25                 -999.25                 92.3                    
559.10                  559.10                  -999.25                 -999.25                 0.493                   0.948                   92.3                    
559.20                  559.20                  -999.25                 -999.25                 -999.25                 -999.25                 92.3                    
559.30                  559.31                  50.36                   -999.25                 -999.25                 -999.25                 92.3                    
559.40                  559.40                  -999.25                 23.1                    -999.25                 -999.25                 92.3                    
559.50                  559.50                  -999.25                 -999.25                 -999.25                 -999.25                 92.3                    
559.60                  559.61                  48.93                   -999.25                 -999.25                 -999.25                 92.3                    
559.70                  559.70                  -999.25                 -999.25                 0.477                   0.671                   92.3                    
559.80                  559.80                  -999.25                 -999.25                 -999.25                 -999.25                 92.3                    
559.90                  559.92                  45.73                   -999.25                 -999.25                 -999.25                 92.3                    
560.00                  560.00                  -999.25                 -999.25                 -999.25                 -999.25                 92.3                    
560.10                  560.10                  -999.25                 -999.25                 -999.25                 -999.25                 92.3                    
560.20                  560.22                  29.48                   -999.25                 -999.25                 -999.25                 92.3                    
560.30                  560.30                  -999.25                 14.4                    -999.25                 -999.25                 92.3                    
560.40                  560.40                  -999.25                 -999.25                 0.424                   0.481                   92.3                    
560.50                  560.53                  18.98                   -999.25                 -999.25                 -999.25                 92.3                    
560.60                  560.60                  -999.25                 -999.25                 -999.25                 -999.25                 92.3                    
560.70                  560.70                  -999.25                 -999.25                 -999.25                 -999.25                 92.3                    
560.80                  560.83                  16.51                   -999.25                 -999.25                 -999.25                 92.3                    
560.90                  560.90                  -999.25                 -999.25                 -999.25                 -999.25                 92.3                    
561.00                  561.00                  -999.25                 -999.25                 -999.25                 -999.25                 92.3                    
561.10                  561.14                  17.02                   14.4                    -999.25                 -999.25                 92.3                    
561.20                  561.20                  -999.25                 -999.25                 -999.25                 -999.25                 92.3                    
561.30                  561.30                  -999.25                 -999.25                 -999.25                 -999.25                 92.3                    
561.40                  561.44                  18.85                   -999.25                 0.430                   0.168                   92.3                    
561.50                  561.50                  -999.25                 -999.25                 -999.25                 -999.25                 92.3                    
561.60                  561.60                  -999.25                 -999.25                 -999.25                 -999.25                 92.3                    
561.70                  561.75                  47.32                   13.5                    -999.25                 -999.25                 92.3                    
561.80                  561.80                  -999.25                 -999.25                 -999.25                 -999.25                 92.3                    
561.90                  561.90                  -999.25                 -999.25                 0.443                   0.232                   92.3                    
562.00                  562.00                  -999.25                 -999.25                 -999.25                 -999.25                 92.3                    
562.10                  562.05                  34.11                   -999.25                 -999.25                 -999.25                 92.3                    
562.20                  562.20                  -999.25                 -999.25                 -999.25                 -999.25                 92.3                    
562.30                  562.30                  -999.25                 -999.25                 -999.25                 -999.25                 92.3                    
562.40                  562.36                  50.34                   -999.25                 -999.25                 -999.25                 92.3                    
562.50                  562.50                  -999.25                 -999.25                 -999.25                 -999.25                 92.3                    
562.60                  562.60                  -999.25                 -999.25                 -999.25                 -999.25                 92.3                    
562.70                  562.66                  45.62                   18.8                    -999.25                 -999.25                 92.3                    
562.80                  562.80                  -999.25                 -999.25                 -999.25                 -999.25                 92.3                    
562.90                  562.90                  -999.25                 -999.25                 -999.25                 -999.25                 92.3                    
563.00                  562.96                  45.09                   -999.25                 -999.25                 -999.25                 92.3                    
563.10                  563.10                  -999.25                 -999.25                 0.503                   0.198                   92.3                    
563.20                  563.20                  -999.25                 -999.25                 -999.25                 -999.25                 92.3                    
563.30                  563.27                  48.94                   -999.25                 -999.25                 -999.25                 92.3                    
563.40                  563.40                  -999.25                 -999.25                 -999.25                 -999.25                 92.3                    
563.50                  563.50                  -999.25                 12.7                    -999.25                 -999.25                 92.3                    
563.60                  563.57                  53.33                   -999.25                 -999.25                 -999.25                 92.3                    
563.70                  563.70                  -999.25                 -999.25                 -999.25                 -999.25                 92.3                    
563.80                  563.80                  -999.25                 -999.25                 -999.25                 -999.25                 92.3                    
563.90                  563.88                  56.02                   -999.25                 -999.25                 -999.25                 92.3                    
564.00                  564.00                  -999.25                 -999.25                 -999.25                 -999.25                 92.3                    
564.10                  564.10                  -999.25                 20.9                    0.532                   0.263                   92.3                    
564.20                  564.18                  57.31                   -999.25                 -999.25                 -999.25                 92.3                    
564.30                  564.30                  -999.25                 -999.25                 -999.25                 -999.25                 92.3                    
564.40                  564.40                  -999.25                 -999.25                 -999.25                 -999.25                 92.3                    
564.50                  564.49                  66.25                   -999.25                 -999.25                 -999.25                 92.3                    
564.60                  564.60                  -999.25                 -999.25                 0.468                   0.355                   92.3                    
564.70                  564.70                  -999.25                 -999.25                 -999.25                 -999.25                 92.3                    
564.80                  564.79                  65.72                   -999.25                 -999.25                 -999.25                 92.3                    
564.90                  564.90                  -999.25                 -999.25                 -999.25                 -999.25                 92.3                    
565.00                  565.00                  -999.25                 -999.25                 -999.25                 -999.25                 92.3                    
565.10                  565.10                  64.47                   -999.25                 -999.25                 -999.25                 92.3                    
565.20                  565.20                  -999.25                 7.4                     -999.25                 -999.25                 92.3                    
565.30                  565.30                  -999.25                 -999.25                 0.437                   0.275                   92.3                    
565.40                  565.40                  60.75                   -999.25                 -999.25                 -999.25                 92.3                    
565.50                  565.50                  -999.25                 -999.25                 -999.25                 -999.25                 92.3                    
565.60                  565.60                  -999.25                 6.6                     -999.25                 -999.25                 92.3                    
565.70                  565.71                  67.12                   -999.25                 -999.25                 -999.25                 92.3                    
565.80                  565.80                  -999.25                 -999.25                 0.450                   0.266                   92.3                    
565.90                  565.90                  -999.25                 -999.25                 -999.25                 -999.25                 92.3                    
566.00                  566.01                  61.83                   -999.25                 -999.25                 -999.25                 92.3                    
566.10                  566.10                  -999.25                 -999.25                 -999.25                 -999.25                 92.3                    
566.20                  566.20                  -999.25                 -999.25                 -999.25                 -999.25                 92.3                    
566.30                  566.32                  64.35                   -999.25                 -999.25                 -999.25                 92.3                    
566.40                  566.40                  -999.25                 6.6                     0.446                   0.235                   92.3                    
566.50                  566.50                  -999.25                 -999.25                 -999.25                 -999.25                 92.3                    
566.60                  566.62                  68.88                   -999.25                 -999.25                 -999.25                 92.3                    
566.70                  566.70                  -999.25                 -999.25                 -999.25                 -999.25                 92.3                    
566.80                  566.80                  -999.25                 -999.25                 -999.25                 -999.25                 92.3                    
566.90                  566.93                  53.53                   -999.25                 -999.25                 -999.25                 92.3                    
567.00                  567.00                  -999.25                 -999.25                 -999.25                 -999.25                 92.3                    
567.10                  567.10                  -999.25                 -999.25                 -999.25                 -999.25                 92.3                    
567.20                  567.23                  43.73                   -999.25                 -999.25                 -999.25                 92.3                    
567.30                  567.30                  -999.25                 7.0                     -999.25                 -999.25                 92.3                    
567.40                  567.40                  -999.25                 -999.25                 -999.25                 -999.25                 92.3                    
567.50                  567.54                  34.96                   -999.25                 -999.25                 -999.25                 92.3                    
567.60                  567.60                  -999.25                 -999.25                 -999.25                 -999.25                 92.3                    
567.70                  567.70                  -999.25                 -999.25                 -999.25                 -999.25                 92.3                    
567.80                  567.84                  40.50                   -999.25                 -999.25                 -999.25                 92.3                    
567.90                  567.90                  -999.25                 -999.25                 0.394                   0.205                   92.3                    
568.00                  568.00                  -999.25                 -999.25                 -999.25                 -999.25                 92.3                    
568.10                  568.15                  35.56                   -999.25                 -999.25                 -999.25                 92.3                    
568.20                  568.20                  -999.25                 -999.25                 -999.25                 -999.25                 92.3                    
568.30                  568.30                  -999.25                 -999.25                 -999.25                 -999.25                 92.3                    
568.40                  568.40                  -999.25                 -999.25                 -999.25                 -999.25                 92.3                    
568.50                  568.45                  27.34                   -999.25                 -999.25                 -999.25                 92.3                    
568.60                  568.60                  -999.25                 6.1                     -999.25                 -999.25                 92.3                    
568.70                  568.70                  -999.25                 -999.25                 -999.25                 -999.25                 92.3                    
568.80                  568.76                  40.24                   -999.25                 0.391                   0.205                   92.3                    
568.90                  568.90                  -999.25                 4.8                     -999.25                 -999.25                 92.3                    
569.00                  569.00                  -999.25                 -999.25                 -999.25                 -999.25                 92.3                    
569.10                  569.06                  45.10                   -999.25                 -999.25                 -999.25                 92.3                    
569.20                  569.20                  -999.25                 -999.25                 -999.25                 -999.25                 92.3                    
569.30                  569.30                  -999.25                 -999.25                 -999.25                 -999.25                 92.3                    
569.40                  569.37                  36.27                   -999.25                 -999.25                 -999.25                 92.3                    
569.50                  569.50                  -999.25                 -999.25                 0.387                   0.217                   92.3                    
569.60                  569.60                  -999.25                 -999.25                 -999.25                 -999.25                 92.3                    
569.70                  569.67                  35.89                   -999.25                 -999.25                 -999.25                 92.3                    
569.80                  569.80                  -999.25                 -999.25                 -999.25                 -999.25                 92.3                    
569.90                  569.90                  -999.25                 -999.25                 -999.25                 -999.25                 92.3                    
570.00                  569.97                  27.94                   -999.25                 -999.25                 -999.25                 92.3                    
570.10                  570.10                  -999.25                 -999.25                 -999.25                 -999.25                 92.3                    
570.20                  570.20                  -999.25                 -999.25                 0.403                   0.383                   92.3                    
570.30                  570.28                  21.59                   10.5                    0.381                   0.387                   92.3                    
570.40                  570.40                  -999.25                 -999.25                 -999.25                 -999.25                 92.3                    
570.50                  570.50                  -999.25                 -999.25                 -999.25                 -999.25                 92.3                    
570.60                  570.58                  20.59                   15.3                    -999.25                 -999.25                 92.3                    
570.70                  570.70                  -999.25                 -999.25                 -999.25                 -999.25                 92.3                    
570.80                  570.80                  -999.25                 -999.25                 -999.25                 -999.25                 92.3                    
570.90                  570.89                  23.19                   15.7                    0.442                   0.663                   92.3                    
571.00                  571.00                  -999.25                 -999.25                 -999.25                 -999.25                 92.3                    
571.10                  571.10                  -999.25                 -999.25                 -999.25                 -999.25                 92.3                    
571.20                  571.19                  26.61                   -999.25                 -999.25                 -999.25                 92.3                    
571.30                  571.30                  -999.25                 -999.25                 0.523                   0.794                   92.3                    
571.40                  571.40                  -999.25                 -999.25                 -999.25                 -999.25                 92.3                    
571.50                  571.50                  34.70                   -999.25                 -999.25                 -999.25                 92.3                    
571.60                  571.60                  -999.25                 -999.25                 -999.25                 -999.25                 92.3                    
571.70                  571.70                  -999.25                 -999.25                 -999.25                 -999.25                 92.3                    
571.80                  571.80                  33.40                   -999.25                 -999.25                 -999.25                 92.3                    
571.90                  571.90                  -999.25                 -999.25                 0.517                   0.427                   92.3                    
572.00                  572.00                  -999.25                 13.5                    -999.25                 -999.25                 92.3                    
572.10                  572.11                  25.74                   -999.25                 -999.25                 -999.25                 92.3                    
572.20                  572.20                  -999.25                 -999.25                 -999.25                 -999.25                 92.3                    
572.30                  572.30                  -999.25                 -999.25                 -999.25                 -999.25                 92.3                    
572.40                  572.41                  19.90                   -999.25                 -999.25                 -999.25                 92.3                    
572.50                  572.50                  -999.25                 -999.25                 -999.25                 -999.25                 92.3                    
572.60                  572.60                  -999.25                 -999.25                 -999.25                 -999.25                 92.3                    
572.70                  572.72                  23.67                   -999.25                 -999.25                 -999.25                 92.3                    
572.80                  572.80                  -999.25                 8.3                     -999.25                 -999.25                 92.3                    
572.90                  572.90                  -999.25                 -999.25                 -999.25                 -999.25                 92.3                    
573.00                  573.02                  20.07                   -999.25                 -999.25                 -999.25                 92.3                    
573.10                  573.10                  -999.25                 -999.25                 -999.25                 -999.25                 92.3                    
573.20                  573.20                  -999.25                 -999.25                 0.419                   0.189                   92.3                    
573.30                  573.33                  15.62                   8.7                     -999.25                 -999.25                 92.3                    
573.40                  573.40                  -999.25                 -999.25                 -999.25                 -999.25                 92.3                    
573.50                  573.50                  -999.25                 -999.25                 -999.25                 -999.25                 92.3                    
573.60                  573.63                  13.89                   -999.25                 -999.25                 -999.25                 92.3                    
573.70                  573.70                  -999.25                 -999.25                 -999.25                 -999.25                 92.3                    
573.80                  573.80                  -999.25                 -999.25                 -999.25                 -999.25                 92.3                    
573.90                  573.94                  16.45                   -999.25                 0.400                   0.176                   92.3                    
574.00                  574.00                  -999.25                 -999.25                 -999.25                 -999.25                 92.3                    
574.10                  574.10                  -999.25                 -999.25                 -999.25                 -999.25                 92.3                    
574.20                  574.24                  18.26                   -999.25                 -999.25                 -999.25                 92.3                    
574.30                  574.30                  -999.25                 7.0                     -999.25                 -999.25                 92.3                    
574.40                  574.40                  -999.25                 -999.25                 -999.25                 -999.25                 92.3                    
574.50                  574.55                  19.95                   -999.25                 -999.25                 -999.25                 92.3                    
574.60                  574.60                  -999.25                 -999.25                 0.436                   0.198                   92.3                    
574.70                  574.70                  -999.25                 -999.25                 -999.25                 -999.25                 92.3                    
574.80                  574.80                  -999.25                 -999.25                 -999.25                 -999.25                 92.3                    
574.90                  574.85                  19.81                   -999.25                 -999.25                 -999.25                 92.3                    
575.00                  575.00                  -999.25                 -999.25                 -999.25                 -999.25                 92.3                    
575.10                  575.10                  -999.25                 -999.25                 -999.25                 -999.25                 92.3                    
575.20                  575.16                  15.07                   -999.25                 -999.25                 -999.25                 92.3                    
575.30                  575.30                  -999.25                 12.7                    -999.25                 -999.25                 92.3                    
575.40                  575.40                  -999.25                 -999.25                 -999.25                 -999.25                 92.3                    
575.50                  575.46                  10.62                   -999.25                 -999.25                 -999.25                 92.3                    
575.60                  575.60                  -999.25                 -999.25                 -999.25                 -999.25                 92.3                    
575.70                  575.70                  -999.25                 -999.25                 -999.25                 -999.25                 92.3                    
575.80                  575.77                  7.36                    -999.25                 0.410                   0.314                   92.3                    
575.90                  575.90                  -999.25                 -999.25                 -999.25                 -999.25                 92.3                    
576.00                  576.00                  -999.25                 -999.25                 0.409                   0.278                   92.3                    
576.10                  576.07                  6.56                    11.8                    -999.25                 -999.25                 92.3                    
576.20                  576.20                  -999.25                 -999.25                 -999.25                 -999.25                 92.3                    
576.30                  576.30                  -999.25                 -999.25                 -999.25                 -999.25                 92.3                    
576.40                  576.38                  6.09                    -999.25                 -999.25                 -999.25                 92.3                    
576.50                  576.50                  -999.25                 -999.25                 -999.25                 -999.25                 92.3                    
576.60                  576.60                  -999.25                 -999.25                 -999.25                 -999.25                 92.3                    
576.70                  576.68                  5.93                    10.0                    0.418                   0.227                   92.3                    
576.80                  576.80                  -999.25                 -999.25                 -999.25                 -999.25                 92.3                    
576.90                  576.90                  -999.25                 -999.25                 -999.25                 -999.25                 92.3                    
577.00                  576.99                  6.89                    -999.25                 -999.25                 -999.25                 92.3                    
577.10                  577.10                  -999.25                 -999.25                 -999.25                 -999.25                 92.3                    
577.20                  577.20                  -999.25                 -999.25                 -999.25                 -999.25                 92.3                    
577.30                  577.29                  8.93                    -999.25                 -999.25                 -999.25                 92.3                    
577.40                  577.40                  -999.25                 -999.25                 -999.25                 -999.25                 92.3                    
577.50                  577.50                  -999.25                 5.3                     -999.25                 -999.25                 92.3                    
577.60                  577.59                  10.99                   -999.25                 -999.25                 -999.25                 92.3                    
577.70                  577.70                  -999.25                 -999.25                 -999.25                 -999.25                 92.3                    
577.80                  577.80                  -999.25                 -999.25                 -999.25                 -999.25                 92.3                    
577.90                  577.90                  12.42                   -999.25                 -999.25                 -999.25                 92.3                    
578.00                  578.00                  -999.25                 -999.25                 -999.25                 -999.25                 92.3                    
578.10                  578.10                  -999.25                 -999.25                 0.411                   0.164                   92.3                    
578.20                  578.20                  13.98                   31.8                    -999.25                 -999.25                 92.3                    
578.30                  578.30                  -999.25                 -999.25                 -999.25                 -999.25                 92.3                    
578.40                  578.40                  -999.25                 -999.25                 -999.25                 -999.25                 92.3                    
578.50                  578.51                  15.96                   -999.25                 0.668                   0.363                   92.3                    
578.60                  578.60                  -999.25                 -999.25                 -999.25                 -999.25                 92.3                    
578.70                  578.70                  -999.25                 -999.25                 -999.25                 -999.25                 92.3                    
578.80                  578.81                  17.58                   -999.25                 -999.25                 -999.25                 92.3                    
578.90                  578.90                  -999.25                 -999.25                 -999.25                 -999.25                 92.3                    
579.00                  579.00                  -999.25                 -999.25                 -999.25                 -999.25                 92.3                    
579.10                  579.12                  17.72                   -999.25                 -999.25                 -999.25                 92.3                    
579.20                  579.20                  -999.25                 -999.25                 -999.25                 -999.25                 92.3                    
579.30                  579.30                  -999.25                 59.7                    -999.25                 -999.25                 92.3                    
579.40                  579.42                  19.36                   -999.25                 -999.25                 -999.25                 92.3                    
579.50                  579.50                  -999.25                 -999.25                 -999.25                 -999.25                 92.3                    
579.60                  579.60                  -999.25                 -999.25                 -999.25                 -999.25                 92.3                    
579.70                  579.73                  19.29                   -999.25                 0.857                   0.461                   92.3                    
579.80                  579.80                  -999.25                 -999.25                 -999.25                 -999.25                 92.3                    
579.90                  579.90                  -999.25                 -999.25                 -999.25                 -999.25                 92.3                    
580.00                  580.03                  18.54                   -999.25                 -999.25                 -999.25                 92.3                    
580.10                  580.10                  -999.25                 -999.25                 -999.25                 -999.25                 92.3                    
580.20                  580.20                  -999.25                 65.4                    -999.25                 -999.25                 92.3                    
580.30                  580.34                  17.75                   -999.25                 -999.25                 -999.25                 92.3                    
580.40                  580.40                  -999.25                 -999.25                 -999.25                 -999.25                 92.3                    
580.50                  580.50                  -999.25                 -999.25                 -999.25                 -999.25                 92.3                    
580.60                  580.64                  18.26                   -999.25                 -999.25                 -999.25                 92.3                    
580.70                  580.70                  -999.25                 -999.25                 -999.25                 -999.25                 92.3                    
580.80                  580.80                  -999.25                 -999.25                 -999.25                 -999.25                 92.3                    
580.90                  580.95                  17.52                   -999.25                 -999.25                 -999.25                 92.3                    
581.00                  581.00                  -999.25                 -999.25                 1.101                   0.890                   92.3                    
581.10                  581.10                  -999.25                 -999.25                 -999.25                 -999.25                 92.3                    
581.20                  581.20                  -999.25                 -999.25                 -999.25                 -999.25                 92.3                    
581.30                  581.25                  17.32                   -999.25                 -999.25                 -999.25                 92.3                    
581.40                  581.40                  -999.25                 -999.25                 -999.25                 -999.25                 92.3                    
581.50                  581.50                  -999.25                 60.6                    -999.25                 -999.25                 92.3                    
581.60                  581.56                  16.28                   -999.25                 -999.25                 -999.25                 92.3                    
581.70                  581.70                  -999.25                 -999.25                 -999.25                 -999.25                 92.3                    
581.80                  581.80                  -999.25                 -999.25                 -999.25                 -999.25                 92.3                    
581.90                  581.86                  16.04                   -999.25                 -999.25                 -999.25                 92.3                    
582.00                  582.00                  -999.25                 -999.25                 -999.25                 -999.25                 92.3                    
582.10                  582.10                  -999.25                 -999.25                 -999.25                 -999.25                 92.3                    
582.20                  582.17                  17.64                   -999.25                 1.131                   0.890                   92.3                    
582.30                  582.30                  -999.25                 -999.25                 -999.25                 -999.25                 92.3                    
582.40                  582.40                  -999.25                 -999.25                 -999.25                 -999.25                 92.3                    
582.50                  582.47                  19.77                   -999.25                 -999.25                 -999.25                 92.3                    
582.60                  582.60                  -999.25                 -999.25                 -999.25                 -999.25                 92.3                    
582.70                  582.70                  -999.25                 -999.25                 -999.25                 -999.25                 92.3                    
582.80                  582.78                  19.36                   56.7                    -999.25                 -999.25                 92.3                    
582.90                  582.90                  -999.25                 -999.25                 -999.25                 -999.25                 92.3                    
583.00                  583.00                  -999.25                 -999.25                 -999.25                 -999.25                 92.3                    
583.10                  583.08                  18.05                   -999.25                 -999.25                 -999.25                 92.3                    
583.20                  583.20                  -999.25                 -999.25                 1.144                   0.957                   92.3                    
583.30                  583.30                  -999.25                 -999.25                 -999.25                 -999.25                 92.3                    
583.40                  583.39                  20.88                   -999.25                 -999.25                 -999.25                 92.3                    
583.50                  583.50                  -999.25                 -999.25                 -999.25                 -999.25                 92.3                    
583.60                  583.60                  -999.25                 -999.25                 -999.25                 -999.25                 92.3                    
583.70                  583.69                  13.05                   -999.25                 -999.25                 -999.25                 92.3                    
583.80                  583.80                  -999.25                 -999.25                 -999.25                 -999.25                 92.3                    
583.90                  583.90                  -999.25                 -999.25                 -999.25                 -999.25                 92.3                    
584.00                  584.00                  15.56                   62.3                    -999.25                 -999.25                 92.3                    
584.10                  584.10                  -999.25                 -999.25                 -999.25                 -999.25                 92.3                    
584.20                  584.20                  -999.25                 -999.25                 1.170                   1.040                   92.3                    
584.30                  584.30                  22.33                   -999.25                 -999.25                 -999.25                 92.3                    
584.40                  584.40                  -999.25                 65.8                    -999.25                 -999.25                 92.3                    
584.50                  584.50                  -999.25                 -999.25                 -999.25                 -999.25                 92.3                    
584.60                  584.61                  25.49                   -999.25                 -999.25                 -999.25                 92.3                    
584.70                  584.70                  -999.25                 -999.25                 -999.25                 -999.25                 92.3                    
584.80                  584.80                  -999.25                 -999.25                 -999.25                 -999.25                 92.3                    
584.90                  584.91                  25.86                   51.0                    -999.25                 -999.25                 92.3                    
585.00                  585.00                  -999.25                 -999.25                 1.171                   1.084                   92.3                    
585.10                  585.10                  -999.25                 -999.25                 -999.25                 -999.25                 92.3                    
585.20                  585.21                  24.06                   -999.25                 -999.25                 -999.25                 92.3                    
585.30                  585.30                  -999.25                 -999.25                 -999.25                 -999.25                 92.3                    
585.40                  585.40                  -999.25                 -999.25                 -999.25                 -999.25                 92.3                    
585.50                  585.52                  22.99                   -999.25                 -999.25                 -999.25                 92.3                    
585.60                  585.60                  -999.25                 -999.25                 -999.25                 -999.25                 92.3                    
585.70                  585.70                  -999.25                 -999.25                 -999.25                 -999.25                 92.3                    
585.80                  585.82                  27.62                   -999.25                 -999.25                 -999.25                 92.3                    
585.90                  585.90                  -999.25                 -999.25                 -999.25                 -999.25                 92.3                    
586.00                  586.00                  -999.25                 52.7                    -999.25                 -999.25                 92.3                    
586.10                  586.13                  32.35                   -999.25                 -999.25                 -999.25                 92.3                    
586.20                  586.20                  -999.25                 -999.25                 -999.25                 -999.25                 92.3                    
586.30                  586.30                  -999.25                 -999.25                 -999.25                 -999.25                 92.3                    
586.40                  586.43                  31.58                   -999.25                 -999.25                 -999.25                 92.3                    
586.50                  586.50                  -999.25                 -999.25                 -999.25                 -999.25                 92.3                    
586.60                  586.60                  -999.25                 -999.25                 -999.25                 -999.25                 92.3                    
586.70                  586.74                  45.44                   -999.25                 -999.25                 -999.25                 92.3                    
586.80                  586.80                  -999.25                 -999.25                 1.187                   0.938                   92.3                    
586.90                  586.90                  -999.25                 -999.25                 -999.25                 -999.25                 92.3                    
587.00                  587.04                  44.43                   -999.25                 -999.25                 -999.25                 92.3                    
587.10                  587.10                  -999.25                 50.6                    -999.25                 -999.25                 92.3                    
587.20                  587.20                  -999.25                 -999.25                 -999.25                 -999.25                 92.3                    
587.30                  587.35                  37.39                   -999.25                 -999.25                 -999.25                 92.3                    
587.40                  587.40                  -999.25                 -999.25                 -999.25                 -999.25                 92.3                    
587.50                  587.50                  -999.25                 -999.25                 1.176                   0.769                   92.3                    
587.60                  587.60                  -999.25                 -999.25                 -999.25                 -999.25                 92.3                    
587.70                  587.65                  32.03                   -999.25                 -999.25                 -999.25                 92.3                    
587.80                  587.80                  -999.25                 -999.25                 -999.25                 -999.25                 92.3                    
587.90                  587.90                  -999.25                 -999.25                 -999.25                 -999.25                 92.3                    
588.00                  587.96                  28.32                   -999.25                 -999.25                 -999.25                 92.3                    
588.10                  588.10                  -999.25                 -999.25                 -999.25                 -999.25                 92.3                    
588.20                  588.20                  -999.25                 -999.25                 -999.25                 -999.25                 92.3                    
588.30                  588.26                  26.87                   59.7                    -999.25                 -999.25                 92.3                    
588.40                  588.40                  -999.25                 -999.25                 -999.25                 -999.25                 92.3                    
588.50                  588.50                  -999.25                 -999.25                 -999.25                 -999.25                 92.3                    
588.60                  588.57                  27.20                   -999.25                 -999.25                 -999.25                 92.3                    
588.70                  588.70                  -999.25                 -999.25                 -999.25                 -999.25                 92.3                    
588.80                  588.80                  -999.25                 -999.25                 1.179                   1.019                   92.3                    
588.90                  588.87                  27.08                   -999.25                 -999.25                 -999.25                 92.3                    
589.00                  589.00                  -999.25                 -999.25                 -999.25                 -999.25                 92.3                    
589.10                  589.10                  -999.25                 -999.25                 -999.25                 -999.25                 92.3                    
589.20                  589.18                  27.71                   -999.25                 -999.25                 -999.25                 92.3                    
589.30                  589.30                  -999.25                 54.5                    -999.25                 -999.25                 92.3                    
589.40                  589.40                  -999.25                 -999.25                 -999.25                 -999.25                 92.3                    
589.50                  589.48                  26.42                   -999.25                 -999.25                 -999.25                 92.3                    
589.60                  589.60                  -999.25                 -999.25                 -999.25                 -999.25                 92.3                    
589.70                  589.70                  -999.25                 -999.25                 -999.25                 -999.25                 92.3                    
589.80                  589.79                  29.35                   -999.25                 -999.25                 -999.25                 92.3                    
589.90                  589.90                  -999.25                 -999.25                 -999.25                 -999.25                 92.3                    
590.00                  590.00                  -999.25                 -999.25                 -999.25                 -999.25                 92.3                    
590.10                  590.09                  25.82                   -999.25                 -999.25                 -999.25                 92.3                    
590.20                  590.20                  -999.25                 -999.25                 -999.25                 -999.25                 92.3                    
590.30                  590.30                  -999.25                 -999.25                 1.219                   0.988                   92.3                    
590.40                  590.40                  42.42                   -999.25                 -999.25                 -999.25                 92.3                    
590.50                  590.50                  -999.25                 -999.25                 -999.25                 -999.25                 92.3                    
590.60                  590.60                  -999.25                 59.7                    -999.25                 -999.25                 92.3                    
590.70                  590.70                  51.98                   -999.25                 -999.25                 -999.25                 92.3                    
590.80                  590.80                  -999.25                 -999.25                 1.244                   0.998                   92.3                    
590.90                  590.90                  -999.25                 -999.25                 -999.25                 -999.25                 92.3                    
591.00                  591.01                  66.00                   -999.25                 -999.25                 -999.25                 92.3                    
591.10                  591.10                  -999.25                 -999.25                 -999.25                 -999.25                 92.3                    
591.20                  591.20                  -999.25                 -999.25                 -999.25                 -999.25                 92.3                    
591.30                  591.31                  49.36                   -999.25                 -999.25                 -999.25                 92.3                    
591.40                  591.40                  -999.25                 -999.25                 -999.25                 -999.25                 92.3                    
591.50                  591.50                  -999.25                 70.2                    -999.25                 -999.25                 92.3                    
591.60                  591.62                  43.80                   -999.25                 -999.25                 -999.25                 92.3                    
591.70                  591.70                  -999.25                 -999.25                 -999.25                 -999.25                 92.3                    
591.80                  591.80                  -999.25                 -999.25                 -999.25                 -999.25                 92.3                    
591.90                  591.92                  40.09                   -999.25                 -999.25                 -999.25                 92.3                    
592.00                  592.00                  -999.25                 -999.25                 -999.25                 -999.25                 92.3                    
592.10                  592.10                  -999.25                 -999.25                 -999.25                 -999.25                 92.3                    
592.20                  592.23                  77.59                   -999.25                 -999.25                 -999.25                 92.3                    
592.30                  592.30                  -999.25                 -999.25                 -999.25                 -999.25                 92.3                    
592.40                  592.40                  -999.25                 -999.25                 1.231                   1.062                   92.3                    
592.50                  592.53                  43.66                   -999.25                 -999.25                 -999.25                 92.3                    
592.60                  592.60                  -999.25                 -999.25                 -999.25                 -999.25                 92.3                    
592.70                  592.70                  -999.25                 -999.25                 -999.25                 -999.25                 92.3                    
592.80                  592.83                  39.42                   -999.25                 -999.25                 -999.25                 92.3                    
592.90                  592.90                  -999.25                 72.8                    -999.25                 -999.25                 92.3                    
593.00                  593.00                  -999.25                 -999.25                 -999.25                 -999.25                 92.3                    
593.10                  593.14                  58.49                   -999.25                 -999.25                 -999.25                 92.3                    
593.20                  593.20                  -999.25                 -999.25                 -999.25                 -999.25                 92.3                    
593.30                  593.30                  -999.25                 -999.25                 -999.25                 -999.25                 92.3                    
593.40                  593.44                  52.11                   -999.25                 -999.25                 -999.25                 92.3                    
593.50                  593.50                  -999.25                 -999.25                 -999.25                 -999.25                 92.3                    
593.60                  593.60                  -999.25                 66.2                    -999.25                 -999.25                 92.3                    
593.70                  593.70                  -999.25                 -999.25                 -999.25                 -999.25                 92.3                    
593.80                  593.75                  69.17                   -999.25                 1.222                   1.062                   92.3                    
593.90                  593.90                  -999.25                 -999.25                 -999.25                 -999.25                 92.3                    
594.00                  594.00                  -999.25                 -999.25                 -999.25                 -999.25                 92.3                    
594.10                  594.05                  82.09                   -999.25                 -999.25                 -999.25                 92.3                    
594.20                  594.20                  -999.25                 -999.25                 -999.25                 -999.25                 92.3                    
594.30                  594.30                  -999.25                 -999.25                 -999.25                 -999.25                 92.3                    
594.40                  594.36                  74.94                   -999.25                 -999.25                 -999.25                 92.3                    
594.50                  594.50                  -999.25                 -999.25                 1.203                   1.029                   92.3                    
594.60                  594.60                  -999.25                 -999.25                 -999.25                 -999.25                 92.3                    
594.70                  594.66                  77.90                   -999.25                 -999.25                 -999.25                 92.3                    
594.80                  594.80                  -999.25                 -999.25                 -999.25                 -999.25                 92.3                    
594.90                  594.90                  -999.25                 -999.25                 -999.25                 -999.25                 92.3                    
595.00                  594.97                  68.62                   -999.25                 -999.25                 -999.25                 92.3                    
595.10                  595.10                  -999.25                 68.9                    -999.25                 -999.25                 92.3                    
595.20                  595.20                  -999.25                 -999.25                 -999.25                 -999.25                 92.3                    
595.30                  595.27                  59.91                   -999.25                 -999.25                 -999.25                 92.3                    
595.40                  595.40                  -999.25                 -999.25                 -999.25                 -999.25                 92.3                    
595.50                  595.50                  -999.25                 -999.25                 -999.25                 -999.25                 92.3                    
595.60                  595.58                  57.99                   -999.25                 -999.25                 -999.25                 92.3                    
595.70                  595.70                  -999.25                 -999.25                 -999.25                 -999.25                 92.3                    
595.80                  595.80                  -999.25                 -999.25                 -999.25                 -999.25                 92.3                    
595.90                  595.88                  61.82                   -999.25                 -999.25                 -999.25                 92.3                    
596.00                  596.00                  -999.25                 -999.25                 1.204                   1.129                   92.3                    
596.10                  596.10                  -999.25                 -999.25                 -999.25                 -999.25                 92.3                    
596.20                  596.19                  67.08                   -999.25                 -999.25                 -999.25                 92.3                    
596.30                  596.30                  -999.25                 -999.25                 -999.25                 -999.25                 92.3                    
596.40                  596.40                  -999.25                 -999.25                 -999.25                 -999.25                 92.3                    
596.50                  596.49                  53.73                   66.7                    -999.25                 -999.25                 92.3                    
596.60                  596.60                  -999.25                 -999.25                 -999.25                 -999.25                 92.3                    
596.70                  596.70                  -999.25                 -999.25                 -999.25                 -999.25                 92.3                    
596.80                  596.80                  55.82                   -999.25                 -999.25                 -999.25                 92.3                    
596.90                  596.90                  -999.25                 -999.25                 -999.25                 -999.25                 92.3                    
597.00                  597.00                  -999.25                 -999.25                 -999.25                 -999.25                 92.3                    
597.10                  597.10                  66.55                   -999.25                 -999.25                 -999.25                 92.3                    
597.20                  597.20                  -999.25                 -999.25                 -999.25                 -999.25                 92.3                    
597.30                  597.30                  -999.25                 62.3                    -999.25                 -999.25                 92.3                    
597.40                  597.41                  67.05                   -999.25                 -999.25                 -999.25                 92.3                    
597.50                  597.50                  -999.25                 -999.25                 -999.25                 -999.25                 92.3                    
597.60                  597.60                  -999.25                 -999.25                 1.137                   1.008                   92.3                    
597.70                  597.71                  93.19                   -999.25                 -999.25                 -999.25                 92.3                    
597.80                  597.80                  -999.25                 -999.25                 -999.25                 -999.25                 92.3                    
597.90                  597.90                  -999.25                 -999.25                 -999.25                 -999.25                 92.3                    
598.00                  598.02                  94.93                   -999.25                 -999.25                 -999.25                 92.3                    
598.10                  598.10                  -999.25                 -999.25                 -999.25                 -999.25                 92.3                    
598.20                  598.20                  -999.25                 -999.25                 -999.25                 -999.25                 92.3                    
598.30                  598.32                  76.37                   -999.25                 -999.25                 -999.25                 92.3                    
598.40                  598.40                  -999.25                 -999.25                 -999.25                 -999.25                 92.3                    
598.50                  598.50                  -999.25                 67.6                    -999.25                 -999.25                 92.3                    
598.60                  598.63                  57.52                   -999.25                 -999.25                 -999.25                 92.3                    
598.70                  598.70                  -999.25                 -999.25                 -999.25                 -999.25                 92.3                    
598.80                  598.80                  -999.25                 -999.25                 -999.25                 -999.25                 92.3                    
598.90                  598.93                  43.01                   -999.25                 1.155                   1.040                   92.3                    
599.00                  599.00                  -999.25                 -999.25                 -999.25                 -999.25                 92.3                    
599.10                  599.10                  -999.25                 -999.25                 -999.25                 -999.25                 92.3                    
599.20                  599.24                  53.33                   -999.25                 -999.25                 -999.25                 92.3                    
599.30                  599.30                  -999.25                 -999.25                 -999.25                 -999.25                 92.3                    
599.40                  599.40                  -999.25                 -999.25                 -999.25                 -999.25                 92.3                    
599.50                  599.54                  66.97                   62.3                    -999.25                 -999.25                 92.3                    
599.60                  599.60                  -999.25                 -999.25                 -999.25                 -999.25                 92.3                    
599.70                  599.70                  -999.25                 -999.25                 -999.25                 -999.25                 92.3                    
599.80                  599.85                  70.17                   -999.25                 1.167                   1.051                   92.3                    
599.90                  599.90                  -999.25                 -999.25                 -999.25                 -999.25                 92.3                    
600.00                  600.00                  -999.25                 -999.25                 -999.25                 -999.25                 92.3                    
600.10                  600.10                  -999.25                 -999.25                 -999.25                 -999.25                 92.3                    
600.20                  600.15                  78.26                   -999.25                 -999.25                 -999.25                 92.3                    
600.30                  600.30                  -999.25                 -999.25                 -999.25                 -999.25                 92.3                    
600.40                  600.40                  -999.25                 -999.25                 -999.25                 -999.25                 92.3                    
600.50                  600.45                  67.91                   -999.25                 -999.25                 -999.25                 92.3                    
600.60                  600.60                  -999.25                 63.2                    -999.25                 -999.25                 92.3                    
600.70                  600.70                  -999.25                 -999.25                 -999.25                 -999.25                 92.3                    
600.80                  600.76                  48.82                   -999.25                 1.185                   1.019                   92.3                    
600.90                  600.90                  -999.25                 -999.25                 -999.25                 -999.25                 92.3                    
601.00                  601.00                  -999.25                 68.0                    -999.25                 -999.25                 92.3                    
601.10                  601.06                  31.87                   -999.25                 -999.25                 -999.25                 92.3                    
601.20                  601.20                  -999.25                 -999.25                 -999.25                 -999.25                 92.3                    
601.30                  601.30                  -999.25                 -999.25                 -999.25                 -999.25                 92.3                    
601.40                  601.37                  39.05                   -999.25                 1.180                   1.019                   92.3                    
601.50                  601.50                  -999.25                 -999.25                 -999.25                 -999.25                 -999.25                 
601.60                  601.60                  -999.25                 -999.25                 -999.25                 -999.25                 -999.25                 
601.70                  601.67                  46.08                   -999.25                 -999.25                 -999.25                 -999.25                 
601.80                  601.80                  -999.25                 -999.25                 -999.25                 -999.25                 -999.25                 
601.90                  601.90                  -999.25                 -999.25                 -999.25                 -999.25                 -999.25                 
602.00                  601.98                  57.57                   -999.25                 -999.25                 -999.25                 -999.25                 
602.10                  602.10                  -999.25                 69.3                    -999.25                 -999.25                 -999.25                 
602.20                  602.20                  -999.25                 -999.25                 -999.25                 -999.25                 -999.25                 
602.30                  602.28                  63.16                   -999.25                 1.155                   0.957                   -999.25                 
602.40                  602.40                  -999.25                 -999.25                 -999.25                 -999.25                 -999.25                 
602.50                  602.50                  -999.25                 -999.25                 -999.25                 -999.25                 -999.25                 
602.60                  602.59                  69.14                   -999.25                 -999.25                 -999.25                 -999.25                 
602.70                  602.70                  -999.25                 -999.25                 -999.25                 -999.25                 -999.25                 
602.80                  602.80                  -999.25                 -999.25                 -999.25                 -999.25                 -999.25                 
602.90                  602.89                  52.93                   -999.25                 -999.25                 -999.25                 -999.25                 
603.00                  603.00                  -999.25                 -999.25                 -999.25                 -999.25                 -999.25                 
603.10                  603.10                  -999.25                 68.0                    -999.25                 -999.25                 -999.25                 
603.20                  603.20                  53.22                   -999.25                 -999.25                 -999.25                 -999.25                 
603.30                  603.30                  -999.25                 -999.25                 -999.25                 -999.25                 -999.25                 
603.40                  603.40                  -999.25                 -999.25                 -999.25                 -999.25                 -999.25                 
603.50                  603.50                  63.60                   -999.25                 -999.25                 -999.25                 -999.25                 
603.60                  603.60                  -999.25                 -999.25                 1.131                   0.988                   -999.25                 
603.70                  603.70                  -999.25                 -999.25                 -999.25                 -999.25                 -999.25                 
603.80                  603.81                  77.87                   62.8                    -999.25                 -999.25                 -999.25                 
603.90                  603.90                  -999.25                 -999.25                 -999.25                 -999.25                 -999.25                 
604.00                  604.00                  -999.25                 -999.25                 1.131                   0.988                   -999.25                 
604.10                  604.11                  105.15                  -999.25                 -999.25                 -999.25                 -999.25                 
604.20                  604.20                  -999.25                 -999.25                 -999.25                 -999.25                 -999.25                 
604.30                  604.30                  -999.25                 -999.25                 -999.25                 -999.25                 -999.25                 
604.40                  604.42                  106.52                  -999.25                 -999.25                 -999.25                 -999.25                 
604.50                  604.50                  -999.25                 -999.25                 -999.25                 -999.25                 -999.25                 
604.60                  604.60                  -999.25                 -999.25                 -999.25                 -999.25                 -999.25                 
604.70                  604.72                  84.51                   55.4                    -999.25                 -999.25                 -999.25                 
604.80                  604.80                  -999.25                 -999.25                 -999.25                 -999.25                 -999.25                 
604.90                  604.90                  -999.25                 -999.25                 -999.25                 -999.25                 -999.25                 
605.00                  605.03                  60.95                   -999.25                 -999.25                 -999.25                 -999.25                 
605.10                  605.10                  -999.25                 -999.25                 -999.25                 -999.25                 -999.25                 
605.20                  605.20                  -999.25                 -999.25                 1.162                   0.977                   -999.25                 
605.30                  605.33                  57.65                   -999.25                 -999.25                 -999.25                 -999.25                 
605.40                  605.40                  -999.25                 -999.25                 -999.25                 -999.25                 -999.25                 
605.50                  605.50                  -999.25                 -999.25                 -999.25                 -999.25                 -999.25                 
605.60                  605.64                  68.19                   -999.25                 -999.25                 -999.25                 -999.25                 
605.70                  605.70                  -999.25                 54.9                    -999.25                 -999.25                 -999.25                 
605.80                  605.80                  -999.25                 -999.25                 -999.25                 -999.25                 -999.25                 
605.90                  605.94                  72.75                   -999.25                 -999.25                 -999.25                 -999.25                 
606.00                  606.00                  -999.25                 -999.25                 -999.25                 -999.25                 -999.25                 
606.10                  606.10                  -999.25                 -999.25                 1.206                   1.040                   -999.25                 
606.20                  606.25                  79.79                   -999.25                 -999.25                 -999.25                 -999.25                 
606.30                  606.30                  -999.25                 59.3                    -999.25                 -999.25                 -999.25                 
606.40                  606.40                  -999.25                 -999.25                 -999.25                 -999.25                 -999.25                 
606.50                  606.50                  -999.25                 -999.25                 -999.25                 -999.25                 -999.25                 
606.60                  606.55                  83.68                   -999.25                 1.221                   1.051                   -999.25                 
606.70                  606.70                  -999.25                 -999.25                 -999.25                 -999.25                 -999.25                 
606.80                  606.80                  -999.25                 -999.25                 -999.25                 -999.25                 -999.25                 
606.90                  606.86                  93.79                   -999.25                 -999.25                 -999.25                 -999.25                 
607.00                  607.00                  -999.25                 59.7                    -999.25                 -999.25                 -999.25                 
607.10                  607.10                  -999.25                 -999.25                 -999.25                 -999.25                 -999.25                 
607.20                  607.16                  90.91                   -999.25                 -999.25                 -999.25                 -999.25                 
607.30                  607.30                  -999.25                 -999.25                 -999.25                 -999.25                 -999.25                 
607.40                  607.40                  -999.25                 -999.25                 1.240                   1.084                   -999.25                 
607.50                  607.46                  71.16                   -999.25                 -999.25                 -999.25                 -999.25                 
607.60                  607.60                  -999.25                 -999.25                 -999.25                 -999.25                 -999.25                 
607.70                  607.70                  -999.25                 -999.25                 -999.25                 -999.25                 -999.25                 
607.80                  607.77                  67.38                   -999.25                 -999.25                 -999.25                 -999.25                 
607.90                  607.90                  -999.25                 -999.25                 -999.25                 -999.25                 -999.25                 
608.00                  608.00                  -999.25                 -999.25                 -999.25                 -999.25                 -999.25                 
608.10                  608.07                  71.78                   -999.25                 -999.25                 -999.25                 -999.25                 
608.20                  608.20                  -999.25                 -999.25                 -999.25                 -999.25                 -999.25                 
608.30                  608.30                  -999.25                 54.9                    -999.25                 -999.25                 -999.25                 
608.40                  608.38                  68.23                   -999.25                 -999.25                 -999.25                 -999.25                 
608.50                  608.50                  -999.25                 -999.25                 -999.25                 -999.25                 -999.25                 
608.60                  608.60                  -999.25                 -999.25                 -999.25                 -999.25                 -999.25                 
608.70                  608.68                  59.07                   -999.25                 -999.25                 -999.25                 -999.25                 
608.80                  608.80                  -999.25                 -999.25                 -999.25                 -999.25                 -999.25                 
608.90                  608.90                  -999.25                 63.2                    -999.25                 -999.25                 -999.25                 
609.00                  608.99                  62.05                   -999.25                 -999.25                 -999.25                 -999.25                 
609.10                  609.10                  -999.25                 -999.25                 1.187                   1.073                   -999.25                 
609.20                  609.20                  -999.25                 -999.25                 -999.25                 -999.25                 -999.25                 
609.30                  609.29                  65.18                   -999.25                 -999.25                 -999.25                 -999.25                 
609.40                  609.40                  -999.25                 -999.25                 -999.25                 -999.25                 -999.25                 
609.50                  609.50                  -999.25                 -999.25                 -999.25                 -999.25                 -999.25                 
609.60                  609.60                  77.15                   -999.25                 -999.25                 -999.25                 -999.25                 
609.70                  609.70                  -999.25                 -999.25                 1.066                   0.810                   -999.25                 
609.80                  609.80                  -999.25                 -999.25                 -999.25                 -999.25                 -999.25                 
609.90                  609.90                  84.90                   -999.25                 -999.25                 -999.25                 -999.25                 
610.00                  610.00                  -999.25                 -999.25                 -999.25                 -999.25                 -999.25                 
610.10                  610.10                  -999.25                 -999.25                 -999.25                 -999.25                 -999.25                 
610.20                  610.21                  74.94                   -999.25                 -999.25                 -999.25                 -999.25                 
610.30                  610.30                  -999.25                 53.6                    -999.25                 -999.25                 -999.25                 
610.40                  610.40                  -999.25                 -999.25                 -999.25                 -999.25                 -999.25                 
610.50                  610.51                  66.20                   -999.25                 1.127                   0.957                   -999.25                 
610.60                  610.60                  -999.25                 -999.25                 -999.25                 -999.25                 -999.25                 
610.70                  610.70                  -999.25                 -999.25                 -999.25                 -999.25                 -999.25                 
610.80                  610.82                  57.65                   -999.25                 -999.25                 -999.25                 -999.25                 
610.90                  610.90                  -999.25                 -999.25                 -999.25                 -999.25                 -999.25                 
611.00                  611.00                  -999.25                 -999.25                 -999.25                 -999.25                 -999.25                 
611.10                  611.12                  56.25                   -999.25                 -999.25                 -999.25                 -999.25                 
611.20                  611.20                  -999.25                 58.4                    -999.25                 -999.25                 -999.25                 
611.30                  611.30                  -999.25                 -999.25                 1.262                   0.928                   -999.25                 
611.40                  611.43                  58.18                   -999.25                 -999.25                 -999.25                 -999.25                 
611.50                  611.50                  -999.25                 -999.25                 -999.25                 -999.25                 -999.25                 
611.60                  611.60                  -999.25                 59.7                    1.273                   1.019                   -999.25                 
611.70                  611.73                  61.05                   -999.25                 -999.25                 -999.25                 -999.25                 
611.80                  611.80                  -999.25                 -999.25                 -999.25                 -999.25                 -999.25                 
611.90                  611.90                  -999.25                 -999.25                 -999.25                 -999.25                 -999.25                 
612.00                  612.04                  63.50                   58.0                    -999.25                 -999.25                 -999.25                 
612.10                  612.10                  -999.25                 -999.25                 1.269                   0.998                   -999.25                 
612.20                  612.20                  -999.25                 -999.25                 -999.25                 -999.25                 -999.25                 
612.30                  612.34                  51.91                   -999.25                 1.275                   0.938                   -999.25                 
612.40                  612.40                  -999.25                 -999.25                 -999.25                 -999.25                 -999.25                 
612.50                  612.50                  -999.25                 -999.25                 -999.25                 -999.25                 -999.25                 
612.60                  612.65                  45.15                   61.5                    -999.25                 -999.25                 -999.25                 
612.70                  612.70                  -999.25                 -999.25                 -999.25                 -999.25                 -999.25                 
612.80                  612.80                  -999.25                 55.4                    -999.25                 -999.25                 -999.25                 
612.90                  612.90                  -999.25                 -999.25                 -999.25                 -999.25                 -999.25                 
613.00                  612.95                  52.37                   -999.25                 -999.25                 -999.25                 -999.25                 
613.10                  613.10                  -999.25                 -999.25                 1.253                   1.129                   -999.25                 
613.20                  613.20                  -999.25                 -999.25                 -999.25                 -999.25                 -999.25                 
613.30                  613.26                  65.80                   -999.25                 -999.25                 -999.25                 -999.25                 
613.40                  613.40                  -999.25                 -999.25                 -999.25                 -999.25                 -999.25                 
613.50                  613.50                  -999.25                 -999.25                 -999.25                 -999.25                 -999.25                 
613.60                  613.56                  89.15                   -999.25                 -999.25                 -999.25                 -999.25                 
613.70                  613.70                  -999.25                 -999.25                 -999.25                 -999.25                 -999.25                 
613.80                  613.80                  -999.25                 59.3                    -999.25                 -999.25                 -999.25                 
613.90                  613.87                  89.12                   -999.25                 -999.25                 -999.25                 -999.25                 
614.00                  614.00                  -999.25                 -999.25                 -999.25                 -999.25                 -999.25                 
614.10                  614.10                  -999.25                 -999.25                 -999.25                 -999.25                 -999.25                 
614.20                  614.17                  105.43                  -999.25                 1.233                   1.029                   -999.25                 
614.30                  614.30                  -999.25                 -999.25                 -999.25                 -999.25                 -999.25                 
614.40                  614.40                  -999.25                 61.9                    -999.25                 -999.25                 -999.25                 
614.50                  614.48                  89.37                   -999.25                 -999.25                 -999.25                 -999.25                 
614.60                  614.60                  -999.25                 -999.25                 -999.25                 -999.25                 -999.25                 
614.70                  614.70                  -999.25                 -999.25                 -999.25                 -999.25                 -999.25                 
614.80                  614.78                  70.81                   -999.25                 -999.25                 -999.25                 -999.25                 
614.90                  614.90                  -999.25                 -999.25                 1.197                   1.029                   -999.25                 
615.00                  615.00                  -999.25                 -999.25                 -999.25                 -999.25                 -999.25                 
615.10                  615.08                  56.79                   -999.25                 -999.25                 -999.25                 -999.25                 
615.20                  615.20                  -999.25                 -999.25                 -999.25                 -999.25                 92.3                    
615.30                  615.30                  -999.25                 63.6                    -999.25                 -999.25                 92.3                    
615.40                  615.39                  40.50                   -999.25                 -999.25                 -999.25                 92.3                    
615.50                  615.50                  -999.25                 -999.25                 -999.25                 -999.25                 92.3                    
615.60                  615.60                  -999.25                 -999.25                 1.192                   1.106                   92.3                    
615.70                  615.69                  35.79                   -999.25                 -999.25                 -999.25                 92.3                    
615.80                  615.80                  -999.25                 -999.25                 -999.25                 -999.25                 92.3                    
615.90                  615.90                  -999.25                 -999.25                 -999.25                 -999.25                 92.3                    
616.00                  616.00                  35.99                   -999.25                 -999.25                 -999.25                 92.3                    
616.10                  616.10                  -999.25                 -999.25                 -999.25                 -999.25                 92.3                    
616.20                  616.20                  -999.25                 -999.25                 -999.25                 -999.25                 92.3                    
616.30                  616.30                  40.18                   -999.25                 -999.25                 -999.25                 92.3                    
616.40                  616.40                  -999.25                 -999.25                 -999.25                 -999.25                 92.3                    
616.50                  616.50                  -999.25                 61.5                    -999.25                 -999.25                 92.3                    
616.60                  616.61                  35.57                   -999.25                 -999.25                 -999.25                 92.3                    
616.70                  616.70                  -999.25                 -999.25                 1.158                   0.967                   92.3                    
616.80                  616.80                  -999.25                 53.6                    -999.25                 -999.25                 92.3                    
616.90                  616.91                  32.12                   -999.25                 -999.25                 -999.25                 92.3                    
617.00                  617.00                  -999.25                 -999.25                 -999.25                 -999.25                 92.3                    
617.10                  617.10                  -999.25                 -999.25                 -999.25                 -999.25                 92.3                    
617.20                  617.22                  31.00                   -999.25                 -999.25                 -999.25                 92.3                    
617.30                  617.30                  -999.25                 -999.25                 -999.25                 -999.25                 92.3                    
617.40                  617.40                  -999.25                 -999.25                 -999.25                 -999.25                 92.3                    
617.50                  617.52                  43.74                   -999.25                 -999.25                 -999.25                 92.3                    
617.60                  617.60                  -999.25                 -999.25                 1.177                   0.977                   92.3                    
617.70                  617.70                  -999.25                 -999.25                 -999.25                 -999.25                 92.3                    
617.80                  617.83                  44.31                   -999.25                 -999.25                 -999.25                 92.3                    
617.90                  617.90                  -999.25                 -999.25                 -999.25                 -999.25                 92.3                    
618.00                  618.00                  -999.25                 -999.25                 -999.25                 -999.25                 92.3                    
618.10                  618.13                  46.95                   -999.25                 -999.25                 -999.25                 92.3                    
618.20                  618.20                  -999.25                 -999.25                 -999.25                 -999.25                 92.3                    
618.30                  618.30                  -999.25                 63.2                    -999.25                 -999.25                 92.3                    
618.40                  618.44                  53.40                   -999.25                 -999.25                 -999.25                 92.3                    
618.50                  618.50                  -999.25                 -999.25                 -999.25                 -999.25                 92.3                    
618.60                  618.60                  -999.25                 -999.25                 -999.25                 -999.25                 92.3                    
618.70                  618.74                  42.23                   -999.25                 -999.25                 -999.25                 92.3                    
618.80                  618.80                  -999.25                 -999.25                 1.228                   0.967                   92.3                    
618.90                  618.90                  -999.25                 -999.25                 -999.25                 -999.25                 92.3                    
619.00                  619.05                  35.34                   -999.25                 -999.25                 -999.25                 92.3                    
619.10                  619.10                  -999.25                 -999.25                 -999.25                 -999.25                 92.3                    
619.20                  619.20                  -999.25                 -999.25                 -999.25                 -999.25                 92.3                    
619.30                  619.30                  -999.25                 -999.25                 -999.25                 -999.25                 92.3                    
619.40                  619.35                  35.09                   58.4                    -999.25                 -999.25                 92.3                    
619.50                  619.50                  -999.25                 -999.25                 -999.25                 -999.25                 92.3                    
619.60                  619.60                  -999.25                 -999.25                 -999.25                 -999.25                 92.3                    
619.70                  619.66                  32.96                   -999.25                 -999.25                 -999.25                 92.3                    
619.80                  619.80                  -999.25                 -999.25                 -999.25                 -999.25                 92.3                    
619.90                  619.90                  -999.25                 -999.25                 -999.25                 -999.25                 92.3                    
620.00                  619.96                  39.87                   -999.25                 -999.25                 -999.25                 92.3                    
620.10                  620.10                  -999.25                 -999.25                 1.220                   1.040                   92.3                    
620.20                  620.20                  -999.25                 -999.25                 -999.25                 -999.25                 92.3                    
620.30                  620.27                  51.09                   68.9                    -999.25                 -999.25                 92.3                    
620.40                  620.40                  -999.25                 -999.25                 -999.25                 -999.25                 92.3                    
620.50                  620.50                  -999.25                 -999.25                 -999.25                 -999.25                 92.3                    
620.60                  620.57                  61.57                   -999.25                 -999.25                 -999.25                 92.3                    
620.70                  620.70                  -999.25                 -999.25                 -999.25                 -999.25                 92.3                    
620.80                  620.80                  -999.25                 -999.25                 -999.25                 -999.25                 92.3                    
620.90                  620.88                  48.11                   -999.25                 -999.25                 -999.25                 92.3                    
621.00                  621.00                  -999.25                 -999.25                 1.207                   0.998                   92.3                    
621.10                  621.10                  -999.25                 -999.25                 -999.25                 -999.25                 92.3                    
621.20                  621.18                  46.05                   -999.25                 -999.25                 -999.25                 92.3                    
621.30                  621.30                  -999.25                 -999.25                 -999.25                 -999.25                 92.3                    
621.40                  621.40                  -999.25                 -999.25                 -999.25                 -999.25                 92.3                    
621.50                  621.49                  39.18                   -999.25                 -999.25                 -999.25                 92.3                    
621.60                  621.60                  -999.25                 56.7                    -999.25                 -999.25                 92.3                    
621.70                  621.70                  -999.25                 -999.25                 -999.25                 -999.25                 92.3                    
621.80                  621.79                  55.60                   -999.25                 -999.25                 -999.25                 92.3                    
621.90                  621.90                  -999.25                 -999.25                 -999.25                 -999.25                 92.3                    
622.00                  622.00                  -999.25                 -999.25                 -999.25                 -999.25                 92.3                    
622.10                  622.10                  65.17                   -999.25                 -999.25                 -999.25                 92.3                    
622.20                  622.20                  -999.25                 -999.25                 -999.25                 -999.25                 92.3                    
622.30                  622.30                  -999.25                 -999.25                 -999.25                 -999.25                 92.3                    
622.40                  622.40                  52.29                   -999.25                 -999.25                 -999.25                 92.3                    
622.50                  622.50                  -999.25                 -999.25                 1.259                   1.019                   92.3                    
622.60                  622.60                  -999.25                 -999.25                 -999.25                 -999.25                 92.3                    
622.70                  622.70                  51.22                   -999.25                 -999.25                 -999.25                 92.3                    
622.80                  622.80                  -999.25                 -999.25                 -999.25                 -999.25                 92.3                    
622.90                  622.90                  -999.25                 -999.25                 -999.25                 -999.25                 92.3                    
623.00                  623.01                  61.33                   -999.25                 -999.25                 -999.25                 92.3                    
623.10                  623.10                  -999.25                 -999.25                 -999.25                 -999.25                 92.3                    
623.20                  623.20                  -999.25                 64.1                    -999.25                 -999.25                 92.3                    
623.30                  623.31                  75.89                   -999.25                 -999.25                 -999.25                 92.3                    
623.40                  623.40                  -999.25                 -999.25                 -999.25                 -999.25                 92.3                    
623.50                  623.50                  -999.25                 -999.25                 -999.25                 -999.25                 92.3                    
623.60                  623.62                  62.87                   -999.25                 -999.25                 -999.25                 92.3                    
623.70                  623.70                  -999.25                 -999.25                 -999.25                 -999.25                 92.3                    
623.80                  623.80                  -999.25                 -999.25                 -999.25                 -999.25                 92.3                    
623.90                  623.92                  50.71                   -999.25                 1.153                   1.019                   92.3                    
624.00                  624.00                  -999.25                 -999.25                 -999.25                 -999.25                 92.3                    
624.10                  624.10                  -999.25                 57.5                    -999.25                 -999.25                 92.3                    
624.20                  624.23                  38.67                   -999.25                 -999.25                 -999.25                 92.3                    
624.30                  624.30                  -999.25                 -999.25                 -999.25                 -999.25                 92.3                    
624.40                  624.40                  -999.25                 -999.25                 -999.25                 -999.25                 92.3                    
624.50                  624.53                  35.67                   -999.25                 -999.25                 -999.25                 92.3                    
624.60                  624.60                  -999.25                 -999.25                 -999.25                 -999.25                 92.3                    
624.70                  624.70                  -999.25                 -999.25                 -999.25                 -999.25                 92.3                    
624.80                  624.84                  41.76                   -999.25                 1.081                   0.881                   92.3                    
624.90                  624.90                  -999.25                 -999.25                 -999.25                 -999.25                 92.3                    
625.00                  625.00                  -999.25                 58.8                    -999.25                 -999.25                 92.3                    
625.10                  625.14                  32.44                   -999.25                 -999.25                 -999.25                 92.3                    
625.20                  625.20                  -999.25                 -999.25                 -999.25                 -999.25                 92.3                    
625.30                  625.30                  -999.25                 -999.25                 -999.25                 -999.25                 92.3                    
625.40                  625.45                  36.65                   -999.25                 -999.25                 -999.25                 92.3                    
625.50                  625.50                  -999.25                 -999.25                 -999.25                 -999.25                 92.3                    
625.60                  625.60                  -999.25                 -999.25                 -999.25                 -999.25                 92.3                    
625.70                  625.70                  -999.25                 -999.25                 -999.25                 -999.25                 92.3                    
625.80                  625.75                  35.14                   -999.25                 -999.25                 -999.25                 92.3                    
625.90                  625.90                  -999.25                 -999.25                 -999.25                 -999.25                 92.3                    
626.00                  626.00                  -999.25                 57.5                    -999.25                 -999.25                 92.3                    
626.10                  626.06                  36.42                   -999.25                 -999.25                 -999.25                 92.3                    
626.20                  626.20                  -999.25                 -999.25                 -999.25                 -999.25                 92.3                    
626.30                  626.30                  -999.25                 -999.25                 0.968                   0.761                   92.3                    
626.40                  626.36                  31.27                   -999.25                 -999.25                 -999.25                 92.3                    
626.50                  626.50                  -999.25                 51.4                    -999.25                 -999.25                 92.3                    
626.60                  626.60                  -999.25                 -999.25                 -999.25                 -999.25                 92.3                    
626.70                  626.67                  30.54                   -999.25                 -999.25                 -999.25                 92.3                    
626.80                  626.80                  -999.25                 -999.25                 -999.25                 -999.25                 92.3                    
626.90                  626.90                  -999.25                 -999.25                 -999.25                 -999.25                 92.3                    
627.00                  626.97                  29.07                   -999.25                 -999.25                 -999.25                 92.3                    
627.10                  627.10                  -999.25                 -999.25                 -999.25                 -999.25                 92.3                    
627.20                  627.20                  -999.25                 -999.25                 -999.25                 -999.25                 92.3                    
627.30                  627.28                  26.93                   -999.25                 0.980                   0.854                   92.3                    
627.40                  627.40                  -999.25                 -999.25                 -999.25                 -999.25                 92.3                    
627.50                  627.50                  -999.25                 -999.25                 -999.25                 -999.25                 92.3                    
627.60                  627.58                  23.99                   -999.25                 -999.25                 -999.25                 92.3                    
627.70                  627.70                  -999.25                 -999.25                 -999.25                 -999.25                 92.3                    
627.80                  627.80                  -999.25                 54.0                    -999.25                 -999.25                 92.3                    
627.90                  627.89                  24.47                   -999.25                 -999.25                 -999.25                 92.3                    
628.00                  628.00                  -999.25                 -999.25                 -999.25                 -999.25                 92.3                    
628.10                  628.10                  -999.25                 -999.25                 -999.25                 -999.25                 92.3                    
628.20                  628.19                  27.10                   -999.25                 -999.25                 -999.25                 92.3                    
628.30                  628.30                  -999.25                 -999.25                 -999.25                 -999.25                 92.3                    
628.40                  628.40                  -999.25                 -999.25                 0.965                   0.863                   92.3                    
628.50                  628.50                  27.62                   -999.25                 -999.25                 -999.25                 92.3                    
628.60                  628.60                  -999.25                 -999.25                 -999.25                 -999.25                 92.3                    
628.70                  628.70                  -999.25                 -999.25                 -999.25                 -999.25                 92.3                    
628.80                  628.80                  35.46                   -999.25                 -999.25                 -999.25                 92.3                    
628.90                  628.90                  -999.25                 -999.25                 -999.25                 -999.25                 92.3                    
629.00                  629.00                  -999.25                 52.3                    -999.25                 -999.25                 92.3                    
629.10                  629.11                  24.59                   -999.25                 -999.25                 -999.25                 92.3                    
629.20                  629.20                  -999.25                 -999.25                 1.079                   0.881                   92.3                    
629.30                  629.30                  -999.25                 -999.25                 -999.25                 -999.25                 92.3                    
629.40                  629.41                  23.69                   -999.25                 -999.25                 -999.25                 92.3                    
629.50                  629.50                  -999.25                 -999.25                 -999.25                 -999.25                 92.3                    
629.60                  629.60                  -999.25                 -999.25                 -999.25                 -999.25                 92.3                    
629.70                  629.72                  25.79                   -999.25                 -999.25                 -999.25                 92.3                    
629.80                  629.80                  -999.25                 54.0                    -999.25                 -999.25                 92.3                    
629.90                  629.90                  -999.25                 -999.25                 -999.25                 -999.25                 92.3                    
630.00                  630.02                  23.68                   -999.25                 1.067                   0.810                   92.3                    
630.10                  630.10                  -999.25                 -999.25                 -999.25                 -999.25                 92.3                    
630.20                  630.20                  -999.25                 -999.25                 -999.25                 -999.25                 92.3                    
630.30                  630.32                  25.21                   -999.25                 -999.25                 -999.25                 92.3                    
630.40                  630.40                  -999.25                 -999.25                 -999.25                 -999.25                 92.3                    
630.50                  630.50                  -999.25                 -999.25                 -999.25                 -999.25                 92.3                    
630.60                  630.63                  28.90                   -999.25                 -999.25                 -999.25                 92.3                    
630.70                  630.70                  -999.25                 -999.25                 -999.25                 -999.25                 92.3                    
630.80                  630.80                  -999.25                 -999.25                 -999.25                 -999.25                 92.3                    
630.90                  630.93                  31.78                   54.0                    -999.25                 -999.25                 92.3                    
631.00                  631.00                  -999.25                 -999.25                 -999.25                 -999.25                 92.3                    
631.10                  631.10                  -999.25                 -999.25                 -999.25                 -999.25                 92.3                    
631.20                  631.24                  30.05                   -999.25                 -999.25                 -999.25                 92.3                    
631.30                  631.30                  -999.25                 -999.25                 -999.25                 -999.25                 92.3                    
631.40                  631.40                  -999.25                 -999.25                 -999.25                 -999.25                 92.3                    
631.50                  631.54                  30.02                   -999.25                 -999.25                 -999.25                 92.3                    
631.60                  631.60                  -999.25                 -999.25                 -999.25                 -999.25                 92.3                    
631.70                  631.70                  -999.25                 -999.25                 1.063                   0.802                   92.3                    
631.80                  631.80                  -999.25                 -999.25                 -999.25                 -999.25                 92.3                    
631.90                  631.85                  27.42                   -999.25                 -999.25                 -999.25                 92.3                    
632.00                  632.00                  -999.25                 -999.25                 -999.25                 -999.25                 92.3                    
632.10                  632.10                  -999.25                 -999.25                 -999.25                 -999.25                 92.3                    
632.20                  632.15                  25.91                   -999.25                 -999.25                 -999.25                 92.3                    
632.30                  632.30                  -999.25                 -999.25                 -999.25                 -999.25                 92.3                    
632.40                  632.40                  -999.25                 -999.25                 -999.25                 -999.25                 92.3                    
632.50                  632.46                  27.44                   63.2                    -999.25                 -999.25                 92.3                    
632.60                  632.60                  -999.25                 -999.25                 -999.25                 -999.25                 92.3                    
632.70                  632.70                  -999.25                 -999.25                 -999.25                 -999.25                 92.3                    
632.80                  632.76                  71.70                   -999.25                 -999.25                 -999.25                 92.3                    
632.90                  632.90                  -999.25                 -999.25                 -999.25                 -999.25                 92.3                    
633.00                  633.00                  -999.25                 -999.25                 1.261                   1.019                   92.3                    
633.10                  633.07                  30.62                   -999.25                 -999.25                 -999.25                 92.3                    
633.20                  633.20                  -999.25                 -999.25                 -999.25                 -999.25                 92.3                    
633.30                  633.30                  -999.25                 -999.25                 -999.25                 -999.25                 92.3                    
633.40                  633.37                  25.82                   -999.25                 -999.25                 -999.25                 92.3                    
633.50                  633.50                  -999.25                 64.9                    -999.25                 -999.25                 92.3                    
633.60                  633.60                  -999.25                 -999.25                 -999.25                 -999.25                 92.3                    
633.70                  633.68                  27.70                   -999.25                 1.314                   1.153                   92.3                    
633.80                  633.80                  -999.25                 -999.25                 -999.25                 -999.25                 92.3                    
633.90                  633.90                  -999.25                 -999.25                 -999.25                 -999.25                 92.3                    
634.00                  633.98                  24.49                   -999.25                 -999.25                 -999.25                 92.3                    
634.10                  634.10                  -999.25                 -999.25                 -999.25                 -999.25                 92.3                    
634.20                  634.20                  -999.25                 -999.25                 -999.25                 -999.25                 92.3                    
634.30                  634.29                  23.57                   -999.25                 -999.25                 -999.25                 92.3                    
634.40                  634.40                  -999.25                 -999.25                 -999.25                 -999.25                 92.3                    
634.50                  634.50                  -999.25                 66.7                    -999.25                 -999.25                 92.3                    
634.60                  634.59                  23.04                   -999.25                 -999.25                 -999.25                 92.3                    
634.70                  634.70                  -999.25                 -999.25                 -999.25                 -999.25                 92.3                    
634.80                  634.80                  -999.25                 -999.25                 -999.25                 -999.25                 92.3                    
634.90                  634.90                  23.73                   -999.25                 -999.25                 -999.25                 92.3                    
635.00                  635.00                  -999.25                 -999.25                 -999.25                 -999.25                 92.3                    
635.10                  635.10                  -999.25                 -999.25                 -999.25                 -999.25                 92.3                    
635.20                  635.20                  22.53                   -999.25                 1.356                   1.141                   92.3                    
635.30                  635.30                  -999.25                 -999.25                 -999.25                 -999.25                 92.3                    
635.40                  635.40                  -999.25                 -999.25                 -999.25                 -999.25                 92.3                    
635.50                  635.51                  23.59                   -999.25                 -999.25                 -999.25                 92.3                    
635.60                  635.60                  -999.25                 -999.25                 -999.25                 -999.25                 92.3                    
635.70                  635.70                  -999.25                 -999.25                 -999.25                 -999.25                 92.3                    
635.80                  635.81                  48.07                   60.6                    -999.25                 -999.25                 92.3                    
635.90                  635.90                  -999.25                 -999.25                 -999.25                 -999.25                 92.3                    
636.00                  636.00                  -999.25                 -999.25                 -999.25                 -999.25                 92.3                    
636.10                  636.12                  60.98                   -999.25                 -999.25                 -999.25                 92.3                    
636.20                  636.20                  -999.25                 -999.25                 -999.25                 -999.25                 92.3                    
636.30                  636.30                  -999.25                 -999.25                 1.307                   1.201                   92.3                    
636.40                  636.42                  46.94                   -999.25                 -999.25                 -999.25                 92.3                    
636.50                  636.50                  -999.25                 62.3                    -999.25                 -999.25                 92.3                    
636.60                  636.60                  -999.25                 -999.25                 1.288                   0.977                   92.3                    
636.70                  636.73                  100.99                  -999.25                 -999.25                 -999.25                 92.3                    
636.80                  636.80                  -999.25                 -999.25                 -999.25                 -999.25                 92.3                    
636.90                  636.90                  -999.25                 61.0                    -999.25                 -999.25                 92.3                    
637.00                  637.03                  84.17                   -999.25                 -999.25                 -999.25                 92.3                    
637.10                  637.10                  -999.25                 -999.25                 -999.25                 -999.25                 92.3                    
637.20                  637.20                  -999.25                 -999.25                 -999.25                 -999.25                 92.3                    
637.30                  637.33                  59.79                   -999.25                 1.262                   1.118                   92.3                    
637.40                  637.40                  -999.25                 -999.25                 -999.25                 -999.25                 92.3                    
637.50                  637.50                  -999.25                 -999.25                 -999.25                 -999.25                 92.3                    
637.60                  637.64                  43.28                   -999.25                 -999.25                 -999.25                 92.3                    
637.70                  637.70                  -999.25                 -999.25                 -999.25                 -999.25                 92.3                    
637.80                  637.80                  -999.25                 -999.25                 -999.25                 -999.25                 92.3                    
637.90                  637.94                  36.14                   66.2                    -999.25                 -999.25                 92.3                    
638.00                  638.00                  -999.25                 -999.25                 -999.25                 -999.25                 92.3                    
638.10                  638.10                  -999.25                 -999.25                 -999.25                 -999.25                 92.3                    
638.20                  638.20                  -999.25                 -999.25                 -999.25                 -999.25                 92.3                    
638.30                  638.25                  31.03                   -999.25                 -999.25                 -999.25                 92.3                    
638.40                  638.40                  -999.25                 -999.25                 1.341                   0.810                   92.3                    
638.50                  638.50                  -999.25                 69.3                    1.354                   1.201                   92.3                    
638.60                  638.55                  27.09                   -999.25                 -999.25                 -999.25                 92.3                    
638.70                  638.70                  -999.25                 -999.25                 -999.25                 -999.25                 92.3                    
638.80                  638.80                  -999.25                 -999.25                 -999.25                 -999.25                 92.3                    
638.90                  638.86                  24.97                   -999.25                 -999.25                 -999.25                 92.3                    
639.00                  639.00                  -999.25                 -999.25                 -999.25                 -999.25                 92.3                    
639.10                  639.10                  -999.25                 -999.25                 -999.25                 -999.25                 92.3                    
639.20                  639.16                  23.75                   63.2                    -999.25                 -999.25                 92.3                    
639.30                  639.30                  -999.25                 -999.25                 -999.25                 -999.25                 92.3                    
639.40                  639.40                  -999.25                 -999.25                 -999.25                 -999.25                 92.3                    
639.50                  639.47                  20.82                   -999.25                 -999.25                 -999.25                 92.3                    
639.60                  639.60                  -999.25                 -999.25                 1.373                   1.095                   92.3                    
639.70                  639.70                  -999.25                 -999.25                 -999.25                 -999.25                 92.3                    
639.80                  639.77                  16.04                   -999.25                 -999.25                 -999.25                 92.3                    
639.90                  639.90                  -999.25                 -999.25                 1.378                   1.129                   92.3                    
640.00                  640.00                  -999.25                 -999.25                 1.375                   1.226                   92.3                    
640.10                  640.08                  15.39                   64.9                    -999.25                 -999.25                 92.3                    
640.20                  640.20                  -999.25                 -999.25                 1.362                   1.118                   92.3                    
640.30                  640.30                  -999.25                 -999.25                 -999.25                 -999.25                 92.3                    
640.40                  640.38                  13.87                   67.3                    -999.25                 -999.25                 92.3                    
640.50                  640.50                  -999.25                 50.1                    -999.25                 -999.25                 92.3                    
640.60                  640.60                  -999.25                 -999.25                 -999.25                 -999.25                 92.3                    
640.70                  640.69                  15.74                   -999.25                 -999.25                 -999.25                 92.3                    
640.80                  640.80                  -999.25                 -999.25                 -999.25                 -999.25                 92.3                    
640.90                  640.90                  -999.25                 -999.25                 -999.25                 -999.25                 92.3                    
641.00                  640.99                  16.74                   -999.25                 -999.25                 -999.25                 92.3                    
641.10                  641.10                  -999.25                 -999.25                 -999.25                 -999.25                 92.3                    
641.20                  641.20                  -999.25                 -999.25                 -999.25                 -999.25                 92.3                    
641.30                  641.30                  21.83                   -999.25                 -999.25                 -999.25                 92.3                    
641.40                  641.40                  -999.25                 -999.25                 -999.25                 -999.25                 92.3                    
641.50                  641.50                  -999.25                 -999.25                 -999.25                 -999.25                 92.3                    
641.60                  641.60                  30.07                   -999.25                 -999.25                 -999.25                 92.3                    
641.70                  641.70                  -999.25                 -999.25                 -999.25                 -999.25                 92.3                    
641.80                  641.80                  -999.25                 -999.25                 -999.25                 -999.25                 92.3                    
641.90                  641.91                  37.84                   -999.25                 -999.25                 -999.25                 92.3                    
642.00                  642.00                  -999.25                 -999.25                 -999.25                 -999.25                 92.3                    
642.10                  642.10                  -999.25                 -999.25                 -999.25                 -999.25                 92.3                    
642.20                  642.21                  31.26                   -999.25                 -999.25                 -999.25                 92.3                    
642.30                  642.30                  -999.25                 -999.25                 -999.25                 -999.25                 92.3                    
642.40                  642.40                  -999.25                 -999.25                 1.351                   1.189                   92.3                    
642.50                  642.52                  34.55                   -999.25                 -999.25                 -999.25                 92.3                    
642.60                  642.60                  -999.25                 -999.25                 -999.25                 -999.25                 92.3                    
642.70                  642.70                  -999.25                 -999.25                 -999.25                 -999.25                 92.3                    
642.80                  642.82                  30.96                   62.3                    -999.25                 -999.25                 92.3                    
642.90                  642.90                  -999.25                 -999.25                 -999.25                 -999.25                 92.3                    
643.00                  643.00                  -999.25                 -999.25                 -999.25                 -999.25                 92.3                    
643.10                  643.13                  31.31                   -999.25                 -999.25                 -999.25                 92.3                    
643.20                  643.20                  -999.25                 -999.25                 1.358                   1.153                   92.3                    
643.30                  643.30                  -999.25                 -999.25                 -999.25                 -999.25                 92.3                    
643.40                  643.43                  29.70                   -999.25                 -999.25                 -999.25                 92.3                    
643.50                  643.50                  -999.25                 -999.25                 -999.25                 -999.25                 92.3                    
643.60                  643.60                  -999.25                 -999.25                 -999.25                 -999.25                 92.3                    
643.70                  643.74                  32.78                   -999.25                 -999.25                 -999.25                 92.3                    
643.80                  643.80                  -999.25                 66.2                    -999.25                 -999.25                 92.3                    
643.90                  643.90                  -999.25                 -999.25                 -999.25                 -999.25                 92.3                    
644.00                  644.04                  32.80                   -999.25                 -999.25                 -999.25                 92.3                    
644.10                  644.10                  -999.25                 -999.25                 -999.25                 -999.25                 92.3                    
644.20                  644.20                  -999.25                 -999.25                 -999.25                 -999.25                 92.3                    
644.30                  644.35                  27.99                   -999.25                 -999.25                 -999.25                 92.3                    
644.40                  644.40                  -999.25                 -999.25                 -999.25                 -999.25                 92.3                    
644.50                  644.50                  -999.25                 -999.25                 1.393                   1.201                   92.3                    
644.60                  644.60                  -999.25                 -999.25                 -999.25                 -999.25                 92.3                    
644.70                  644.65                  26.71                   74.5                    -999.25                 -999.25                 92.3                    
644.80                  644.80                  -999.25                 -999.25                 -999.25                 -999.25                 92.3                    
644.90                  644.90                  -999.25                 -999.25                 1.401                   1.213                   92.3                    
645.00                  644.95                  23.26                   -999.25                 -999.25                 -999.25                 92.3                    
645.10                  645.10                  -999.25                 -999.25                 -999.25                 -999.25                 92.3                    
645.20                  645.20                  -999.25                 -999.25                 -999.25                 -999.25                 92.3                    
645.30                  645.26                  29.17                   -999.25                 -999.25                 -999.25                 92.3                    
645.40                  645.40                  -999.25                 -999.25                 -999.25                 -999.25                 92.3                    
645.50                  645.50                  -999.25                 -999.25                 -999.25                 -999.25                 92.3                    
645.60                  645.56                  33.69                   -999.25                 -999.25                 -999.25                 92.3                    
645.70                  645.70                  -999.25                 59.3                    -999.25                 -999.25                 92.3                    
645.80                  645.80                  -999.25                 -999.25                 -999.25                 -999.25                 92.3                    
645.90                  645.87                  35.90                   -999.25                 -999.25                 -999.25                 92.3                    
646.00                  646.00                  -999.25                 -999.25                 -999.25                 -999.25                 92.3                    
646.10                  646.10                  -999.25                 -999.25                 -999.25                 -999.25                 92.3                    
646.20                  646.17                  35.06                   -999.25                 -999.25                 -999.25                 92.3                    
646.30                  646.30                  -999.25                 -999.25                 1.330                   1.316                   92.3                    
646.40                  646.40                  -999.25                 -999.25                 -999.25                 -999.25                 92.3                    
646.50                  646.48                  33.96                   -999.25                 -999.25                 -999.25                 92.3                    
646.60                  646.60                  -999.25                 -999.25                 -999.25                 -999.25                 92.3                    
646.70                  646.70                  -999.25                 -999.25                 -999.25                 -999.25                 92.3                    
646.80                  646.78                  35.03                   40.5                    -999.25                 -999.25                 92.3                    
646.90                  646.90                  -999.25                 -999.25                 -999.25                 -999.25                 92.3                    
647.00                  647.00                  -999.25                 -999.25                 -999.25                 -999.25                 92.3                    
647.10                  647.09                  33.53                   -999.25                 -999.25                 -999.25                 92.3                    
647.20                  647.20                  -999.25                 -999.25                 1.199                   0.900                   92.3                    
647.30                  647.30                  -999.25                 -999.25                 -999.25                 -999.25                 92.3                    
647.40                  647.39                  38.11                   -999.25                 -999.25                 -999.25                 92.3                    
647.50                  647.50                  -999.25                 -999.25                 -999.25                 -999.25                 92.3                    
647.60                  647.60                  -999.25                 -999.25                 -999.25                 -999.25                 92.3                    
647.70                  647.70                  38.31                   -999.25                 -999.25                 -999.25                 92.3                    
647.80                  647.80                  -999.25                 41.0                    -999.25                 -999.25                 92.3                    
647.90                  647.90                  -999.25                 -999.25                 -999.25                 -999.25                 92.3                    
648.00                  648.00                  37.05                   -999.25                 -999.25                 -999.25                 92.3                    
648.10                  648.10                  -999.25                 -999.25                 1.112                   0.508                   92.3                    
648.20                  648.20                  -999.25                 -999.25                 -999.25                 -999.25                 92.3                    
648.30                  648.31                  36.76                   -999.25                 -999.25                 -999.25                 92.3                    
648.40                  648.40                  -999.25                 -999.25                 -999.25                 -999.25                 92.3                    
648.50                  648.50                  -999.25                 -999.25                 -999.25                 -999.25                 92.3                    
648.60                  648.61                  41.84                   49.7                    -999.25                 -999.25                 92.3                    
648.70                  648.70                  -999.25                 -999.25                 -999.25                 -999.25                 92.3                    
648.80                  648.80                  -999.25                 -999.25                 -999.25                 -999.25                 92.3                    
648.90                  648.92                  44.33                   -999.25                 1.126                   0.707                   92.3                    
649.00                  649.00                  -999.25                 -999.25                 -999.25                 -999.25                 92.3                    
649.10                  649.10                  -999.25                 -999.25                 -999.25                 -999.25                 92.3                    
649.20                  649.22                  40.67                   -999.25                 -999.25                 -999.25                 92.3                    
649.30                  649.30                  -999.25                 -999.25                 -999.25                 -999.25                 92.3                    
649.40                  649.40                  -999.25                 -999.25                 -999.25                 -999.25                 92.3                    
649.50                  649.53                  40.19                   -999.25                 -999.25                 -999.25                 92.3                    
649.60                  649.60                  -999.25                 -999.25                 -999.25                 -999.25                 92.3                    
649.70                  649.70                  -999.25                 54.5                    -999.25                 -999.25                 92.3                    
649.80                  649.83                  40.55                   -999.25                 -999.25                 -999.25                 92.3                    
649.90                  649.90                  -999.25                 -999.25                 -999.25                 -999.25                 92.3                    
650.00                  650.00                  -999.25                 -999.25                 -999.25                 -999.25                 92.3                    
650.10                  650.14                  42.24                   -999.25                 -999.25                 -999.25                 92.3                    
650.20                  650.20                  -999.25                 -999.25                 1.144                   0.863                   92.3                    
650.30                  650.30                  -999.25                 -999.25                 1.147                   1.029                   92.3                    
650.40                  650.44                  44.67                   -999.25                 -999.25                 -999.25                 92.3                    
650.50                  650.50                  -999.25                 62.3                    -999.25                 -999.25                 92.3                    
650.60                  650.60                  -999.25                 -999.25                 -999.25                 -999.25                 92.3                    
650.70                  650.75                  41.61                   -999.25                 -999.25                 -999.25                 92.3                    
650.80                  650.80                  -999.25                 -999.25                 -999.25                 -999.25                 92.3                    
650.90                  650.90                  -999.25                 -999.25                 -999.25                 -999.25                 92.3                    
651.00                  651.00                  -999.25                 67.6                    -999.25                 -999.25                 92.3                    
651.10                  651.05                  40.80                   -999.25                 -999.25                 -999.25                 92.3                    
651.20                  651.20                  -999.25                 -999.25                 1.086                   0.554                   92.3                    
651.30                  651.30                  -999.25                 -999.25                 -999.25                 -999.25                 92.3                    
651.40                  651.36                  42.42                   -999.25                 -999.25                 -999.25                 92.3                    
651.50                  651.50                  -999.25                 -999.25                 -999.25                 -999.25                 92.3                    
651.60                  651.60                  -999.25                 -999.25                 -999.25                 -999.25                 92.3                    
651.70                  651.66                  49.66                   -999.25                 -999.25                 -999.25                 92.3                    
651.80                  651.80                  -999.25                 -999.25                 -999.25                 -999.25                 92.3                    
651.90                  651.90                  -999.25                 -999.25                 -999.25                 -999.25                 92.3                    
652.00                  651.96                  40.35                   -999.25                 -999.25                 -999.25                 92.3                    
652.10                  652.10                  -999.25                 -999.25                 -999.25                 -999.25                 92.4                    
652.20                  652.20                  -999.25                 63.2                    -999.25                 -999.25                 92.5                    
652.30                  652.27                  38.52                   -999.25                 -999.25                 -999.25                 92.5                    
652.40                  652.40                  -999.25                 -999.25                 -999.25                 -999.25                 92.6                    
652.50                  652.50                  -999.25                 -999.25                 1.135                   0.854                   92.7                    
652.60                  652.57                  41.84                   -999.25                 -999.25                 -999.25                 92.8                    
652.70                  652.70                  -999.25                 -999.25                 -999.25                 -999.25                 92.9                    
652.80                  652.80                  -999.25                 64.5                    -999.25                 -999.25                 92.9                    
652.90                  652.88                  34.26                   -999.25                 -999.25                 -999.25                 93.0                    
653.00                  653.00                  -999.25                 -999.25                 -999.25                 -999.25                 93.1                    
653.10                  653.10                  -999.25                 -999.25                 -999.25                 -999.25                 93.2                    
653.20                  653.18                  47.33                   -999.25                 1.215                   0.656                   93.2                    
653.30                  653.30                  -999.25                 -999.25                 -999.25                 -999.25                 93.3                    
653.40                  653.40                  -999.25                 -999.25                 -999.25                 -999.25                 93.4                    
653.50                  653.49                  60.87                   65.8                    -999.25                 -999.25                 93.5                    
653.60                  653.60                  -999.25                 -999.25                 -999.25                 -999.25                 93.5                    
653.70                  653.70                  -999.25                 -999.25                 -999.25                 -999.25                 93.6                    
653.80                  653.79                  65.37                   -999.25                 -999.25                 -999.25                 93.7                    
653.90                  653.90                  -999.25                 -999.25                 -999.25                 -999.25                 93.8                    
654.00                  654.00                  -999.25                 -999.25                 -999.25                 -999.25                 93.9                    
654.10                  654.10                  87.83                   -999.25                 -999.25                 -999.25                 93.9                    
654.20                  654.20                  -999.25                 -999.25                 1.219                   0.890                   94.0                    
654.30                  654.30                  -999.25                 -999.25                 -999.25                 -999.25                 94.1                    
654.40                  654.40                  68.44                   -999.25                 -999.25                 -999.25                 94.2                    
654.50                  654.50                  -999.25                 -999.25                 -999.25                 -999.25                 94.2                    
654.60                  654.60                  -999.25                 -999.25                 1.211                   1.019                   94.3                    
654.70                  654.71                  50.70                   56.7                    -999.25                 -999.25                 94.3                    
654.80                  654.80                  -999.25                 -999.25                 -999.25                 -999.25                 94.3                    
654.90                  654.90                  -999.25                 -999.25                 -999.25                 -999.25                 94.3                    
655.00                  655.01                  55.87                   63.2                    -999.25                 -999.25                 94.2                    
655.10                  655.10                  -999.25                 -999.25                 -999.25                 -999.25                 94.2                    
655.20                  655.20                  -999.25                 -999.25                 1.237                   1.029                   94.2                    
655.30                  655.32                  96.15                   -999.25                 -999.25                 -999.25                 94.2                    
655.40                  655.40                  -999.25                 -999.25                 -999.25                 -999.25                 94.1                    
655.50                  655.50                  -999.25                 -999.25                 -999.25                 -999.25                 94.1                    
655.60                  655.62                  52.83                   -999.25                 -999.25                 -999.25                 94.1                    
655.70                  655.70                  -999.25                 -999.25                 1.243                   1.029                   94.0                    
655.80                  655.80                  -999.25                 -999.25                 1.254                   1.019                   94.0                    
655.90                  655.93                  40.33                   -999.25                 -999.25                 -999.25                 94.0                    
656.00                  656.00                  -999.25                 58.0                    -999.25                 -999.25                 93.9                    
656.10                  656.10                  -999.25                 -999.25                 -999.25                 -999.25                 93.9                    
656.20                  656.23                  61.64                   -999.25                 -999.25                 -999.25                 93.9                    
656.30                  656.30                  -999.25                 -999.25                 1.187                   1.129                   93.9                    
656.40                  656.40                  -999.25                 -999.25                 -999.25                 -999.25                 93.8                    
656.50                  656.54                  66.11                   -999.25                 -999.25                 -999.25                 93.8                    
656.60                  656.60                  -999.25                 -999.25                 -999.25                 -999.25                 93.8                    
656.70                  656.70                  -999.25                 57.1                    -999.25                 -999.25                 93.7                    
656.80                  656.84                  83.21                   -999.25                 -999.25                 -999.25                 93.7                    
656.90                  656.90                  -999.25                 -999.25                 -999.25                 -999.25                 93.7                    
657.00                  657.00                  -999.25                 -999.25                 1.083                   0.957                   93.6                    
657.10                  657.15                  90.37                   -999.25                 -999.25                 -999.25                 93.6                    
657.20                  657.20                  -999.25                 -999.25                 -999.25                 -999.25                 93.6                    
657.30                  657.30                  -999.25                 65.8                    -999.25                 -999.25                 93.6                    
657.40                  657.40                  -999.25                 -999.25                 -999.25                 -999.25                 93.5                    
657.50                  657.45                  86.43                   68.0                    1.067                   0.928                   93.5                    
657.60                  657.60                  -999.25                 -999.25                 -999.25                 -999.25                 93.5                    
657.70                  657.70                  -999.25                 60.1                    -999.25                 -999.25                 93.4                    
657.80                  657.76                  72.68                   -999.25                 -999.25                 -999.25                 93.4                    
657.90                  657.90                  -999.25                 -999.25                 1.072                   0.919                   93.4                    
658.00                  658.00                  -999.25                 -999.25                 -999.25                 -999.25                 93.4                    
658.10                  658.06                  87.61                   -999.25                 -999.25                 -999.25                 93.3                    
658.20                  658.20                  -999.25                 -999.25                 -999.25                 -999.25                 93.3                    
658.30                  658.30                  -999.25                 -999.25                 -999.25                 -999.25                 93.3                    
658.40                  658.37                  89.37                   -999.25                 -999.25                 -999.25                 93.2                    
658.50                  658.50                  -999.25                 61.9                    -999.25                 -999.25                 93.2                    
658.60                  658.60                  -999.25                 -999.25                 -999.25                 -999.25                 93.2                    
658.70                  658.67                  59.99                   -999.25                 -999.25                 -999.25                 93.1                    
658.80                  658.80                  -999.25                 -999.25                 1.063                   0.977                   93.1                    
658.90                  658.90                  -999.25                 -999.25                 -999.25                 -999.25                 93.1                    
659.00                  658.97                  51.30                   -999.25                 -999.25                 -999.25                 93.1                    
659.10                  659.10                  -999.25                 61.0                    -999.25                 -999.25                 93.0                    
659.20                  659.20                  -999.25                 -999.25                 -999.25                 -999.25                 93.0                    
659.30                  659.28                  53.88                   -999.25                 -999.25                 -999.25                 93.0                    
659.40                  659.40                  -999.25                 -999.25                 -999.25                 -999.25                 92.9                    
659.50                  659.50                  -999.25                 -999.25                 -999.25                 -999.25                 92.9                    
659.60                  659.58                  70.35                   -999.25                 -999.25                 -999.25                 92.9                    
659.70                  659.70                  -999.25                 -999.25                 -999.25                 -999.25                 92.9                    
659.80                  659.80                  -999.25                 -999.25                 1.088                   0.900                   92.8                    
659.90                  659.89                  78.83                   -999.25                 -999.25                 -999.25                 92.8                    
660.00                  660.00                  -999.25                 -999.25                 -999.25                 -999.25                 92.8                    
660.10                  660.10                  -999.25                 -999.25                 -999.25                 -999.25                 92.7                    
660.20                  660.19                  78.25                   63.2                    -999.25                 -999.25                 92.7                    
660.30                  660.30                  -999.25                 -999.25                 1.200                   0.948                   92.7                    
660.40                  660.40                  -999.25                 -999.25                 -999.25                 -999.25                 92.6                    
660.50                  660.50                  74.09                   -999.25                 -999.25                 -999.25                 92.6                    
660.60                  660.60                  -999.25                 -999.25                 -999.25                 -999.25                 92.6                    
660.70                  660.70                  -999.25                 -999.25                 -999.25                 -999.25                 92.6                    
660.80                  660.80                  58.10                   61.0                    -999.25                 -999.25                 92.5                    
660.90                  660.90                  -999.25                 -999.25                 -999.25                 -999.25                 92.5                    
661.00                  661.00                  -999.25                 -999.25                 -999.25                 -999.25                 92.5                    
661.10                  661.11                  66.62                   -999.25                 -999.25                 -999.25                 92.4                    
661.20                  661.20                  -999.25                 -999.25                 -999.25                 -999.25                 92.4                    
661.30                  661.30                  -999.25                 -999.25                 -999.25                 -999.25                 92.4                    
661.40                  661.41                  57.71                   -999.25                 -999.25                 -999.25                 92.3                    
661.50                  661.50                  -999.25                 -999.25                 -999.25                 -999.25                 92.3                    
661.60                  661.60                  -999.25                 -999.25                 1.353                   1.238                   92.4                    
661.70                  661.72                  44.37                   -999.25                 -999.25                 -999.25                 92.5                    
661.80                  661.80                  -999.25                 -999.25                 -999.25                 -999.25                 92.6                    
661.90                  661.90                  -999.25                 59.3                    -999.25                 -999.25                 92.6                    
662.00                  662.02                  35.82                   -999.25                 -999.25                 -999.25                 92.7                    
662.10                  662.10                  -999.25                 -999.25                 -999.25                 -999.25                 92.8                    
662.20                  662.20                  -999.25                 -999.25                 -999.25                 -999.25                 92.8                    
662.30                  662.33                  39.45                   -999.25                 -999.25                 -999.25                 92.9                    
662.40                  662.40                  -999.25                 -999.25                 -999.25                 -999.25                 93.0                    
662.50                  662.50                  -999.25                 -999.25                 -999.25                 -999.25                 93.0                    
662.60                  662.63                  37.97                   -999.25                 -999.25                 -999.25                 93.1                    
662.70                  662.70                  -999.25                 -999.25                 -999.25                 -999.25                 93.2                    
662.80                  662.80                  -999.25                 -999.25                 -999.25                 -999.25                 93.3                    
662.90                  662.94                  34.23                   -999.25                 -999.25                 -999.25                 93.3                    
663.00                  663.00                  -999.25                 -999.25                 -999.25                 -999.25                 93.4                    
663.10                  663.10                  -999.25                 -999.25                 -999.25                 -999.25                 93.5                    
663.20                  663.24                  31.03                   -999.25                 1.024                   0.828                   93.5                    
663.30                  663.30                  -999.25                 -999.25                 -999.25                 -999.25                 93.6                    
663.40                  663.40                  -999.25                 -999.25                 -999.25                 -999.25                 93.7                    
663.50                  663.55                  33.90                   -999.25                 -999.25                 -999.25                 93.7                    
663.60                  663.60                  -999.25                 -999.25                 -999.25                 -999.25                 93.8                    
663.70                  663.70                  -999.25                 61.0                    -999.25                 -999.25                 93.9                    
663.80                  663.80                  -999.25                 -999.25                 -999.25                 -999.25                 93.9                    
663.90                  663.85                  33.58                   -999.25                 -999.25                 -999.25                 94.0                    
664.00                  664.00                  -999.25                 -999.25                 -999.25                 -999.25                 94.1                    
664.10                  664.10                  -999.25                 -999.25                 -999.25                 -999.25                 94.1                    
664.20                  664.16                  30.09                   -999.25                 -999.25                 -999.25                 94.2                    
664.30                  664.30                  -999.25                 -999.25                 -999.25                 -999.25                 94.3                    
664.40                  664.40                  -999.25                 -999.25                 -999.25                 -999.25                 94.3                    
664.50                  664.46                  27.89                   -999.25                 -999.25                 -999.25                 94.2                    
664.60                  664.60                  -999.25                 -999.25                 -999.25                 -999.25                 94.1                    
664.70                  664.70                  -999.25                 -999.25                 -999.25                 -999.25                 94.0                    
664.80                  664.77                  25.76                   -999.25                 -999.25                 -999.25                 93.9                    
664.90                  664.90                  -999.25                 -999.25                 -999.25                 -999.25                 93.8                    
665.00                  665.00                  -999.25                 -999.25                 -999.25                 -999.25                 93.7                    
665.10                  665.07                  28.17                   -999.25                 -999.25                 -999.25                 93.6                    
665.20                  665.20                  -999.25                 64.5                    -999.25                 -999.25                 93.5                    
665.30                  665.30                  -999.25                 59.3                    -999.25                 -999.25                 93.4                    
665.40                  665.38                  29.30                   -999.25                 1.194                   1.029                   93.4                    
665.50                  665.50                  -999.25                 -999.25                 -999.25                 -999.25                 93.3                    
665.60                  665.60                  -999.25                 -999.25                 -999.25                 -999.25                 93.2                    
665.70                  665.68                  25.30                   -999.25                 -999.25                 -999.25                 93.1                    
665.80                  665.80                  -999.25                 -999.25                 -999.25                 -999.25                 93.0                    
665.90                  665.90                  -999.25                 -999.25                 -999.25                 -999.25                 92.9                    
666.00                  665.99                  23.64                   -999.25                 1.166                   0.967                   92.8                    
666.10                  666.10                  -999.25                 -999.25                 -999.25                 -999.25                 92.7                    
666.20                  666.20                  -999.25                 -999.25                 -999.25                 -999.25                 92.6                    
666.30                  666.29                  24.46                   -999.25                 -999.25                 -999.25                 92.5                    
666.40                  666.40                  -999.25                 -999.25                 -999.25                 -999.25                 92.3                    
666.50                  666.50                  -999.25                 63.2                    1.036                   0.881                   92.3                    
666.60                  666.59                  29.10                   -999.25                 -999.25                 -999.25                 92.3                    
666.70                  666.70                  -999.25                 -999.25                 -999.25                 -999.25                 92.3                    
666.80                  666.80                  -999.25                 -999.25                 -999.25                 -999.25                 92.3                    
666.90                  666.90                  28.11                   -999.25                 -999.25                 -999.25                 92.3                    
667.00                  667.00                  -999.25                 -999.25                 -999.25                 -999.25                 92.3                    
667.10                  667.10                  -999.25                 -999.25                 -999.25                 -999.25                 92.3                    
667.20                  667.20                  23.00                   -999.25                 -999.25                 -999.25                 92.3                    
667.30                  667.30                  -999.25                 -999.25                 -999.25                 -999.25                 92.3                    
667.40                  667.40                  -999.25                 61.9                    -999.25                 -999.25                 92.3                    
667.50                  667.51                  34.99                   -999.25                 -999.25                 -999.25                 92.3                    
667.60                  667.60                  -999.25                 -999.25                 -999.25                 -999.25                 92.3                    
667.70                  667.70                  -999.25                 -999.25                 0.953                   0.828                   92.3                    
667.80                  667.81                  30.67                   -999.25                 -999.25                 -999.25                 92.3                    
667.90                  667.90                  -999.25                 -999.25                 -999.25                 -999.25                 92.3                    
668.00                  668.00                  -999.25                 64.5                    -999.25                 -999.25                 92.3                    
668.10                  668.12                  16.23                   -999.25                 -999.25                 -999.25                 92.3                    
668.20                  668.20                  -999.25                 -999.25                 0.949                   0.769                   92.3                    
668.30                  668.30                  -999.25                 -999.25                 -999.25                 -999.25                 92.3                    
668.40                  668.42                  11.43                   -999.25                 -999.25                 -999.25                 92.3                    
668.50                  668.50                  -999.25                 -999.25                 -999.25                 -999.25                 92.3                    
668.60                  668.60                  -999.25                 -999.25                 -999.25                 -999.25                 92.3                    
668.70                  668.73                  26.37                   66.2                    -999.25                 -999.25                 92.3                    
668.80                  668.80                  -999.25                 -999.25                 -999.25                 -999.25                 92.3                    
668.90                  668.90                  -999.25                 -999.25                 -999.25                 -999.25                 92.3                    
669.00                  669.03                  77.31                   -999.25                 -999.25                 -999.25                 92.3                    
669.10                  669.10                  -999.25                 -999.25                 -999.25                 -999.25                 92.3                    
669.20                  669.20                  -999.25                 -999.25                 -999.25                 -999.25                 92.3                    
669.30                  669.34                  29.11                   -999.25                 -999.25                 -999.25                 92.3                    
669.40                  669.40                  -999.25                 -999.25                 -999.25                 -999.25                 92.3                    
669.50                  669.50                  -999.25                 -999.25                 -999.25                 -999.25                 92.3                    
669.60                  669.64                  32.34                   -999.25                 -999.25                 -999.25                 92.3                    
669.70                  669.70                  -999.25                 -999.25                 -999.25                 -999.25                 92.3                    
669.80                  669.80                  -999.25                 -999.25                 -999.25                 -999.25                 92.3                    
669.90                  669.90                  -999.25                 -999.25                 -999.25                 -999.25                 92.3                    
670.00                  669.95                  34.51                   -999.25                 -999.25                 -999.25                 92.3                    
670.10                  670.10                  -999.25                 -999.25                 -999.25                 -999.25                 92.3                    
670.20                  670.20                  -999.25                 -999.25                 -999.25                 -999.25                 92.3                    
670.30                  670.25                  31.72                   -999.25                 -999.25                 -999.25                 92.3                    
670.40                  670.40                  -999.25                 -999.25                 -999.25                 -999.25                 92.3                    
670.50                  670.50                  -999.25                 -999.25                 0.941                   0.794                   92.3                    
670.60                  670.56                  38.21                   -999.25                 -999.25                 -999.25                 92.3                    
670.70                  670.70                  -999.25                 -999.25                 -999.25                 -999.25                 92.3                    
670.80                  670.80                  -999.25                 -999.25                 -999.25                 -999.25                 92.3                    
670.90                  670.86                  40.96                   62.8                    -999.25                 -999.25                 92.3                    
671.00                  671.00                  -999.25                 -999.25                 -999.25                 -999.25                 92.3                    
671.10                  671.10                  -999.25                 -999.25                 -999.25                 -999.25                 92.3                    
671.20                  671.17                  33.92                   -999.25                 0.928                   0.845                   92.3                    
671.30                  671.30                  -999.25                 -999.25                 -999.25                 -999.25                 92.3                    
671.40                  671.40                  -999.25                 66.2                    -999.25                 -999.25                 92.3                    
671.50                  671.47                  28.41                   -999.25                 -999.25                 -999.25                 92.3                    
671.60                  671.60                  -999.25                 -999.25                 -999.25                 -999.25                 92.3                    
671.70                  671.70                  -999.25                 -999.25                 0.938                   0.845                   92.3                    
671.80                  671.78                  33.44                   -999.25                 -999.25                 -999.25                 92.3                    
671.90                  671.90                  -999.25                 -999.25                 -999.25                 -999.25                 92.3                    
672.00                  672.00                  -999.25                 62.8                    -999.25                 -999.25                 92.3                    
672.10                  672.08                  32.80                   -999.25                 -999.25                 -999.25                 92.3                    
672.20                  672.20                  -999.25                 -999.25                 0.978                   0.854                   92.3                    
672.30                  672.30                  -999.25                 -999.25                 -999.25                 -999.25                 92.3                    
672.40                  672.39                  45.62                   -999.25                 -999.25                 -999.25                 92.3                    
672.50                  672.50                  -999.25                 -999.25                 -999.25                 -999.25                 92.3                    
672.60                  672.60                  -999.25                 -999.25                 -999.25                 -999.25                 92.3                    
672.70                  672.69                  50.52                   61.0                    -999.25                 -999.25                 92.3                    
672.80                  672.80                  -999.25                 -999.25                 -999.25                 -999.25                 92.3                    
672.90                  672.90                  -999.25                 -999.25                 -999.25                 -999.25                 92.3                    
673.00                  673.00                  41.82                   -999.25                 -999.25                 -999.25                 92.3                    
673.10                  673.10                  -999.25                 -999.25                 1.050                   0.919                   92.3                    
673.20                  673.20                  -999.25                 -999.25                 -999.25                 -999.25                 92.3                    
673.30                  673.30                  55.12                   65.8                    -999.25                 -999.25                 92.3                    
673.40                  673.40                  -999.25                 -999.25                 -999.25                 -999.25                 92.3                    
673.50                  673.50                  -999.25                 -999.25                 -999.25                 -999.25                 92.3                    
673.60                  673.60                  42.08                   -999.25                 1.066                   0.988                   92.3                    
673.70                  673.70                  -999.25                 -999.25                 -999.25                 -999.25                 92.3                    
673.80                  673.80                  -999.25                 -999.25                 -999.25                 -999.25                 92.3                    
673.90                  673.91                  37.37                   -999.25                 -999.25                 -999.25                 92.3                    
674.00                  674.00                  -999.25                 -999.25                 -999.25                 -999.25                 92.3                    
674.10                  674.10                  -999.25                 -999.25                 -999.25                 -999.25                 92.3                    
674.20                  674.21                  34.16                   -999.25                 -999.25                 -999.25                 92.3                    
674.30                  674.30                  -999.25                 -999.25                 -999.25                 -999.25                 92.3                    
674.40                  674.40                  -999.25                 -999.25                 1.023                   0.890                   92.3                    
674.50                  674.52                  27.57                   64.5                    -999.25                 -999.25                 92.3                    
674.60                  674.60                  -999.25                 -999.25                 -999.25                 -999.25                 92.3                    
674.70                  674.70                  -999.25                 -999.25                 -999.25                 -999.25                 92.3                    
674.80                  674.82                  27.45                   -999.25                 -999.25                 -999.25                 92.3                    
674.90                  674.90                  -999.25                 -999.25                 -999.25                 -999.25                 92.3                    
675.00                  675.00                  -999.25                 -999.25                 -999.25                 -999.25                 92.3                    
675.10                  675.13                  40.11                   -999.25                 -999.25                 -999.25                 92.3                    
675.20                  675.20                  -999.25                 -999.25                 0.985                   0.819                   92.3                    
675.30                  675.30                  -999.25                 -999.25                 -999.25                 -999.25                 92.3                    
675.40                  675.43                  35.21                   -999.25                 -999.25                 -999.25                 92.3                    
675.50                  675.50                  -999.25                 -999.25                 -999.25                 -999.25                 92.3                    
675.60                  675.60                  -999.25                 -999.25                 -999.25                 -999.25                 92.3                    
675.70                  675.74                  51.57                   64.5                    -999.25                 -999.25                 92.3                    
675.80                  675.80                  -999.25                 -999.25                 -999.25                 -999.25                 92.3                    
675.90                  675.90                  -999.25                 -999.25                 -999.25                 -999.25                 92.3                    
676.00                  676.04                  37.52                   -999.25                 -999.25                 -999.25                 92.3                    
676.10                  676.10                  -999.25                 -999.25                 -999.25                 -999.25                 92.3                    
676.20                  676.20                  -999.25                 -999.25                 -999.25                 -999.25                 92.3                    
676.30                  676.30                  -999.25                 66.7                    -999.25                 -999.25                 92.3                    
676.40                  676.35                  32.30                   -999.25                 -999.25                 -999.25                 92.3                    
676.50                  676.50                  -999.25                 -999.25                 -999.25                 -999.25                 92.3                    
676.60                  676.60                  -999.25                 -999.25                 -999.25                 -999.25                 92.3                    
676.70                  676.65                  26.75                   -999.25                 -999.25                 -999.25                 92.3                    
676.80                  676.80                  -999.25                 -999.25                 -999.25                 -999.25                 92.3                    
676.90                  676.90                  -999.25                 -999.25                 -999.25                 -999.25                 92.3                    
677.00                  676.96                  34.92                   -999.25                 -999.25                 -999.25                 92.3                    
677.10                  677.10                  -999.25                 -999.25                 -999.25                 -999.25                 92.3                    
677.20                  677.20                  -999.25                 -999.25                 -999.25                 -999.25                 92.3                    
677.30                  677.26                  54.99                   -999.25                 -999.25                 -999.25                 92.3                    
677.40                  677.40                  -999.25                 -999.25                 -999.25                 -999.25                 92.3                    
677.50                  677.50                  -999.25                 -999.25                 1.374                   1.129                   92.3                    
677.60                  677.57                  91.57                   -999.25                 -999.25                 -999.25                 92.3                    
677.70                  677.70                  -999.25                 69.3                    -999.25                 -999.25                 92.3                    
677.80                  677.80                  -999.25                 -999.25                 -999.25                 -999.25                 92.3                    
677.90                  677.87                  58.21                   -999.25                 -999.25                 -999.25                 92.3                    
678.00                  678.00                  -999.25                 -999.25                 -999.25                 -999.25                 92.3                    
678.10                  678.10                  -999.25                 74.1                    -999.25                 -999.25                 92.3                    
678.20                  678.18                  43.87                   -999.25                 1.293                   1.051                   92.3                    
678.30                  678.30                  -999.25                 -999.25                 -999.25                 -999.25                 92.3                    
678.40                  678.40                  -999.25                 -999.25                 -999.25                 -999.25                 92.3                    
678.50                  678.48                  31.39                   -999.25                 -999.25                 -999.25                 92.3                    
678.60                  678.60                  -999.25                 -999.25                 -999.25                 -999.25                 92.3                    
678.70                  678.70                  -999.25                 67.6                    -999.25                 -999.25                 92.3                    
678.80                  678.79                  61.03                   -999.25                 -999.25                 -999.25                 92.3                    
678.90                  678.90                  -999.25                 -999.25                 1.218                   1.040                   92.3                    
679.00                  679.00                  -999.25                 -999.25                 -999.25                 -999.25                 92.3                    
679.10                  679.09                  29.99                   -999.25                 -999.25                 -999.25                 92.3                    
679.20                  679.20                  -999.25                 -999.25                 -999.25                 -999.25                 92.3                    
679.30                  679.30                  -999.25                 -999.25                 -999.25                 -999.25                 92.3                    
679.40                  679.40                  49.28                   -999.25                 -999.25                 -999.25                 92.3                    
679.50                  679.50                  -999.25                 -999.25                 -999.25                 -999.25                 92.3                    
679.60                  679.60                  -999.25                 -999.25                 -999.25                 -999.25                 92.3                    
679.70                  679.70                  61.53                   -999.25                 -999.25                 -999.25                 92.3                    
679.80                  679.80                  -999.25                 63.2                    -999.25                 -999.25                 92.3                    
679.90                  679.90                  -999.25                 -999.25                 -999.25                 -999.25                 92.3                    
680.00                  680.01                  49.37                   -999.25                 -999.25                 -999.25                 92.3                    
680.10                  680.10                  -999.25                 -999.25                 -999.25                 -999.25                 92.3                    
680.20                  680.20                  -999.25                 -999.25                 1.163                   0.988                   92.3                    
680.30                  680.31                  37.13                   -999.25                 -999.25                 -999.25                 92.3                    
680.40                  680.40                  -999.25                 -999.25                 -999.25                 -999.25                 92.3                    
680.50                  680.50                  -999.25                 71.9                    -999.25                 -999.25                 92.3                    
680.60                  680.61                  26.87                   -999.25                 -999.25                 -999.25                 92.3                    
680.70                  680.70                  -999.25                 -999.25                 -999.25                 -999.25                 92.3                    
680.80                  680.80                  -999.25                 -999.25                 -999.25                 -999.25                 92.3                    
680.90                  680.92                  23.28                   -999.25                 1.147                   0.988                   92.3                    
681.00                  681.00                  -999.25                 -999.25                 -999.25                 -999.25                 92.3                    
681.10                  681.10                  -999.25                 -999.25                 -999.25                 -999.25                 92.3                    
681.20                  681.22                  43.49                   71.5                    -999.25                 -999.25                 92.3                    
681.30                  681.30                  -999.25                 -999.25                 -999.25                 -999.25                 92.3                    
681.40                  681.40                  -999.25                 -999.25                 -999.25                 -999.25                 92.3                    
681.50                  681.53                  48.71                   -999.25                 -999.25                 -999.25                 92.3                    
681.60                  681.60                  -999.25                 -999.25                 -999.25                 -999.25                 92.3                    
681.70                  681.70                  -999.25                 -999.25                 -999.25                 -999.25                 92.3                    
681.80                  681.83                  62.39                   -999.25                 -999.25                 -999.25                 92.3                    
681.90                  681.90                  -999.25                 -999.25                 -999.25                 -999.25                 92.3                    
682.00                  682.00                  -999.25                 -999.25                 -999.25                 -999.25                 92.3                    
682.10                  682.14                  57.07                   -999.25                 -999.25                 -999.25                 92.3                    
682.20                  682.20                  -999.25                 -999.25                 -999.25                 -999.25                 92.3                    
682.30                  682.30                  -999.25                 -999.25                 -999.25                 -999.25                 92.3                    
682.40                  682.44                  39.81                   -999.25                 -999.25                 -999.25                 92.3                    
682.50                  682.50                  -999.25                 -999.25                 -999.25                 -999.25                 92.3                    
682.60                  682.60                  -999.25                 -999.25                 -999.25                 -999.25                 92.3                    
682.70                  682.70                  -999.25                 -999.25                 -999.25                 -999.25                 92.3                    
682.80                  682.75                  27.63                   -999.25                 -999.25                 -999.25                 92.3                    
682.90                  682.90                  -999.25                 -999.25                 1.140                   0.988                   92.3                    
683.00                  683.00                  -999.25                 -999.25                 -999.25                 -999.25                 92.3                    
683.10                  683.05                  35.10                   -999.25                 -999.25                 -999.25                 92.3                    
683.20                  683.20                  -999.25                 65.8                    -999.25                 -999.25                 92.3                    
683.30                  683.30                  -999.25                 -999.25                 -999.25                 -999.25                 92.3                    
683.40                  683.36                  25.74                   -999.25                 -999.25                 -999.25                 92.3                    
683.50                  683.50                  -999.25                 -999.25                 1.127                   0.928                   92.3                    
683.60                  683.60                  -999.25                 -999.25                 -999.25                 -999.25                 92.3                    
683.70                  683.66                  28.00                   -999.25                 -999.25                 -999.25                 92.3                    
683.80                  683.80                  -999.25                 -999.25                 -999.25                 -999.25                 92.3                    
683.90                  683.90                  -999.25                 -999.25                 -999.25                 -999.25                 92.3                    
684.00                  683.97                  31.45                   -999.25                 -999.25                 -999.25                 92.3                    
684.10                  684.10                  -999.25                 59.7                    1.102                   0.919                   92.3                    
684.20                  684.20                  -999.25                 -999.25                 -999.25                 -999.25                 92.3                    
684.30                  684.27                  29.87                   -999.25                 -999.25                 -999.25                 92.3                    
684.40                  684.40                  -999.25                 -999.25                 -999.25                 -999.25                 92.3                    
684.50                  684.50                  -999.25                 -999.25                 -999.25                 -999.25                 92.3                    
684.60                  684.58                  17.72                   64.1                    -999.25                 -999.25                 92.3                    
684.70                  684.70                  -999.25                 -999.25                 -999.25                 -999.25                 92.3                    
684.80                  684.80                  -999.25                 -999.25                 1.072                   0.928                   92.3                    
684.90                  684.88                  19.51                   -999.25                 1.070                   0.909                   92.3                    
685.00                  685.00                  -999.25                 -999.25                 -999.25                 -999.25                 92.3                    
685.10                  685.10                  -999.25                 -999.25                 -999.25                 -999.25                 92.3                    
685.20                  685.19                  31.33                   -999.25                 -999.25                 -999.25                 92.3                    
685.30                  685.30                  -999.25                 61.5                    -999.25                 -999.25                 92.3                    
685.40                  685.40                  -999.25                 -999.25                 -999.25                 -999.25                 92.3                    
685.50                  685.49                  16.35                   -999.25                 -999.25                 -999.25                 92.3                    
685.60                  685.60                  -999.25                 -999.25                 -999.25                 -999.25                 92.3                    
685.70                  685.70                  -999.25                 -999.25                 -999.25                 -999.25                 92.3                    
685.80                  685.80                  15.12                   -999.25                 -999.25                 -999.25                 92.3                    
685.90                  685.90                  -999.25                 -999.25                 1.051                   0.928                   92.3                    
686.00                  686.00                  -999.25                 -999.25                 -999.25                 -999.25                 92.3                    
686.10                  686.10                  34.91                   -999.25                 -999.25                 -999.25                 92.3                    
686.20                  686.20                  -999.25                 -999.25                 -999.25                 -999.25                 92.3                    
686.30                  686.30                  -999.25                 -999.25                 -999.25                 -999.25                 92.3                    
686.40                  686.41                  18.15                   63.2                    -999.25                 -999.25                 92.3                    
686.50                  686.50                  -999.25                 -999.25                 -999.25                 -999.25                 92.3                    
686.60                  686.60                  -999.25                 -999.25                 -999.25                 -999.25                 92.3                    
686.70                  686.71                  24.20                   -999.25                 -999.25                 -999.25                 92.3                    
686.80                  686.80                  -999.25                 -999.25                 -999.25                 -999.25                 92.3                    
686.90                  686.90                  -999.25                 -999.25                 -999.25                 -999.25                 92.3                    
687.00                  687.02                  28.43                   -999.25                 -999.25                 -999.25                 92.3                    
687.10                  687.10                  -999.25                 -999.25                 -999.25                 -999.25                 92.3                    
687.20                  687.20                  -999.25                 -999.25                 1.059                   0.900                   92.3                    
687.30                  687.32                  26.50                   -999.25                 -999.25                 -999.25                 92.3                    
687.40                  687.40                  -999.25                 -999.25                 -999.25                 -999.25                 92.3                    
687.50                  687.50                  -999.25                 -999.25                 -999.25                 -999.25                 92.3                    
687.60                  687.62                  30.86                   -999.25                 -999.25                 -999.25                 92.3                    
687.70                  687.70                  -999.25                 69.3                    -999.25                 -999.25                 92.3                    
687.80                  687.80                  -999.25                 -999.25                 -999.25                 -999.25                 92.3                    
687.90                  687.93                  29.57                   -999.25                 -999.25                 -999.25                 92.3                    
688.00                  688.00                  -999.25                 -999.25                 -999.25                 -999.25                 92.3                    
688.10                  688.10                  -999.25                 -999.25                 -999.25                 -999.25                 92.3                    
688.20                  688.23                  27.59                   -999.25                 1.037                   0.909                   92.3                    
688.30                  688.30                  -999.25                 -999.25                 -999.25                 -999.25                 92.3                    
688.40                  688.40                  -999.25                 -999.25                 -999.25                 -999.25                 92.3                    
688.50                  688.54                  29.18                   -999.25                 -999.25                 -999.25                 92.3                    
688.60                  688.60                  -999.25                 -999.25                 1.034                   0.928                   92.3                    
688.70                  688.70                  -999.25                 68.0                    -999.25                 -999.25                 92.3                    
688.80                  688.84                  29.73                   -999.25                 -999.25                 -999.25                 92.3                    
688.90                  688.90                  -999.25                 -999.25                 -999.25                 -999.25                 92.3                    
689.00                  689.00                  -999.25                 -999.25                 -999.25                 -999.25                 92.3                    
689.10                  689.10                  -999.25                 -999.25                 -999.25                 -999.25                 92.3                    
689.20                  689.15                  30.36                   -999.25                 -999.25                 -999.25                 92.3                    
689.30                  689.30                  -999.25                 -999.25                 1.035                   0.957                   92.3                    
689.40                  689.40                  -999.25                 -999.25                 -999.25                 -999.25                 92.3                    
689.50                  689.45                  32.80                   65.8                    -999.25                 -999.25                 92.3                    
689.60                  689.60                  -999.25                 -999.25                 -999.25                 -999.25                 92.3                    
689.70                  689.70                  -999.25                 63.6                    -999.25                 -999.25                 92.3                    
689.80                  689.76                  27.96                   -999.25                 1.025                   0.919                   92.3                    
689.90                  689.90                  -999.25                 -999.25                 -999.25                 -999.25                 92.3                    
690.00                  690.00                  -999.25                 -999.25                 -999.25                 -999.25                 92.3                    
690.10                  690.06                  32.76                   -999.25                 -999.25                 -999.25                 92.3                    
690.20                  690.20                  -999.25                 -999.25                 -999.25                 -999.25                 92.3                    
690.30                  690.30                  -999.25                 -999.25                 -999.25                 -999.25                 92.3                    
690.40                  690.37                  43.26                   -999.25                 -999.25                 -999.25                 92.3                    
690.50                  690.50                  -999.25                 65.8                    -999.25                 -999.25                 92.3                    
690.60                  690.60                  -999.25                 -999.25                 -999.25                 -999.25                 92.3                    
690.70                  690.67                  55.05                   -999.25                 -999.25                 -999.25                 92.3                    
690.80                  690.80                  -999.25                 -999.25                 -999.25                 -999.25                 92.3                    
690.90                  690.90                  -999.25                 -999.25                 -999.25                 -999.25                 92.3                    
691.00                  690.98                  72.37                   -999.25                 -999.25                 -999.25                 92.3                    
691.10                  691.10                  -999.25                 -999.25                 1.022                   0.919                   92.3                    
691.20                  691.20                  -999.25                 -999.25                 -999.25                 -999.25                 92.3                    
691.30                  691.28                  62.00                   -999.25                 -999.25                 -999.25                 92.3                    
691.40                  691.40                  -999.25                 -999.25                 -999.25                 -999.25                 92.3                    
691.50                  691.50                  -999.25                 -999.25                 -999.25                 -999.25                 92.3                    
691.60                  691.59                  48.03                   -999.25                 -999.25                 -999.25                 92.3                    
691.70                  691.70                  -999.25                 -999.25                 -999.25                 -999.25                 92.3                    
691.80                  691.80                  -999.25                 -999.25                 -999.25                 -999.25                 92.3                    
691.90                  691.89                  37.68                   -999.25                 -999.25                 -999.25                 92.3                    
692.00                  692.00                  -999.25                 -999.25                 -999.25                 -999.25                 92.3                    
692.10                  692.10                  -999.25                 -999.25                 -999.25                 -999.25                 92.3                    
692.20                  692.20                  39.92                   -999.25                 -999.25                 -999.25                 92.3                    
692.30                  692.30                  -999.25                 -999.25                 -999.25                 -999.25                 92.3                    
692.40                  692.40                  -999.25                 -999.25                 -999.25                 -999.25                 92.3                    
692.50                  692.50                  37.35                   -999.25                 -999.25                 -999.25                 92.3                    
692.60                  692.60                  -999.25                 -999.25                 -999.25                 -999.25                 92.3                    
692.70                  692.70                  -999.25                 -999.25                 -999.25                 -999.25                 92.3                    
692.80                  692.81                  45.44                   -999.25                 -999.25                 -999.25                 92.3                    
692.90                  692.90                  -999.25                 -999.25                 -999.25                 -999.25                 92.3                    
693.00                  693.00                  -999.25                 -999.25                 -999.25                 -999.25                 92.3                    
693.10                  693.11                  39.69                   68.0                    -999.25                 -999.25                 92.3                    
693.20                  693.20                  -999.25                 -999.25                 -999.25                 -999.25                 92.3                    
693.30                  693.30                  -999.25                 -999.25                 -999.25                 -999.25                 92.3                    
693.40                  693.42                  78.59                   -999.25                 -999.25                 -999.25                 92.3                    
693.50                  693.50                  -999.25                 -999.25                 -999.25                 -999.25                 92.3                    
693.60                  693.60                  -999.25                 -999.25                 -999.25                 -999.25                 92.3                    
693.70                  693.72                  34.95                   -999.25                 -999.25                 -999.25                 92.3                    
693.80                  693.80                  -999.25                 -999.25                 -999.25                 -999.25                 92.3                    
693.90                  693.90                  -999.25                 -999.25                 -999.25                 -999.25                 92.3                    
694.00                  694.02                  27.37                   -999.25                 -999.25                 -999.25                 92.3                    
694.10                  694.10                  -999.25                 -999.25                 -999.25                 -999.25                 92.3                    
694.20                  694.20                  -999.25                 -999.25                 -999.25                 -999.25                 92.3                    
694.30                  694.33                  29.80                   -999.25                 -999.25                 -999.25                 92.3                    
694.40                  694.40                  -999.25                 -999.25                 -999.25                 -999.25                 92.3                    
694.50                  694.50                  -999.25                 -999.25                 -999.25                 -999.25                 92.3                    
694.60                  694.63                  39.36                   -999.25                 -999.25                 -999.25                 92.3                    
694.70                  694.70                  -999.25                 67.6                    -999.25                 -999.25                 92.3                    
694.80                  694.80                  -999.25                 -999.25                 -999.25                 -999.25                 92.3                    
694.90                  694.94                  34.02                   -999.25                 -999.25                 -999.25                 92.3                    
695.00                  695.00                  -999.25                 -999.25                 -999.25                 -999.25                 92.3                    
695.10                  695.10                  -999.25                 -999.25                 -999.25                 -999.25                 92.3                    
695.20                  695.24                  32.55                   -999.25                 -999.25                 -999.25                 92.3                    
695.30                  695.30                  -999.25                 -999.25                 -999.25                 -999.25                 92.3                    
695.40                  695.40                  -999.25                 -999.25                 1.026                   0.900                   92.3                    
695.50                  695.50                  -999.25                 -999.25                 -999.25                 -999.25                 92.3                    
695.60                  695.55                  61.53                   -999.25                 -999.25                 -999.25                 92.3                    
695.70                  695.70                  -999.25                 -999.25                 1.030                   0.919                   92.3                    
695.80                  695.80                  -999.25                 -999.25                 -999.25                 -999.25                 92.3                    
695.90                  695.85                  66.96                   -999.25                 -999.25                 -999.25                 92.3                    
696.00                  696.00                  -999.25                 -999.25                 -999.25                 -999.25                 92.3                    
696.10                  696.10                  -999.25                 -999.25                 -999.25                 -999.25                 92.3                    
696.20                  696.16                  34.30                   -999.25                 1.035                   0.948                   92.3                    
696.30                  696.30                  -999.25                 69.7                    -999.25                 -999.25                 92.3                    
696.40                  696.40                  -999.25                 -999.25                 -999.25                 -999.25                 92.3                    
696.50                  696.46                  32.79                   -999.25                 -999.25                 -999.25                 92.3                    
696.60                  696.60                  -999.25                 -999.25                 -999.25                 -999.25                 92.3                    
696.70                  696.70                  -999.25                 -999.25                 -999.25                 -999.25                 92.3                    
696.80                  696.77                  24.26                   72.8                    1.027                   0.919                   92.3                    
696.90                  696.90                  -999.25                 -999.25                 -999.25                 -999.25                 92.3                    
697.00                  697.00                  -999.25                 -999.25                 -999.25                 -999.25                 92.3                    
697.10                  697.07                  22.72                   -999.25                 1.016                   0.909                   92.3                    
697.20                  697.20                  -999.25                 -999.25                 -999.25                 -999.25                 92.3                    
697.30                  697.30                  -999.25                 -999.25                 -999.25                 -999.25                 92.3                    
697.40                  697.38                  30.51                   76.3                    -999.25                 -999.25                 92.3                    
697.50                  697.50                  -999.25                 74.5                    -999.25                 -999.25                 92.3                    
697.60                  697.60                  -999.25                 -999.25                 1.010                   0.881                   92.3                    
697.70                  697.68                  46.13                   -999.25                 -999.25                 -999.25                 92.3                    
697.80                  697.80                  -999.25                 -999.25                 -999.25                 -999.25                 92.3                    
697.90                  697.90                  -999.25                 -999.25                 1.010                   0.900                   92.3                    
698.00                  697.99                  72.04                   -999.25                 -999.25                 -999.25                 92.3                    
698.10                  698.10                  -999.25                 73.2                    -999.25                 -999.25                 92.3                    
698.20                  698.20                  -999.25                 -999.25                 -999.25                 -999.25                 92.3                    
698.30                  698.29                  106.43                  -999.25                 -999.25                 -999.25                 92.3                    
698.40                  698.40                  -999.25                 77.6                    -999.25                 -999.25                 92.3                    
698.50                  698.50                  -999.25                 -999.25                 -999.25                 -999.25                 92.3                    
698.60                  698.60                  83.15                   -999.25                 -999.25                 -999.25                 92.3                    
698.70                  698.70                  -999.25                 -999.25                 -999.25                 -999.25                 92.3                    
698.80                  698.80                  -999.25                 -999.25                 -999.25                 -999.25                 92.3                    
698.90                  698.90                  62.76                   -999.25                 -999.25                 -999.25                 92.3                    
699.00                  699.00                  -999.25                 -999.25                 -999.25                 -999.25                 92.3                    
699.10                  699.10                  -999.25                 -999.25                 -999.25                 -999.25                 92.3                    
699.20                  699.21                  35.48                   -999.25                 -999.25                 -999.25                 92.3                    
699.30                  699.30                  -999.25                 -999.25                 -999.25                 -999.25                 92.3                    
699.40                  699.40                  -999.25                 -999.25                 -999.25                 -999.25                 92.3                    
699.50                  699.51                  32.26                   -999.25                 -999.25                 -999.25                 92.3                    
699.60                  699.60                  -999.25                 -999.25                 -999.25                 -999.25                 92.3                    
699.70                  699.70                  -999.25                 -999.25                 -999.25                 -999.25                 92.3                    
699.80                  699.82                  26.25                   -999.25                 -999.25                 -999.25                 92.3                    
699.90                  699.90                  -999.25                 -999.25                 -999.25                 -999.25                 92.3                    
700.00                  700.00                  -999.25                 -999.25                 -999.25                 -999.25                 92.3                    
700.10                  700.12                  23.66                   -999.25                 -999.25                 -999.25                 92.3                    
700.20                  700.20                  -999.25                 -999.25                 -999.25                 -999.25                 92.3                    
700.30                  700.30                  -999.25                 -999.25                 -999.25                 -999.25                 92.3                    
700.40                  700.43                  18.57                   68.0                    -999.25                 -999.25                 92.3                    
700.50                  700.50                  -999.25                 -999.25                 -999.25                 -999.25                 92.3                    
700.60                  700.60                  -999.25                 -999.25                 -999.25                 -999.25                 92.3                    
700.70                  700.73                  21.54                   -999.25                 1.011                   0.900                   92.3                    
700.80                  700.80                  -999.25                 -999.25                 -999.25                 -999.25                 92.3                    
700.90                  700.90                  -999.25                 -999.25                 -999.25                 -999.25                 92.3                    
701.00                  701.04                  27.95                   -999.25                 -999.25                 -999.25                 92.3                    
701.10                  701.10                  -999.25                 -999.25                 -999.25                 -999.25                 92.3                    
701.20                  701.20                  -999.25                 -999.25                 -999.25                 -999.25                 92.3                    
701.30                  701.34                  21.65                   -999.25                 -999.25                 -999.25                 92.3                    
701.40                  701.39                  -999.25                 -999.25                 -999.25                 -999.25                 92.3                    
701.50                  701.49                  -999.25                 -999.25                 1.010                   0.909                   92.3                    
701.60                  701.64                  29.79                   -999.25                 -999.25                 -999.25                 92.3                    
701.70                  701.69                  -999.25                 -999.25                 -999.25                 -999.25                 92.3                    
701.80                  701.79                  -999.25                 61.5                    1.005                   0.890                   92.3                    
701.90                  701.89                  -999.25                 -999.25                 -999.25                 -999.25                 92.3                    
702.00                  701.95                  71.89                   -999.25                 -999.25                 -999.25                 92.3                    
702.10                  702.09                  -999.25                 -999.25                 -999.25                 -999.25                 92.3                    
702.20                  702.19                  -999.25                 68.4                    -999.25                 -999.25                 92.3                    
702.30                  702.25                  37.36                   -999.25                 1.000                   0.872                   92.3                    
702.40                  702.39                  -999.25                 -999.25                 -999.25                 -999.25                 92.3                    
702.50                  702.49                  -999.25                 -999.25                 -999.25                 -999.25                 92.3                    
702.60                  702.56                  36.59                   72.3                    -999.25                 -999.25                 92.3                    
702.70                  702.69                  -999.25                 -999.25                 -999.25                 -999.25                 92.3                    
702.80                  702.79                  -999.25                 -999.25                 0.998                   0.890                   92.3                    
702.90                  702.86                  45.80                   -999.25                 0.997                   0.881                   92.3                    
703.00                  702.99                  -999.25                 -999.25                 -999.25                 -999.25                 92.3                    
703.10                  703.09                  -999.25                 -999.25                 -999.25                 -999.25                 92.3                    
703.20                  703.17                  33.04                   63.2                    -999.25                 -999.25                 92.3                    
703.30                  703.29                  -999.25                 -999.25                 0.987                   0.890                   92.3                    
703.40                  703.39                  -999.25                 72.3                    -999.25                 -999.25                 92.3                    
703.50                  703.47                  26.14                   -999.25                 -999.25                 -999.25                 92.3                    
703.60                  703.59                  -999.25                 66.2                    -999.25                 -999.25                 92.3                    
703.70                  703.69                  -999.25                 -999.25                 -999.25                 -999.25                 92.3                    
703.80                  703.78                  44.07                   -999.25                 0.978                   0.872                   92.3                    
703.90                  703.89                  -999.25                 -999.25                 -999.25                 -999.25                 92.3                    
704.00                  703.99                  -999.25                 -999.25                 0.967                   0.881                   92.3                    
704.10                  704.08                  29.76                   -999.25                 -999.25                 -999.25                 92.3                    
704.20                  704.19                  -999.25                 71.0                    -999.25                 -999.25                 92.3                    
704.30                  704.29                  -999.25                 -999.25                 -999.25                 -999.25                 92.3                    
704.40                  704.39                  33.89                   -999.25                 -999.25                 -999.25                 92.3                    
704.50                  704.49                  -999.25                 71.5                    -999.25                 -999.25                 92.3                    
704.60                  704.59                  -999.25                 -999.25                 0.941                   0.824                   92.3                    
704.70                  704.69                  38.64                   -999.25                 -999.25                 -999.25                 92.3                    
704.80                  704.79                  -999.25                 -999.25                 -999.25                 -999.25                 92.3                    
704.90                  704.89                  -999.25                 -999.25                 -999.25                 -999.25                 92.3                    
705.00                  705.00                  52.21                   61.9                    -999.25                 -999.25                 92.3                    
705.10                  705.09                  -999.25                 -999.25                 -999.25                 -999.25                 92.3                    
705.20                  705.19                  -999.25                 65.4                    -999.25                 -999.25                 92.3                    
705.30                  705.30                  49.76                   -999.25                 -999.25                 -999.25                 92.3                    
705.40                  705.39                  -999.25                 -999.25                 0.938                   0.810                   92.3                    
705.50                  705.49                  -999.25                 -999.25                 -999.25                 -999.25                 92.3                    
705.60                  705.61                  32.70                   -999.25                 -999.25                 -999.25                 92.3                    
705.70                  705.69                  -999.25                 -999.25                 -999.25                 -999.25                 92.3                    
705.80                  705.79                  -999.25                 64.9                    -999.25                 -999.25                 92.3                    
705.90                  705.91                  28.99                   -999.25                 -999.25                 -999.25                 92.3                    
706.00                  705.99                  -999.25                 -999.25                 -999.25                 -999.25                 92.3                    
706.10                  706.09                  -999.25                 -999.25                 -999.25                 -999.25                 92.3                    
706.20                  706.22                  29.70                   -999.25                 -999.25                 -999.25                 92.3                    
706.30                  706.29                  -999.25                 -999.25                 -999.25                 -999.25                 92.3                    
706.40                  706.39                  -999.25                 -999.25                 0.938                   0.854                   92.3                    
706.50                  706.52                  20.36                   -999.25                 -999.25                 -999.25                 92.3                    
706.60                  706.59                  -999.25                 -999.25                 0.938                   0.854                   92.3                    
706.70                  706.69                  -999.25                 -999.25                 -999.25                 -999.25                 92.3                    
706.80                  706.83                  39.64                   -999.25                 -999.25                 -999.25                 92.3                    
706.90                  706.89                  -999.25                 -999.25                 -999.25                 -999.25                 92.3                    
707.00                  706.99                  -999.25                 64.9                    -999.25                 -999.25                 92.3                    
707.10                  707.13                  42.43                   -999.25                 -999.25                 -999.25                 92.3                    
707.20                  707.19                  -999.25                 -999.25                 -999.25                 -999.25                 92.3                    
707.30                  707.29                  -999.25                 -999.25                 -999.25                 -999.25                 92.3                    
707.40                  707.44                  44.18                   -999.25                 0.940                   0.845                   92.3                    
707.50                  707.49                  -999.25                 -999.25                 -999.25                 -999.25                 92.3                    
707.60                  707.59                  -999.25                 -999.25                 -999.25                 -999.25                 92.3                    
707.70                  707.74                  45.18                   63.2                    -999.25                 -999.25                 92.3                    
707.80                  707.79                  -999.25                 -999.25                 0.940                   0.863                   92.3                    
707.90                  707.89                  -999.25                 -999.25                 -999.25                 -999.25                 92.3                    
708.00                  707.99                  -999.25                 63.6                    -999.25                 -999.25                 92.3                    
708.10                  708.05                  37.31                   -999.25                 -999.25                 -999.25                 92.3                    
708.20                  708.19                  -999.25                 -999.25                 -999.25                 -999.25                 92.3                    
708.30                  708.29                  -999.25                 -999.25                 -999.25                 -999.25                 92.3                    
708.40                  708.35                  32.63                   -999.25                 0.942                   0.836                   92.3                    
708.50                  708.49                  -999.25                 -999.25                 -999.25                 -999.25                 92.3                    
708.60                  708.59                  -999.25                 -999.25                 -999.25                 -999.25                 92.3                    
708.70                  708.65                  54.68                   64.9                    -999.25                 -999.25                 92.3                    
708.80                  708.79                  -999.25                 -999.25                 -999.25                 -999.25                 92.3                    
708.90                  708.89                  -999.25                 -999.25                 -999.25                 -999.25                 92.3                    
709.00                  708.96                  27.37                   -999.25                 -999.25                 -999.25                 92.3                    
709.10                  709.09                  -999.25                 -999.25                 -999.25                 -999.25                 92.3                    
709.20                  709.19                  -999.25                 -999.25                 -999.25                 -999.25                 92.3                    
709.30                  709.26                  22.08                   -999.25                 -999.25                 -999.25                 92.3                    
709.40                  709.39                  -999.25                 -999.25                 -999.25                 -999.25                 92.3                    
709.50                  709.49                  -999.25                 -999.25                 -999.25                 -999.25                 92.3                    
709.60                  709.57                  26.38                   -999.25                 -999.25                 -999.25                 92.3                    
709.70                  709.69                  -999.25                 -999.25                 -999.25                 -999.25                 92.3                    
709.80                  709.79                  -999.25                 -999.25                 -999.25                 -999.25                 92.3                    
709.90                  709.87                  30.63                   -999.25                 -999.25                 -999.25                 92.3                    
710.00                  709.99                  -999.25                 -999.25                 -999.25                 -999.25                 92.3                    
710.10                  710.09                  -999.25                 -999.25                 -999.25                 -999.25                 92.3                    
710.20                  710.18                  30.35                   -999.25                 -999.25                 -999.25                 92.3                    
710.30                  710.29                  -999.25                 -999.25                 -999.25                 -999.25                 92.3                    
710.40                  710.39                  -999.25                 -999.25                 -999.25                 -999.25                 92.3                    
710.50                  710.48                  39.86                   -999.25                 0.917                   0.845                   92.3                    
710.60                  710.59                  -999.25                 -999.25                 -999.25                 -999.25                 92.3                    
710.70                  710.69                  -999.25                 -999.25                 -999.25                 -999.25                 92.3                    
710.80                  710.79                  59.61                   -999.25                 0.919                   0.819                   92.3                    
710.90                  710.89                  -999.25                 -999.25                 -999.25                 -999.25                 92.3                    
711.00                  710.99                  -999.25                 -999.25                 -999.25                 -999.25                 92.3                    
711.10                  711.09                  38.73                   -999.25                 -999.25                 -999.25                 92.3                    
711.20                  711.19                  -999.25                 -999.25                 -999.25                 -999.25                 92.3                    
711.30                  711.29                  -999.25                 64.9                    -999.25                 -999.25                 92.3                    
711.40                  711.40                  30.34                   -999.25                 0.919                   0.802                   92.3                    
711.50                  711.49                  -999.25                 -999.25                 -999.25                 -999.25                 92.3                    
711.60                  711.59                  -999.25                 -999.25                 -999.25                 -999.25                 92.3                    
711.70                  711.70                  44.74                   -999.25                 -999.25                 -999.25                 92.3                    
711.80                  711.79                  -999.25                 -999.25                 -999.25                 -999.25                 92.3                    
711.90                  711.89                  -999.25                 -999.25                 -999.25                 -999.25                 92.3                    
712.00                  712.01                  22.06                   63.2                    -999.25                 -999.25                 92.3                    
712.10                  712.09                  -999.25                 -999.25                 -999.25                 -999.25                 92.3                    
712.20                  712.19                  -999.25                 -999.25                 0.924                   0.802                   92.3                    
712.30                  712.31                  18.66                   -999.25                 -999.25                 -999.25                 92.3                    
712.40                  712.39                  -999.25                 -999.25                 -999.25                 -999.25                 92.3                    
712.50                  712.49                  -999.25                 -999.25                 -999.25                 -999.25                 92.3                    
712.60                  712.62                  17.70                   -999.25                 -999.25                 -999.25                 92.3                    
712.70                  712.69                  -999.25                 -999.25                 -999.25                 -999.25                 92.3                    
712.80                  712.79                  -999.25                 58.4                    -999.25                 -999.25                 92.3                    
712.90                  712.92                  19.38                   -999.25                 -999.25                 -999.25                 92.3                    
713.00                  712.99                  -999.25                 -999.25                 0.924                   0.810                   92.3                    
713.10                  713.09                  -999.25                 -999.25                 -999.25                 -999.25                 92.3                    
713.20                  713.23                  15.30                   -999.25                 -999.25                 -999.25                 92.3                    
713.30                  713.29                  -999.25                 -999.25                 -999.25                 -999.25                 92.3                    
713.40                  713.39                  -999.25                 -999.25                 -999.25                 -999.25                 92.3                    
713.50                  713.53                  17.30                   -999.25                 0.918                   0.819                   92.3                    
713.60                  713.59                  -999.25                 -999.25                 -999.25                 -999.25                 92.3                    
713.70                  713.69                  -999.25                 -999.25                 -999.25                 -999.25                 92.3                    
713.80                  713.84                  25.17                   -999.25                 -999.25                 -999.25                 92.3                    
713.90                  713.89                  -999.25                 -999.25                 -999.25                 -999.25                 92.3                    
714.00                  713.99                  -999.25                 64.9                    -999.25                 -999.25                 92.3                    
714.10                  714.14                  36.81                   -999.25                 -999.25                 -999.25                 92.3                    
714.20                  714.19                  -999.25                 -999.25                 0.910                   0.819                   92.3                    
714.30                  714.29                  -999.25                 -999.25                 -999.25                 -999.25                 92.3                    
714.40                  714.39                  -999.25                 -999.25                 -999.25                 -999.25                 92.3                    
714.50                  714.45                  34.03                   60.6                    -999.25                 -999.25                 92.3                    
714.60                  714.59                  -999.25                 -999.25                 -999.25                 -999.25                 92.3                    
714.70                  714.69                  -999.25                 -999.25                 -999.25                 -999.25                 92.3                    
714.80                  714.75                  42.58                   -999.25                 -999.25                 -999.25                 92.3                    
714.90                  714.89                  -999.25                 -999.25                 -999.25                 -999.25                 92.3                    
715.00                  714.99                  -999.25                 -999.25                 -999.25                 -999.25                 92.3                    
715.10                  715.06                  46.34                   -999.25                 -999.25                 -999.25                 92.3                    
715.20                  715.19                  -999.25                 -999.25                 0.975                   0.828                   92.3                    
715.30                  715.29                  -999.25                 -999.25                 -999.25                 -999.25                 92.3                    
715.40                  715.36                  49.86                   -999.25                 1.066                   0.909                   92.3                    
715.50                  715.49                  -999.25                 61.9                    -999.25                 -999.25                 92.3                    
715.60                  715.59                  -999.25                 -999.25                 -999.25                 -999.25                 92.3                    
715.70                  715.66                  30.95                   -999.25                 -999.25                 -999.25                 92.3                    
715.80                  715.79                  -999.25                 -999.25                 -999.25                 -999.25                 92.3                    
715.90                  715.89                  -999.25                 -999.25                 -999.25                 -999.25                 92.3                    
716.00                  715.97                  39.70                   62.8                    -999.25                 -999.25                 92.3                    
716.10                  716.09                  -999.25                 -999.25                 -999.25                 -999.25                 92.3                    
716.20                  716.19                  -999.25                 -999.25                 -999.25                 -999.25                 92.3                    
716.30                  716.27                  61.42                   -999.25                 -999.25                 -999.25                 92.3                    
716.40                  716.39                  -999.25                 -999.25                 -999.25                 -999.25                 92.3                    
716.50                  716.49                  -999.25                 -999.25                 -999.25                 -999.25                 92.3                    
716.60                  716.58                  53.77                   -999.25                 -999.25                 -999.25                 92.3                    
716.70                  716.69                  -999.25                 -999.25                 -999.25                 -999.25                 92.3                    
716.80                  716.79                  -999.25                 -999.25                 -999.25                 -999.25                 92.3                    
716.90                  716.88                  40.28                   -999.25                 -999.25                 -999.25                 92.3                    
717.00                  716.99                  -999.25                 -999.25                 1.085                   0.872                   92.3                    
717.10                  717.09                  -999.25                 -999.25                 -999.25                 -999.25                 92.3                    
717.20                  717.19                  42.49                   -999.25                 1.047                   0.872                   92.3                    
717.30                  717.29                  -999.25                 -999.25                 -999.25                 -999.25                 92.3                    
717.40                  717.39                  -999.25                 -999.25                 -999.25                 -999.25                 92.3                    
717.50                  717.49                  22.44                   -999.25                 -999.25                 -999.25                 92.3                    
717.60                  717.59                  -999.25                 -999.25                 -999.25                 -999.25                 92.3                    
717.70                  717.69                  -999.25                 -999.25                 -999.25                 -999.25                 92.3                    
717.80                  717.80                  18.96                   69.7                    -999.25                 -999.25                 92.3                    
717.90                  717.89                  -999.25                 -999.25                 -999.25                 -999.25                 92.3                    
718.00                  717.99                  -999.25                 -999.25                 -999.25                 -999.25                 92.3                    
718.10                  718.10                  18.50                   -999.25                 -999.25                 -999.25                 92.3                    
718.20                  718.19                  -999.25                 -999.25                 -999.25                 -999.25                 92.3                    
718.30                  718.29                  -999.25                 -999.25                 -999.25                 -999.25                 92.3                    
718.40                  718.41                  17.06                   -999.25                 1.082                   1.019                   92.3                    
718.50                  718.49                  -999.25                 -999.25                 -999.25                 -999.25                 92.3                    
718.60                  718.59                  -999.25                 -999.25                 -999.25                 -999.25                 92.3                    
718.70                  718.71                  22.76                   81.9                    1.093                   0.938                   92.3                    
718.80                  718.79                  -999.25                 -999.25                 -999.25                 -999.25                 92.3                    
718.90                  718.89                  -999.25                 -999.25                 -999.25                 -999.25                 92.3                    
719.00                  719.02                  32.03                   84.5                    -999.25                 -999.25                 92.3                    
719.10                  719.09                  -999.25                 -999.25                 -999.25                 -999.25                 92.3                    
719.20                  719.19                  -999.25                 -999.25                 1.072                   0.938                   92.3                    
719.30                  719.32                  48.34                   -999.25                 -999.25                 -999.25                 92.3                    
719.40                  719.39                  -999.25                 -999.25                 -999.25                 -999.25                 92.3                    
719.50                  719.49                  -999.25                 -999.25                 -999.25                 -999.25                 92.3                    
719.60                  719.63                  58.60                   72.8                    -999.25                 -999.25                 92.3                    
719.70                  719.69                  -999.25                 -999.25                 -999.25                 -999.25                 92.3                    
719.80                  719.79                  -999.25                 -999.25                 -999.25                 -999.25                 92.3                    
719.90                  719.93                  62.61                   -999.25                 -999.25                 -999.25                 92.3                    
720.00                  719.99                  -999.25                 -999.25                 -999.25                 -999.25                 92.3                    
720.10                  720.09                  -999.25                 -999.25                 -999.25                 -999.25                 92.3                    
720.20                  720.24                  48.62                   -999.25                 -999.25                 -999.25                 92.3                    
720.30                  720.29                  -999.25                 -999.25                 -999.25                 -999.25                 92.3                    
720.40                  720.39                  -999.25                 64.9                    -999.25                 -999.25                 92.3                    
720.50                  720.54                  37.76                   -999.25                 -999.25                 -999.25                 92.3                    
720.60                  720.59                  -999.25                 -999.25                 -999.25                 -999.25                 92.3                    
720.70                  720.69                  -999.25                 -999.25                 -999.25                 -999.25                 92.3                    
720.80                  720.79                  -999.25                 -999.25                 -999.25                 -999.25                 92.3                    
720.90                  720.85                  33.56                   -999.25                 -999.25                 -999.25                 92.3                    
721.00                  720.99                  -999.25                 -999.25                 -999.25                 -999.25                 92.3                    
721.10                  721.09                  -999.25                 68.0                    -999.25                 -999.25                 92.3                    
721.20                  721.15                  38.98                   -999.25                 -999.25                 -999.25                 92.3                    
721.30                  721.29                  -999.25                 -999.25                 0.997                   0.909                   92.3                    
721.40                  721.39                  -999.25                 -999.25                 -999.25                 -999.25                 92.3                    
721.50                  721.46                  38.73                   64.1                    -999.25                 -999.25                 92.3                    
721.60                  721.59                  -999.25                 -999.25                 -999.25                 -999.25                 92.3                    
721.70                  721.69                  -999.25                 -999.25                 -999.25                 -999.25                 92.3                    
721.80                  721.76                  49.13                   -999.25                 -999.25                 -999.25                 92.3                    
721.90                  721.89                  -999.25                 -999.25                 -999.25                 -999.25                 92.3                    
722.00                  721.99                  -999.25                 -999.25                 -999.25                 -999.25                 92.3                    
722.10                  722.07                  61.85                   -999.25                 -999.25                 -999.25                 92.3                    
722.20                  722.19                  -999.25                 -999.25                 0.980                   0.836                   92.3                    
722.30                  722.29                  -999.25                 -999.25                 -999.25                 -999.25                 92.3                    
722.40                  722.37                  72.26                   -999.25                 -999.25                 -999.25                 92.3                    
722.50                  722.49                  -999.25                 -999.25                 -999.25                 -999.25                 92.3                    
722.60                  722.59                  -999.25                 -999.25                 -999.25                 -999.25                 92.3                    
722.70                  722.67                  65.61                   -999.25                 -999.25                 -999.25                 92.3                    
722.80                  722.79                  -999.25                 73.2                    -999.25                 -999.25                 92.3                    
722.90                  722.89                  -999.25                 -999.25                 0.958                   0.819                   92.3                    
723.00                  722.98                  36.21                   -999.25                 -999.25                 -999.25                 92.3                    
723.10                  723.09                  -999.25                 -999.25                 -999.25                 -999.25                 92.3                    
723.20                  723.19                  -999.25                 -999.25                 -999.25                 -999.25                 92.3                    
723.30                  723.28                  42.44                   -999.25                 -999.25                 -999.25                 92.3                    
723.40                  723.39                  -999.25                 -999.25                 -999.25                 -999.25                 92.3                    
723.50                  723.49                  -999.25                 -999.25                 -999.25                 -999.25                 92.3                    
723.60                  723.59                  31.97                   -999.25                 -999.25                 -999.25                 92.3                    
723.70                  723.69                  -999.25                 -999.25                 0.953                   0.802                   92.3                    
723.80                  723.79                  -999.25                 -999.25                 -999.25                 -999.25                 92.3                    
723.90                  723.89                  22.02                   -999.25                 -999.25                 -999.25                 92.3                    
724.00                  723.99                  -999.25                 -999.25                 -999.25                 -999.25                 92.3                    
724.10                  724.09                  -999.25                 -999.25                 0.958                   0.819                   92.3                    
724.20                  724.20                  21.94                   72.3                    -999.25                 -999.25                 92.3                    
724.30                  724.29                  -999.25                 -999.25                 -999.25                 -999.25                 92.3                    
724.40                  724.39                  -999.25                 -999.25                 -999.25                 -999.25                 92.3                    
724.50                  724.50                  19.18                   -999.25                 -999.25                 -999.25                 92.3                    
724.60                  724.59                  -999.25                 -999.25                 -999.25                 -999.25                 92.3                    
724.70                  724.69                  -999.25                 -999.25                 -999.25                 -999.25                 92.3                    
724.80                  724.81                  20.32                   66.2                    -999.25                 -999.25                 92.3                    
724.90                  724.89                  -999.25                 -999.25                 0.958                   0.828                   92.3                    
725.00                  724.99                  -999.25                 -999.25                 -999.25                 -999.25                 92.3                    
725.10                  725.11                  15.04                   -999.25                 -999.25                 -999.25                 92.3                    
725.20                  725.19                  -999.25                 -999.25                 -999.25                 -999.25                 92.3                    
725.30                  725.29                  -999.25                 -999.25                 -999.25                 -999.25                 92.3                    
725.40                  725.42                  16.68                   -999.25                 -999.25                 -999.25                 92.3                    
725.50                  725.49                  -999.25                 -999.25                 0.957                   0.836                   92.3                    
725.60                  725.59                  -999.25                 -999.25                 -999.25                 -999.25                 92.3                    
725.70                  725.72                  13.12                   -999.25                 -999.25                 -999.25                 92.3                    
725.80                  725.79                  -999.25                 71.0                    -999.25                 -999.25                 92.3                    
725.90                  725.89                  -999.25                 -999.25                 -999.25                 -999.25                 92.3                    
726.00                  726.03                  10.09                   -999.25                 -999.25                 -999.25                 92.3                    
726.10                  726.09                  -999.25                 66.2                    -999.25                 -999.25                 92.3                    
726.20                  726.19                  -999.25                 -999.25                 -999.25                 -999.25                 92.3                    
726.30                  726.33                  47.59                   -999.25                 -999.25                 -999.25                 92.3                    
726.40                  726.39                  -999.25                 -999.25                 1.027                   0.794                   92.3                    
726.50                  726.49                  -999.25                 -999.25                 -999.25                 -999.25                 92.3                    
726.60                  726.64                  101.81                  -999.25                 -999.25                 -999.25                 92.3                    
726.70                  726.69                  -999.25                 60.1                    1.169                   1.118                   92.3                    
726.80                  726.79                  -999.25                 55.8                    -999.25                 -999.25                 92.3                    
726.90                  726.94                  68.04                   -999.25                 -999.25                 -999.25                 92.3                    
727.00                  726.99                  -999.25                 -999.25                 1.029                   0.828                   92.3                    
727.10                  727.09                  -999.25                 55.8                    -999.25                 -999.25                 92.3                    
727.20                  727.19                  -999.25                 -999.25                 -999.25                 -999.25                 92.3                    
727.30                  727.25                  91.23                   -999.25                 -999.25                 -999.25                 92.3                    
727.40                  727.39                  -999.25                 -999.25                 -999.25                 -999.25                 92.3                    
727.50                  727.49                  -999.25                 -999.25                 -999.25                 -999.25                 92.3                    
727.60                  727.55                  103.81                  -999.25                 -999.25                 -999.25                 92.3                    
727.70                  727.69                  -999.25                 -999.25                 -999.25                 -999.25                 92.3                    
727.80                  727.79                  -999.25                 -999.25                 -999.25                 -999.25                 92.3                    
727.90                  727.86                  53.64                   -999.25                 -999.25                 -999.25                 92.3                    
728.00                  727.99                  -999.25                 -999.25                 -999.25                 -999.25                 92.3                    
728.10                  728.09                  -999.25                 -999.25                 -999.25                 -999.25                 92.3                    
728.20                  728.16                  42.37                   -999.25                 -999.25                 -999.25                 92.3                    
728.30                  728.29                  -999.25                 -999.25                 -999.25                 -999.25                 92.3                    
728.40                  728.39                  -999.25                 -999.25                 -999.25                 -999.25                 92.3                    
728.50                  728.47                  32.95                   -999.25                 -999.25                 -999.25                 92.3                    
728.60                  728.59                  -999.25                 -999.25                 -999.25                 -999.25                 92.3                    
728.70                  728.69                  -999.25                 -999.25                 -999.25                 -999.25                 92.3                    
728.80                  728.77                  66.27                   -999.25                 -999.25                 -999.25                 92.3                    
728.90                  728.89                  -999.25                 -999.25                 -999.25                 -999.25                 92.3                    
729.00                  728.99                  -999.25                 -999.25                 -999.25                 -999.25                 92.3                    
729.10                  729.08                  79.11                   -999.25                 -999.25                 -999.25                 92.3                    
729.20                  729.19                  -999.25                 -999.25                 -999.25                 -999.25                 92.3                    
729.30                  729.29                  -999.25                 -999.25                 -999.25                 -999.25                 92.3                    
729.40                  729.38                  51.27                   -999.25                 -999.25                 -999.25                 92.3                    
729.50                  729.49                  -999.25                 -999.25                 -999.25                 -999.25                 92.3                    
729.60                  729.59                  -999.25                 -999.25                 -999.25                 -999.25                 92.3                    
729.70                  729.68                  37.65                   -999.25                 -999.25                 -999.25                 92.3                    
729.80                  729.79                  -999.25                 -999.25                 -999.25                 -999.25                 92.3                    
729.90                  729.89                  -999.25                 -999.25                 -999.25                 -999.25                 92.3                    
730.00                  729.99                  25.77                   -999.25                 -999.25                 -999.25                 92.3                    
730.10                  730.09                  -999.25                 -999.25                 -999.25                 -999.25                 92.3                    
730.20                  730.19                  -999.25                 -999.25                 -999.25                 -999.25                 92.3                    
730.30                  730.29                  13.55                   42.3                    -999.25                 -999.25                 92.3                    
730.40                  730.39                  -999.25                 -999.25                 -999.25                 -999.25                 92.3                    
730.50                  730.49                  -999.25                 -999.25                 -999.25                 -999.25                 92.3                    
730.60                  730.60                  14.18                   -999.25                 1.273                   1.118                   92.3                    
730.70                  730.69                  -999.25                 -999.25                 -999.25                 -999.25                 92.3                    
730.80                  730.79                  -999.25                 -999.25                 -999.25                 -999.25                 92.3                    
730.90                  730.90                  16.82                   -999.25                 -999.25                 -999.25                 92.3                    
731.00                  730.99                  -999.25                 -999.25                 -999.25                 -999.25                 92.3                    
731.10                  731.09                  -999.25                 -999.25                 -999.25                 -999.25                 92.3                    
731.20                  731.21                  10.38                   43.2                    -999.25                 -999.25                 92.3                    
731.30                  731.29                  -999.25                 -999.25                 -999.25                 -999.25                 92.3                    
731.40                  731.39                  -999.25                 -999.25                 -999.25                 -999.25                 92.3                    
731.50                  731.51                  12.84                   -999.25                 -999.25                 -999.25                 92.3                    
731.60                  731.59                  -999.25                 -999.25                 -999.25                 -999.25                 92.3                    
731.70                  731.69                  -999.25                 -999.25                 -999.25                 -999.25                 92.3                    
731.80                  731.82                  12.80                   -999.25                 -999.25                 -999.25                 92.3                    
731.90                  731.89                  -999.25                 -999.25                 -999.25                 -999.25                 92.3                    
732.00                  731.99                  -999.25                 -999.25                 -999.25                 -999.25                 92.3                    
732.10                  732.12                  12.75                   -999.25                 -999.25                 -999.25                 92.3                    
732.20                  732.19                  -999.25                 -999.25                 -999.25                 -999.25                 92.3                    
732.30                  732.29                  -999.25                 61.5                    -999.25                 -999.25                 92.3                    
732.40                  732.43                  13.91                   -999.25                 1.063                   0.863                   92.3                    
732.50                  732.49                  -999.25                 -999.25                 -999.25                 -999.25                 92.3                    
732.60                  732.59                  -999.25                 -999.25                 -999.25                 -999.25                 92.3                    
732.70                  732.73                  13.19                   58.0                    -999.25                 -999.25                 92.3                    
732.80                  732.79                  -999.25                 -999.25                 -999.25                 -999.25                 92.3                    
732.90                  732.89                  -999.25                 -999.25                 1.017                   0.845                   92.3                    
733.00                  733.04                  19.50                   -999.25                 -999.25                 -999.25                 92.3                    
733.10                  733.09                  -999.25                 -999.25                 -999.25                 -999.25                 92.3                    
733.20                  733.19                  -999.25                 -999.25                 -999.25                 -999.25                 92.3                    
733.30                  733.34                  23.15                   -999.25                 -999.25                 -999.25                 92.3                    
733.40                  733.39                  -999.25                 62.8                    -999.25                 -999.25                 92.3                    
733.50                  733.49                  -999.25                 -999.25                 0.971                   0.810                   92.3                    
733.60                  733.59                  -999.25                 -999.25                 -999.25                 -999.25                 92.3                    
733.70                  733.65                  18.38                   -999.25                 -999.25                 -999.25                 92.3                    
733.80                  733.79                  -999.25                 62.3                    -999.25                 -999.25                 92.3                    
733.90                  733.89                  -999.25                 -999.25                 -999.25                 -999.25                 92.3                    
734.00                  733.95                  16.64                   -999.25                 -999.25                 -999.25                 92.3                    
734.10                  734.09                  -999.25                 -999.25                 -999.25                 -999.25                 92.3                    
734.20                  734.19                  -999.25                 -999.25                 -999.25                 -999.25                 92.3                    
734.30                  734.26                  21.16                   -999.25                 -999.25                 -999.25                 92.3                    
734.40                  734.39                  -999.25                 -999.25                 1.001                   0.819                   92.3                    
734.50                  734.49                  -999.25                 -999.25                 -999.25                 -999.25                 92.3                    
734.60                  734.56                  20.90                   61.0                    -999.25                 -999.25                 92.3                    
734.70                  734.69                  -999.25                 -999.25                 -999.25                 -999.25                 92.3                    
734.80                  734.79                  -999.25                 -999.25                 -999.25                 -999.25                 92.3                    
734.90                  734.87                  19.47                   -999.25                 -999.25                 -999.25                 92.3                    
735.00                  734.99                  -999.25                 -999.25                 -999.25                 -999.25                 92.3                    
735.10                  735.09                  -999.25                 -999.25                 1.067                   0.872                   92.3                    
735.20                  735.17                  20.58                   -999.25                 -999.25                 -999.25                 92.3                    
735.30                  735.29                  -999.25                 -999.25                 -999.25                 -999.25                 92.3                    
735.40                  735.39                  -999.25                 -999.25                 1.167                   1.019                   92.3                    
735.50                  735.48                  14.55                   54.0                    -999.25                 -999.25                 92.3                    
735.60                  735.59                  -999.25                 -999.25                 -999.25                 -999.25                 92.3                    
735.70                  735.69                  -999.25                 -999.25                 -999.25                 -999.25                 92.3                    
735.80                  735.78                  14.71                   -999.25                 -999.25                 -999.25                 92.3                    
735.90                  735.89                  -999.25                 -999.25                 -999.25                 -999.25                 92.3                    
736.00                  735.99                  -999.25                 -999.25                 -999.25                 -999.25                 92.3                    
736.10                  736.09                  19.43                   65.4                    1.142                   0.977                   92.3                    
736.20                  736.19                  -999.25                 -999.25                 -999.25                 -999.25                 92.3                    
736.30                  736.29                  -999.25                 -999.25                 -999.25                 -999.25                 92.3                    
736.40                  736.39                  26.97                   -999.25                 -999.25                 -999.25                 92.3                    
736.50                  736.49                  -999.25                 62.8                    1.109                   0.948                   92.3                    
736.60                  736.59                  -999.25                 -999.25                 -999.25                 -999.25                 92.3                    
736.70                  736.70                  27.49                   -999.25                 -999.25                 -999.25                 92.3                    
736.80                  736.79                  -999.25                 -999.25                 -999.25                 -999.25                 92.3                    
736.90                  736.89                  -999.25                 -999.25                 1.063                   0.928                   92.3                    
737.00                  737.00                  35.79                   63.6                    -999.25                 -999.25                 92.3                    
737.10                  737.09                  -999.25                 -999.25                 -999.25                 -999.25                 92.3                    
737.20                  737.19                  -999.25                 -999.25                 -999.25                 -999.25                 92.3                    
737.30                  737.30                  44.88                   -999.25                 -999.25                 -999.25                 92.3                    
737.40                  737.39                  -999.25                 -999.25                 -999.25                 -999.25                 92.3                    
737.50                  737.49                  -999.25                 -999.25                 -999.25                 -999.25                 92.3                    
737.60                  737.61                  49.88                   -999.25                 -999.25                 -999.25                 92.3                    
737.70                  737.69                  -999.25                 -999.25                 1.022                   0.810                   92.3                    
737.80                  737.79                  -999.25                 -999.25                 -999.25                 -999.25                 92.3                    
737.90                  737.91                  60.28                   -999.25                 -999.25                 -999.25                 92.3                    
738.00                  737.99                  -999.25                 -999.25                 -999.25                 -999.25                 92.3                    
738.10                  738.09                  -999.25                 -999.25                 -999.25                 -999.25                 92.3                    
738.20                  738.22                  64.18                   -999.25                 -999.25                 -999.25                 92.3                    
738.30                  738.29                  -999.25                 -999.25                 -999.25                 -999.25                 92.3                    
738.40                  738.39                  -999.25                 -999.25                 -999.25                 -999.25                 92.3                    
738.50                  738.52                  50.74                   -999.25                 -999.25                 -999.25                 92.3                    
738.60                  738.59                  -999.25                 -999.25                 -999.25                 -999.25                 92.3                    
738.70                  738.69                  -999.25                 -999.25                 -999.25                 -999.25                 92.3                    
738.80                  738.83                  71.19                   -999.25                 -999.25                 -999.25                 92.3                    
738.90                  738.89                  -999.25                 65.4                    -999.25                 -999.25                 92.3                    
739.00                  738.99                  -999.25                 -999.25                 -999.25                 -999.25                 92.3                    
739.10                  739.13                  32.79                   -999.25                 -999.25                 -999.25                 92.3                    
739.20                  739.19                  -999.25                 -999.25                 -999.25                 -999.25                 92.3                    
739.30                  739.29                  -999.25                 67.6                    -999.25                 -999.25                 92.3                    
739.40                  739.44                  22.56                   -999.25                 -999.25                 -999.25                 92.3                    
739.50                  739.49                  -999.25                 -999.25                 -999.25                 -999.25                 92.3                    
739.60                  739.59                  -999.25                 -999.25                 -999.25                 -999.25                 92.3                    
739.70                  739.74                  16.69                   -999.25                 0.986                   0.836                   92.3                    
739.80                  739.79                  -999.25                 -999.25                 -999.25                 -999.25                 92.3                    
739.90                  739.89                  -999.25                 -999.25                 -999.25                 -999.25                 92.3                    
740.00                  739.99                  -999.25                 -999.25                 0.975                   0.828                   92.3                    
740.10                  740.05                  19.12                   64.9                    -999.25                 -999.25                 92.3                    
740.20                  740.19                  -999.25                 -999.25                 -999.25                 -999.25                 92.3                    
740.30                  740.29                  -999.25                 68.0                    -999.25                 -999.25                 92.3                    
740.40                  740.35                  20.20                   -999.25                 -999.25                 -999.25                 92.3                    
740.50                  740.49                  -999.25                 -999.25                 0.963                   0.854                   92.3                    
740.60                  740.59                  -999.25                 -999.25                 -999.25                 -999.25                 92.3                    
740.70                  740.66                  25.52                   -999.25                 -999.25                 -999.25                 92.3                    
740.80                  740.79                  -999.25                 -999.25                 -999.25                 -999.25                 92.3                    
740.90                  740.89                  -999.25                 -999.25                 -999.25                 -999.25                 92.3                    
741.00                  740.96                  42.99                   -999.25                 -999.25                 -999.25                 92.3                    
741.10                  741.09                  -999.25                 -999.25                 -999.25                 -999.25                 92.3                    
741.20                  741.19                  -999.25                 -999.25                 -999.25                 -999.25                 92.3                    
741.30                  741.27                  40.78                   -999.25                 -999.25                 -999.25                 92.3                    
741.40                  741.39                  -999.25                 -999.25                 -999.25                 -999.25                 92.3                    
741.50                  741.49                  -999.25                 -999.25                 0.955                   0.828                   92.3                    
741.60                  741.57                  26.77                   -999.25                 -999.25                 -999.25                 92.3                    
741.70                  741.69                  -999.25                 66.2                    -999.25                 -999.25                 92.3                    
741.80                  741.79                  -999.25                 -999.25                 -999.25                 -999.25                 92.3                    
741.90                  741.88                  27.85                   -999.25                 -999.25                 -999.25                 92.3                    
742.00                  741.99                  -999.25                 -999.25                 -999.25                 -999.25                 92.3                    
742.10                  742.09                  -999.25                 -999.25                 -999.25                 -999.25                 92.3                    
742.20                  742.18                  40.65                   -999.25                 -999.25                 -999.25                 92.3                    
742.30                  742.29                  -999.25                 -999.25                 -999.25                 -999.25                 92.3                    
742.40                  742.39                  -999.25                 -999.25                 -999.25                 -999.25                 92.3                    
742.50                  742.49                  34.97                   -999.25                 -999.25                 -999.25                 92.3                    
742.60                  742.59                  -999.25                 -999.25                 -999.25                 -999.25                 92.3                    
742.70                  742.69                  -999.25                 63.6                    0.958                   0.836                   92.3                    
742.80                  742.79                  50.49                   -999.25                 -999.25                 -999.25                 92.3                    
742.90                  742.89                  -999.25                 -999.25                 -999.25                 -999.25                 92.3                    
743.00                  742.99                  -999.25                 -999.25                 -999.25                 -999.25                 92.3                    
743.10                  743.10                  34.83                   -999.25                 -999.25                 -999.25                 92.3                    
743.20                  743.19                  -999.25                 -999.25                 -999.25                 -999.25                 92.3                    
743.30                  743.29                  -999.25                 -999.25                 -999.25                 -999.25                 92.3                    
743.40                  743.40                  29.25                   62.3                    0.963                   0.828                   92.3                    
743.50                  743.49                  -999.25                 -999.25                 -999.25                 -999.25                 92.3                    
743.60                  743.59                  -999.25                 -999.25                 -999.25                 -999.25                 92.3                    
743.70                  743.71                  23.93                   64.9                    -999.25                 -999.25                 92.5                    
743.80                  743.79                  -999.25                 -999.25                 -999.25                 -999.25                 92.7                    
743.90                  743.89                  -999.25                 -999.25                 0.960                   0.836                   92.9                    
744.00                  744.01                  51.03                   -999.25                 -999.25                 -999.25                 93.2                    
744.10                  744.09                  -999.25                 -999.25                 -999.25                 -999.25                 93.4                    
744.20                  744.19                  -999.25                 -999.25                 -999.25                 -999.25                 93.7                    
744.30                  744.31                  32.30                   66.7                    -999.25                 -999.25                 93.9                    
744.40                  744.39                  -999.25                 -999.25                 -999.25                 -999.25                 94.2                    
744.50                  744.49                  -999.25                 -999.25                 -999.25                 -999.25                 94.4                    
744.60                  744.62                  53.70                   -999.25                 -999.25                 -999.25                 94.7                    
744.70                  744.69                  -999.25                 -999.25                 -999.25                 -999.25                 94.9                    
744.80                  744.79                  -999.25                 -999.25                 -999.25                 -999.25                 95.1                    
744.90                  744.92                  59.42                   -999.25                 -999.25                 -999.25                 95.4                    
745.00                  744.99                  -999.25                 -999.25                 -999.25                 -999.25                 95.6                    
745.10                  745.09                  -999.25                 -999.25                 -999.25                 -999.25                 95.9                    
745.20                  745.23                  49.69                   -999.25                 0.929                   0.802                   96.1                    
745.30                  745.29                  -999.25                 -999.25                 -999.25                 -999.25                 96.4                    
745.40                  745.39                  -999.25                 -999.25                 -999.25                 -999.25                 96.4                    
745.50                  745.53                  38.62                   -999.25                 -999.25                 -999.25                 96.4                    
745.60                  745.59                  -999.25                 -999.25                 -999.25                 -999.25                 96.4                    
745.70                  745.69                  -999.25                 -999.25                 0.920                   0.777                   96.4                    
745.80                  745.84                  33.20                   -999.25                 -999.25                 -999.25                 96.4                    
745.90                  745.89                  -999.25                 -999.25                 -999.25                 -999.25                 96.4                    
746.00                  745.99                  -999.25                 -999.25                 -999.25                 -999.25                 96.4                    
746.10                  746.09                  -999.25                 78.0                    -999.25                 -999.25                 96.4                    
746.20                  746.14                  38.38                   -999.25                 -999.25                 -999.25                 96.4                    
746.30                  746.29                  -999.25                 -999.25                 -999.25                 -999.25                 96.4                    
746.40                  746.39                  -999.25                 -999.25                 -999.25                 -999.25                 96.4                    
746.50                  746.45                  22.93                   -999.25                 0.900                   0.854                   96.4                    
746.60                  746.59                  -999.25                 -999.25                 -999.25                 -999.25                 96.4                    
746.70                  746.69                  -999.25                 -999.25                 -999.25                 -999.25                 96.4                    
746.80                  746.75                  17.42                   75.0                    -999.25                 -999.25                 96.3                    
746.90                  746.89                  -999.25                 68.0                    -999.25                 -999.25                 96.2                    
747.00                  746.99                  -999.25                 -999.25                 -999.25                 -999.25                 96.1                    
747.10                  747.06                  16.91                   -999.25                 -999.25                 -999.25                 96.1                    
747.20                  747.19                  -999.25                 -999.25                 0.890                   0.777                   96.0                    
747.30                  747.29                  -999.25                 -999.25                 0.883                   0.616                   95.9                    
747.40                  747.36                  15.85                   -999.25                 -999.25                 -999.25                 95.9                    
747.50                  747.49                  -999.25                 58.4                    -999.25                 -999.25                 95.8                    
747.60                  747.59                  -999.25                 -999.25                 -999.25                 -999.25                 95.7                    
747.70                  747.67                  21.55                   -999.25                 0.887                   0.745                   95.6                    
747.80                  747.79                  -999.25                 61.9                    0.891                   0.777                   95.6                    
747.90                  747.89                  -999.25                 -999.25                 -999.25                 -999.25                 95.5                    
748.00                  747.97                  30.66                   61.0                    -999.25                 -999.25                 95.4                    
748.10                  748.09                  -999.25                 -999.25                 -999.25                 -999.25                 95.4                    
748.20                  748.19                  -999.25                 -999.25                 -999.25                 -999.25                 95.3                    
748.30                  748.28                  36.67                   55.4                    -999.25                 -999.25                 95.2                    
748.40                  748.39                  -999.25                 -999.25                 -999.25                 -999.25                 95.2                    
748.50                  748.49                  -999.25                 -999.25                 0.887                   0.785                   95.1                    
748.60                  748.58                  44.22                   -999.25                 -999.25                 -999.25                 95.0                    
748.70                  748.69                  -999.25                 -999.25                 -999.25                 -999.25                 94.9                    
748.80                  748.79                  -999.25                 -999.25                 0.890                   0.769                   94.9                    
748.90                  748.89                  64.07                   -999.25                 -999.25                 -999.25                 94.8                    
749.00                  748.99                  -999.25                 -999.25                 -999.25                 -999.25                 94.7                    
749.10                  749.09                  -999.25                 -999.25                 -999.25                 -999.25                 94.7                    
749.20                  749.19                  153.39                  -999.25                 0.890                   0.777                   94.6                    
749.30                  749.29                  -999.25                 -999.25                 -999.25                 -999.25                 94.5                    
749.40                  749.39                  -999.25                 51.4                    -999.25                 -999.25                 94.5                    
749.50                  749.50                  96.53                   -999.25                 -999.25                 -999.25                 94.4                    
749.60                  749.59                  -999.25                 -999.25                 -999.25                 -999.25                 94.3                    
749.70                  749.69                  -999.25                 57.5                    0.888                   0.761                   94.3                    
749.80                  749.80                  80.24                   -999.25                 0.887                   0.769                   94.3                    
749.90                  749.89                  -999.25                 -999.25                 -999.25                 -999.25                 94.3                    
750.00                  749.99                  -999.25                 55.8                    -999.25                 -999.25                 94.3                    
750.10                  750.11                  78.87                   -999.25                 -999.25                 -999.25                 94.3                    
750.20                  750.19                  -999.25                 -999.25                 -999.25                 -999.25                 94.3                    
750.30                  750.29                  -999.25                 -999.25                 0.893                   0.769                   94.3                    
750.40                  750.41                  62.26                   54.0                    -999.25                 -999.25                 94.3                    
750.50                  750.49                  -999.25                 -999.25                 -999.25                 -999.25                 94.3                    
750.60                  750.59                  -999.25                 -999.25                 -999.25                 -999.25                 94.3                    
750.70                  750.72                  45.59                   -999.25                 -999.25                 -999.25                 94.3                    
750.80                  750.79                  -999.25                 -999.25                 -999.25                 -999.25                 94.3                    
750.90                  750.89                  -999.25                 -999.25                 -999.25                 -999.25                 94.3                    
751.00                  751.02                  31.13                   52.7                    -999.25                 -999.25                 94.3                    
751.10                  751.09                  -999.25                 -999.25                 -999.25                 -999.25                 94.3                    
751.20                  751.19                  -999.25                 -999.25                 -999.25                 -999.25                 94.3                    
751.30                  751.33                  32.63                   -999.25                 0.883                   0.777                   94.3                    
751.40                  751.39                  -999.25                 -999.25                 -999.25                 -999.25                 94.3                    
751.50                  751.49                  -999.25                 -999.25                 -999.25                 -999.25                 94.3                    
751.60                  751.63                  54.10                   -999.25                 -999.25                 -999.25                 94.3                    
751.70                  751.69                  -999.25                 -999.25                 -999.25                 -999.25                 94.3                    
751.80                  751.79                  -999.25                 -999.25                 -999.25                 -999.25                 94.3                    
751.90                  751.93                  36.62                   -999.25                 -999.25                 -999.25                 94.3                    
752.00                  751.99                  -999.25                 -999.25                 -999.25                 -999.25                 94.3                    
752.10                  752.09                  -999.25                 58.4                    0.875                   0.753                   94.3                    
752.20                  752.24                  45.60                   -999.25                 -999.25                 -999.25                 94.3                    
752.30                  752.29                  -999.25                 -999.25                 0.876                   0.745                   94.3                    
752.40                  752.39                  -999.25                 -999.25                 -999.25                 -999.25                 94.3                    
752.50                  752.49                  -999.25                 -999.25                 -999.25                 -999.25                 94.3                    
752.60                  752.54                  36.30                   61.0                    -999.25                 -999.25                 94.3                    
752.70                  752.69                  -999.25                 58.4                    -999.25                 -999.25                 94.3                    
752.80                  752.79                  -999.25                 -999.25                 -999.25                 -999.25                 94.3                    
752.90                  752.85                  31.86                   -999.25                 -999.25                 -999.25                 94.3                    
753.00                  752.99                  -999.25                 -999.25                 -999.25                 -999.25                 94.3                    
753.10                  753.09                  -999.25                 -999.25                 -999.25                 -999.25                 94.3                    
753.20                  753.15                  33.64                   -999.25                 0.918                   0.745                   94.3                    
753.30                  753.29                  -999.25                 55.4                    -999.25                 -999.25                 94.3                    
753.40                  753.39                  -999.25                 -999.25                 -999.25                 -999.25                 94.3                    
753.50                  753.46                  34.35                   -999.25                 -999.25                 -999.25                 94.5                    
753.60                  753.59                  -999.25                 -999.25                 -999.25                 -999.25                 94.7                    
753.70                  753.69                  -999.25                 -999.25                 -999.25                 -999.25                 94.8                    
753.80                  753.76                  23.70                   -999.25                 1.029                   0.900                   95.0                    
753.90                  753.89                  -999.25                 -999.25                 -999.25                 -999.25                 95.2                    
754.00                  753.99                  -999.25                 -999.25                 -999.25                 -999.25                 95.4                    
754.10                  754.07                  18.91                   -999.25                 -999.25                 -999.25                 95.5                    
754.20                  754.19                  -999.25                 62.3                    -999.25                 -999.25                 95.7                    
754.30                  754.29                  -999.25                 -999.25                 1.123                   0.967                   95.9                    
754.40                  754.37                  20.02                   -999.25                 -999.25                 -999.25                 96.1                    
754.50                  754.49                  -999.25                 -999.25                 -999.25                 -999.25                 96.2                    
754.60                  754.59                  -999.25                 -999.25                 -999.25                 -999.25                 96.4                    
754.70                  754.68                  15.88                   -999.25                 -999.25                 -999.25                 96.2                    
754.80                  754.79                  -999.25                 58.8                    -999.25                 -999.25                 96.1                    
754.90                  754.89                  -999.25                 -999.25                 -999.25                 -999.25                 96.0                    
755.00                  754.98                  11.94                   -999.25                 0.811                   0.777                   95.9                    
755.10                  755.09                  -999.25                 -999.25                 -999.25                 -999.25                 95.8                    
755.20                  755.19                  -999.25                 -999.25                 -999.25                 -999.25                 95.7                    
755.30                  755.29                  13.76                   -999.25                 0.680                   0.629                   95.6                    
755.40                  755.39                  -999.25                 59.3                    -999.25                 -999.25                 95.5                    
755.50                  755.49                  -999.25                 -999.25                 -999.25                 -999.25                 95.4                    
755.60                  755.59                  103.17                  -999.25                 -999.25                 -999.25                 95.3                    
755.70                  755.69                  -999.25                 -999.25                 -999.25                 -999.25                 95.2                    
755.80                  755.79                  -999.25                 60.6                    0.602                   0.560                   95.1                    
755.90                  755.90                  169.11                  -999.25                 -999.25                 -999.25                 95.0                    
756.00                  755.99                  -999.25                 -999.25                 -999.25                 -999.25                 94.9                    
756.10                  756.09                  -999.25                 70.2                    -999.25                 -999.25                 94.8                    
756.20                  756.20                  128.55                  -999.25                 -999.25                 -999.25                 94.7                    
756.30                  756.29                  -999.25                 -999.25                 0.720                   0.730                   94.6                    
756.40                  756.39                  -999.25                 -999.25                 -999.25                 -999.25                 94.5                    
756.50                  756.51                  154.41                  -999.25                 -999.25                 -999.25                 94.4                    
756.60                  756.59                  -999.25                 -999.25                 -999.25                 -999.25                 94.3                    
756.70                  756.69                  -999.25                 53.6                    -999.25                 -999.25                 94.2                    
756.80                  756.81                  173.60                  -999.25                 -999.25                 -999.25                 94.1                    
756.90                  756.89                  -999.25                 -999.25                 -999.25                 -999.25                 94.0                    
757.00                  756.99                  -999.25                 -999.25                 0.592                   0.542                   93.9                    
757.10                  757.12                  146.89                  -999.25                 -999.25                 -999.25                 93.8                    
757.20                  757.19                  -999.25                 -999.25                 -999.25                 -999.25                 93.7                    
757.30                  757.29                  -999.25                 -999.25                 -999.25                 -999.25                 93.6                    
757.40                  757.42                  160.04                  67.1                    -999.25                 -999.25                 93.5                    
757.50                  757.49                  -999.25                 -999.25                 -999.25                 -999.25                 93.4                    
757.60                  757.59                  -999.25                 -999.25                 -999.25                 -999.25                 93.3                    
757.70                  757.73                  117.37                  -999.25                 -999.25                 -999.25                 93.2                    
757.80                  757.79                  -999.25                 -999.25                 -999.25                 -999.25                 93.1                    
757.90                  757.89                  -999.25                 -999.25                 -999.25                 -999.25                 93.0                    
758.00                  758.03                  75.80                   -999.25                 -999.25                 -999.25                 92.9                    
758.10                  758.09                  -999.25                 -999.25                 -999.25                 -999.25                 92.8                    
758.20                  758.19                  -999.25                 -999.25                 -999.25                 -999.25                 92.7                    
758.30                  758.34                  47.44                   -999.25                 -999.25                 -999.25                 92.5                    
758.40                  758.39                  -999.25                 -999.25                 -999.25                 -999.25                 92.4                    
758.50                  758.49                  -999.25                 -999.25                 0.721                   0.584                   92.3                    
758.60                  758.64                  40.58                   -999.25                 -999.25                 -999.25                 92.3                    
758.70                  758.69                  -999.25                 -999.25                 -999.25                 -999.25                 92.3                    
758.80                  758.79                  -999.25                 -999.25                 -999.25                 -999.25                 92.3                    
758.90                  758.89                  -999.25                 -999.25                 -999.25                 -999.25                 92.3                    
759.00                  758.94                  32.64                   57.1                    -999.25                 -999.25                 92.3                    
759.10                  759.09                  -999.25                 -999.25                 -999.25                 -999.25                 92.3                    
759.20                  759.19                  -999.25                 -999.25                 0.804                   0.678                   92.3                    
759.30                  759.25                  32.35                   -999.25                 -999.25                 -999.25                 92.3                    
759.40                  759.39                  -999.25                 -999.25                 -999.25                 -999.25                 92.3                    
759.50                  759.49                  -999.25                 -999.25                 -999.25                 -999.25                 92.3                    
759.60                  759.55                  37.34                   -999.25                 0.812                   0.722                   92.3                    
759.70                  759.69                  -999.25                 66.7                    -999.25                 -999.25                 92.3                    
759.80                  759.79                  -999.25                 -999.25                 -999.25                 -999.25                 92.3                    
759.90                  759.86                  52.02                   -999.25                 -999.25                 -999.25                 92.3                    
760.00                  759.99                  -999.25                 -999.25                 -999.25                 -999.25                 92.3                    
760.10                  760.09                  -999.25                 -999.25                 -999.25                 -999.25                 92.3                    
760.20                  760.16                  59.57                   59.7                    -999.25                 -999.25                 92.3                    
760.30                  760.29                  -999.25                 -999.25                 -999.25                 -999.25                 92.3                    
760.40                  760.39                  -999.25                 -999.25                 -999.25                 -999.25                 92.3                    
760.50                  760.47                  57.59                   -999.25                 -999.25                 -999.25                 92.3                    
760.60                  760.59                  -999.25                 -999.25                 -999.25                 -999.25                 92.3                    
760.70                  760.69                  -999.25                 -999.25                 -999.25                 -999.25                 92.3                    
760.80                  760.77                  46.04                   -999.25                 -999.25                 -999.25                 92.3                    
760.90                  760.89                  -999.25                 -999.25                 -999.25                 -999.25                 92.3                    
761.00                  760.99                  -999.25                 -999.25                 -999.25                 -999.25                 92.3                    
761.10                  761.08                  30.67                   -999.25                 -999.25                 -999.25                 92.3                    
761.20                  761.19                  -999.25                 -999.25                 -999.25                 -999.25                 92.3                    
761.30                  761.29                  -999.25                 -999.25                 -999.25                 -999.25                 92.3                    
761.40                  761.38                  21.78                   -999.25                 -999.25                 -999.25                 92.3                    
761.50                  761.49                  -999.25                 -999.25                 -999.25                 -999.25                 92.3                    
761.60                  761.59                  -999.25                 -999.25                 -999.25                 -999.25                 92.3                    
761.70                  761.69                  42.99                   -999.25                 -999.25                 -999.25                 92.3                    
761.80                  761.79                  -999.25                 -999.25                 -999.25                 -999.25                 92.3                    
761.90                  761.89                  -999.25                 -999.25                 -999.25                 -999.25                 92.3                    
762.00                  761.99                  25.80                   -999.25                 -999.25                 -999.25                 92.3                    
762.10                  762.09                  -999.25                 -999.25                 -999.25                 -999.25                 92.3                    
762.20                  762.19                  -999.25                 -999.25                 0.817                   0.700                   92.3                    
762.30                  762.30                  27.87                   -999.25                 -999.25                 -999.25                 92.3                    
762.40                  762.39                  -999.25                 -999.25                 -999.25                 -999.25                 92.3                    
762.50                  762.49                  -999.25                 -999.25                 -999.25                 -999.25                 92.3                    
762.60                  762.60                  23.54                   -999.25                 -999.25                 -999.25                 92.3                    
762.70                  762.69                  -999.25                 58.0                    -999.25                 -999.25                 92.5                    
762.80                  762.79                  -999.25                 -999.25                 -999.25                 -999.25                 92.6                    
762.90                  762.91                  34.89                   -999.25                 -999.25                 -999.25                 92.7                    
763.00                  762.99                  -999.25                 -999.25                 0.824                   0.714                   92.8                    
763.10                  763.09                  -999.25                 -999.25                 -999.25                 -999.25                 92.9                    
763.20                  763.21                  32.81                   59.3                    -999.25                 -999.25                 93.0                    
763.30                  763.29                  -999.25                 -999.25                 -999.25                 -999.25                 93.1                    
763.40                  763.39                  -999.25                 -999.25                 0.828                   0.707                   93.2                    
763.50                  763.52                  38.88                   -999.25                 -999.25                 -999.25                 93.3                    
763.60                  763.59                  -999.25                 61.0                    -999.25                 -999.25                 93.4                    
763.70                  763.69                  -999.25                 -999.25                 -999.25                 -999.25                 93.6                    
763.80                  763.82                  31.49                   -999.25                 -999.25                 -999.25                 93.7                    
763.90                  763.89                  -999.25                 -999.25                 -999.25                 -999.25                 93.8                    
764.00                  763.99                  -999.25                 -999.25                 0.843                   0.685                   93.9                    
764.10                  764.13                  24.47                   -999.25                 -999.25                 -999.25                 94.0                    
764.20                  764.19                  -999.25                 -999.25                 -999.25                 -999.25                 94.1                    
764.30                  764.29                  -999.25                 -999.25                 -999.25                 -999.25                 94.2                    
764.40                  764.43                  15.29                   65.8                    -999.25                 -999.25                 94.3                    
764.50                  764.49                  -999.25                 -999.25                 -999.25                 -999.25                 94.3                    
764.60                  764.59                  -999.25                 -999.25                 -999.25                 -999.25                 94.3                    
764.70                  764.74                  13.01                   -999.25                 -999.25                 -999.25                 94.3                    
764.80                  764.79                  -999.25                 -999.25                 -999.25                 -999.25                 94.3                    
764.90                  764.89                  -999.25                 68.4                    -999.25                 -999.25                 94.3                    
765.00                  765.04                  13.44                   -999.25                 -999.25                 -999.25                 94.3                    
765.10                  765.09                  -999.25                 -999.25                 -999.25                 -999.25                 94.3                    
765.20                  765.19                  -999.25                 -999.25                 -999.25                 -999.25                 94.3                    
765.30                  765.29                  -999.25                 -999.25                 -999.25                 -999.25                 94.3                    
765.40                  765.35                  16.94                   -999.25                 -999.25                 -999.25                 94.3                    
765.50                  765.49                  -999.25                 -999.25                 -999.25                 -999.25                 94.3                    
765.60                  765.59                  -999.25                 -999.25                 -999.25                 -999.25                 94.3                    
765.70                  765.65                  47.14                   -999.25                 -999.25                 -999.25                 94.3                    
765.80                  765.79                  -999.25                 -999.25                 -999.25                 -999.25                 94.3                    
765.90                  765.89                  -999.25                 -999.25                 -999.25                 -999.25                 94.3                    
766.00                  765.96                  24.31                   -999.25                 -999.25                 -999.25                 94.4                    
766.10                  766.09                  -999.25                 -999.25                 -999.25                 -999.25                 94.5                    
766.20                  766.19                  -999.25                 -999.25                 -999.25                 -999.25                 94.6                    
766.30                  766.26                  26.33                   -999.25                 0.885                   0.745                   94.7                    
766.40                  766.39                  -999.25                 -999.25                 -999.25                 -999.25                 94.8                    
766.50                  766.49                  -999.25                 -999.25                 -999.25                 -999.25                 94.8                    
766.60                  766.56                  35.84                   -999.25                 0.863                   0.722                   94.9                    
766.70                  766.69                  -999.25                 61.5                    -999.25                 -999.25                 95.0                    
766.80                  766.79                  -999.25                 -999.25                 -999.25                 -999.25                 95.1                    
766.90                  766.87                  29.03                   -999.25                 -999.25                 -999.25                 95.2                    
767.00                  766.99                  -999.25                 -999.25                 -999.25                 -999.25                 95.2                    
767.10                  767.09                  -999.25                 -999.25                 -999.25                 -999.25                 95.3                    
767.20                  767.17                  23.38                   -999.25                 -999.25                 -999.25                 95.4                    
767.30                  767.29                  -999.25                 -999.25                 -999.25                 -999.25                 95.5                    
767.40                  767.39                  -999.25                 -999.25                 0.849                   0.722                   95.6                    
767.50                  767.48                  23.08                   64.5                    -999.25                 -999.25                 95.7                    
767.60                  767.59                  -999.25                 -999.25                 -999.25                 -999.25                 95.7                    
767.70                  767.69                  -999.25                 -999.25                 -999.25                 -999.25                 95.8                    
767.80                  767.78                  19.34                   -999.25                 -999.25                 -999.25                 95.9                    
767.90                  767.89                  -999.25                 61.9                    -999.25                 -999.25                 96.0                    
768.00                  767.99                  -999.25                 -999.25                 -999.25                 -999.25                 96.1                    
768.10                  768.09                  15.70                   -999.25                 -999.25                 -999.25                 96.2                    
768.20                  768.19                  -999.25                 -999.25                 -999.25                 -999.25                 96.2                    
768.30                  768.29                  -999.25                 -999.25                 -999.25                 -999.25                 96.3                    
768.40                  768.39                  13.80                   -999.25                 -999.25                 -999.25                 96.4                    
768.50                  768.49                  -999.25                 -999.25                 -999.25                 -999.25                 96.4                    
768.60                  768.59                  -999.25                 -999.25                 0.868                   0.761                   96.4                    
768.70                  768.70                  18.23                   -999.25                 -999.25                 -999.25                 96.4                    
768.80                  768.79                  -999.25                 -999.25                 -999.25                 -999.25                 96.4                    
768.90                  768.89                  -999.25                 -999.25                 -999.25                 -999.25                 96.4                    
769.00                  769.00                  27.37                   -999.25                 -999.25                 -999.25                 96.4                    
769.10                  769.09                  -999.25                 -999.25                 -999.25                 -999.25                 96.4                    
769.20                  769.19                  -999.25                 -999.25                 -999.25                 -999.25                 96.4                    
769.30                  769.31                  52.25                   -999.25                 -999.25                 -999.25                 96.4                    
769.40                  769.39                  -999.25                 -999.25                 -999.25                 -999.25                 96.4                    
769.50                  769.49                  -999.25                 71.5                    0.870                   0.810                   96.4                    
769.60                  769.61                  62.43                   -999.25                 -999.25                 -999.25                 96.4                    
769.70                  769.69                  -999.25                 -999.25                 -999.25                 -999.25                 96.4                    
769.80                  769.79                  -999.25                 -999.25                 -999.25                 -999.25                 96.4                    
769.90                  769.92                  46.01                   -999.25                 -999.25                 -999.25                 96.4                    
770.00                  769.99                  -999.25                 -999.25                 -999.25                 -999.25                 96.4                    
770.10                  770.09                  -999.25                 -999.25                 -999.25                 -999.25                 96.4                    
770.20                  770.22                  35.20                   -999.25                 -999.25                 -999.25                 96.4                    
770.30                  770.29                  -999.25                 -999.25                 0.867                   0.863                   96.4                    
770.40                  770.39                  -999.25                 -999.25                 -999.25                 -999.25                 96.4                    
770.50                  770.53                  31.27                   73.7                    -999.25                 -999.25                 96.4                    
770.60                  770.59                  -999.25                 -999.25                 -999.25                 -999.25                 96.4                    
770.70                  770.69                  -999.25                 -999.25                 -999.25                 -999.25                 96.4                    
770.80                  770.83                  33.31                   -999.25                 -999.25                 -999.25                 96.4                    
770.90                  770.89                  -999.25                 -999.25                 -999.25                 -999.25                 96.4                    
771.00                  770.99                  -999.25                 -999.25                 -999.25                 -999.25                 96.4                    
771.10                  771.14                  22.55                   -999.25                 -999.25                 -999.25                 96.4                    
771.20                  771.19                  -999.25                 -999.25                 -999.25                 -999.25                 96.4                    
771.30                  771.29                  -999.25                 -999.25                 -999.25                 -999.25                 96.4                    
771.40                  771.44                  25.05                   -999.25                 -999.25                 -999.25                 96.4                    
771.50                  771.49                  -999.25                 -999.25                 -999.25                 -999.25                 96.4                    
771.60                  771.59                  -999.25                 -999.25                 -999.25                 -999.25                 96.4                    
771.70                  771.69                  -999.25                 -999.25                 -999.25                 -999.25                 96.4                    
771.80                  771.75                  25.30                   -999.25                 0.885                   0.828                   96.4                    
771.90                  771.89                  -999.25                 -999.25                 -999.25                 -999.25                 96.3                    
772.00                  771.99                  -999.25                 -999.25                 -999.25                 -999.25                 96.2                    
772.10                  772.05                  19.52                   -999.25                 -999.25                 -999.25                 96.2                    
772.20                  772.19                  -999.25                 -999.25                 -999.25                 -999.25                 96.1                    
772.30                  772.29                  -999.25                 -999.25                 0.893                   0.769                   96.0                    
772.40                  772.36                  18.47                   -999.25                 -999.25                 -999.25                 96.0                    
772.50                  772.49                  -999.25                 -999.25                 -999.25                 -999.25                 95.9                    
772.60                  772.59                  -999.25                 -999.25                 0.898                   0.745                   95.8                    
772.70                  772.66                  18.01                   54.9                    0.904                   0.769                   95.8                    
772.80                  772.79                  -999.25                 -999.25                 -999.25                 -999.25                 95.7                    
772.90                  772.89                  -999.25                 -999.25                 -999.25                 -999.25                 95.6                    
773.00                  772.97                  31.58                   67.1                    -999.25                 -999.25                 95.5                    
773.10                  773.09                  -999.25                 -999.25                 -999.25                 -999.25                 95.5                    
773.20                  773.19                  -999.25                 -999.25                 -999.25                 -999.25                 95.4                    
773.30                  773.27                  64.53                   -999.25                 -999.25                 -999.25                 95.3                    
773.40                  773.39                  -999.25                 -999.25                 -999.25                 -999.25                 95.3                    
773.50                  773.49                  -999.25                 -999.25                 -999.25                 -999.25                 95.2                    
773.60                  773.57                  60.82                   -999.25                 0.909                   0.785                   95.1                    
773.70                  773.69                  -999.25                 -999.25                 -999.25                 -999.25                 95.1                    
773.80                  773.79                  -999.25                 -999.25                 -999.25                 -999.25                 95.0                    
773.90                  773.88                  58.71                   -999.25                 -999.25                 -999.25                 94.9                    
774.00                  773.99                  -999.25                 -999.25                 -999.25                 -999.25                 94.9                    
774.10                  774.09                  -999.25                 -999.25                 0.906                   0.810                   94.8                    
774.20                  774.18                  43.92                   64.5                    0.906                   0.810                   94.7                    
774.30                  774.29                  -999.25                 -999.25                 -999.25                 -999.25                 94.6                    
774.40                  774.39                  -999.25                 54.9                    -999.25                 -999.25                 94.6                    
774.50                  774.49                  22.15                   -999.25                 -999.25                 -999.25                 94.5                    
774.60                  774.59                  -999.25                 -999.25                 -999.25                 -999.25                 94.4                    
774.70                  774.69                  -999.25                 -999.25                 0.904                   0.785                   94.3                    
774.80                  774.79                  27.80                   56.7                    -999.25                 -999.25                 94.5                    
774.90                  774.89                  -999.25                 -999.25                 -999.25                 -999.25                 94.7                    
775.00                  774.99                  -999.25                 -999.25                 -999.25                 -999.25                 94.9                    
775.10                  775.10                  19.34                   -999.25                 -999.25                 -999.25                 95.1                    
775.20                  775.19                  -999.25                 -999.25                 -999.25                 -999.25                 95.3                    
775.30                  775.29                  -999.25                 58.8                    0.906                   0.777                   95.5                    
775.40                  775.40                  11.75                   -999.25                 -999.25                 -999.25                 95.7                    
775.50                  775.49                  -999.25                 57.5                    -999.25                 -999.25                 95.9                    
775.60                  775.59                  -999.25                 -999.25                 -999.25                 -999.25                 96.1                    
775.70                  775.71                  13.51                   -999.25                 -999.25                 -999.25                 96.4                    
775.80                  775.79                  -999.25                 -999.25                 -999.25                 -999.25                 96.2                    
775.90                  775.89                  -999.25                 -999.25                 -999.25                 -999.25                 96.0                    
776.00                  776.01                  9.52                    -999.25                 -999.25                 -999.25                 95.8                    
776.10                  776.09                  -999.25                 -999.25                 -999.25                 -999.25                 95.6                    
776.20                  776.19                  -999.25                 -999.25                 -999.25                 -999.25                 95.4                    
776.30                  776.32                  12.68                   -999.25                 -999.25                 -999.25                 95.2                    
776.40                  776.39                  -999.25                 -999.25                 -999.25                 -999.25                 94.9                    
776.50                  776.49                  -999.25                 -999.25                 -999.25                 -999.25                 94.7                    
776.60                  776.62                  15.81                   -999.25                 1.191                   0.909                   94.5                    
776.70                  776.69                  -999.25                 -999.25                 -999.25                 -999.25                 94.3                    
776.80                  776.79                  -999.25                 -999.25                 -999.25                 -999.25                 94.1                    
776.90                  776.93                  16.12                   -999.25                 -999.25                 -999.25                 93.9                    
777.00                  776.99                  -999.25                 -999.25                 -999.25                 -999.25                 93.7                    
777.10                  777.09                  -999.25                 -999.25                 -999.25                 -999.25                 93.5                    
777.20                  777.23                  13.71                   -999.25                 1.517                   1.659                   93.3                    
777.30                  777.29                  -999.25                 -999.25                 1.613                   1.486                   93.1                    
777.40                  777.39                  -999.25                 -999.25                 -999.25                 -999.25                 92.9                    
777.50                  777.54                  12.81                   38.4                    -999.25                 -999.25                 92.7                    
777.60                  777.59                  -999.25                 -999.25                 -999.25                 -999.25                 92.5                    
777.70                  777.69                  -999.25                 -999.25                 -999.25                 -999.25                 92.3                    
777.80                  777.84                  10.27                   -999.25                 -999.25                 -999.25                 92.5                    
777.90                  777.89                  -999.25                 37.9                    -999.25                 -999.25                 92.7                    
778.00                  777.99                  -999.25                 -999.25                 -999.25                 -999.25                 92.9                    
778.10                  778.09                  -999.25                 -999.25                 -999.25                 -999.25                 93.1                    
778.20                  778.15                  15.45                   -999.25                 -999.25                 -999.25                 93.2                    
778.30                  778.29                  -999.25                 -999.25                 -999.25                 -999.25                 93.4                    
778.40                  778.39                  -999.25                 -999.25                 -999.25                 -999.25                 93.6                    
778.50                  778.45                  14.07                   -999.25                 1.677                   1.486                   93.7                    
778.60                  778.59                  -999.25                 -999.25                 1.631                   1.329                   93.9                    
778.70                  778.69                  -999.25                 -999.25                 -999.25                 -999.25                 94.1                    
778.80                  778.76                  18.30                   -999.25                 -999.25                 -999.25                 94.3                    
778.90                  778.89                  -999.25                 -999.25                 -999.25                 -999.25                 94.4                    
779.00                  778.99                  -999.25                 34.9                    -999.25                 -999.25                 94.6                    
779.10                  779.06                  30.68                   -999.25                 1.586                   1.371                   94.8                    
779.20                  779.19                  -999.25                 -999.25                 -999.25                 -999.25                 94.9                    
779.30                  779.29                  -999.25                 -999.25                 -999.25                 -999.25                 95.1                    
779.40                  779.37                  42.63                   -999.25                 -999.25                 -999.25                 95.3                    
779.50                  779.49                  -999.25                 46.2                    -999.25                 -999.25                 95.5                    
779.60                  779.59                  -999.25                 -999.25                 -999.25                 -999.25                 95.6                    
779.70                  779.67                  59.57                   -999.25                 1.489                   1.329                   95.8                    
779.80                  779.79                  -999.25                 -999.25                 1.458                   1.176                   96.0                    
779.90                  779.89                  -999.25                 48.0                    -999.25                 -999.25                 96.1                    
780.00                  779.98                  74.10                   -999.25                 -999.25                 -999.25                 96.4                    
780.10                  780.09                  -999.25                 -999.25                 -999.25                 -999.25                 96.4                    
780.20                  780.19                  -999.25                 -999.25                 -999.25                 -999.25                 96.4                    
780.30                  780.28                  42.48                   -999.25                 -999.25                 -999.25                 96.4                    
780.40                  780.39                  -999.25                 -999.25                 -999.25                 -999.25                 96.4                    
780.50                  780.49                  -999.25                 -999.25                 -999.25                 -999.25                 96.4                    
780.60                  780.59                  26.91                   58.4                    -999.25                 -999.25                 96.4                    
780.70                  780.69                  -999.25                 -999.25                 -999.25                 -999.25                 96.4                    
780.80                  780.79                  -999.25                 -999.25                 -999.25                 -999.25                 96.4                    
780.90                  780.89                  14.71                   -999.25                 -999.25                 -999.25                 96.4                    
781.00                  780.99                  -999.25                 -999.25                 -999.25                 -999.25                 96.4                    
781.10                  781.09                  -999.25                 -999.25                 -999.25                 -999.25                 96.4                    
781.20                  781.19                  16.96                   -999.25                 -999.25                 -999.25                 96.4                    
781.30                  781.29                  -999.25                 50.1                    1.131                   0.998                   96.2                    
781.40                  781.39                  -999.25                 -999.25                 -999.25                 -999.25                 96.0                    
781.50                  781.50                  22.11                   62.3                    -999.25                 -999.25                 95.8                    
781.60                  781.59                  -999.25                 -999.25                 -999.25                 -999.25                 95.6                    
781.70                  781.69                  -999.25                 -999.25                 -999.25                 -999.25                 95.4                    
781.80                  781.80                  28.02                   -999.25                 1.078                   0.810                   95.2                    
781.90                  781.89                  -999.25                 -999.25                 -999.25                 -999.25                 95.0                    
782.00                  781.99                  -999.25                 -999.25                 -999.25                 -999.25                 94.8                    
782.10                  782.11                  23.13                   -999.25                 1.075                   0.977                   94.6                    
782.20                  782.19                  -999.25                 -999.25                 -999.25                 -999.25                 94.4                    
782.30                  782.29                  -999.25                 -999.25                 -999.25                 -999.25                 94.3                    
782.40                  782.41                  26.75                   -999.25                 -999.25                 -999.25                 94.1                    
782.50                  782.49                  -999.25                 61.9                    -999.25                 -999.25                 93.9                    
782.60                  782.59                  -999.25                 -999.25                 -999.25                 -999.25                 93.7                    
782.70                  782.72                  25.17                   -999.25                 1.039                   0.928                   93.5                    
782.80                  782.79                  -999.25                 -999.25                 -999.25                 -999.25                 93.3                    
782.90                  782.89                  -999.25                 -999.25                 1.019                   0.828                   93.1                    
783.00                  783.02                  50.33                   -999.25                 -999.25                 -999.25                 92.9                    
783.10                  783.09                  -999.25                 65.8                    -999.25                 -999.25                 92.7                    
783.20                  783.19                  -999.25                 -999.25                 -999.25                 -999.25                 92.5                    
783.30                  783.33                  36.60                   58.4                    -999.25                 -999.25                 92.3                    
783.40                  783.39                  -999.25                 -999.25                 -999.25                 -999.25                 92.4                    
783.50                  783.49                  -999.25                 -999.25                 -999.25                 -999.25                 92.4                    
783.60                  783.63                  20.76                   -999.25                 1.065                   0.881                   92.5                    
783.70                  783.69                  -999.25                 -999.25                 1.055                   0.909                   92.5                    
783.80                  783.79                  -999.25                 -999.25                 -999.25                 -999.25                 92.6                    
783.90                  783.94                  11.41                   -999.25                 -999.25                 -999.25                 92.6                    
784.00                  783.99                  -999.25                 -999.25                 -999.25                 -999.25                 92.7                    
784.10                  784.09                  -999.25                 -999.25                 -999.25                 -999.25                 92.7                    
784.20                  784.19                  -999.25                 -999.25                 -999.25                 -999.25                 92.8                    
784.30                  784.24                  90.07                   59.9                    -999.25                 -999.25                 92.8                    
784.40                  784.39                  -999.25                 -999.25                 -999.25                 -999.25                 92.9                    
784.50                  784.49                  -999.25                 -999.25                 -999.25                 -999.25                 92.9                    
784.60                  784.55                  27.72                   -999.25                 -999.25                 -999.25                 93.0                    
784.70                  784.69                  -999.25                 -999.25                 1.020                   0.845                   93.0                    
784.80                  784.79                  -999.25                 -999.25                 -999.25                 -999.25                 93.1                    
784.90                  784.85                  45.94                   -999.25                 -999.25                 -999.25                 93.1                    
785.00                  784.99                  -999.25                 -999.25                 -999.25                 -999.25                 93.2                    
785.10                  785.09                  -999.25                 53.2                    -999.25                 -999.25                 93.2                    
785.20                  785.16                  71.30                   -999.25                 -999.25                 -999.25                 93.3                    
785.30                  785.29                  -999.25                 -999.25                 -999.25                 -999.25                 93.3                    
785.40                  785.39                  -999.25                 -999.25                 -999.25                 -999.25                 93.4                    
785.50                  785.46                  31.64                   -999.25                 -999.25                 -999.25                 93.4                    
785.60                  785.59                  -999.25                 -999.25                 -999.25                 -999.25                 93.5                    
785.70                  785.69                  -999.25                 -999.25                 1.052                   0.909                   93.5                    
785.80                  785.77                  31.54                   -999.25                 -999.25                 -999.25                 93.6                    
785.90                  785.89                  -999.25                 -999.25                 -999.25                 -999.25                 93.6                    
786.00                  785.99                  -999.25                 -999.25                 -999.25                 -999.25                 93.7                    
786.10                  786.07                  42.70                   -999.25                 -999.25                 -999.25                 93.7                    
786.20                  786.19                  -999.25                 -999.25                 -999.25                 -999.25                 93.8                    
786.30                  786.29                  -999.25                 -999.25                 1.123                   0.890                   93.8                    
786.40                  786.38                  39.75                   52.7                    -999.25                 -999.25                 93.9                    
786.50                  786.49                  -999.25                 -999.25                 -999.25                 -999.25                 93.9                    
786.60                  786.59                  -999.25                 -999.25                 -999.25                 -999.25                 93.9                    
786.70                  786.68                  32.17                   -999.25                 -999.25                 -999.25                 94.0                    
786.80                  786.79                  -999.25                 -999.25                 -999.25                 -999.25                 94.0                    
786.90                  786.89                  -999.25                 -999.25                 -999.25                 -999.25                 94.1                    
787.00                  786.99                  38.56                   -999.25                 -999.25                 -999.25                 94.1                    
787.10                  787.09                  -999.25                 -999.25                 1.163                   1.019                   94.2                    
787.20                  787.19                  -999.25                 51.4                    -999.25                 -999.25                 94.2                    
787.30                  787.29                  34.68                   -999.25                 -999.25                 -999.25                 94.3                    
787.40                  787.39                  -999.25                 -999.25                 -999.25                 -999.25                 94.3                    
787.50                  787.49                  -999.25                 -999.25                 -999.25                 -999.25                 94.4                    
787.60                  787.60                  26.52                   51.0                    -999.25                 -999.25                 94.6                    
787.70                  787.69                  -999.25                 -999.25                 -999.25                 -999.25                 94.7                    
787.80                  787.79                  -999.25                 -999.25                 -999.25                 -999.25                 94.8                    
787.90                  787.90                  20.60                   -999.25                 -999.25                 -999.25                 94.9                    
788.00                  787.99                  -999.25                 -999.25                 1.183                   1.201                   95.0                    
788.10                  788.09                  -999.25                 -999.25                 -999.25                 -999.25                 95.2                    
788.20                  788.20                  40.69                   42.3                    -999.25                 -999.25                 95.3                    
788.30                  788.29                  -999.25                 -999.25                 -999.25                 -999.25                 95.4                    
788.40                  788.39                  -999.25                 -999.25                 -999.25                 -999.25                 95.5                    
788.50                  788.51                  54.49                   -999.25                 -999.25                 -999.25                 95.6                    
788.60                  788.59                  -999.25                 -999.25                 -999.25                 -999.25                 95.8                    
788.70                  788.69                  -999.25                 -999.25                 1.174                   0.616                   95.9                    
788.80                  788.81                  67.99                   -999.25                 -999.25                 -999.25                 96.0                    
788.90                  788.89                  -999.25                 54.5                    -999.25                 -999.25                 96.1                    
789.00                  788.99                  -999.25                 -999.25                 -999.25                 -999.25                 96.2                    
789.10                  789.12                  79.74                   -999.25                 -999.25                 1.062                   96.4                    
789.20                  789.19                  -999.25                 -999.25                 -999.25                 -999.25                 96.4                    
789.30                  789.29                  -999.25                 58.4                    -999.25                 -999.25                 96.4                    
789.40                  789.42                  77.64                   -999.25                 -999.25                 -999.25                 96.4                    
789.50                  789.49                  -999.25                 -999.25                 -999.25                 -999.25                 96.4                    
789.60                  789.59                  -999.25                 -999.25                 -999.25                 -999.25                 96.4                    
789.70                  789.73                  46.47                   -999.25                 -999.25                 -999.25                 96.4                    
789.80                  789.79                  -999.25                 -999.25                 -999.25                 -999.25                 96.4                    
789.90                  789.89                  -999.25                 -999.25                 1.072                   0.900                   96.4                    
790.00                  790.03                  40.92                   -999.25                 -999.25                 -999.25                 96.4                    
790.10                  790.09                  -999.25                 -999.25                 -999.25                 -999.25                 96.4                    
790.20                  790.19                  -999.25                 -999.25                 -999.25                 -999.25                 96.4                    
790.30                  790.34                  32.68                   -999.25                 -999.25                 -999.25                 96.4                    
790.40                  790.39                  -999.25                 61.5                    -999.25                 -999.25                 96.4                    
790.50                  790.49                  -999.25                 -999.25                 -999.25                 -999.25                 96.4                    
790.60                  790.59                  -999.25                 -999.25                 0.952                   0.777                   96.4                    
790.70                  790.64                  28.61                   -999.25                 -999.25                 -999.25                 96.4                    
790.80                  790.79                  -999.25                 -999.25                 -999.25                 -999.25                 96.4                    
790.90                  790.89                  -999.25                 -999.25                 -999.25                 -999.25                 96.4                    
791.00                  790.95                  25.98                   54.0                    -999.25                 -999.25                 96.4                    
791.10                  791.09                  -999.25                 -999.25                 -999.25                 -999.25                 96.4                    
791.20                  791.19                  -999.25                 -999.25                 -999.25                 -999.25                 96.4                    
791.30                  791.25                  39.85                   -999.25                 0.923                   0.753                   96.4                    
791.40                  791.39                  -999.25                 -999.25                 -999.25                 -999.25                 96.4                    
791.50                  791.49                  -999.25                 -999.25                 -999.25                 -999.25                 96.4                    
791.60                  791.56                  25.55                   -999.25                 -999.25                 -999.25                 96.4                    
791.70                  791.69                  -999.25                 52.7                    -999.25                 -999.25                 96.4                    
791.80                  791.79                  -999.25                 -999.25                 0.914                   0.828                   96.4                    
791.90                  791.86                  19.14                   -999.25                 0.922                   0.810                   96.4                    
792.00                  791.99                  -999.25                 -999.25                 -999.25                 -999.25                 96.4                    
792.10                  792.09                  -999.25                 -999.25                 -999.25                 -999.25                 96.4                    
792.20                  792.17                  34.23                   54.0                    -999.25                 -999.25                 96.4                    
792.30                  792.29                  -999.25                 53.6                    -999.25                 -999.25                 96.4                    
792.40                  792.39                  -999.25                 -999.25                 -999.25                 -999.25                 96.4                    
792.50                  792.47                  19.71                   -999.25                 -999.25                 -999.25                 96.4                    
792.60                  792.59                  -999.25                 -999.25                 0.923                   0.785                   96.4                    
792.70                  792.69                  -999.25                 -999.25                 -999.25                 -999.25                 96.4                    
792.80                  792.78                  20.12                   -999.25                 -999.25                 -999.25                 96.4                    
792.90                  792.89                  -999.25                 -999.25                 -999.25                 -999.25                 96.4                    
793.00                  792.99                  -999.25                 57.1                    -999.25                 -999.25                 96.4                    
793.10                  793.08                  26.01                   -999.25                 0.916                   0.777                   96.4                    
793.20                  793.19                  -999.25                 -999.25                 -999.25                 -999.25                 96.4                    
793.30                  793.29                  -999.25                 -999.25                 -999.25                 -999.25                 96.4                    
793.40                  793.39                  51.24                   -999.25                 -999.25                 -999.25                 96.4                    
793.50                  793.49                  -999.25                 -999.25                 -999.25                 -999.25                 96.4                    
793.60                  793.59                  -999.25                 -999.25                 -999.25                 -999.25                 96.4                    
793.70                  793.69                  33.64                   -999.25                 -999.25                 -999.25                 96.4                    
793.80                  793.79                  -999.25                 56.7                    -999.25                 -999.25                 96.4                    
793.90                  793.89                  -999.25                 -999.25                 0.920                   0.785                   96.4                    
794.00                  794.00                  46.03                   -999.25                 -999.25                 -999.25                 96.4                    
794.10                  794.09                  -999.25                 -999.25                 -999.25                 -999.25                 96.4                    
794.20                  794.19                  -999.25                 -999.25                 -999.25                 -999.25                 96.4                    
794.30                  794.30                  27.54                   54.0                    -999.25                 -999.25                 96.4                    
794.40                  794.39                  -999.25                 -999.25                 -999.25                 -999.25                 96.3                    
794.50                  794.49                  -999.25                 -999.25                 -999.25                 -999.25                 96.1                    
794.60                  794.61                  27.14                   -999.25                 0.931                   0.794                   96.0                    
794.70                  794.69                  -999.25                 -999.25                 -999.25                 -999.25                 95.9                    
794.80                  794.79                  -999.25                 -999.25                 -999.25                 -999.25                 95.8                    
794.90                  794.91                  24.40                   -999.25                 -999.25                 -999.25                 95.7                    
795.00                  794.99                  -999.25                 -999.25                 -999.25                 -999.25                 95.5                    
795.10                  795.09                  -999.25                 -999.25                 0.933                   0.794                   95.4                    
795.20                  795.22                  22.77                   56.7                    -999.25                 -999.25                 95.3                    
795.30                  795.29                  -999.25                 -999.25                 -999.25                 -999.25                 95.2                    
795.40                  795.39                  -999.25                 -999.25                 -999.25                 -999.25                 95.1                    
795.50                  795.52                  32.19                   -999.25                 -999.25                 -999.25                 94.9                    
795.60                  795.59                  -999.25                 59.3                    0.930                   0.794                   94.8                    
795.70                  795.69                  -999.25                 -999.25                 -999.25                 -999.25                 94.7                    
795.80                  795.82                  33.00                   -999.25                 0.928                   0.794                   94.6                    
795.90                  795.89                  -999.25                 57.5                    -999.25                 -999.25                 94.5                    
796.00                  795.99                  -999.25                 -999.25                 -999.25                 -999.25                 94.3                    
796.10                  796.13                  29.12                   -999.25                 -999.25                 -999.25                 94.2                    
796.20                  796.19                  -999.25                 54.0                    -999.25                 -999.25                 94.1                    
796.30                  796.29                  -999.25                 -999.25                 -999.25                 -999.25                 94.0                    
796.40                  796.43                  43.35                   -999.25                 0.926                   0.794                   93.9                    
796.50                  796.49                  -999.25                 -999.25                 -999.25                 -999.25                 93.8                    
796.60                  796.59                  -999.25                 -999.25                 -999.25                 -999.25                 93.6                    
796.70                  796.74                  63.81                   -999.25                 -999.25                 -999.25                 93.5                    
796.80                  796.79                  -999.25                 53.6                    0.925                   0.802                   93.4                    
796.90                  796.89                  -999.25                 -999.25                 0.923                   0.777                   93.3                    
797.00                  796.99                  -999.25                 -999.25                 -999.25                 -999.25                 93.2                    
797.10                  797.04                  50.13                   -999.25                 -999.25                 -999.25                 93.0                    
797.20                  797.19                  -999.25                 -999.25                 -999.25                 -999.25                 92.9                    
797.30                  797.29                  -999.25                 -999.25                 0.921                   0.769                   92.8                    
797.40                  797.35                  34.77                   56.7                    -999.25                 -999.25                 92.7                    
797.50                  797.49                  -999.25                 -999.25                 -999.25                 -999.25                 92.6                    
797.60                  797.59                  -999.25                 -999.25                 -999.25                 -999.25                 92.4                    
797.70                  797.65                  37.27                   -999.25                 -999.25                 -999.25                 92.3                    
797.80                  797.79                  -999.25                 53.2                    -999.25                 -999.25                 92.5                    
797.90                  797.89                  -999.25                 -999.25                 -999.25                 -999.25                 92.6                    
798.00                  797.96                  29.83                   -999.25                 -999.25                 -999.25                 92.7                    
798.10                  798.09                  -999.25                 -999.25                 0.920                   0.785                   92.8                    
798.20                  798.19                  -999.25                 -999.25                 -999.25                 -999.25                 93.0                    
798.30                  798.26                  32.43                   -999.25                 -999.25                 -999.25                 93.1                    
798.40                  798.39                  -999.25                 -999.25                 0.920                   0.785                   93.2                    
798.50                  798.49                  -999.25                 58.8                    -999.25                 -999.25                 93.3                    
798.60                  798.57                  31.68                   -999.25                 -999.25                 -999.25                 93.4                    
798.70                  798.69                  -999.25                 -999.25                 -999.25                 -999.25                 93.6                    
798.80                  798.79                  -999.25                 61.0                    0.920                   0.777                   93.7                    
798.90                  798.87                  23.27                   -999.25                 -999.25                 -999.25                 93.8                    
799.00                  798.99                  -999.25                 -999.25                 -999.25                 -999.25                 93.9                    
799.10                  799.09                  -999.25                 -999.25                 -999.25                 -999.25                 94.1                    
799.20                  799.18                  29.29                   -999.25                 -999.25                 -999.25                 94.2                    
799.30                  799.29                  -999.25                 -999.25                 -999.25                 -999.25                 94.3                    
799.40                  799.39                  -999.25                 60.6                    -999.25                 -999.25                 94.4                    
799.50                  799.48                  38.38                   -999.25                 -999.25                 -999.25                 94.6                    
799.60                  799.59                  -999.25                 -999.25                 -999.25                 -999.25                 94.7                    
799.70                  799.69                  -999.25                 -999.25                 -999.25                 -999.25                 94.8                    
799.80                  799.79                  49.67                   -999.25                 -999.25                 -999.25                 94.9                    
799.90                  799.89                  -999.25                 -999.25                 -999.25                 -999.25                 95.1                    
800.00                  799.99                  -999.25                 -999.25                 -999.25                 -999.25                 95.2                    
800.10                  800.09                  70.62                   -999.25                 0.898                   0.863                   95.3                    
800.20                  800.19                  -999.25                 -999.25                 -999.25                 -999.25                 95.4                    
800.30                  800.29                  -999.25                 -999.25                 -999.25                 -999.25                 95.6                    
800.40                  800.40                  53.18                   60.1                    -999.25                 -999.25                 95.7                    
800.50                  800.49                  -999.25                 -999.25                 0.905                   0.777                   95.8                    
800.60                  800.59                  -999.25                 -999.25                 -999.25                 -999.25                 95.9                    
800.70                  800.70                  40.04                   -999.25                 -999.25                 -999.25                 96.0                    
800.80                  800.79                  -999.25                 -999.25                 -999.25                 -999.25                 96.2                    
800.90                  800.89                  -999.25                 -999.25                 -999.25                 -999.25                 96.3                    
801.00                  801.01                  25.86                   56.7                    -999.25                 -999.25                 96.4                    
801.10                  801.09                  -999.25                 -999.25                 -999.25                 -999.25                 96.4                    
801.20                  801.19                  -999.25                 -999.25                 -999.25                 -999.25                 96.4                    
801.30                  801.31                  20.92                   -999.25                 -999.25                 -999.25                 96.4                    
801.40                  801.39                  -999.25                 -999.25                 -999.25                 -999.25                 96.4                    
801.50                  801.49                  -999.25                 -999.25                 0.893                   0.761                   96.4                    
801.60                  801.62                  20.70                   -999.25                 -999.25                 -999.25                 96.4                    
801.70                  801.69                  -999.25                 -999.25                 -999.25                 -999.25                 96.4                    
801.80                  801.79                  -999.25                 -999.25                 -999.25                 -999.25                 96.4                    
801.90                  801.92                  15.41                   -999.25                 -999.25                 -999.25                 96.4                    
802.00                  801.99                  -999.25                 -999.25                 -999.25                 -999.25                 96.4                    
802.10                  802.09                  -999.25                 55.8                    -999.25                 -999.25                 96.4                    
802.20                  802.23                  13.34                   -999.25                 -999.25                 -999.25                 96.4                    
802.30                  802.29                  -999.25                 -999.25                 -999.25                 -999.25                 96.4                    
802.40                  802.39                  -999.25                 -999.25                 0.904                   0.714                   96.4                    
802.50                  802.53                  10.70                   -999.25                 -999.25                 -999.25                 96.4                    
802.60                  802.59                  -999.25                 -999.25                 -999.25                 -999.25                 96.4                    
802.70                  802.69                  -999.25                 51.9                    -999.25                 -999.25                 96.4                    
802.80                  802.84                  15.81                   -999.25                 -999.25                 -999.25                 96.4                    
802.90                  802.89                  -999.25                 -999.25                 0.918                   0.753                   96.4                    
803.00                  802.99                  -999.25                 -999.25                 -999.25                 -999.25                 96.4                    
803.10                  803.14                  12.86                   -999.25                 -999.25                 -999.25                 96.4                    
803.20                  803.19                  -999.25                 -999.25                 -999.25                 -999.25                 96.4                    
803.30                  803.29                  -999.25                 -999.25                 0.909                   0.714                   96.4                    
803.40                  803.39                  -999.25                 -999.25                 -999.25                 -999.25                 96.4                    
803.50                  803.44                  17.06                   -999.25                 -999.25                 -999.25                 96.4                    
803.60                  803.59                  -999.25                 -999.25                 -999.25                 -999.25                 96.4                    
803.70                  803.69                  -999.25                 54.0                    -999.25                 -999.25                 96.4                    
803.80                  803.75                  22.44                   -999.25                 -999.25                 -999.25                 96.4                    
803.90                  803.89                  -999.25                 53.2                    -999.25                 -999.25                 96.4                    
804.00                  803.99                  -999.25                 -999.25                 -999.25                 -999.25                 96.4                    
804.10                  804.05                  36.93                   -999.25                 -999.25                 -999.25                 96.4                    
804.20                  804.19                  -999.25                 -999.25                 -999.25                 -999.25                 96.4                    
804.30                  804.29                  -999.25                 -999.25                 -999.25                 -999.25                 96.4                    
804.40                  804.36                  45.87                   -999.25                 0.884                   0.761                   96.4                    
804.50                  804.49                  -999.25                 -999.25                 -999.25                 -999.25                 96.4                    
804.60                  804.59                  -999.25                 -999.25                 -999.25                 -999.25                 96.4                    
804.70                  804.66                  61.30                   -999.25                 -999.25                 -999.25                 96.4                    
804.80                  804.79                  -999.25                 -999.25                 -999.25                 -999.25                 96.4                    
804.90                  804.89                  -999.25                 -999.25                 -999.25                 -999.25                 96.4                    
805.00                  804.97                  50.59                   -999.25                 -999.25                 -999.25                 96.4                    
805.10                  805.09                  -999.25                 62.8                    -999.25                 -999.25                 96.4                    
805.20                  805.19                  -999.25                 -999.25                 -999.25                 -999.25                 96.4                    
805.30                  805.27                  49.60                   -999.25                 -999.25                 -999.25                 96.4                    
805.40                  805.39                  -999.25                 -999.25                 -999.25                 -999.25                 96.4                    
805.50                  805.49                  -999.25                 -999.25                 -999.25                 -999.25                 96.4                    
805.60                  805.58                  22.93                   -999.25                 0.877                   0.753                   96.4                    
805.70                  805.69                  -999.25                 -999.25                 -999.25                 -999.25                 96.4                    
805.80                  805.79                  -999.25                 57.1                    -999.25                 -999.25                 96.4                    
805.90                  805.88                  57.81                   -999.25                 -999.25                 -999.25                 96.4                    
806.00                  805.99                  -999.25                 -999.25                 -999.25                 -999.25                 96.4                    
806.10                  806.09                  -999.25                 -999.25                 -999.25                 -999.25                 96.4                    
806.20                  806.19                  29.09                   -999.25                 -999.25                 -999.25                 96.4                    
806.30                  806.29                  -999.25                 -999.25                 0.863                   0.761                   96.4                    
806.40                  806.39                  -999.25                 -999.25                 -999.25                 -999.25                 96.4                    
806.50                  806.49                  36.81                   -999.25                 -999.25                 -999.25                 96.4                    
806.60                  806.59                  -999.25                 -999.25                 -999.25                 -999.25                 96.4                    
806.70                  806.69                  -999.25                 -999.25                 -999.25                 -999.25                 96.4                    
806.80                  806.80                  18.14                   -999.25                 -999.25                 -999.25                 96.4                    
806.90                  806.89                  -999.25                 46.6                    -999.25                 -999.25                 96.4                    
807.00                  806.99                  -999.25                 -999.25                 -999.25                 -999.25                 96.4                    
807.10                  807.10                  16.81                   -999.25                 -999.25                 -999.25                 96.4                    
807.20                  807.19                  -999.25                 -999.25                 -999.25                 -999.25                 96.4                    
807.30                  807.29                  -999.25                 -999.25                 0.853                   0.730                   96.4                    
807.40                  807.41                  15.34                   -999.25                 -999.25                 -999.25                 96.4                    
807.50                  807.49                  -999.25                 -999.25                 -999.25                 -999.25                 96.4                    
807.60                  807.59                  -999.25                 -999.25                 -999.25                 -999.25                 96.4                    
807.70                  807.71                  18.68                   -999.25                 -999.25                 -999.25                 96.4                    
807.80                  807.79                  -999.25                 -999.25                 -999.25                 -999.25                 96.4                    
807.90                  807.89                  -999.25                 50.1                    -999.25                 -999.25                 96.4                    
808.00                  808.02                  28.68                   -999.25                 -999.25                 -999.25                 96.4                    
808.10                  808.09                  -999.25                 -999.25                 -999.25                 -999.25                 96.4                    
808.20                  808.19                  -999.25                 -999.25                 -999.25                 -999.25                 96.4                    
808.30                  808.32                  24.97                   -999.25                 0.852                   0.730                   96.4                    
808.40                  808.39                  -999.25                 -999.25                 -999.25                 -999.25                 96.4                    
808.50                  808.49                  -999.25                 -999.25                 -999.25                 -999.25                 96.4                    
808.60                  808.63                  25.89                   51.9                    -999.25                 -999.25                 96.4                    
808.70                  808.69                  -999.25                 -999.25                 -999.25                 -999.25                 96.4                    
808.80                  808.79                  -999.25                 -999.25                 -999.25                 -999.25                 96.4                    
808.90                  808.93                  41.85                   -999.25                 0.851                   0.753                   96.4                    
809.00                  808.99                  -999.25                 -999.25                 -999.25                 -999.25                 96.4                    
809.10                  809.09                  -999.25                 -999.25                 -999.25                 -999.25                 96.4                    
809.20                  809.24                  63.22                   -999.25                 -999.25                 -999.25                 96.4                    
809.30                  809.29                  -999.25                 -999.25                 -999.25                 -999.25                 96.4                    
809.40                  809.39                  -999.25                 -999.25                 -999.25                 -999.25                 96.4                    
809.50                  809.54                  64.09                   -999.25                 -999.25                 -999.25                 96.4                    
809.60                  809.59                  -999.25                 49.3                    -999.25                 -999.25                 96.4                    
809.70                  809.69                  -999.25                 -999.25                 -999.25                 -999.25                 96.4                    
809.80                  809.79                  -999.25                 -999.25                 -999.25                 -999.25                 96.4                    
809.90                  809.85                  26.92                   -999.25                 -999.25                 -999.25                 96.4                    
810.00                  809.99                  -999.25                 -999.25                 0.837                   0.761                   96.4                    
810.10                  810.09                  -999.25                 -999.25                 -999.25                 -999.25                 96.4                    
810.20                  810.15                  97.55                   -999.25                 -999.25                 -999.25                 96.4                    
810.30                  810.29                  -999.25                 -999.25                 -999.25                 -999.25                 96.4                    
810.40                  810.39                  -999.25                 -999.25                 -999.25                 -999.25                 96.4                    
810.50                  810.45                  28.18                   -999.25                 -999.25                 -999.25                 96.4                    
810.60                  810.59                  -999.25                 47.5                    -999.25                 -999.25                 96.4                    
810.70                  810.69                  -999.25                 -999.25                 -999.25                 -999.25                 96.4                    
810.80                  810.76                  32.84                   -999.25                 -999.25                 -999.25                 96.4                    
810.90                  810.89                  -999.25                 -999.25                 0.794                   0.685                   96.4                    
811.00                  810.99                  -999.25                 -999.25                 -999.25                 -999.25                 96.4                    
811.10                  811.06                  20.34                   -999.25                 -999.25                 -999.25                 96.4                    
811.20                  811.19                  -999.25                 41.0                    -999.25                 -999.25                 96.4                    
811.30                  811.29                  -999.25                 -999.25                 0.773                   0.650                   96.4                    
811.40                  811.37                  23.74                   -999.25                 -999.25                 -999.25                 96.4                    
811.50                  811.49                  -999.25                 -999.25                 -999.25                 -999.25                 96.4                    
811.60                  811.59                  -999.25                 -999.25                 -999.25                 -999.25                 96.4                    
811.70                  811.67                  19.98                   -999.25                 -999.25                 -999.25                 96.4                    
811.80                  811.79                  -999.25                 -999.25                 -999.25                 -999.25                 96.4                    
811.90                  811.89                  -999.25                 44.5                    -999.25                 -999.25                 96.4                    
812.00                  811.98                  1.25                    -999.25                 0.741                   0.643                   96.4                    
812.10                  812.09                  -999.25                 -999.25                 -999.25                 -999.25                 96.4                    
812.20                  812.19                  -999.25                 -999.25                 0.738                   0.663                   96.4                    
812.30                  812.28                  22.05                   -999.25                 -999.25                 -999.25                 96.4                    
812.40                  812.39                  -999.25                 46.2                    -999.25                 -999.25                 96.4                    
812.50                  812.49                  -999.25                 -999.25                 -999.25                 -999.25                 96.4                    
812.60                  812.59                  54.59                   47.1                    -999.25                 -999.25                 96.4                    
812.70                  812.69                  -999.25                 -999.25                 -999.25                 -999.25                 96.4                    
812.80                  812.79                  -999.25                 -999.25                 -999.25                 -999.25                 96.4                    
812.90                  812.89                  25.07                   -999.25                 -999.25                 -999.25                 96.4                    
813.00                  812.99                  -999.25                 -999.25                 -999.25                 -999.25                 96.4                    
813.10                  813.09                  -999.25                 -999.25                 -999.25                 -999.25                 96.4                    
813.20                  813.20                  32.18                   -999.25                 -999.25                 -999.25                 96.4                    
813.30                  813.29                  -999.25                 -999.25                 -999.25                 -999.25                 96.4                    
813.40                  813.39                  -999.25                 -999.25                 -999.25                 -999.25                 96.4                    
813.50                  813.50                  35.33                   -999.25                 -999.25                 -999.25                 96.4                    
813.60                  813.59                  -999.25                 -999.25                 -999.25                 -999.25                 96.4                    
813.70                  813.69                  -999.25                 -999.25                 -999.25                 -999.25                 96.4                    
813.80                  813.81                  37.15                   -999.25                 -999.25                 -999.25                 96.4                    
813.90                  813.89                  -999.25                 -999.25                 -999.25                 -999.25                 96.4                    
814.00                  813.99                  -999.25                 -999.25                 -999.25                 -999.25                 96.4                    
814.10                  814.11                  37.36                   -999.25                 -999.25                 -999.25                 96.4                    
814.20                  814.19                  -999.25                 -999.25                 -999.25                 -999.25                 96.4                    
814.30                  814.29                  -999.25                 -999.25                 -999.25                 -999.25                 96.4                    
814.40                  814.42                  55.34                   -999.25                 -999.25                 -999.25                 96.4                    
814.50                  814.49                  -999.25                 -999.25                 -999.25                 -999.25                 96.4                    
814.60                  814.59                  -999.25                 -999.25                 -999.25                 -999.25                 96.4                    
814.70                  814.72                  50.61                   -999.25                 -999.25                 -999.25                 96.4                    
814.80                  814.79                  -999.25                 -999.25                 -999.25                 -999.25                 96.4                    
814.90                  814.89                  -999.25                 -999.25                 -999.25                 -999.25                 96.4                    
815.00                  815.03                  59.57                   -999.25                 -999.25                 -999.25                 96.4                    
815.10                  815.09                  -999.25                 -999.25                 -999.25                 -999.25                 96.4                    
815.20                  815.19                  -999.25                 -999.25                 -999.25                 -999.25                 96.4                    
815.30                  815.33                  49.26                   -999.25                 -999.25                 -999.25                 96.4                    
815.40                  815.39                  -999.25                 -999.25                 -999.25                 -999.25                 96.4                    
815.50                  815.49                  -999.25                 -999.25                 -999.25                 -999.25                 96.4                    
815.60                  815.64                  40.64                   -999.25                 -999.25                 -999.25                 96.4                    
815.70                  815.69                  -999.25                 -999.25                 -999.25                 -999.25                 96.4                    
815.80                  815.79                  -999.25                 -999.25                 -999.25                 -999.25                 96.4                    
815.90                  815.94                  38.57                   -999.25                 -999.25                 -999.25                 96.4                    
816.00                  815.99                  -999.25                 -999.25                 -999.25                 -999.25                 96.4                    
816.10                  816.09                  -999.25                 -999.25                 -999.25                 -999.25                 96.4                    
816.20                  816.19                  -999.25                 -999.25                 -999.25                 -999.25                 96.4                    
816.30                  816.25                  53.27                   -999.25                 -999.25                 -999.25                 96.4                    
816.40                  816.39                  -999.25                 -999.25                 -999.25                 -999.25                 96.4                    
816.50                  816.49                  -999.25                 -999.25                 -999.25                 -999.25                 96.4                    
816.60                  816.55                  42.81                   -999.25                 -999.25                 -999.25                 96.4                    
816.70                  816.69                  -999.25                 -999.25                 -999.25                 -999.25                 96.4                    
816.80                  816.79                  -999.25                 -999.25                 -999.25                 -999.25                 96.4                    
816.90                  816.86                  32.27                   -999.25                 -999.25                 -999.25                 96.4                    
817.00                  816.99                  -999.25                 -999.25                 -999.25                 -999.25                 96.4                    
817.10                  817.09                  -999.25                 -999.25                 -999.25                 -999.25                 96.4                    
817.20                  817.16                  40.50                   -999.25                 -999.25                 -999.25                 96.4                    
817.30                  817.29                  -999.25                 -999.25                 -999.25                 -999.25                 96.4                    
817.40                  817.39                  -999.25                 -999.25                 -999.25                 -999.25                 96.4                    
817.50                  817.47                  65.33                   -999.25                 -999.25                 -999.25                 96.4                    
817.60                  817.59                  -999.25                 -999.25                 -999.25                 -999.25                 96.4                    
817.70                  817.69                  -999.25                 -999.25                 -999.25                 -999.25                 96.4                    
817.80                  817.77                  49.61                   -999.25                 -999.25                 -999.25                 96.4                    
817.90                  817.89                  -999.25                 -999.25                 -999.25                 -999.25                 96.4                    
818.00                  817.99                  -999.25                 -999.25                 -999.25                 -999.25                 96.4                    
818.10                  818.07                  42.72                   -999.25                 -999.25                 -999.25                 96.4                    
818.20                  818.19                  -999.25                 -999.25                 -999.25                 -999.25                 96.4                    
818.30                  818.29                  -999.25                 -999.25                 -999.25                 -999.25                 96.4                    
818.40                  818.38                  41.48                   -999.25                 -999.25                 -999.25                 96.4                    
818.50                  818.49                  -999.25                 -999.25                 -999.25                 -999.25                 96.4                    
818.60                  818.59                  -999.25                 -999.25                 -999.25                 -999.25                 96.4                    
818.70                  818.68                  29.75                   -999.25                 -999.25                 -999.25                 96.4                    
818.80                  818.79                  -999.25                 -999.25                 -999.25                 -999.25                 96.4                    
818.90                  818.89                  -999.25                 -999.25                 -999.25                 -999.25                 96.4                    
819.00                  818.99                  27.51                   -999.25                 -999.25                 -999.25                 96.4                    
819.10                  819.09                  -999.25                 -999.25                 -999.25                 -999.25                 96.4                    
819.20                  819.19                  -999.25                 -999.25                 -999.25                 -999.25                 96.4                    
819.30                  819.29                  47.27                   -999.25                 -999.25                 -999.25                 96.4                    
819.40                  819.39                  -999.25                 -999.25                 -999.25                 -999.25                 96.4                    
819.50                  819.49                  -999.25                 -999.25                 -999.25                 -999.25                 96.4                    
819.60                  819.60                  18.55                   -999.25                 -999.25                 -999.25                 96.4                    
819.70                  819.69                  -999.25                 -999.25                 -999.25                 -999.25                 96.4                    
819.80                  819.79                  -999.25                 -999.25                 -999.25                 -999.25                 96.4                    
819.90                  819.90                  15.39                   -999.25                 -999.25                 -999.25                 96.4                    
820.00                  819.99                  -999.25                 -999.25                 -999.25                 -999.25                 96.4                    
820.10                  820.09                  -999.25                 -999.25                 -999.25                 -999.25                 96.4                    
820.20                  820.21                  11.93                   -999.25                 -999.25                 -999.25                 96.4                    
820.30                  820.29                  -999.25                 -999.25                 -999.25                 -999.25                 96.4                    
820.40                  820.39                  -999.25                 -999.25                 -999.25                 -999.25                 96.4                    
820.50                  820.51                  101.36                  -999.25                 -999.25                 -999.25                 96.4                    
820.60                  820.59                  -999.25                 -999.25                 -999.25                 -999.25                 96.4                    
820.70                  820.69                  -999.25                 -999.25                 -999.25                 -999.25                 96.4                    
820.80                  820.82                  14.71                   -999.25                 -999.25                 -999.25                 96.4                    
820.90                  820.89                  -999.25                 -999.25                 -999.25                 -999.25                 96.4                    
821.00                  820.99                  -999.25                 -999.25                 -999.25                 -999.25                 96.4                    
821.10                  821.12                  18.05                   -999.25                 -999.25                 -999.25                 96.4                    
821.20                  821.19                  -999.25                 -999.25                 -999.25                 -999.25                 96.4                    
821.30                  821.29                  -999.25                 -999.25                 -999.25                 -999.25                 96.4                    
821.40                  821.43                  23.07                   -999.25                 -999.25                 -999.25                 96.4                    
821.50                  821.49                  -999.25                 -999.25                 -999.25                 -999.25                 96.4                    
821.60                  821.59                  -999.25                 -999.25                 -999.25                 -999.25                 96.4                    
821.70                  821.73                  20.39                   -999.25                 -999.25                 -999.25                 96.4                    
821.80                  821.79                  -999.25                 -999.25                 -999.25                 -999.25                 96.4                    
821.90                  821.89                  -999.25                 -999.25                 -999.25                 -999.25                 96.4                    
822.00                  822.04                  22.16                   -999.25                 -999.25                 -999.25                 96.4                    
822.10                  822.09                  -999.25                 -999.25                 -999.25                 -999.25                 96.4                    
822.20                  822.19                  -999.25                 -999.25                 -999.25                 -999.25                 96.4                    
822.30                  822.29                  -999.25                 -999.25                 -999.25                 -999.25                 96.4                    
822.40                  822.34                  24.89                   -999.25                 -999.25                 -999.25                 96.4                    
822.50                  822.49                  -999.25                 -999.25                 -999.25                 -999.25                 96.4                    
822.60                  822.59                  -999.25                 -999.25                 -999.25                 -999.25                 96.4                    
822.70                  822.65                  26.26                   -999.25                 -999.25                 -999.25                 96.4                    
822.80                  822.79                  -999.25                 -999.25                 -999.25                 -999.25                 96.4                    
822.90                  822.89                  -999.25                 -999.25                 -999.25                 -999.25                 96.4                    
823.00                  822.95                  22.66                   -999.25                 -999.25                 -999.25                 96.4                    
823.10                  823.09                  -999.25                 -999.25                 -999.25                 -999.25                 96.4                    
823.20                  823.19                  -999.25                 -999.25                 -999.25                 -999.25                 96.4                    
823.30                  823.26                  16.84                   -999.25                 -999.25                 -999.25                 96.4                    
823.40                  823.39                  -999.25                 -999.25                 -999.25                 -999.25                 96.4                    
823.50                  823.49                  -999.25                 -999.25                 -999.25                 -999.25                 96.4                    
823.60                  823.56                  15.20                   -999.25                 -999.25                 -999.25                 96.4                    
823.70                  823.69                  -999.25                 -999.25                 -999.25                 -999.25                 96.4                    
823.80                  823.79                  -999.25                 -999.25                 -999.25                 -999.25                 96.4                    
823.90                  823.87                  12.43                   -999.25                 -999.25                 -999.25                 96.4                    
824.00                  823.99                  -999.25                 -999.25                 -999.25                 -999.25                 96.4                    
824.10                  824.09                  -999.25                 -999.25                 -999.25                 -999.25                 96.4                    
824.20                  824.17                  12.39                   -999.25                 -999.25                 -999.25                 96.4                    
824.30                  824.29                  -999.25                 -999.25                 -999.25                 -999.25                 96.4                    
824.40                  824.39                  -999.25                 -999.25                 -999.25                 -999.25                 96.4                    
824.50                  824.48                  11.24                   -999.25                 -999.25                 -999.25                 96.4                    
824.60                  824.59                  -999.25                 -999.25                 -999.25                 -999.25                 96.4                    
824.70                  824.69                  -999.25                 -999.25                 -999.25                 -999.25                 96.4                    
824.80                  824.78                  12.55                   -999.25                 -999.25                 -999.25                 96.4                    
824.90                  824.89                  -999.25                 -999.25                 -999.25                 -999.25                 96.4                    
825.00                  824.99                  -999.25                 -999.25                 -999.25                 -999.25                 96.4                    
825.10                  825.09                  12.22                   -999.25                 -999.25                 -999.25                 96.4                    
825.20                  825.19                  -999.25                 -999.25                 -999.25                 -999.25                 96.4                    
825.30                  825.29                  -999.25                 -999.25                 -999.25                 -999.25                 96.4                    
825.40                  825.39                  12.35                   -999.25                 -999.25                 -999.25                 96.4                    
825.50                  825.49                  -999.25                 -999.25                 -999.25                 -999.25                 96.4                    
825.60                  825.59                  -999.25                 -999.25                 -999.25                 -999.25                 96.4                    
825.70                  825.69                  14.27                   -999.25                 -999.25                 -999.25                 96.4                    
825.80                  825.79                  -999.25                 -999.25                 -999.25                 -999.25                 96.4                    
825.90                  825.89                  -999.25                 -999.25                 -999.25                 -999.25                 96.4                    
826.00                  826.00                  20.62                   -999.25                 -999.25                 -999.25                 96.4                    
826.10                  826.09                  -999.25                 -999.25                 -999.25                 -999.25                 96.4                    
826.20                  826.19                  -999.25                 -999.25                 -999.25                 -999.25                 96.4                    
826.30                  826.30                  19.71                   -999.25                 -999.25                 -999.25                 96.4                    
826.40                  826.39                  -999.25                 -999.25                 -999.25                 -999.25                 96.4                    
826.50                  826.49                  -999.25                 -999.25                 -999.25                 -999.25                 96.4                    
826.60                  826.61                  16.32                   -999.25                 -999.25                 -999.25                 96.4                    
826.70                  826.69                  -999.25                 -999.25                 -999.25                 -999.25                 96.4                    
826.80                  826.79                  -999.25                 -999.25                 -999.25                 -999.25                 96.4                    
826.90                  826.91                  15.70                   -999.25                 -999.25                 -999.25                 96.4                    
827.00                  826.99                  -999.25                 -999.25                 -999.25                 -999.25                 96.4                    
827.10                  827.09                  -999.25                 -999.25                 -999.25                 -999.25                 96.4                    
827.20                  827.22                  16.22                   -999.25                 -999.25                 -999.25                 96.4                    
827.30                  827.29                  -999.25                 -999.25                 -999.25                 -999.25                 96.4                    
827.40                  827.39                  -999.25                 -999.25                 -999.25                 -999.25                 96.4                    
827.50                  827.52                  20.62                   -999.25                 -999.25                 -999.25                 96.4                    
827.60                  827.59                  -999.25                 -999.25                 -999.25                 -999.25                 96.4                    
827.70                  827.69                  -999.25                 -999.25                 -999.25                 -999.25                 96.4                    
827.80                  827.83                  41.28                   -999.25                 -999.25                 -999.25                 96.4                    
827.90                  827.89                  -999.25                 -999.25                 -999.25                 -999.25                 96.4                    
828.00                  827.99                  -999.25                 -999.25                 -999.25                 -999.25                 96.4                    
828.10                  828.13                  28.92                   -999.25                 -999.25                 -999.25                 96.4                    
828.20                  828.19                  -999.25                 -999.25                 -999.25                 -999.25                 96.4                    
828.30                  828.29                  -999.25                 -999.25                 -999.25                 -999.25                 96.4                    
828.40                  828.44                  28.98                   -999.25                 -999.25                 -999.25                 96.4                    
828.50                  828.49                  -999.25                 -999.25                 -999.25                 -999.25                 96.4                    
828.60                  828.59                  -999.25                 -999.25                 -999.25                 -999.25                 96.4                    
828.70                  828.69                  -999.25                 -999.25                 -999.25                 -999.25                 96.4                    
828.80                  828.74                  26.90                   -999.25                 -999.25                 -999.25                 96.4                    
828.90                  828.89                  -999.25                 -999.25                 -999.25                 -999.25                 96.4                    
829.00                  828.99                  -999.25                 -999.25                 -999.25                 -999.25                 96.4                    
829.10                  829.05                  26.03                   -999.25                 -999.25                 -999.25                 96.4                    
829.20                  829.19                  -999.25                 -999.25                 -999.25                 -999.25                 96.4                    
829.30                  829.29                  -999.25                 -999.25                 -999.25                 -999.25                 96.4                    
829.40                  829.35                  27.07                   -999.25                 -999.25                 -999.25                 96.4                    
829.50                  829.49                  -999.25                 -999.25                 -999.25                 -999.25                 96.4                    
829.60                  829.59                  -999.25                 -999.25                 -999.25                 -999.25                 96.4                    
829.70                  829.66                  26.73                   -999.25                 -999.25                 -999.25                 96.4                    
829.80                  829.79                  -999.25                 -999.25                 -999.25                 -999.25                 96.4                    
829.90                  829.89                  -999.25                 -999.25                 -999.25                 -999.25                 96.4                    
830.00                  829.96                  24.90                   -999.25                 -999.25                 -999.25                 96.4                    
830.10                  830.09                  -999.25                 -999.25                 -999.25                 -999.25                 96.4                    
830.20                  830.19                  -999.25                 -999.25                 -999.25                 -999.25                 96.4                    
830.30                  830.27                  24.62                   -999.25                 -999.25                 -999.25                 96.4                    
830.40                  830.39                  -999.25                 -999.25                 -999.25                 -999.25                 96.4                    
830.50                  830.49                  -999.25                 -999.25                 -999.25                 -999.25                 96.4                    
830.60                  830.57                  24.73                   -999.25                 -999.25                 -999.25                 96.4                    
830.70                  830.69                  -999.25                 -999.25                 -999.25                 -999.25                 96.4                    
830.80                  830.79                  -999.25                 -999.25                 -999.25                 -999.25                 96.4                    
830.90                  830.88                  28.08                   -999.25                 -999.25                 -999.25                 96.4                    
831.00                  830.99                  -999.25                 -999.25                 -999.25                 -999.25                 96.4                    
831.10                  831.09                  -999.25                 -999.25                 -999.25                 -999.25                 96.4                    
831.20                  831.18                  14.92                   -999.25                 -999.25                 -999.25                 96.4                    
831.30                  831.29                  -999.25                 -999.25                 -999.25                 -999.25                 96.4                    
831.40                  831.39                  -999.25                 -999.25                 -999.25                 -999.25                 96.4                    
831.50                  831.49                  20.45                   -999.25                 -999.25                 -999.25                 96.4                    
831.60                  831.59                  -999.25                 -999.25                 -999.25                 -999.25                 96.4                    
831.70                  831.69                  -999.25                 -999.25                 -999.25                 -999.25                 96.4                    
831.80                  831.79                  27.73                   -999.25                 -999.25                 -999.25                 96.4                    
831.90                  831.89                  -999.25                 -999.25                 -999.25                 -999.25                 96.4                    
832.00                  831.99                  -999.25                 -999.25                 -999.25                 -999.25                 96.4                    
832.10                  832.10                  29.25                   -999.25                 -999.25                 -999.25                 96.4                    
832.20                  832.19                  -999.25                 -999.25                 -999.25                 -999.25                 96.4                    
832.30                  832.29                  -999.25                 -999.25                 -999.25                 -999.25                 96.4                    
832.40                  832.40                  32.01                   -999.25                 -999.25                 -999.25                 96.4                    
832.50                  832.49                  -999.25                 -999.25                 -999.25                 -999.25                 96.4                    
832.60                  832.59                  -999.25                 -999.25                 -999.25                 -999.25                 96.4                    
832.70                  832.71                  34.13                   -999.25                 -999.25                 -999.25                 96.4                    
832.80                  832.79                  -999.25                 -999.25                 -999.25                 -999.25                 96.4                    
832.90                  832.89                  -999.25                 -999.25                 -999.25                 -999.25                 96.4                    
833.00                  833.01                  34.40                   -999.25                 -999.25                 -999.25                 96.4                    
833.10                  833.09                  -999.25                 -999.25                 -999.25                 -999.25                 96.4                    
833.20                  833.19                  -999.25                 -999.25                 -999.25                 -999.25                 96.4                    
833.30                  833.31                  32.94                   -999.25                 -999.25                 -999.25                 96.4                    
833.40                  833.39                  -999.25                 -999.25                 -999.25                 -999.25                 96.4                    
833.50                  833.49                  -999.25                 -999.25                 -999.25                 -999.25                 96.4                    
833.60                  833.62                  30.57                   -999.25                 -999.25                 -999.25                 96.4                    
833.70                  833.69                  -999.25                 -999.25                 -999.25                 -999.25                 96.4                    
833.80                  833.79                  -999.25                 -999.25                 -999.25                 -999.25                 96.4                    
833.90                  833.92                  29.48                   -999.25                 -999.25                 -999.25                 96.4                    
834.00                  833.99                  -999.25                 -999.25                 -999.25                 -999.25                 96.4                    
834.10                  834.09                  -999.25                 -999.25                 -999.25                 -999.25                 96.4                    
834.20                  834.23                  30.00                   -999.25                 -999.25                 -999.25                 96.4                    
834.30                  834.29                  -999.25                 -999.25                 -999.25                 -999.25                 96.4                    
834.40                  834.39                  -999.25                 -999.25                 -999.25                 -999.25                 96.4                    
834.50                  834.53                  29.33                   -999.25                 -999.25                 -999.25                 96.4                    
834.60                  834.59                  -999.25                 -999.25                 -999.25                 -999.25                 96.4                    
834.70                  834.69                  -999.25                 -999.25                 -999.25                 -999.25                 96.4                    
834.80                  834.84                  28.45                   -999.25                 -999.25                 -999.25                 96.4                    
834.90                  834.89                  -999.25                 -999.25                 -999.25                 -999.25                 96.4                    
835.00                  834.99                  -999.25                 -999.25                 -999.25                 -999.25                 96.4                    
835.10                  835.09                  -999.25                 -999.25                 -999.25                 -999.25                 96.4                    
835.20                  835.14                  29.30                   -999.25                 -999.25                 -999.25                 96.4                    
835.30                  835.29                  -999.25                 -999.25                 -999.25                 -999.25                 96.4                    
835.40                  835.39                  -999.25                 -999.25                 -999.25                 -999.25                 96.4                    
835.50                  835.45                  29.92                   -999.25                 -999.25                 -999.25                 96.4                    
835.60                  835.59                  -999.25                 -999.25                 -999.25                 -999.25                 96.4                    
835.70                  835.69                  -999.25                 -999.25                 -999.25                 -999.25                 96.4                    
835.80                  835.75                  30.09                   -999.25                 -999.25                 -999.25                 96.4                    
835.90                  835.89                  -999.25                 -999.25                 -999.25                 -999.25                 96.4                    
836.00                  835.99                  -999.25                 -999.25                 -999.25                 -999.25                 96.4                    
836.10                  836.06                  29.91                   -999.25                 -999.25                 -999.25                 96.4                    
836.20                  836.19                  -999.25                 -999.25                 -999.25                 -999.25                 96.4                    
836.30                  836.29                  -999.25                 -999.25                 -999.25                 -999.25                 96.4                    
836.40                  836.36                  27.73                   -999.25                 -999.25                 -999.25                 96.4                    
836.50                  836.49                  -999.25                 -999.25                 -999.25                 -999.25                 96.4                    
836.60                  836.59                  -999.25                 -999.25                 -999.25                 -999.25                 96.4                    
836.70                  836.67                  26.33                   -999.25                 -999.25                 -999.25                 96.4                    
836.80                  836.79                  -999.25                 -999.25                 -999.25                 -999.25                 96.4                    
836.90                  836.89                  -999.25                 -999.25                 -999.25                 -999.25                 96.4                    
837.00                  836.97                  26.41                   -999.25                 -999.25                 -999.25                 96.4                    
837.10                  837.09                  -999.25                 -999.25                 -999.25                 -999.25                 96.4                    
837.20                  837.19                  -999.25                 -999.25                 -999.25                 -999.25                 96.4                    
837.30                  837.28                  28.04                   -999.25                 -999.25                 -999.25                 96.4                    
837.40                  837.39                  -999.25                 -999.25                 -999.25                 -999.25                 96.4                    
837.50                  837.49                  -999.25                 -999.25                 -999.25                 -999.25                 96.4                    
837.60                  837.58                  28.38                   -999.25                 -999.25                 -999.25                 96.4                    
837.70                  837.69                  -999.25                 -999.25                 -999.25                 -999.25                 96.4                    
837.80                  837.79                  -999.25                 -999.25                 -999.25                 -999.25                 96.4                    
837.90                  837.89                  29.19                   -999.25                 -999.25                 -999.25                 96.4                    
838.00                  837.99                  -999.25                 -999.25                 -999.25                 -999.25                 96.4                    
838.10                  838.09                  -999.25                 -999.25                 -999.25                 -999.25                 96.4                    
838.20                  838.19                  29.00                   -999.25                 -999.25                 -999.25                 96.4                    
838.30                  838.29                  -999.25                 -999.25                 -999.25                 -999.25                 96.4                    
838.40                  838.39                  -999.25                 -999.25                 -999.25                 -999.25                 96.4                    
838.50                  838.50                  25.91                   -999.25                 -999.25                 -999.25                 96.4                    
838.60                  838.59                  -999.25                 -999.25                 -999.25                 -999.25                 96.4                    
838.70                  838.69                  -999.25                 -999.25                 -999.25                 -999.25                 96.4                    
838.80                  838.80                  24.60                   -999.25                 -999.25                 -999.25                 96.4                    
838.90                  838.89                  -999.25                 -999.25                 -999.25                 -999.25                 96.4                    
839.00                  838.99                  -999.25                 -999.25                 -999.25                 -999.25                 96.4                    
839.10                  839.11                  23.37                   -999.25                 -999.25                 -999.25                 96.4                    
839.20                  839.19                  -999.25                 -999.25                 -999.25                 -999.25                 96.4                    
839.30                  839.29                  -999.25                 -999.25                 -999.25                 -999.25                 -999.25                 
839.40                  839.41                  21.79                   -999.25                 -999.25                 -999.25                 -999.25                 
839.50                  839.49                  -999.25                 -999.25                 -999.25                 -999.25                 -999.25                 
839.60                  839.59                  -999.25                 -999.25                 -999.25                 -999.25                 -999.25                 
839.70                  839.72                  21.05                   -999.25                 -999.25                 -999.25                 -999.25                 
839.80                  839.82                  -999.25                 -999.25                 -999.25                 -999.25                 -999.25                 
839.90                  839.92                  -999.25                 -999.25                 -999.25                 -999.25                 -999.25                 
840.00                  840.02                  18.45                   -999.25                 -999.25                 -999.25                 -999.25                 
840.10                  -999.25                 -999.25                 -999.25                 -999.25                 -999.25                 -999.25                 
840.20                  -999.25                 -999.25                 -999.25                 -999.25                 -999.25                 -999.25                 
840.30                  -999.25                 -999.25                 -999.25                 -999.25                 -999.25                 -999.25                 
840.40                  -999.25                 -999.25                 -999.25                 -999.25                 -999.25                 -999.25                 
840.50                  -999.25                 -999.25                 -999.25                 -999.25                 -999.25                 -999.25                 
840.60                  -999.25                 -999.25                 -999.25                 -999.25                 -999.25                 -999.25                 
840.70                  -999.25                 -999.25                 -999.25                 -999.25                 -999.25                 -999.25                 
840.80                  -999.25                 -999.25                 -999.25                 -999.25                 -999.25                 -999.25                 
840.90                  -999.25                 -999.25                 -999.25                 -999.25                 -999.25                 -999.25                 
841.00                  -999.25                 -999.25                 -999.25                 -999.25                 -999.25                 -999.25                 