~VERSION INFORMATION 
 VERS. 2.0: CWLS LOG ASCII STANDARD -VERSION 2.0 
 WRAP.  No: SINGLE LINE PER DEPTH STEP
~WELL INFORMATION BLOCK 
#MNEM.UNIT			     DATA			   DESCRIPTION OF MNEMONIC
#----------------------------------------------------------------------
 STRT.m                 445.00                         : Start Depth
 STOP.m                 1150.00                        : Stop  Depth
 STEP.m                 0.25                           : Step  Depth
 NULL.                   -999.25                       : Null value
 COMP.                   PEAK                          : Company Name
 WELL.                   BILABRI DX1                   : Well Name
 PATH.                   Original Path                 : Path Name
 FLD.                    BILABRI                       : Field Name
 LOC.                    BULFORD DOLPHIN               : Location
 PROV.                   Unused                        : Province
 SRVC.                   BAKER HUGHES INTEQ            : Service Company Name
 Date.DD/MM/YYYY         25/12/2005                    : Date
 UWI.                                                  : Unique Well ID
 TIMEZONE.Hrs            0                   : Time zone difference from GMT 
~CURVE INFORMATION
#MNEM.UNIT                 CURVE INFORMATION
#
#----------------------------------------------------------------------#
DEPTH.m                                      :   0 Depth Hole
DRLL_ROP_AVG.m/hr                            :   1 Average ROP
RACLM.Ohm.m                                  :   2 
RPCLM.Ohm.m                                  :   3 
RACHM.Ohm.m                                  :   4 
RPCHM.Ohm.m                                  :   5 
CALFM.in                                     :   6 
NPLFM.pu                                     :   7 
GRAFM.API                                    :   8 
BDCFM.g/cc                                   :   9 
DRHFM.g/cc                                   :   10 
TCDM.degF                                    :   11 
TVD.m                                        :   12 Vertical Depth
#
~Disclaimer
Baker Hughes INTEQ does not guarantee the accuracy  or correctness
of  interpretations  provided  in  or  from this  data. Since  all
interpretations  are  opinions based on measurements, Baker Hughes
INTEQ  shall  under no  circumstances   be  held  responsible  for
consequential damages or any other loss, costs, damages or expenses
incurred  or  sustained  in  connection  with  the use of any such
interpretations. Baker  Hughes INTEQ  disclaims  all expressed and
implied  warranties  related to  its  service which is governed by
Baker Hughes INTEQ's standard terms and conditions.
#
DEPTH             DRLL_ROP_AVG RACLM       RPCLM         RACHM       RPCHM        CALFM        NPLFM        GRAFM        BDCFM        DRHFM         TCDM          TVD          
m                 m/hr         Ohm.m       Ohm.m         Ohm.m       Ohm.m           in           pu          API         g/cc         g/cc         degF            m          

  445.00         22.88         0.08         0.14         0.09         0.16      -844.80       154.41        19.04         1.36        -0.77      -999.25       445.00
  445.25         21.11         0.08         0.15         0.09         0.16      -999.00       100.47        19.70         1.35        -0.97        92.07       445.25
  445.50         24.63         0.08         0.15         0.08         0.42      -952.42       122.43        21.55         1.31        -1.09        92.11       445.50
  445.75         28.71         0.08         0.15         0.08         0.57      -583.92       302.78        21.93         1.28        -1.13        92.15       445.75
  446.00         32.78         0.08         0.15         0.08         0.53       -57.94      -110.17        21.40         1.35        -1.07        92.19       446.00
  446.25         32.36         0.08         0.14         0.07     84495.11        10.77      -470.75        21.09         1.42        -1.01        92.19       446.25
  446.50         28.78         0.08         0.14         0.07         0.17        15.11        26.82        21.91         1.50        -0.93        92.19       446.50
  446.75         23.75         0.08         0.14         0.06         0.16        15.13        77.08        21.73         1.54        -0.90        92.19       446.75
  447.00         23.66         0.08         0.17         0.14         0.15        15.09       -79.21        21.90         1.52        -0.92        92.19       447.00
  447.25         23.58         0.08         0.17         0.10         0.28        15.00       -83.54        18.92         1.52        -0.91        92.19       447.25
  447.50         42.15         0.08         0.17         0.07         0.15        14.93      -359.69        17.18         1.52        -0.89        92.19       447.50
  447.75         72.44         0.08         0.17         0.05         0.13        14.93      1256.12        17.37         1.47        -0.92        92.19       447.75
  448.00         71.80         0.08         0.17         0.08         0.14        15.00      -216.39        17.14         1.48        -0.86        92.19       448.00
  448.25         60.46         0.07         0.18         0.11         0.14        15.03       -88.29        16.75         1.50        -0.75        92.19       448.25
  448.50         54.88         0.06         0.18         0.11         0.14        15.02       210.76        16.52         1.53        -0.73        92.19       448.50
  448.75         49.30         0.06         0.18         0.11         0.13        15.08        81.97        16.98         1.47        -0.95        92.19       448.75
  449.00         36.76         0.06         0.18         0.10         0.13       -32.90       184.81        17.80         1.59        -0.81        92.19       449.00
  449.25         21.67         0.06         0.19         0.10         0.14      -162.73       156.40        16.88         1.74        -0.55        92.19       449.25
  449.50         16.82         0.06         0.19         0.11         0.14       -60.59       127.99        17.81         2.03        -0.10        92.19       449.50
  449.75         14.66         0.06         0.19         0.10         0.14        15.09       -49.32        17.62         1.96        -0.00        92.19       449.75
  450.00         12.51         0.03         4.42         0.07         1.55        15.14      -226.64        19.00         1.70         0.03        92.19       450.00
  450.25          9.24         0.07         6.62         0.33         1.05        15.56      -238.27        21.10         1.67         0.04        92.19       450.25
  450.50          7.83         0.10         3.63         0.39         0.83      -127.71      1039.86        23.73         1.63         0.03        92.19       450.50
  450.75          5.73         0.32         1.13         0.51         0.76      -232.47      -333.09        25.06         1.52         0.02        92.19       450.75
  451.00          0.21         0.26         1.44         0.51         0.84      -183.47     -7874.87        24.51         1.35         0.02        92.19       451.00
  451.25          0.47         0.61         0.59         0.55         1.25       -61.37       318.30        24.70         1.31         0.02        92.19       451.25
  451.50          0.73         0.51         0.49         0.38         2.19      -433.51       188.20        27.01         1.18        -0.01        92.19       451.50
  451.75          1.14         0.03         2.72         0.07         2.89      -823.37       150.63        29.79         1.10        -0.04        92.19       451.75
  452.00          2.22         0.03         3.44         0.12      2718.14      -999.00      2067.74        26.22         1.07        -0.05        92.19       452.00
  452.25          2.63         0.36         0.75         0.54         0.81      -999.00      -216.03        23.82         1.08        -0.05        92.19       452.25
  452.50          3.33         0.40         0.20         0.22         0.19      -999.00      -106.95        23.63         1.07        -0.05        92.19       452.50
  452.75          4.02         0.36         0.19         0.21         0.23      -999.00     -1059.18        27.23         1.06        -0.05        92.19       452.75
  453.00          4.84         0.37         0.17         0.21         0.16      -999.00      -420.93        29.70         1.06        -0.05        92.19       453.00
  453.25          4.98         0.39         0.19         0.23         0.18      -999.00       284.14        30.33         1.06        -0.05        92.19       453.25
  453.50          6.45         0.39         0.20         0.25         0.19      -999.00     -3454.83        29.62         1.05        -0.06        92.19       453.50
  453.75         10.01         0.40         0.20         0.25         0.19      -999.00      -100.44        28.62         1.06        -0.05        92.19       453.75
  454.00         10.67         0.39         0.18         0.24         0.18      -960.78      -214.15        30.34         1.09        -0.05        92.19       454.00
  454.25         11.33         0.36         0.17         0.22         0.18      -653.41      -184.56        29.42         1.11        -0.05        92.19       454.25
  454.50         10.62         0.39         0.18         0.22         0.18       -36.34      -114.68        30.48         1.13        -0.05        92.19       454.50
  454.75         12.16         0.41         0.20         0.26         0.20        13.74      -158.12        31.38         1.14        -0.04        92.19       454.75
  455.00         24.89         0.43         0.23         0.28         0.21        13.69       -71.43        30.51         1.22        -0.01        92.19       455.00
  455.25         65.80         0.42         0.18         0.26         0.16        13.70       -52.41        30.42         1.25         0.01        92.19       455.25
  455.50         73.87         0.41         0.24         0.27         0.24        13.72      -157.17        28.31         1.27         0.02        92.19       455.50
  455.75         81.95         0.34         0.26         0.28         0.31        13.81      -307.20        27.19         1.27         0.02        92.19       455.75
  456.00         98.92         0.34         0.26         0.30         0.31       -22.45       -75.82        27.37         1.33         0.03        92.19       456.00
  456.25         94.04         0.34         0.25         0.29         0.28      -286.37       -76.44        26.86         1.36         0.04        92.19       456.25
  456.50         74.25         0.33         0.26         0.29         0.26      -791.70       -80.62        26.30         1.37         0.04        92.19       456.50
  456.75         66.04         0.32         0.25         0.28         0.27      -961.36       -61.97        27.10         1.36         0.04        92.19       456.75
  457.00         57.84         0.32         0.25         0.28         0.27      -999.00      -103.34        25.97         1.29         0.02        92.19       457.00
  457.25         49.67         0.32         0.25         0.28         0.27      -999.00      -120.84        26.51         1.29         0.03        92.19       457.25
  457.50         51.08         0.32         0.24         0.28         0.27      -992.07      -167.68        27.21         1.32         0.03        92.19       457.50
  457.75         39.62         0.31         0.23         0.27         0.25      -911.17       469.34        28.70         1.34         0.03        92.19       457.75
  458.00         36.51         0.28         0.22         0.28         0.26      -385.35      -364.09        27.56         1.37         0.05        92.19       458.00
  458.25         34.12         0.28         0.23         0.29         0.30       -36.38      -123.90        28.03         1.41         0.06        92.19       458.25
  458.50         31.74         0.28         0.24         0.29         0.31        14.63       -71.91        30.89         1.46         0.05        92.19       458.50
  458.75         17.29         0.28         0.24         0.30         0.31        14.61       -60.97        30.98         1.48         0.05        92.19       458.75
  459.00          9.72         0.28         0.24         0.31         0.31       -33.69       -52.11        29.37         1.45         0.08        92.19       459.00
  459.25          7.25         0.28         0.25         0.33         0.33      -158.18       -45.87        30.30         1.38         0.06        92.19       459.25
  459.50          6.55         0.28         0.25         0.34         0.32      -419.56       -44.32        27.07         1.33         0.04        92.19       459.50
  459.75          5.86         0.28         0.25         0.33         0.32      -747.20       -56.54        28.28         1.35         0.05        92.19       459.75
  460.00          5.27         0.28         0.24         0.32         0.31      -989.35      -133.96        30.69         1.33         0.04        92.19       460.00
  460.25          5.92         0.28         0.24         0.31         0.30      -999.00      -167.10        31.84         1.34         0.04        92.19       460.25
  460.50          8.31         0.28         0.24         0.32         0.30      -999.00      -768.88        32.40         1.34         0.04        92.19       460.50
  460.75         12.25         0.28         0.24         0.32         0.30      -999.00        81.79        30.24         1.30         0.02        92.19       460.75
  461.00         13.21         0.28         0.24         0.32         0.29      -999.00        81.79        28.98         1.27         0.01        92.19       461.00
  461.25         14.16         0.28         0.24         0.32         0.29      -999.00        25.46        29.76         1.27         0.01        92.19       461.25
  461.50         11.77         0.28         0.24         0.32         0.32      -999.00        52.81        33.78         1.32         0.04        92.19       461.50
  461.75         10.40         0.28         0.25         0.34         0.31      -999.00        52.57        31.80         1.31         0.03        92.19       461.75
  462.00          8.83         0.29         0.24         0.31         0.31      -945.23        52.33        30.86         1.29         0.02        92.19       462.00
  462.25          8.90         0.32         0.24         0.33         0.29      -604.62        52.10        30.22         1.26         0.01        92.19       462.25
  462.50          8.96         0.33         0.26         0.33         0.34      -177.19        51.86        30.70         1.18        -0.01        92.19       462.50
  462.75          9.57         0.34         0.26         0.33         0.33      -561.91        51.62        31.41         1.23        -0.22        92.19       462.75
  463.00          9.72         0.34         0.26         0.33         0.34      -998.04        51.39        30.79         1.50        -0.75        92.19       463.00
  463.25          8.83         0.33         0.25         0.32         0.36      -999.00        51.15        29.91         1.54        -0.68        92.19       463.25
  463.50          7.14         0.32         0.22         0.29         0.26      -967.06        64.50        27.60         1.87        -0.12        92.19       463.50
  463.75          7.05         0.31         0.23         0.29         0.28      -117.79        74.70        28.65         1.75        -0.06        91.74       463.75
  464.00          6.97         0.30         0.24         0.28         0.32        15.77       -11.03        27.11         1.65        -0.06        91.85       464.00
  464.25          8.31         0.30         0.24         0.29         0.32        15.12       132.10        25.73         1.56        -0.06        89.71       464.25
  464.50          6.23         0.30         0.24         0.30         0.32      -296.07       642.33        26.57         1.46        -0.05        89.82       464.50
  464.75          6.83         0.29         0.24         0.31         0.33      -728.83      -687.97        27.06         1.37        -0.05        90.78       464.75
  465.00          9.14         0.29         0.23         0.29         0.30      -728.06       -71.56        26.02         1.27        -0.05        91.74       465.00
  465.25         12.40         0.29         0.23         0.29         0.30      -727.28       -75.05        25.06         1.18        -0.04        91.40       465.25
  465.50         15.66         0.30         0.22         0.28         0.27      -726.50       -42.21        24.14         1.08        -0.04        91.06       465.50
  465.75         18.34         0.34         0.22         0.28         0.25      -725.72       -37.53        23.41         1.09        -0.04        90.61       465.75
  466.00         22.13         0.38         0.22         0.27         0.23      -724.94       -37.86        23.17         1.07        -0.05        90.28       466.00
  466.25         24.98         0.43         0.21         0.26         0.21      -724.17       -45.81        24.24         1.07        -0.05        90.95       466.25
  466.50         22.49         0.43         0.21         0.26         0.19      -208.75      -174.72        24.90         1.08        -0.05        91.63       466.50
  466.75         20.00         0.44         0.20         0.26         0.17        13.92      -109.84        25.56         1.08        -0.04        88.93       466.75
  467.00          9.82         0.46         0.23         0.27         0.20        13.69       -41.48        26.22         1.18        -0.01        88.70       467.00
  467.25          6.44         0.44         0.23         0.28         0.21       -33.18       -44.08        26.59         1.25         0.01        88.70       467.25
  467.50          8.71         0.41         0.23         0.28         0.23      -525.83       -86.37        26.50         1.27         0.01        89.14       467.50
  467.75         15.23         0.39         0.23         0.28         0.24      -837.44       -77.18        26.42         1.27         0.02        89.57       467.75
  468.00         20.17         0.36         0.24         0.28         0.26      -347.97       -63.55        26.33         1.26         0.02        90.01       468.00
  468.25         25.12         0.34         0.24         0.28         0.27       -52.67      -122.88        26.25         1.26         0.02        90.44       468.25
  468.50         72.60         0.31         0.24         0.28         0.28        14.32       456.39        26.16         1.23         0.01        90.88       468.50
  468.75        114.30         0.31         0.24         0.28         0.29        14.23      -498.23        26.08         1.20        -0.00        91.32       468.75
  469.00        142.24         0.31         0.24         0.28         0.30        14.16       -54.01        26.00         1.20        -0.01        91.75       469.00
  469.25        145.94         0.32         0.24         0.27         0.27        14.13       -51.64        25.69         1.21        -0.00        92.19       469.25
  469.50        149.65         0.32         0.24         0.27         0.28        14.13      -138.84        25.67         1.26         0.01        92.19       469.50
  469.75        147.24         0.32         0.23         0.27         0.26        14.20       -67.72        24.41         1.29         0.01        92.19       469.75
  470.00         68.78         0.30         0.21         0.25         0.21        14.18       -36.90        25.83         1.31         0.01        92.19       470.00
  470.25         31.96         0.30         0.26         0.33         0.33        14.15       -41.04        25.66         1.32         0.02        92.19       470.25
  470.50         26.33         0.30         0.26         0.34         0.32        14.14       -88.04        23.93         1.28         0.01        92.19       470.50
  470.75         23.15         0.30         0.27         0.34         0.35        14.13       -92.68        23.02         1.26         0.01        92.19       470.75
  471.00         19.98         0.31         0.27         0.34         0.35        14.13       -74.65        21.53         1.32         0.02        92.19       471.00
  471.25         14.89         0.30         0.27         0.34         0.35        14.15       -95.13        21.70         1.33         0.02        92.19       471.25
  471.50         13.40         0.30         0.27         0.34         0.35        14.21       -38.48        22.13         1.31         0.01        92.19       471.50
  471.75         14.77         0.30         0.27         0.34         0.35        14.21       -38.06        21.21         1.33         0.01        92.19       471.75
  472.00         16.17         0.30         0.26         0.31         0.32        14.21       -46.37        22.65         1.35         0.01        92.19       472.00
  472.25         17.58         0.29         0.24         0.31         0.31        14.22       -87.85        22.61         1.36         0.01        92.19       472.25
  472.50         15.96         0.29         0.22         0.30         0.29        14.28      5168.62        23.70         1.30         0.00        92.19       472.50
  472.75         12.95         0.28         0.22         0.28         0.27        14.27      -203.79        24.16         1.27        -0.00        92.19       472.75
  473.00         11.40         0.29         0.23         0.29         0.28        14.28      -110.00        24.11         1.23        -0.01        92.19       473.00
  473.25          9.84         0.30         0.24         0.30         0.30        14.27      -215.52        24.20         1.21        -0.01        92.19       473.25
  473.50          9.48         0.31         0.24         0.31         0.33        14.32      1435.97        23.71         1.21        -0.02        92.19       473.50
  473.75          9.13         0.30         0.25         0.32         0.33        14.32      -111.54        24.18         1.23        -0.01        92.19       473.75
  474.00         10.51         0.29         0.22         0.29         0.27        14.32       -48.78        24.82         1.24        -0.00        92.19       474.00
  474.25         13.62         0.29         0.23         0.29         0.28        14.33       -33.10        24.27         1.20        -0.02        92.19       474.25
  474.50         24.41         0.32         0.27         0.32         0.36        14.30       -49.02        23.61         1.13        -0.04        92.19       474.50
  474.75         30.74         0.32         0.27         0.34         0.38        14.22       309.92        23.56         1.12        -0.03        92.19       474.75
  475.00         37.08         0.32         0.28         0.34         0.39        14.27    -23676.70        24.05         1.15        -0.02        92.19       475.00
  475.25         41.54         0.32         0.28         0.34         0.38       -72.39       -91.85        24.63         1.15        -0.02        92.19       475.25
  475.50         48.56         0.32         0.28         0.35         0.39      -760.17       -79.50        22.91         1.15        -0.03        92.19       475.50
  475.75         30.52         0.32         0.28         0.30         0.36      -998.85       -50.62        25.18         1.18        -0.02        92.19       475.75
  476.00         29.31         0.31         0.24         0.29         0.29      -997.50      -104.14        23.53         1.24        -0.00        92.19       476.00
  476.25         33.26         0.32         0.22         0.29         0.27      -832.68       186.20        24.90         1.24        -0.00        92.19       476.25
  476.50         37.21         0.32         0.23         0.28         0.27      -302.86       -97.41        28.91         1.22        -0.00        92.19       476.50
  476.75         38.99         0.32         0.23         0.29         0.27        -0.28      -201.94        28.10         1.20        -0.01        92.19       476.75
  477.00         14.89         0.32         0.23         0.30         0.28        14.40      3759.17        27.73         1.17        -0.02        92.19       477.00
  477.25         10.18         0.32         0.23         0.29         0.26        14.34      1021.13        28.38         1.18        -0.01        92.19       477.25
  477.50         10.44         0.38         0.23         0.28         0.22        14.26      -315.24        28.36         1.18        -0.00        92.19       477.50
  477.75         10.87         0.39         0.23         0.30         0.20        14.36     -1682.35        28.30         1.20         0.00        92.19       477.75
  478.00         11.30         0.40         0.23         0.29         0.22        14.35     -1229.67        26.99         1.19        -0.01        92.19       478.00
  478.25         10.67         0.41         0.25         0.28         0.28        14.37       135.26        28.87         1.15        -0.02        92.19       478.25
  478.50         10.99         0.46         0.26         0.30         0.28        14.32      -142.10        29.67         1.11        -0.04        92.19       478.50
  478.75          9.53         0.55         0.34         0.38         0.35        14.28       -65.97        30.26         1.15        -0.03        92.19       478.75
  479.00          9.21         0.55         0.35         0.47         0.50        14.22       921.46        31.24         1.25         0.00        92.19       479.00
  479.25          8.88         0.50         0.32         0.35         0.32        14.28       265.17        31.72         1.20        -0.01        92.19       479.25
  479.50          9.01         0.38         0.24         0.31         0.29        14.34       -77.84        30.85         1.17        -0.02        92.19       479.50
  479.75          9.95         0.39         0.25         0.32         0.30        14.29      -162.86        28.94         1.20        -0.01        92.19       479.75
  480.00         11.54         0.47         0.30         0.30         0.24        14.31       129.62        28.91         1.19        -0.02        92.19       480.00
  480.25         13.31         0.51         0.36         0.47         0.42        14.38     -5502.84        30.99         1.18        -0.02        92.19       480.25
  480.50         14.52         0.49         0.37         0.51         0.54        14.45      -569.86        31.46         1.21        -0.01        92.19       480.50
  480.75         15.73         0.49         0.30         0.34         0.32        14.38      -155.89        32.52         1.21        -0.01        92.19       480.75
  481.00         13.69         0.45         0.26         0.36         0.30        14.35      -288.94        27.35         1.21        -0.01        92.19       481.00
  481.25         13.61         0.47         0.31         0.34         0.39        14.21      5445.40        29.55         1.19        -0.02        92.19       481.25
  481.50         12.87         0.60         0.34         0.38         0.39        14.14     -1615.75        32.96         1.16        -0.02        92.19       481.50
  481.75         12.27         0.55         0.41         0.57         0.74        14.15      -199.33        32.57         1.18        -0.02        92.19       481.75
  482.00         11.66         0.60         0.39         0.44         0.52        14.25       -64.41        32.60         1.18        -0.02        92.19       482.00
  482.25         12.95         0.63         0.41         0.54         0.54        14.23       -50.17        32.42         1.20        -0.01        92.19       482.25
  482.50         17.79         0.71         0.44         0.47         0.61        14.25       -48.81        36.69         1.23        -0.01        92.19       482.50
  482.75         22.99         0.70         0.52         0.55         1.00        14.32       -82.24        36.89         1.25        -0.01        92.19       482.75
  483.00         27.01         0.73         0.55         0.50         0.87        14.42       151.27        40.72         1.26        -0.00        92.19       483.00
  483.25         26.23         0.72         0.49         0.49         0.75        14.52       -79.20        36.18         1.25        -0.01        92.19       483.25
  483.50         25.45         0.71         0.43         0.49         0.62        14.48       -48.16        31.73         1.24        -0.01        92.19       483.50
  483.75         20.88         0.62         0.43         0.53         0.54        14.43      -118.31        31.60         1.22        -0.01        92.19       483.75
  484.00         17.87         0.57         0.42         0.40         0.47        14.45      -393.82        34.47         1.20        -0.01        92.19       484.00
  484.25         13.15         0.55         0.30         0.35         0.29       -12.01      2392.82        34.68         1.20        -0.01        92.19       484.25
  484.50         15.39         0.49         0.29         0.34         0.35      -155.87       138.24        31.54         1.22        -0.01        92.19       484.50
  484.75         17.63         0.42         0.27         0.33         0.30      -447.63       -65.94        30.55         1.23        -0.01        92.19       484.75
  485.00         17.91         0.39         0.25         0.31         0.26      -860.73       -95.39        26.28         1.23         0.00        92.19       485.00
  485.25          8.96         0.36         0.25         0.30         0.29      -771.11       136.76        25.08         1.23        -0.00        92.19       485.25
  485.50          8.60         0.36         0.24         0.29         0.25      -534.52        56.17        22.75         1.20        -0.01        92.19       485.50
  485.75          8.32         0.36         0.24         0.29         0.26      -685.45     -1254.35        24.01         1.16        -0.03        92.19       485.75
  486.00          8.22         0.35         0.24         0.29         0.26      -392.39      1079.48        25.33         1.19        -0.01        92.19       486.00
  486.25          8.11         0.35         0.24         0.29         0.27       -95.85      -614.71        25.18         1.19        -0.01        92.19       486.25
  486.50          7.91         0.37         0.26         0.31         0.31        14.36       -72.42        25.42         1.17        -0.02        92.19       486.50
  486.75          8.10         0.37         0.26         0.31         0.27        14.40       -52.46        26.32         1.23         0.00        92.19       486.75
  487.00         10.29         0.38         0.26         0.31         0.27        14.28       -40.53        26.27         1.33         0.04        92.19       487.00
  487.25         12.05         0.40         0.28         0.33         0.34        14.28       -33.30        25.36         1.31         0.02        92.19       487.25
  487.50         13.81         0.40         0.27         0.33         0.27        14.34       -36.02        24.95         1.25        -0.00        92.19       487.50
  487.75         16.81         0.40         0.27         0.32         0.30        14.24       -76.77        24.43         1.24        -0.00        92.19       487.75
  488.00         17.43         0.39         0.26         0.30         0.26      -158.56      -587.06        24.00         1.24         0.00        92.19       488.00
  488.25         10.63         0.39         0.26         0.31         0.30      -629.56       132.07        25.36         1.21        -0.01        92.19       488.25
  488.50         11.14         0.38         0.26         0.33         0.33      -997.31      -739.34        25.51         1.21        -0.01        92.19       488.50
  488.75         11.71         0.37         0.25         0.30         0.25      -999.00      -165.90        24.57         1.24         0.01        92.19       488.75
  489.00         12.28         0.38         0.26         0.31         0.27      -952.76      -204.35        24.30         1.32         0.03        92.19       489.00
  489.25         12.59         0.38         0.26         0.31         0.26      -751.72      -109.83        24.41         1.34         0.04        92.19       489.25
  489.50         13.10         0.38         0.27         0.32         0.24      -518.43      -238.21        23.21         1.30         0.02        92.19       489.50
  489.75         14.51         0.38         0.27         0.31         0.27      -248.90      -149.98        25.13         1.26         0.01        92.19       489.75
  490.00         13.30         0.37         0.27         0.33         0.32      -177.60       -93.52        22.87         1.22        -0.01        92.19       490.00
  490.25         12.56         0.38         0.27         0.33         0.33      -160.97       -85.03        21.02         1.19        -0.01        92.19       490.25
  490.50         11.81         0.40         0.28         0.32         0.29       -80.15      -349.12        21.20         1.17        -0.02        92.19       490.50
  490.75         11.22         0.41         0.29         0.33         0.32      -138.43      -258.12        20.39         1.19        -0.02        92.19       490.75
  491.00         10.04         0.44         0.30         0.34         0.32       -64.50       -73.69        21.52         1.21        -0.01        92.19       491.00
  491.25          9.56         0.47         0.32         0.38         0.37        -2.66       -72.49        25.60         1.21        -0.00        92.19       491.25
  491.50          9.55         0.46         0.37         0.38         0.38        14.37       -91.62        30.71         1.18        -0.01        92.19       491.50
  491.75          9.54         0.44         0.32         0.38         0.39        14.27      -101.36        30.32         1.17        -0.02        92.19       491.75
  492.00          9.63         0.39         0.26         0.33         0.32        14.34       -57.50        26.62         1.16        -0.02        92.19       492.00
  492.25          9.84         0.37         0.25         0.32         0.33        14.43       -50.14        26.63         1.15        -0.02        92.19       492.25
  492.50          9.87         0.37         0.24         0.30         0.27        14.44       -63.25        29.08         1.14        -0.03        92.19       492.50
  492.75          9.27         0.39         0.24         0.31         0.27         3.41       -68.90        28.42         1.17        -0.02        92.19       492.75
  493.00          9.59         0.43         0.26         0.31         0.27      -117.19       -72.56        29.84         1.25         0.00        92.19       493.00
  493.25          9.91         0.50         0.31         0.35         0.34      -282.97       -87.78        29.40         1.27         0.01        92.19       493.25
  493.50         12.86         0.44         0.27         0.33         0.29      -672.44       152.32        35.12         1.28        -0.00        92.19       493.50
  493.75         17.14         0.52         0.32         0.37         0.34      -485.81       567.18        35.90         1.30         0.00        92.19       493.75
  494.00         22.13         0.66         0.51         0.48         0.64      -279.48      -162.32        34.87         1.34         0.01        92.19       494.00
  494.25         24.37         0.72         0.57         0.56         0.91      -444.00      -243.48        38.95         1.35         0.01        92.19       494.25
  494.50         26.61         0.73         0.55         0.55         0.61      -639.34       111.65        37.11         1.29         0.00        92.19       494.50
  494.75         27.89         0.80         0.51         0.56         0.73      -471.52        49.54        36.91         1.20        -0.02        92.19       494.75
  495.00         24.26         0.79         0.51         0.50         0.62      -125.43       172.51        36.59         1.11        -0.03        92.19       495.00
  495.25         13.49         0.79         0.50         0.54         0.56       -61.82      -260.68        37.73         1.12        -0.03        92.19       495.25
  495.50         13.35         0.73         0.43         0.47         0.42      -551.98      -295.02        38.63         1.11        -0.03        92.19       495.50
  495.75         13.56         0.74         0.43         0.45         0.44      -603.60      -252.00        38.66         1.07        -0.04        92.19       495.75
  496.00         13.78         0.75         0.53         0.60         0.91       -16.84       697.20        41.20         1.04        -0.06        92.19       496.00
  496.25         15.40         0.74         0.57         0.54         1.24        11.34        61.16        43.06         1.04        -0.06        92.19       496.25
  496.50         15.50         0.71         0.58         0.57         0.96        11.34      -139.12        40.45         1.07        -0.05        92.19       496.50
  496.75         14.37         0.69         0.55         0.64         0.88        11.34       -84.89        39.23         1.08        -0.04        92.19       496.75
  497.00         14.31         0.68         0.52         0.65         0.75        11.34       677.73        36.47         1.11        -0.04        92.19       497.00
  497.25         14.25         0.67         0.54         0.66         0.78        11.34       -93.75        36.42         1.12        -0.04        92.19       497.25
  497.50         12.67         0.66         0.52         0.66         0.73        11.34       -69.99        37.15         1.14        -0.03        92.19       497.50
  497.75         14.09         0.73         0.48         0.67         0.66        11.34       -59.58        38.45         1.14        -0.03        92.19       497.75
  498.00         17.71         0.72         0.57         0.63         0.78        11.34       -43.30        40.18         1.15        -0.02        92.19       498.00
  498.25         21.21         0.70         0.52         0.55         0.60        11.34       -49.93        39.34         1.17        -0.01        92.19       498.25
  498.50         20.58         0.61         0.37         0.47         0.35        11.34      -194.95        30.32         1.20        -0.01        92.19       498.50
  498.75         19.94         0.59         0.35         0.40         0.34        11.34      -215.98        29.01         1.21        -0.00        92.19       498.75
  499.00         19.27         0.54         0.31         0.36         0.28        11.34      -154.88        25.51         1.18        -0.01        92.19       499.00
  499.25         17.06         0.47         0.30         0.36         0.28        11.34      -145.85        24.74         1.13        -0.03        92.19       499.25
  499.50         15.09         0.45         0.28         0.34         0.26        11.34      -361.32        18.56         1.11        -0.04        92.19       499.50
  499.75         12.74         0.41         0.26         0.32         0.28        11.34      -474.95        18.85         1.11        -0.04        92.19       499.75
  500.00         11.61         0.41         0.27         0.32         0.28        11.34       289.78        20.51         1.12        -0.03        92.19       500.00
  500.25         10.48         0.41         0.28         0.33         0.32        11.34       326.09        20.69         1.12        -0.03        92.19       500.25
  500.50          8.93         0.40         0.27         0.33         0.32        11.34       225.14        21.16         1.10        -0.04        92.19       500.50
  500.75          7.05         0.40         0.25         0.31         0.24        11.34       133.50        21.02         1.09        -0.04        92.19       500.75
  501.00          7.91         0.40         0.26         0.32         0.22        11.34      1956.79        21.99         1.09        -0.05        92.19       501.00
  501.25         16.89         0.40         0.26         0.33         0.22        11.34       248.21        20.43         1.09        -0.05        90.44       501.25
  501.50         25.86         0.40         0.26         0.33         0.23        11.34      -804.15        20.90         1.10        -0.04        88.70       501.50
  501.75        102.22         0.39         0.27         0.32         0.26        11.34       -97.60        21.88         1.09        -0.04        88.70       501.75
  502.00        190.40         0.39         0.27         0.32         0.26        11.34      -313.38        21.31         1.09        -0.04        88.70       502.00
  502.25        256.19         0.39         0.27         0.32         0.28        11.34      -356.21        21.53         1.09        -0.04        88.70       502.25
  502.50        249.38         0.40         0.26         0.33         0.28        11.34      -257.31        21.17         1.12        -0.03        88.70       502.50
  502.75        242.56         0.39         0.27         0.33         0.27        11.34      -121.19        21.39         1.15        -0.02        88.70       502.75
  503.00        235.74         0.39         0.27         0.33         0.26        11.34      -164.85        20.59         1.15        -0.02        88.70       503.00
  503.25        228.92         0.39         0.28         0.33         0.35        11.34      -171.65        21.10         1.14        -0.02        88.70       503.25
  503.50        222.10         0.38         0.29         0.34         0.37        11.34       133.36        21.47         1.12        -0.03        88.70       503.50
  503.75        168.51         0.40         0.28         0.34         0.34        11.34      -569.64        20.86         1.10        -0.03        88.70       503.75
  504.00        138.29         0.42         0.28         0.33         0.30        11.34       156.08        21.10         1.08        -0.05        89.57       504.00
  504.25        108.07         0.42         0.28         0.33         0.31        11.34        -2.88        20.47         1.07        -0.05        90.44       504.25
  504.50         51.55         0.43         0.27         0.33         0.30        11.34      4645.38        20.10         1.08        -0.05        91.32       504.50
  504.75         19.60         0.43         0.28         0.33         0.30        11.34      -212.99        20.72         1.08        -0.05        92.19       504.75
  505.00         14.31         0.43         0.28         0.33         0.28        11.34       -78.16        21.05         1.08        -0.05        92.19       505.00
  505.25         13.07         0.44         0.27         0.33         0.32        11.34      -145.52        20.99         1.08        -0.05        92.19       505.25
  505.50         13.27         0.45         0.27         0.33         0.27        11.36      -137.25        20.43         1.08        -0.05        92.19       505.50
  505.75         13.47         0.45         0.28         0.33         0.31        11.42     -1060.47        20.60         1.08        -0.05        92.19       505.75
  506.00         11.01         0.46         0.28         0.33         0.31        11.57       132.41        20.60         1.07        -0.05        92.19       506.00
  506.25         11.85         0.46         0.28         0.33         0.29        11.59       298.41        20.52         1.06        -0.05        92.19       506.25
  506.50         12.92         0.47         0.29         0.34         0.30        11.60      -186.11        19.55         1.05        -0.06        92.19       506.50
  506.75         13.81         0.48         0.29         0.34         0.30        11.62       413.96        18.56         1.06        -0.05        92.19       506.75
  507.00         14.71         0.48         0.29         0.34         0.29        11.63        43.34        19.09         1.07        -0.05        92.19       507.00
  507.25         15.27         0.49         0.29         0.34         0.28        11.63       109.62        20.33         1.07        -0.05        92.19       507.25
  507.50         15.29         0.49         0.29         0.34         0.30        11.67      -578.13        20.79         1.09        -0.05        92.19       507.50
  507.75         14.93         0.49         0.30         0.34         0.31        11.67      -204.48        21.57         1.09        -0.04        92.19       507.75
  508.00         14.97         0.49         0.30         0.34         0.32        11.67       -69.28        20.88         1.12        -0.03        92.19       508.00
  508.25         15.36         0.49         0.30         0.34         0.32        11.68       -47.49        19.91         1.14        -0.03        92.19       508.25
  508.50         15.75         0.48         0.31         0.35         0.35        11.68       -51.10        21.11         1.14        -0.03        92.19       508.50
  508.75          0.97         0.48         0.30         0.35         0.35        11.69      -185.74        22.19         1.12        -0.03        92.19       508.75
  509.00          8.88         0.48         0.30         0.35         0.34        11.70      1544.24        21.52         1.11        -0.04        92.19       509.00
  509.25         18.76         0.48         0.29         0.34         0.32        11.70       303.89        21.50         1.10        -0.04        92.19       509.25
  509.50         24.04         0.47         0.27         0.33         0.24        11.70      -186.95        21.31         1.08        -0.05        92.19       509.50
  509.75         29.31         0.47         0.27         0.34         0.23        11.70      -138.07        21.92         1.07        -0.05        92.19       509.75
  510.00         34.39         0.46         0.26         0.34         0.23        11.70      -130.83        19.77         1.08        -0.05        92.19       510.00
  510.25         40.30         0.45         0.26         0.34         0.23        11.70     -1056.93        20.27         1.08        -0.05        92.19       510.25
  510.50         44.62         0.45         0.27         0.35         0.23        11.70      -447.73        20.27         1.10        -0.05        92.19       510.50
  510.75         38.78         0.44         0.27         0.33         0.26        11.70       -62.85        22.26         1.11        -0.04        92.19       510.75
  511.00         32.25         0.45         0.27         0.33         0.26        11.70        48.43        22.35         1.15        -0.03        92.19       511.00
  511.25         25.73         0.46         0.27         0.33         0.27        11.69        89.47        21.65         1.20        -0.01        92.19       511.25
  511.50         16.90         0.47         0.29         0.35         0.28        11.71        33.28        22.05         1.21        -0.00        92.19       511.50
  511.75         11.48         0.49         0.30         0.37         0.29        11.74      -999.25        22.53         1.20        -0.01        92.19       511.75
  512.00         19.04         0.54         0.34         0.40         0.30        11.77      -999.25        22.63         1.15        -0.02        92.19       512.00
  512.25         30.20         0.54         0.34         0.40         0.30        11.79      -999.25        20.53         1.10        -0.04        92.19       512.25
  512.50         24.77         0.56         0.38         0.42         0.36        11.79      -999.25        21.18         1.06        -0.05        92.19       512.50
  512.75         19.34         0.57         0.36         0.41         0.34        11.77      -999.25        20.24         1.06        -0.05        92.19       512.75
  513.00         22.16         0.57         0.36         0.41         0.33        11.70      -999.25        19.63         1.06        -0.06        92.19       513.00
  513.25         25.07         0.58         0.36         0.40         0.37        11.70      -999.25        20.49         1.06        -0.06        92.19       513.25
  513.50         22.92         0.58         0.37         0.41         0.37        11.74      -999.25        20.21         1.05        -0.06        92.19       513.50
  513.75         18.82         0.59         0.37         0.41         0.39        11.75      -999.25        20.23      -999.25      -999.25        92.19       513.75
  514.00         14.72         0.59         0.37         0.42         0.40        11.72      -999.25        20.53      -999.25      -999.25        92.19       514.00
  514.25         12.61         0.55         0.35         0.41         0.45        11.72      -999.25        21.25      -999.25      -999.25        92.19       514.25
  514.50          6.12         0.55         0.33         0.39         0.35        11.70      -999.25        22.12      -999.25      -999.25        92.19       514.50
  514.75         17.66         0.55         0.34         0.40         0.37      -999.25      -999.25        21.23      -999.25      -999.25        92.19       514.75
  515.00         31.67         0.54         0.32         0.37         0.33      -999.25      -999.25        20.20      -999.25      -999.25        92.19       515.00
  515.25         34.14         0.58         0.36         0.41         0.32      -999.25      -999.25        22.02      -999.25      -999.25        92.19       515.25
  515.50         36.61         0.58         0.35         0.41         0.32      -999.25      -999.25        20.22      -999.25      -999.25        92.19       515.50
  515.75         37.38         0.58         0.36         0.41         0.32      -999.25      -999.25        17.93      -999.25      -999.25        92.19       515.75
  516.00         35.78         0.58         0.36         0.41         0.32      -999.25      -999.25        18.31      -999.25      -999.25        92.19       516.00
  516.25         33.68         0.57         0.36         0.41         0.32      -999.25      -999.25        17.65      -999.25      -999.25        92.19       516.25
  516.50         31.84         0.59         0.36         0.41         0.36      -999.25      -999.25        17.43      -999.25      -999.25        92.19       516.50
  516.75         29.99         0.60         0.36         0.41         0.40      -999.25      -999.25        17.95      -999.25      -999.25        92.19       516.75
  517.00         28.48         0.46         0.27         0.35         0.24      -999.25      -999.25        18.67      -999.25      -999.25        92.19       517.00
  517.25         27.23         0.45         0.27         0.35         0.24      -999.25      -999.25        18.84      -999.25      -999.25        92.19       517.25
  517.50         26.80         0.45         0.27         0.34         0.24      -999.25      -999.25        18.65      -999.25      -999.25        92.19       517.50
  517.75         26.50         0.59         0.37         0.42         0.36      -999.25      -999.25        18.65      -999.25      -999.25        92.19       517.75
  518.00         26.52         0.60         0.34         0.38         0.30      -999.25      -999.25        19.47      -999.25      -999.25        92.19       518.00
  518.25         26.54         0.59         0.34         0.38         0.30      -999.25      -999.25        19.92      -999.25      -999.25        92.19       518.25
  518.50         20.11         0.61         0.33         0.38         0.28      -999.25      -999.25        20.19      -999.25      -999.25        92.19       518.50
  518.75         22.98         0.63         0.33         0.39         0.26      -999.25      -999.25        18.98      -999.25      -999.25        92.19       518.75
  519.00         22.82         0.64         0.33         0.40         0.26      -999.25      -999.25        19.76      -999.25      -999.25        92.19       519.00
  519.25         23.19         0.66         0.34         0.40         0.26      -999.25      -999.25        20.54      -999.25      -999.25        92.19       519.25
  519.50         23.57         0.66         0.35         0.40         0.27      -999.25      -999.25        21.09      -999.25      -999.25        92.19       519.50
  519.75         23.48         0.64         0.33         0.39         0.26      -999.25      -999.25        21.78      -999.25      -999.25        92.19       519.75
  520.00         22.65         0.67         0.35         0.41         0.29      -999.25      -999.25        19.62      -999.25      -999.25        92.19       520.00
  520.25         22.01         0.68         0.36         0.42         0.29      -999.25      -999.25        19.02      -999.25      -999.25        92.19       520.25
  520.50         23.32         0.70         0.37         0.42         0.29      -999.25      -999.25        22.63      -999.25      -999.25        92.19       520.50
  520.75         24.04         0.71         0.38         0.43         0.30      -999.25      -999.25        22.21      -999.25      -999.25        92.19       520.75
  521.00         24.76         0.74         0.40         0.45         0.31      -999.25      -999.25        23.28      -999.25      -999.25        92.19       521.00
  521.25         22.73         0.78         0.48         0.53         0.41      -999.25      -999.25        25.15      -999.25      -999.25        92.19       521.25
  521.50         21.86         0.79         0.51         0.53         0.45      -999.25      -999.25        32.18      -999.25      -999.25        92.19       521.50
  521.75         21.13         0.79         0.51         0.53         0.44      -999.25      -999.25        32.68      -999.25      -999.25        92.19       521.75
  522.00         19.82         0.80         0.50         0.54         0.43      -999.25      -999.25        31.96      -999.25      -999.25        92.19       522.00
  522.25         16.62         0.79         0.50         0.53         0.42      -999.25      -999.25        30.61      -999.25      -999.25        92.19       522.25
  522.50         13.43         0.47         0.29         0.34         0.32      -999.25      -999.25        29.54      -999.25      -999.25        92.19       522.50
  522.75         17.15         0.49         0.29         0.35         0.28      -999.25      -999.25        32.35      -999.25      -999.25        92.19       522.75
  523.00         20.33         0.51         0.29         0.36         0.25      -999.25      -999.25        35.15      -999.25      -999.25        92.19       523.00
  523.25         25.01         0.58         0.38         0.45         0.35      -999.25      -999.25        37.96      -999.25      -999.25        92.19       523.25
  523.50         24.10         0.66         0.47         0.53         0.45      -999.25      -999.25        40.76      -999.25      -999.25        92.19       523.50
  523.75         23.19         0.74         0.56         0.61         0.55      -999.25      -999.25        43.57      -999.25      -999.25        92.19       523.75
  524.00         24.64         0.81         0.65         0.70         0.65      -999.25      -999.25        46.37      -999.25      -999.25        92.19       524.00
  524.25         28.38         0.81         0.66         0.70         0.67      -999.25      -999.25        49.18      -999.25      -999.25        92.19       524.25
  524.50         30.84         0.81         0.66         0.70         0.69      -999.25      -999.25        51.98      -999.25      -999.25        92.19       524.50
  524.75         31.00         0.82         0.67         0.70         0.70      -999.25      -999.25        49.11      -999.25      -999.25        92.19       524.75
  525.00         30.93         0.81         0.65         0.70         0.71      -999.25      -999.25        49.91      -999.25      -999.25        92.19       525.00
  525.25         30.85         0.81         0.65         0.70         0.70      -999.25      -999.25        48.88      -999.25      -999.25        92.19       525.25
  525.50         27.06         0.81         0.65         0.70         0.70      -999.25      -999.25        48.37      -999.25      -999.25        92.19       525.50
  525.75         25.61         0.81         0.65         0.70         0.69      -999.25      -999.25        48.07      -999.25      -999.25        92.19       525.75
  526.00         22.53         0.81         0.65         0.69         0.68      -999.25      -999.25        47.77      -999.25      -999.25        92.19       526.00
  526.25         22.10         0.81         0.65         0.69         0.68      -999.25      -999.25        47.47      -999.25      -999.25        92.19       526.25
  526.50         21.67         0.81         0.65         0.69         0.67      -999.25      -999.25        47.18      -999.25      -999.25        92.19       526.50
  526.75         20.59         0.81         0.66         0.69         0.66      -999.25      -999.25        46.88      -999.25      -999.25        92.19       526.75
  527.00         20.81         0.81         0.66         0.69         0.66      -999.25      -999.25        46.58      -999.25      -999.25        92.19       527.00
  527.25         18.65         0.81         0.65         0.68         0.65      -999.25      -999.25        46.28      -999.25      -999.25        92.19       527.25
  527.50         17.74         0.81         0.65         0.68         0.65      -999.25      -999.25        45.98      -999.25      -999.25        92.19       527.50
  527.75         17.36         0.81         0.64         0.68         0.65      -999.25      -999.25        45.69      -999.25      -999.25        92.19       527.75
  528.00         16.98         0.81         0.64         0.68         0.64      -999.25      -999.25        45.39      -999.25      -999.25        92.19       528.00
  528.25         15.75         0.81         0.64         0.68         0.64      -999.25      -999.25        45.09      -999.25      -999.25        92.19       528.25
  528.50         14.25         0.81         0.63         0.68         0.63      -999.25      -999.25        44.79      -999.25      -999.25        92.19       528.50
  528.75         19.47         0.81         0.63         0.68         0.62      -999.25      -999.25        44.80      -999.25      -999.25        92.19       528.75
  529.00         21.52         0.81         0.63         0.68         0.61      -999.25      -999.25        44.81      -999.25      -999.25        92.19       529.00
  529.25         23.58         0.81         0.63         0.68         0.61      -999.25      -999.25        44.82      -999.25      -999.25        92.19       529.25
  529.50         22.09         0.82         0.62         0.68         0.60      -999.25      -999.25        44.83      -999.25      -999.25        92.19       529.50
  529.75         20.06         0.82         0.62         0.68         0.59      -999.25      -999.25        44.84      -999.25      -999.25        92.19       529.75
  530.00         16.69         0.82         0.62         0.68         0.59      -999.25      -999.25        44.85      -999.25      -999.25        92.19       530.00
  530.25         13.98         0.82         0.62         0.68         0.58      -999.25      -999.25        44.86      -999.25      -999.25        92.19       530.25
  530.50         12.84         0.82         0.62         0.68         0.58      -999.25      -999.25        44.87      -999.25      -999.25        92.19       530.50
  530.75         11.69         0.82         0.62         0.68         0.57      -999.25      -999.25        44.88      -999.25      -999.25        92.19       530.75
  531.00         10.00         0.82         0.62         0.68         0.57      -999.25      -999.25        44.89      -999.25      -999.25        92.19       531.00
  531.25          8.13         0.82         0.61         0.67         0.56      -999.25      -999.25        44.90      -999.25      -999.25        92.19       531.25
  531.50          7.91         0.82         0.61         0.67         0.56      -999.25      -999.25        44.91      -999.25      -999.25        92.19       531.50
  531.75          8.33         0.82         0.60         0.67         0.55      -999.25      -999.25        46.35      -999.25      -999.25        92.19       531.75
  532.00          8.76         0.81         0.60         0.66         0.55      -999.25      -999.25        46.08      -999.25      -999.25        92.19       532.00
  532.25          9.99         0.81         0.60         0.66         0.55      -999.25      -999.25        45.81      -999.25      -999.25        92.19       532.25
  532.50         11.34         0.81         0.60         0.66         0.55      -999.25      -999.25        45.54      -999.25      -999.25        92.19       532.50
  532.75         13.59         0.81         0.60         0.66         0.55      -999.25      -999.25        45.27      -999.25      -999.25        92.19       532.75
  533.00          0.03         0.81         0.60         0.66         0.55      -999.25      -999.25        45.00      -999.25      -999.25        92.19       533.00
  533.25          0.69         0.81         0.60         0.66         0.55      -999.25      -999.25        44.73      -999.25      -999.25        92.19       533.25
  533.50          1.34         0.81         0.60         0.66         0.55      -999.25      -999.25        44.46      -999.25      -999.25        92.19       533.50
  533.75          4.21         0.81         0.60         0.66         0.56      -999.25      -999.25        44.19      -999.25      -999.25        92.19       533.75
  534.00          8.12         0.81         0.61         0.66         0.56      -999.25      -999.25        43.92      -999.25      -999.25        92.19       534.00
  534.25         15.72         0.81         0.60         0.66         0.56      -999.25      -999.25        44.21      -999.25      -999.25        92.19       534.25
  534.50         19.29         0.81         0.60         0.66         0.56      -999.25      -999.25        44.48      -999.25      -999.25        92.19       534.50
  534.75         21.95         0.81         0.60         0.66         0.56      -999.25      -999.25        42.60      -999.25      -999.25        92.19       534.75
  535.00         24.61         0.81         0.60         0.66         0.56      -999.25      -999.25        43.27      -999.25      -999.25        92.19       535.00
  535.25         27.98         0.81         0.60         0.66         0.56      -999.25      -999.25        43.94      -999.25      -999.25        92.19       535.25
  535.50         28.45         0.82         0.60         0.66         0.55      -999.25      -999.25        44.62      -999.25      -999.25        92.19       535.50
  535.75         26.42         0.82         0.60         0.65         0.55      -999.25      -999.25        45.29      -999.25      -999.25        92.19       535.75
  536.00         25.84         0.82         0.59         0.65         0.55      -999.25      -999.25        45.96      -999.25      -999.25        92.19       536.00
  536.25         25.26         0.82         0.59         0.65         0.55      -999.25      -999.25        47.34      -999.25      -999.25        92.19       536.25
  536.50         25.05         0.82         0.59         0.66         0.54      -999.25      -999.25        49.04      -999.25      -999.25        92.19       536.50
  536.75         25.44         0.82         0.60         0.66         0.54      -999.25      -999.25        49.46      -999.25      -999.25        92.19       536.75
  537.00         24.22         0.82         0.60         0.66         0.54      -999.25      -999.25        49.89      -999.25      -999.25        92.19       537.00
  537.25         27.53         0.82         0.60         0.66         0.53      -999.25      -999.25        50.32      -999.25      -999.25        92.19       537.25
  537.50         25.58         0.82         0.60         0.66         0.53      -999.25      -999.25        50.74      -999.25      -999.25        92.19       537.50
  537.75         23.63         0.82         0.60         0.66         0.52      -999.25      -999.25        51.17      -999.25      -999.25        92.19       537.75
  538.00         25.49         0.83         0.60         0.67         0.52      -999.25      -999.25        51.59      -999.25      -999.25        92.19       538.00
  538.25         33.40         0.83         0.60         0.66         0.52      -999.25      -999.25        52.02      -999.25      -999.25        92.19       538.25
  538.50         41.19         0.83         0.60         0.66         0.52      -999.25      -999.25        52.45      -999.25      -999.25        92.19       538.50
  538.75         33.71         0.83         0.60         0.66         0.52      -999.25      -999.25        52.87      -999.25      -999.25        92.19       538.75
  539.00         26.23         0.83         0.60         0.66         0.52      -999.25      -999.25        53.30      -999.25      -999.25        92.19       539.00
  539.25         16.43         0.83         0.67         0.69         0.68      -999.25      -999.25        53.73      -999.25      -999.25        92.19       539.25
  539.50         16.17         0.84         0.67         0.74         0.69      -999.25      -999.25        54.15      -999.25      -999.25        92.19       539.50
  539.75         14.78         0.85         0.67         0.75         0.67      -999.25      -999.25        58.16      -999.25      -999.25        92.19       539.75
  540.00         13.40         0.85         0.68         0.77         0.66      -999.25      -999.25        62.05      -999.25      -999.25        92.19       540.00
  540.25         14.21         0.85         0.67         0.75         0.69      -999.25      -999.25        60.22      -999.25      -999.25        92.19       540.25
  540.50         15.01         0.86         0.67         0.74         0.67      -999.25      -999.25        59.66      -999.25      -999.25        92.19       540.50
  540.75         14.01         0.86         0.66         0.73         0.66      -999.25      -999.25        55.67      -999.25      -999.25        92.19       540.75
  541.00         15.85         0.86         0.66         0.72         0.65      -999.25      -999.25        57.73      -999.25      -999.25        92.19       541.00
  541.25         16.57         0.86         0.66         0.71         0.66      -999.25      -999.25        56.20      -999.25      -999.25        92.19       541.25
  541.50         17.38         0.85         0.66         0.71         0.67      -999.25      -999.25        54.67      -999.25      -999.25        92.19       541.50
  541.75         18.20         0.85         0.66         0.70         0.67      -999.25      -999.25        53.14      -999.25      -999.25        92.19       541.75
  542.00         18.30         0.85         0.66         0.70         0.68      -999.25      -999.25        51.61      -999.25      -999.25        92.19       542.00
  542.25         18.60         0.85         0.68         0.70         0.69      -999.25      -999.25        54.26      -999.25      -999.25        92.19       542.25
  542.50         20.07         0.86         0.66         0.71         0.68      -999.25      -999.25        60.85      -999.25      -999.25        92.19       542.50
  542.75         17.24         0.87         0.65         0.72         0.67      -999.25      -999.25        62.06      -999.25      -999.25        92.19       542.75
  543.00         15.46         0.86         0.65         0.71         0.68      -999.25      -999.25        63.20      -999.25      -999.25        92.19       543.00
  543.25         13.67         0.86         0.65         0.69         0.69      -999.25      -999.25        62.35      -999.25      -999.25        92.19       543.25
  543.50         16.79         0.86         0.66         0.68         0.71      -999.25      -999.25        61.49      -999.25      -999.25        92.19       543.50
  543.75         20.80         0.86         0.66         0.67         0.72      -999.25      -999.25        60.64      -999.25      -999.25        92.19       543.75
  544.00         25.57         0.85         0.66         0.65         0.73      -999.25      -999.25        59.78      -999.25      -999.25        92.19       544.00
  544.25         29.05         0.85         0.68         0.65         0.76      -999.25      -999.25        59.04      -999.25      -999.25        92.19       544.25
  544.50         25.52         0.85         0.68         0.65         0.76      -999.25      -999.25        57.45      -999.25      -999.25        92.19       544.50
  544.75         21.99         0.86         0.68         0.66         0.75      -999.25      -999.25        56.89      -999.25      -999.25        92.19       544.75
  545.00         22.62         0.86         0.68         0.67         0.75      -999.25      -999.25        56.33      -999.25      -999.25        92.19       545.00
  545.25         22.12         0.86         0.69         0.67         0.75      -999.25      -999.25        55.77      -999.25      -999.25        92.19       545.25
  545.50         21.51         0.87         0.69         0.68         0.75      -999.25      -999.25        55.22      -999.25      -999.25        92.19       545.50
  545.75         20.90         0.87         0.69         0.68         0.74      -999.25      -999.25        54.66      -999.25      -999.25        92.19       545.75
  546.00         20.29         0.87         0.69         0.69         0.74      -999.25      -999.25        54.10      -999.25      -999.25        92.19       546.00
  546.25         20.02         0.88         0.69         0.72         0.71      -999.25      -999.25        53.54      -999.25      -999.25        92.19       546.25
  546.50         21.89         0.88         0.69         0.74         0.69      -999.25      -999.25        52.98      -999.25      -999.25        92.19       546.50
  546.75         20.05         0.89         0.69         0.77         0.66      -999.25      -999.25        52.42      -999.25      -999.25        92.19       546.75
  547.00         21.10         0.89         0.68         0.80         0.63      -999.25      -999.25        51.87      -999.25      -999.25        92.19       547.00
  547.25         22.56         0.89         0.67         0.76         0.60      -999.25      -999.25        51.31      -999.25      -999.25        92.19       547.25
  547.50         24.02         0.88         0.63         0.69         0.61      -999.25      -999.25        50.41      -999.25      -999.25        92.19       547.50
  547.75         25.95         0.87         0.65         0.69         0.69      -999.25      -999.25        51.26      -999.25      -999.25        92.19       547.75
  548.00         25.39         0.87         0.69         0.71         0.80      -999.25      -999.25        54.50      -999.25      -999.25        92.19       548.00
  548.25         23.39         0.89         0.68         0.76         0.67      -999.25      -999.25        57.92      -999.25      -999.25        92.19       548.25
  548.50         22.88         0.88         0.69         0.70         0.76      -999.25      -999.25        55.18      -999.25      -999.25        92.19       548.50
  548.75         22.37         0.89         0.68         0.75         0.70      -999.25      -999.25        54.12      -999.25      -999.25        92.19       548.75
  549.00         24.00         0.89         0.68         0.73         0.69      -999.25      -999.25        52.11      -999.25      -999.25        92.19       549.00
  549.25         24.89         0.89         0.67         0.72         0.68      -999.25      -999.25        49.72      -999.25      -999.25        92.19       549.25
  549.50         16.44         0.89         0.67         0.71         0.67      -999.25      -999.25        49.74      -999.25      -999.25        92.19       549.50
  549.75         11.75         0.89         0.66         0.71         0.65      -999.25      -999.25        50.85      -999.25      -999.25        92.19       549.75
  550.00         10.37         0.90         0.66         0.71         0.64      -999.25      -999.25        51.97      -999.25      -999.25        92.19       550.00
  550.25          8.98         0.90         0.70         0.72         0.73      -999.25      -999.25        53.55      -999.25      -999.25        92.19       550.25
  550.50          7.52         0.92         0.75         0.81         0.80      -999.25      -999.25        55.13      -999.25      -999.25        92.19       550.50
  550.75          9.72         0.92         0.76         0.83         0.84      -999.25      -999.25        59.28      -999.25      -999.25        92.19       550.75
  551.00         14.41         0.92         0.76         0.85         0.85      -999.25      -999.25        59.41      -999.25      -999.25        92.19       551.00
  551.25         23.09         0.91         0.69         0.73         0.70      -999.25      -999.25        53.51      -999.25      -999.25        92.19       551.25
  551.50         31.78         0.91         0.67         0.71         0.65      -999.25      -999.25        48.83      -999.25      -999.25        92.19       551.50
  551.75         36.03         0.93         0.66         0.72         0.60      -999.25      -999.25        49.46      -999.25      -999.25        92.19       551.75
  552.00          1.60         0.94         0.67         0.75         0.60      -999.25      -999.25        52.57      -999.25      -999.25        92.19       552.00
  552.25         47.09         0.94         0.67         0.75         0.65      -999.25      -999.25        58.46      -999.25      -999.25        92.19       552.25
  552.50         74.68         0.94         0.73         0.77         0.75      -999.25      -999.25        62.59      -999.25      -999.25        92.19       552.50
  552.75         55.66         0.94         0.78         0.77         0.93      -999.25      -999.25        66.58      -999.25      -999.25        92.19       552.75
  553.00         36.64         0.95         0.79         0.81         0.96      -999.25      -999.25        64.53      -999.25      -999.25        92.19       553.00
  553.25         39.41         0.95         0.79         0.80         0.95      -999.25      -999.25        62.26      -999.25      -999.25        92.19       553.25
  553.50         31.58         0.95         0.79         0.80         0.94      -999.25      -999.25        62.17      -999.25      -999.25        92.19       553.50
  553.75         19.83         0.95         0.79         0.80         0.93      -999.25      -999.25        62.08      -999.25      -999.25        92.19       553.75
  554.00         14.30         0.95         0.78         0.80         0.92      -999.25      -999.25        61.99      -999.25      -999.25        92.19       554.00
  554.25          8.77         0.95         0.78         0.80         0.91      -999.25      -999.25        61.91      -999.25      -999.25        92.19       554.25
  554.50          7.51         0.95         0.78         0.79         0.90      -999.25      -999.25        61.82      -999.25      -999.25        92.19       554.50
  554.75          7.98         0.95         0.77         0.79         0.89      -999.25      -999.25        61.73      -999.25      -999.25        92.19       554.75
  555.00          9.59         0.95         0.77         0.79         0.89      -999.25      -999.25        61.64      -999.25      -999.25        92.19       555.00
  555.25         13.95         0.95         0.77         0.79         0.88      -999.25      -999.25        61.55      -999.25      -999.25        92.19       555.25
  555.50         16.10         0.95         0.77         0.79         0.87      -999.25      -999.25        61.47      -999.25      -999.25        92.19       555.50
  555.75         18.25         0.95         0.76         0.78         0.86      -999.25      -999.25        61.38      -999.25      -999.25        92.19       555.75
  556.00         22.85         0.95         0.76         0.78         0.85      -999.25      -999.25        61.29      -999.25      -999.25        92.19       556.00
  556.25         23.33         0.95         0.76         0.78         0.84      -999.25      -999.25        61.20      -999.25      -999.25        92.19       556.25
  556.50         20.84         0.95         0.75         0.78         0.83      -999.25      -999.25        61.12      -999.25      -999.25        92.19       556.50
  556.75         19.80         0.95         0.75         0.78         0.82      -999.25      -999.25        61.03      -999.25      -999.25        92.19       556.75
  557.00         19.45         0.95         0.75         0.78         0.81      -999.25      -999.25        60.94      -999.25      -999.25        92.19       557.00
  557.25         19.09         0.95         0.74         0.77         0.81      -999.25      -999.25        60.85      -999.25      -999.25        92.19       557.25
  557.50         16.68         0.95         0.74         0.77         0.80      -999.25      -999.25        60.76      -999.25      -999.25        92.19       557.50
  557.75         22.84         0.95         0.74         0.77         0.79      -999.25      -999.25        60.68      -999.25      -999.25        92.19       557.75
  558.00         28.18         0.95         0.74         0.77         0.78      -999.25      -999.25        60.59      -999.25      -999.25        92.19       558.00
  558.25         80.92         0.95         0.73         0.77         0.77      -999.25      -999.25        60.50      -999.25      -999.25        92.77       558.25
  558.50        133.67         0.95         0.73         0.76         0.76      -999.25      -999.25        60.41      -999.25      -999.25        93.35       558.50
  558.75        157.26         0.95         0.73         0.76         0.75      -999.25      -999.25        60.32      -999.25      -999.25        93.93       558.75
  559.00         52.68         0.95         0.72         0.76         0.74      -999.25      -999.25        60.24      -999.25      -999.25        94.51       559.00
  559.25         52.87         0.94         0.72         0.76         0.73      -999.25      -999.25        60.15      -999.25      -999.25        95.09       559.25
  559.50         53.05         0.94         0.72         0.76         0.73      -999.25      -999.25        60.06      -999.25      -999.25        95.68       559.50
  559.75         53.23         0.94         0.72         0.76         0.72      -999.25      -999.25        59.97      -999.25      -999.25        95.68       559.75
  560.00         53.42         0.94         0.71         0.75         0.71      -999.25      -999.25        59.89      -999.25      -999.25        95.68       560.00
  560.25         48.12         0.94         0.71         0.75         0.70      -999.25      -999.25        62.48      -999.25      -999.25        95.68       560.25
  560.50         46.49         0.94         0.71         0.75         0.69      -999.25      -999.25        67.35      -999.25      -999.25        95.68       560.50
  560.75         44.85         0.97         0.76         0.79         0.81      -999.25      -999.25        69.17      -999.25      -999.25        95.68       560.75
  561.00         43.21         1.02         0.82         0.84         0.91      -999.25      -999.25        75.17      -999.25      -999.25        95.68       561.00
  561.25         41.58         1.07         0.85         0.89         0.92      -999.25      -999.25        77.88      -999.25      -999.25        95.68       561.25
  561.50         39.94         1.11         0.82         0.91         0.79      -999.25      -999.25        70.01      -999.25      -999.25        95.68       561.50
  561.75         38.30         1.13         0.83         0.93         0.78      -999.25      -999.25        70.10      -999.25      -999.25        95.68       561.75
  562.00         36.67         1.14         0.88         0.93         0.96      -999.25      -999.25        76.79      -999.25      -999.25        95.68       562.00
  562.25         35.03         1.16         0.90         0.98         0.97      -999.25      -999.25        76.28      -999.25      -999.25        95.68       562.25
  562.50         33.39         1.15         0.87         0.95         0.93      -999.25      -999.25        77.91      -999.25      -999.25        95.68       562.50
  562.75         31.76         1.17         0.87         0.93         0.91      -999.25      -999.25        79.78      -999.25      -999.25        95.68       562.75
  563.00         30.12         1.17         0.88         0.90         0.87      -999.25      -999.25        79.90      -999.25      -999.25        95.68       563.00
  563.25         30.12         1.19         0.88         0.95         0.86      -999.25      -999.25        81.00      -999.25      -999.25        95.68       563.25
  563.50         30.12         1.19         0.92         1.02         0.93      -999.25      -999.25        83.64      -999.25      -999.25        95.68       563.50
  563.75         30.12         1.19         0.93         1.05         1.04      -999.25      -999.25        83.03      -999.25      -999.25        95.68       563.75
  564.00         30.12         1.20         0.90         0.96         0.94      -999.25      -999.25        83.40      -999.25      -999.25        95.68       564.00
  564.25         30.12         1.21         0.91         0.99         0.95      -999.25      -999.25        81.29      -999.25      -999.25        95.68       564.25
  564.50         30.12         1.22         0.92         1.01         0.94      -999.25      -999.25        80.55      -999.25      -999.25        95.68       564.50
  564.75         30.12         1.23         0.93         1.01         0.98      -999.25      -999.25        81.83      -999.25      -999.25        95.68       564.75
  565.00         30.12         1.25         0.92         1.01         0.93      -999.25      -999.25        82.03      -999.25      -999.25        95.68       565.00
  565.25         30.12         1.26         0.93         1.00         0.92      -999.25      -999.25        79.78      -999.25      -999.25        95.68       565.25
  565.50         30.12         1.27         0.95         1.01         0.91      -999.25      -999.25        84.16      -999.25      -999.25        95.68       565.50
  565.75         30.12         1.27         0.91         0.98         0.91      -999.25      -999.25        84.97      -999.25      -999.25        95.68       565.75
  566.00         30.71         1.27         0.91         0.98         0.90      -999.25      -999.25        86.00      -999.25      -999.25        95.68       566.00
  566.25         29.92         1.27         0.90         0.97         0.90      -999.25      -999.25        83.21      -999.25      -999.25        95.68       566.25
  566.50         29.12         1.28         0.90         0.97         0.90      -999.25      -999.25        84.82      -999.25      -999.25        95.68       566.50
  566.75         28.33         1.27         0.92         0.96         0.95      -999.25      -999.25        84.75      -999.25      -999.25        95.68       566.75
  567.00         27.54         1.29         0.99         1.03         1.10      -999.25      -999.25        81.64      -999.25      -999.25        95.68       567.00
  567.25         26.74         1.31         1.01         1.09         1.11      -999.25      -999.25        84.77      -999.25      -999.25        95.68       567.25
  567.50         25.95         1.32         1.01         1.11         1.13      -999.25      -999.25        84.43      -999.25      -999.25        95.68       567.50
  567.75         25.16         1.32         1.00         1.06         1.13      -999.25      -999.25        83.53      -999.25      -999.25        95.68       567.75
  568.00         24.36         1.39         1.10         1.17         1.16      -999.25      -999.25        85.48      -999.25      -999.25        95.68       568.00
  568.25         23.57         1.45         1.23         1.46         1.39      -999.25      -999.25        92.36      -999.25      -999.25        95.68       568.25
  568.50         22.78         1.42         1.05         1.05         1.14      -999.25      -999.25        83.79      -999.25      -999.25        95.68       568.50
  568.75         21.98         1.44         1.10         1.20         1.25      -999.25      -999.25        76.58      -999.25      -999.25        95.68       568.75
  569.00         23.25         1.43         1.11         1.20         1.24      -999.25      -999.25        73.91      -999.25      -999.25        95.68       569.00
  569.25         25.13         1.43         1.12         1.20         1.23      -999.25      -999.25        75.53      -999.25      -999.25        95.68       569.25
  569.50         27.01         1.42         1.13         1.20         1.22      -999.25      -999.25        77.15      -999.25      -999.25        95.68       569.50
  569.75         28.88         1.42         1.14         1.21         1.21      -999.25      -999.25        78.77      -999.25      -999.25        95.68       569.75
  570.00         30.76         1.42         1.15         1.21         1.20      -999.25      -999.25        80.40      -999.25      -999.25        95.68       570.00
  570.25         32.63         1.41         1.16         1.21         1.19      -999.25      -999.25        82.02      -999.25      -999.25        95.68       570.25
  570.50         34.51         1.39         1.10         1.32         1.28      -999.25      -999.25        83.64      -999.25      -999.25        95.68       570.50
  570.75         36.39         1.44         1.11         1.20         1.22      -999.25      -999.25        85.26      -999.25      -999.25        95.68       570.75
  571.00         38.26         1.47         1.16         1.30         1.33      -999.25      -999.25        79.90      -999.25      -999.25        95.68       571.00
  571.25         34.40         1.47         1.13         1.15         1.22      -999.25      -999.25        77.32      -999.25      -999.25        95.68       571.25
  571.50         34.75         1.45         1.10         1.18         1.16      -999.25      -999.25        74.05      -999.25      -999.25        95.68       571.50
  571.75         35.11         1.48         1.12         1.21         1.23      -999.25      -999.25        74.85      -999.25      -999.25        95.68       571.75
  572.00         35.46         1.48         1.14         1.24         1.23      -999.25      -999.25        76.01      -999.25      -999.25        95.68       572.00
  572.25         35.81         1.48         1.16         1.26         1.25      -999.25      -999.25        75.72      -999.25      -999.25        95.68       572.25
  572.50         36.16         1.48         1.15         1.26         1.31      -999.25      -999.25        73.52      -999.25      -999.25        95.68       572.50
  572.75         36.51         1.48         1.16         1.19         1.33      -999.25      -999.25        75.51      -999.25      -999.25        95.68       572.75
  573.00         36.86         1.47         1.15         1.25         1.35      -999.25      -999.25        75.55      -999.25      -999.25        95.68       573.00
  573.25         37.21         1.47         1.13         1.20         1.29      -999.25      -999.25        72.72      -999.25      -999.25        95.68       573.25
  573.50         37.56         1.47         1.14         1.17         1.24      -999.25      -999.25        71.89      -999.25      -999.25        95.68       573.50
  573.75         37.91         1.47         1.07         1.14         1.13      -999.25      -999.25        74.10      -999.25      -999.25        95.68       573.75
  574.00         38.26         1.49         1.13         1.30         1.17      -999.25      -999.25        79.23      -999.25      -999.25        95.68       574.00
  574.25         36.88         1.48         1.18         1.30         1.32      -999.25      -999.25        84.40      -999.25      -999.25        95.68       574.25
  574.50         32.00         1.48         1.23         1.34         1.49      -999.25      -999.25        89.45      -999.25      -999.25        95.68       574.50
  574.75         30.93         1.45         1.22         1.31         1.54      -999.25      -999.25        84.40      -999.25      -999.25        95.68       574.75
  575.00         30.46         1.46         1.04         1.15         1.06      -999.25      -999.25        72.57      -999.25      -999.25        95.68       575.00
  575.25         29.99         1.44         1.09         1.17         1.22      -999.25      -999.25        72.02      -999.25      -999.25        95.68       575.25
  575.50         26.92         1.44         1.10         1.18         1.22      -999.25      -999.25        71.36      -999.25      -999.25        95.68       575.50
  575.75         23.66         1.43         1.11         1.20         1.20      -999.25      -999.25        73.62      -999.25      -999.25        95.68       575.75
  576.00         20.39         1.38         1.07         1.13         1.19      -999.25      -999.25        74.98      -999.25      -999.25        95.68       576.00
  576.25         17.13         1.36         1.07         1.15         1.19      -999.25      -999.25        72.50      -999.25      -999.25        95.68       576.25
  576.50         13.86         1.34         1.03         1.14         1.19      -999.25      -999.25        71.14      -999.25      -999.25        95.68       576.50
  576.75         10.59         1.33         1.03         1.10         1.18      -999.25      -999.25        73.54      -999.25      -999.25        95.68       576.75
  577.00          7.33         1.30         1.02         1.09         1.12      -999.25      -999.25        70.99      -999.25      -999.25        95.68       577.00
  577.25         13.11         1.25         0.98         0.99         1.10      -999.25      -999.25        72.05      -999.25      -999.25        95.68       577.25
  577.50         15.13         1.22         0.94         1.01         1.02      -999.25      -999.25        69.31      -999.25      -999.25        95.68       577.50
  577.75         17.15         1.20         0.92         0.94         0.98      -999.25      -999.25        69.03      -999.25      -999.25        95.68       577.75
  578.00         19.17         1.17         0.89         0.96         0.89      -999.25      -999.25        67.30      -999.25      -999.25        95.68       578.00
  578.25         21.19         1.15         0.87         0.94         0.86      -999.25      -999.25        68.88      -999.25      -999.25        95.68       578.25
  578.50         23.21         1.14         0.87         0.92         0.94      -999.25      -999.25        67.36      -999.25      -999.25        95.68       578.50
  578.75         25.24         1.13         0.84         0.87         0.90      -999.25      -999.25        68.65      -999.25      -999.25        95.68       578.75
  579.00         26.12         1.13         0.85         0.92         0.87      -999.25      -999.25        67.36      -999.25      -999.25        95.68       579.00
  579.25         26.70         1.14         0.85         0.89         0.84      -999.25      -999.25        70.09      -999.25      -999.25        95.68       579.25
  579.50         27.29         1.15         0.88         0.89         0.96      -999.25      -999.25        68.45      -999.25      -999.25        95.68       579.50
  579.75         27.87         1.16         0.89         0.99         1.06      -999.25      -999.25        71.05      -999.25      -999.25        95.68       579.75
  580.00         28.46         1.16         0.94         0.93         1.17      -999.25      -999.25        77.44      -999.25      -999.25        95.68       580.00
  580.25         29.05         1.19         0.93         0.99         1.16      -999.25      -999.25        78.83      -999.25      -999.25        95.68       580.25
  580.50         29.63         1.22         0.96         1.00         1.02      -999.25      -999.25        82.38      -999.25      -999.25        95.68       580.50
  580.75         30.22         1.21         0.93         1.02         0.99      -999.25      -999.25        78.41      -999.25      -999.25        95.68       580.75
  581.00         30.81         1.21         0.95         1.04         1.05      -999.25      -999.25        81.49      -999.25      -999.25        95.68       581.00
  581.25         31.39         1.21         0.94         1.06         0.96      -999.25      -999.25        87.58      -999.25      -999.25        95.68       581.25
  581.50         31.98         1.21         0.92         1.03         0.91      -999.25      -999.25        84.20      -999.25      -999.25        95.68       581.50
  581.75         32.57         1.20         0.92         1.06         0.91      -999.25      -999.25        80.58      -999.25      -999.25        95.68       581.75
  582.00         31.10         1.20         0.94         1.09         1.02      -999.25      -999.25        69.71      -999.25      -999.25        95.68       582.00
  582.25         29.62         1.18         0.85         0.91         0.86      -999.25      -999.25        66.52      -999.25      -999.25        95.68       582.25
  582.50         26.34         1.17         0.81         0.86         0.82      -999.25      -999.25        64.89      -999.25      -999.25        95.68       582.50
  582.75         23.38         1.18         0.87         0.92         0.97      -999.25      -999.25        64.89      -999.25      -999.25        95.68       582.75
  583.00         16.83         1.21         0.94         0.97         1.11      -999.25      -999.25        70.63      -999.25      -999.25        95.68       583.00
  583.25         16.40         1.26         1.01         1.07         1.18      -999.25      -999.25        73.96      -999.25      -999.25        95.68       583.25
  583.50         15.96         1.31         1.03         1.11         1.16      -999.25      -999.25        75.00      -999.25      -999.25        95.68       583.50
  583.75         15.16         1.34         0.20         1.13         1.07      -999.25      -999.25        75.28      -999.25      -999.25        95.68       583.75
  584.00         12.31         1.35         1.00         1.09         1.08      -999.25      -999.25        75.03      -999.25      -999.25        95.68       584.00
  584.25         10.86         1.35         1.00         1.08         1.08      -999.25      -999.25        77.59      -999.25      -999.25        95.68       584.25
  584.50          9.41         1.36         1.01         1.08         1.09      -999.25      -999.25        74.77      -999.25      -999.25        95.68       584.50
  584.75          7.96         1.37         1.04         1.10         1.14      -999.25      -999.25        75.88      -999.25      -999.25        95.68       584.75
  585.00          6.51         1.37         1.04         1.11         1.15      -999.25      -999.25        74.27      -999.25      -999.25        95.68       585.00
  585.25          7.08         1.37         1.04         1.09         1.16      -999.25      -999.25        74.65      -999.25      -999.25        95.68       585.25
  585.50          7.90         1.38         1.05         1.09         1.21      -999.25      -999.25        79.91      -999.25      -999.25        95.68       585.50
  585.75         10.34         1.40         1.07         1.11         1.20      -999.25      -999.25        79.64      -999.25      -999.25        95.68       585.75
  586.00         11.33         1.40         1.07         1.11         1.17      -999.25      -999.25        79.64      -999.25      -999.25        95.68       586.00
  586.25         12.31         1.40         1.06         1.11         1.15      -999.25      -999.25        78.51      -999.25      -999.25        95.68       586.25
  586.50         11.76         1.37         1.04         1.06         1.18      -999.25      -999.25        85.01      -999.25      -999.25        95.68       586.50
  586.75         42.80         1.36         1.03         1.04         1.10      -999.25      -999.25        82.78      -999.25      -999.25        95.68       586.75
  587.00         47.28         1.35         0.98         1.03         1.02      -999.25      -999.25        82.56      -999.25      -999.25        95.68       587.00
  587.25         10.78         1.34         0.95         1.03         0.92      -999.25      -999.25        78.38      -999.25      -999.25        95.68       587.25
  587.50         11.56         1.32         0.94         0.99         0.97      -999.25      -999.25        77.97      -999.25      -999.25        95.68       587.50
  587.75         12.34         1.30         0.94         0.98         1.05      -999.25      -999.25        80.75      -999.25      -999.25        95.68       587.75
  588.00         25.52         1.30         0.96         0.97         1.07      -999.25      -999.25        78.99      -999.25      -999.25        95.68       588.00
  588.25         14.68         1.30         0.97         0.98         1.08      -999.25      -999.25        76.44      -999.25      -999.25        95.68       588.25
  588.50         17.44         1.31         0.98         1.01         1.09      -999.25      -999.25        75.66      -999.25      -999.25        95.68       588.50
  588.75         21.57         1.32         0.97         1.02         1.07      -999.25      -999.25        75.92      -999.25      -999.25        95.68       588.75
  589.00         23.43         1.35         0.99         1.05         1.04      -999.25      -999.25        74.54      -999.25      -999.25        95.68       589.00
  589.25         25.30         1.35         1.00         1.03         1.10      -999.25      -999.25        78.02      -999.25      -999.25        95.68       589.25
  589.50         24.41         1.36         1.03         1.05         1.12      -999.25      -999.25        78.72      -999.25      -999.25        95.68       589.50
  589.75         23.12         1.37         1.03         1.05         1.13      -999.25      -999.25        80.07      -999.25      -999.25        95.68       589.75
  590.00         22.89         1.40         1.06         1.10         1.05      -999.25      -999.25        82.05      -999.25      -999.25        95.68       590.00
  590.25         23.03         1.41         1.08         1.24         1.10      -999.25      -999.25        84.76      -999.25      -999.25        95.68       590.25
  590.50         23.17         1.39         1.16         1.22         1.35      -999.25      -999.25        86.01      -999.25      -999.25        95.68       590.50
  590.75         22.21         1.37         1.10         1.18         1.28      -999.25      -999.25        81.81      -999.25      -999.25        95.68       590.75
  591.00         20.81         1.35         0.99         1.06         1.05      -999.25      -999.25        73.59      -999.25      -999.25        95.68       591.00
  591.25         19.04         1.31         1.01         1.05         1.17      -999.25      -999.25        74.39      -999.25      -999.25        95.68       591.25
  591.50         19.22         1.27         0.95         1.01         1.03      -999.25      -999.25        81.38      -999.25      -999.25        95.68       591.50
  591.75         15.93         1.26         0.93         0.98         0.97      -999.25      -999.25        84.29      -999.25      -999.25        95.68       591.75
  592.00         12.65         1.23         0.91         0.98         0.96      -999.25      -999.25        85.94      -999.25      -999.25        95.68       592.00
  592.25         11.78         1.22         0.91         0.97         0.96      -999.25      -999.25        84.91      -999.25      -999.25        95.68       592.25
  592.50         13.01         1.22         0.90         0.97         0.93      -999.25      -999.25        88.52      -999.25      -999.25        95.68       592.50
  592.75         10.28         1.20         0.89         0.94         0.88      -999.25      -999.25        86.97      -999.25      -999.25        95.68       592.75
  593.00          9.18         1.19         0.89         0.93         0.88      -999.25      -999.25        87.78      -999.25      -999.25        95.68       593.00
  593.25          8.07         1.16         0.89         0.94         0.96      -999.25      -999.25        88.00      -999.25      -999.25        95.68       593.25
  593.50         17.38         1.13         0.84         0.92         0.89      -999.25      -999.25        88.48      -999.25      -999.25        95.68       593.50
  593.75         11.24         1.11         0.80         0.87         0.80      -999.25      -999.25        85.26      -999.25      -999.25        95.68       593.75
  594.00         10.52         1.12         0.81         0.86         0.80      -999.25      -999.25        85.16      -999.25      -999.25        95.68       594.00
  594.25         12.60         1.13         0.82         0.89         0.80      -999.25      -999.25        88.23      -999.25      -999.25        95.68       594.25
  594.50         14.57         1.13         0.83         0.89         0.83      -999.25      -999.25        89.10      -999.25      -999.25        95.68       594.50
  594.75         16.55         1.12         0.84         0.87         0.89      -999.25      -999.25        89.22      -999.25      -999.25        95.68       594.75
  595.00         19.04         1.13         0.84         0.86         0.87      -999.25      -999.25        86.81      -999.25      -999.25        95.68       595.00
  595.25         20.33         1.14         0.87         0.93         0.91      -999.25      -999.25        87.31      -999.25      -999.25        95.68       595.25
  595.50         20.66         1.16         0.88         0.92         0.93      -999.25      -999.25        86.80      -999.25      -999.25        95.68       595.50
  595.75         19.09         1.17         0.86         0.94         0.82      -999.25      -999.25        81.49      -999.25      -999.25        95.68       595.75
  596.00         17.51         1.18         0.87         0.93         0.83      -999.25      -999.25        86.54      -999.25      -999.25        95.68       596.00
  596.25         13.87         1.17         0.87         0.96         0.87      -999.25      -999.25        85.12      -999.25      -999.25        95.68       596.25
  596.50         12.61         1.17         0.86         0.95         0.80      -999.25      -999.25        84.40      -999.25      -999.25        95.68       596.50
  596.75         12.76         1.16         0.84         0.95         0.81      -999.25      -999.25        83.37      -999.25      -999.25        95.68       596.75
  597.00         12.18         1.17         0.86         0.96         0.85      -999.25      -999.25        82.95      -999.25      -999.25        95.68       597.00
  597.25         12.38         1.17         0.90         0.95         0.89      -999.25      -999.25        85.48      -999.25      -999.25        95.68       597.25
  597.50         12.59         1.19         0.93         1.01         0.91      -999.25      -999.25        87.18      -999.25      -999.25        95.68       597.50
  597.75          7.97         1.18         0.92         0.99         0.95      -999.25      -999.25        89.00      -999.25      -999.25        95.68       597.75
  598.00          6.38         1.17         0.89         0.98         0.93      -999.25      -999.25        89.00      -999.25      -999.25        95.68       598.00
  598.25          8.98         1.14         0.89         0.94         0.94      -999.25      -999.25        88.60      -999.25      -999.25        95.68       598.25
  598.50         10.11         1.13         0.90         0.96         0.96      -999.25      -999.25        87.35      -999.25      -999.25        95.68       598.50
  598.75         11.24         1.12         0.88         0.93         0.90      -999.25      -999.25        83.90      -999.25      -999.25        95.68       598.75
  599.00         13.23         1.08         0.85         0.89         0.89      -999.25      -999.25        86.26      -999.25      -999.25        95.68       599.00
  599.25         12.71         1.05         0.83         0.86         0.89      -999.25      -999.25        86.38      -999.25      -999.25        95.68       599.25
  599.50         12.92         1.03         0.79         0.89         0.84      -999.25      -999.25        89.27      -999.25      -999.25        95.68       599.50
  599.75         13.75         0.99         0.72         0.78         0.67      -999.25      -999.25        86.84      -999.25      -999.25        95.68       599.75
  600.00         10.61         0.97         0.72         0.74         0.71      -999.25      -999.25        87.66      -999.25      -999.25        95.68       600.00
  600.25          7.47         0.94         0.71         0.76         0.68      -999.25      -999.25        87.97      -999.25      -999.25        95.68       600.25
  600.50          8.93         0.95         0.62         0.68         0.51      -999.25      -999.25        91.52      -999.25      -999.25        95.68       600.50
  600.75         10.21         0.94         0.60         0.67         0.46      -999.25      -999.25        93.77      -999.25      -999.25        95.68       600.75
  601.00         14.31         0.97         0.67         0.79         0.59      -999.25      -999.25        91.74      -999.25      -999.25        95.68       601.00
  601.25         16.34         1.02         0.80         0.87         0.83      -999.25      -999.25        92.98      -999.25      -999.25        95.68       601.25
  601.50         18.30         1.09         0.84         0.94         0.81      -999.25      -999.25        95.83      -999.25      -999.25        95.68       601.50
  601.75         20.25         1.16         0.96         0.98         1.14      -999.25      -999.25        96.24      -999.25      -999.25        95.68       601.75
  602.00         23.82         1.23         0.93         1.00         0.94      -999.25      -999.25        86.63      -999.25      -999.25        95.68       602.00
  602.25         26.16         1.25         0.97         1.03         1.03      -999.25      -999.25        82.82      -999.25      -999.25        95.68       602.25
  602.50         26.83         1.28         0.96         1.08         1.00      -999.25      -999.25        84.61      -999.25      -999.25        95.68       602.50
  602.75         24.97         1.30         1.02         1.07         1.08      -999.25      -999.25        82.37      -999.25      -999.25        95.68       602.75
  603.00         23.12         1.30         1.00         1.05         1.08      -999.25      -999.25        81.87      -999.25      -999.25        95.68       603.00
  603.25         16.21         1.27         1.00         1.04         1.08      -999.25      -999.25        83.00      -999.25      -999.25        95.68       603.25
  603.50         13.30         1.24         0.98         1.04         1.06      -999.25      -999.25        78.77      -999.25      -999.25        95.68       603.50
  603.75         11.21         1.23         0.99         1.07         1.08      -999.25      -999.25        75.93      -999.25      -999.25        95.68       603.75
  604.00         12.62         1.18         0.94         0.97         1.05      -999.25      -999.25        76.40      -999.25      -999.25        95.68       604.00
  604.25         14.04         1.15         0.86         0.92         0.86      -999.25      -999.25        82.15      -999.25      -999.25        95.68       604.25
  604.50         15.45         1.09         0.80         0.89         0.79      -999.25      -999.25        82.43      -999.25      -999.25        95.68       604.50
  604.75         16.87         1.04         0.78         0.85         0.76      -999.25      -999.25        84.50      -999.25      -999.25        95.68       604.75
  605.00         18.28         1.03         0.76         0.83         0.74      -999.25      -999.25        91.54      -999.25      -999.25        95.68       605.00
  605.25         17.27         1.01         0.77         0.83         0.78      -999.25      -999.25        90.45      -999.25      -999.25        95.68       605.25
  605.50         18.42         0.99         0.75         0.80         0.77      -999.25      -999.25        89.21      -999.25      -999.25        95.68       605.50
  605.75         19.57         0.98         0.72         0.77         0.74      -999.25      -999.25        88.95      -999.25      -999.25        95.68       605.75
  606.00         26.44         1.00         0.70         0.76         0.65      -999.25      -999.25        87.72      -999.25      -999.25        95.68       606.00
  606.25         34.60         1.02         0.69         0.77         0.56      -999.25      -999.25        87.18      -999.25      -999.25        95.68       606.25
  606.50         30.32         1.02         0.76         0.83         0.78      -999.25      -999.25        86.87      -999.25      -999.25        95.68       606.50
  606.75         29.06         1.05         0.80         0.85         0.81      -999.25      -999.25        86.82      -999.25      -999.25        95.68       606.75
  607.00         28.05         1.07         0.82         0.86         0.86      -999.25      -999.25        87.69      -999.25      -999.25        95.68       607.00
  607.25         27.04         1.08         0.82         0.83         0.84      -999.25      -999.25        88.08      -999.25      -999.25        95.68       607.25
  607.50         23.29         1.09         0.84         0.89         0.90      -999.25      -999.25        88.30      -999.25      -999.25        95.68       607.50
  607.75         22.06         1.08         0.82         0.85         0.86      -999.25      -999.25        90.15      -999.25      -999.25        95.68       607.75
  608.00         19.06         1.02         0.76         0.83         0.76      -999.25      -999.25        86.28      -999.25      -999.25        95.68       608.00
  608.25         20.28         1.00         0.77         0.80         0.81      -999.25      -999.25        81.15      -999.25      -999.25        95.68       608.25
  608.50         21.50         0.98         0.75         0.81         0.78      -999.25      -999.25        75.32      -999.25      -999.25        95.68       608.50
  608.75         20.90         0.97         0.74         0.81         0.76      -999.25      -999.25        75.30      -999.25      -999.25        95.68       608.75
  609.00         21.02         0.95         0.73         0.78         0.79      -999.25      -999.25        73.05      -999.25      -999.25        95.68       609.00
  609.25         21.21         0.92         0.67         0.72         0.69      -999.25      -999.25        71.80      -999.25      -999.25        95.68       609.25
  609.50         21.46         0.89         0.72         0.74         0.81      -999.25      -999.25        75.27      -999.25      -999.25        95.68       609.50
  609.75         21.59         0.88         0.70         0.75         0.80      -999.25      -999.25        81.54      -999.25      -999.25        95.68       609.75
  610.00         21.73         0.95         0.75         0.79         0.77      -999.25      -999.25        83.90      -999.25      -999.25        95.68       610.00
  610.25         21.69         0.87         0.67         0.72         0.76      -999.25      -999.25        82.54      -999.25      -999.25        95.68       610.25
  610.50         21.64         0.89         0.67         0.74         0.68      -999.25      -999.25        77.81      -999.25      -999.25        95.68       610.50
  610.75         20.33         0.90         0.67         0.74         0.68      -999.25      -999.25        79.08      -999.25      -999.25        95.68       610.75
  611.00         18.68         0.90         0.68         0.74         0.70      -999.25      -999.25        82.18      -999.25      -999.25        95.68       611.00
  611.25         19.30         0.91         0.69         0.74         0.72      -999.25      -999.25        82.66      -999.25      -999.25        95.68       611.25
  611.50         19.91         0.91         0.70         0.75         0.73      -999.25      -999.25        80.91      -999.25      -999.25        95.68       611.50
  611.75         19.73         0.94         0.72         0.78         0.74      -999.25      -999.25        84.97      -999.25      -999.25        95.68       611.75
  612.00         21.22         1.01         0.77         0.82         0.77      -999.25      -999.25        83.08      -999.25      -999.25        95.68       612.00
  612.25         18.19         1.01         0.78         0.82         0.79      -999.25      -999.25        81.65      -999.25      -999.25        95.68       612.25
  612.50         16.76         1.03         0.78         0.82         0.80      -999.25      -999.25        84.54      -999.25      -999.25        95.68       612.50
  612.75         15.33         1.04         0.79         0.83         0.81      -999.25      -999.25        89.12      -999.25      -999.25        95.68       612.75
  613.00         13.37         1.05         0.79         0.86         0.80      -999.25      -999.25        84.50      -999.25      -999.25        95.68       613.00
  613.25         11.63         1.06         0.75         0.79         0.73      -999.25      -999.25        83.51      -999.25      -999.25        95.68       613.25
  613.50         12.90         1.07         0.77         0.82         0.76      -999.25      -999.25        80.83      -999.25      -999.25        95.68       613.50
  613.75         14.82         1.09         0.80         0.83         0.83      -999.25      -999.25        81.78      -999.25      -999.25        95.68       613.75
  614.00         14.54         1.09         0.81         0.84         0.81      -999.25      -999.25        82.42      -999.25      -999.25        95.68       614.00
  614.25         14.25         1.07         0.81         0.85         0.82      -999.25      -999.25        84.76      -999.25      -999.25        95.68       614.25
  614.50         13.17         1.06         0.82         0.85         0.85      -999.25      -999.25        82.80      -999.25      -999.25        95.68       614.50
  614.75          4.61         1.03         0.82         0.84         0.87      -999.25      -999.25        84.42      -999.25      -999.25        95.68       614.75
  615.00          0.19         0.93         0.72         0.75         0.79      -999.25      -999.25        83.60      -999.25      -999.25        95.68       615.00
  615.25          2.29         0.90         0.71         0.72         0.79      -999.25      -999.25        84.83      -999.25      -999.25        95.68       615.25
  615.50          4.39         0.97         0.74         0.76         0.79      -999.25      -999.25        85.84      -999.25      -999.25        95.68       615.50
  615.75          9.79         1.03         0.78         0.80         0.79      -999.25      -999.25        83.20      -999.25      -999.25        95.68       615.75
  616.00         10.51         1.09         0.81         0.84         0.79      -999.25      -999.25        82.41      -999.25      -999.25        95.68       616.00
  616.25         11.87         1.09         0.81         0.85         0.82      -999.25      -999.25        83.11      -999.25      -999.25        95.68       616.25
  616.50         10.35         1.10         0.82         0.85         0.85      -999.25      -999.25        83.82      -999.25      -999.25        95.68       616.50
  616.75         10.67         1.10         0.82         0.86         0.87      -999.25      -999.25        84.53      -999.25      -999.25        95.68       616.75
  617.00         10.99         0.78         0.60         0.62         0.69      -999.25      -999.25        85.24      -999.25      -999.25        95.68       617.00
  617.25         14.01         0.78         0.59         0.62         0.60      -999.25      -999.25        85.94      -999.25      -999.25        95.68       617.25
  617.50         11.97         0.79         0.58         0.67         0.53      -999.25      -999.25        87.72      -999.25      -999.25        96.01       617.50
  617.75         11.71         0.81         0.59         0.73         0.56      -999.25      -999.25        88.00      -999.25      -999.25        95.79       617.75
  618.00         11.67         0.84         0.66         0.75         0.69      -999.25      -999.25        87.64      -999.25      -999.25        95.79       618.00
  618.25         11.64         0.84         0.66         0.74         0.63      -999.25      -999.25        88.39      -999.25      -999.25        95.79       618.25
  618.50          9.55         0.88         0.75         0.79         0.97      -999.25      -999.25        91.32      -999.25      -999.25        98.71       618.50
  618.75          7.55         0.93         0.80         0.85         0.98      -999.25      -999.25        91.47      -999.25      -999.25        98.60       618.75
  619.00          6.87         0.97         0.83         0.86         1.05      -999.25      -999.25        89.92      -999.25      -999.25        98.49       619.00
  619.25          8.70         1.04         0.83         0.82         0.91      -999.25      -999.25        90.91      -999.25      -999.25        95.68       619.25
  619.50         10.48         0.87         0.76         0.78         0.94      -999.25      -999.25        93.79      -999.25      -999.25        98.15       619.50
  619.75         12.27         1.17         0.92         0.97         0.91      -999.25      -999.25        94.04      -999.25      -999.25        95.79       619.75
  620.00         16.10         1.15         0.84         0.85         0.85      -999.25      -999.25        92.52      -999.25      -999.25        95.90       620.00
  620.25         18.62         1.16         0.86         0.90         0.92      -999.25      -999.25        88.96      -999.25      -999.25        97.03       620.25
  620.50         19.13         1.16         0.87         0.91         0.94      -999.25      -999.25        88.93      -999.25      -999.25        98.60       620.50
  620.75         18.98         1.18         0.88         0.93         0.94      -999.25      -999.25        86.53      -999.25      -999.25        98.04       620.75
  621.00         18.83         1.19         0.89         0.93         0.93      -999.25      -999.25        88.69      -999.25      -999.25        96.91       621.00
  621.25         18.38         1.20         0.90         0.94         0.94      -999.25      -999.25        86.98      -999.25      -999.25        96.13       621.25
  621.50         19.01         1.21         0.90         0.93         0.94      -999.25      -999.25        84.77      -999.25      -999.25        98.94       621.50
  621.75         15.91         1.22         0.92         1.01         0.92      -999.25      -999.25        86.73      -999.25      -999.25        97.36       621.75
  622.00         16.44         1.22         0.92         0.96         0.99      -999.25      -999.25        91.42      -999.25      -999.25        96.13       622.00
  622.25         16.20         1.23         0.93         0.97         0.99      -999.25      -999.25        88.87      -999.25      -999.25        96.01       622.25
  622.50         15.95         1.23         0.95         1.01         1.04      -999.25      -999.25        87.13      -999.25      -999.25        98.26       622.50
  622.75         17.85         1.24         0.95         1.00         1.00      -999.25      -999.25        87.84      -999.25      -999.25        98.94       622.75
  623.00         21.34         1.24         0.94         1.01         0.97      -999.25      -999.25        88.37      -999.25      -999.25        99.05       623.00
  623.25         24.62         1.24         0.94         1.01         0.96      -999.25      -999.25        87.35      -999.25      -999.25        99.05       623.25
  623.50         24.12         1.24         0.93         0.99         1.02      -999.25      -999.25        87.21      -999.25      -999.25        98.94       623.50
  623.75         18.59         1.24         0.93         1.00         1.00      -999.25      -999.25        88.78      -999.25      -999.25        99.16       623.75
  624.00         13.06         1.25         0.93         1.03         0.97      -999.25      -999.25        90.34      -999.25      -999.25        98.60       624.00
  624.25         13.79         1.25         0.95         1.01         1.01      -999.25      -999.25        90.71      -999.25      -999.25        99.05       624.25
  624.50         19.34         1.25         0.96         1.02         1.04      -999.25      -999.25        92.74      -999.25      -999.25        99.28       624.50
  624.75         17.31         1.24         0.95         1.00         1.08      -999.25      -999.25        94.37      -999.25      -999.25        99.16       624.75
  625.00         17.11         1.25         0.95         0.93         1.06      -999.25      -999.25        95.22      -999.25      -999.25        99.28       625.00
  625.25         16.91         1.25         0.93         0.96         0.95      -999.25      -999.25        95.59      -999.25      -999.25        99.28       625.25
  625.50         14.53         1.26         0.97         1.08         0.97      -999.25      -999.25        93.73      -999.25      -999.25        99.05       625.50
  625.75         13.26         1.26         0.98         1.10         0.98      -999.25      -999.25        91.37      -999.25      -999.25        99.28       625.75
  626.00         12.78         1.24         0.94         0.98         1.00      -999.25      -999.25        91.52      -999.25      -999.25        99.28       626.00
  626.25         12.82         1.22         0.92         0.95         0.97      -999.25      -999.25        90.85      -999.25      -999.25        99.28       626.25
  626.50         11.98         1.24         0.93         0.96         0.92      -999.25      -999.25        91.45      -999.25      -999.25        99.16       626.50
  626.75         11.14         1.23         0.90         0.97         0.89      -999.25      -999.25        91.52      -999.25      -999.25        99.28       626.75
  627.00         11.61         1.22         0.87         0.95         0.87      -999.25      -999.25        91.73      -999.25      -999.25        99.28       627.00
  627.25         12.18         1.22         0.88         0.95         0.89      -999.25      -999.25        91.08      -999.25      -999.25        99.28       627.25
  627.50         13.02         1.23         0.90         0.95         0.93      -999.25      -999.25        94.52      -999.25      -999.25        99.28       627.50
  627.75         13.85         1.24         0.92         0.98         0.94      -999.25      -999.25        93.43      -999.25      -999.25        99.28       627.75
  628.00         14.68         1.25         0.95         0.99         0.96      -999.25      -999.25        91.39      -999.25      -999.25        99.28       628.00
  628.25         15.56         1.25         0.97         1.03         1.05      -999.25      -999.25        86.57      -999.25      -999.25        99.28       628.25
  628.50         17.14         1.25         0.97         1.03         1.06      -999.25      -999.25        91.33      -999.25      -999.25        99.28       628.50
  628.75         16.15         1.27         0.96         1.04         1.03      -999.25      -999.25        90.60      -999.25      -999.25        99.28       628.75
  629.00         17.42         1.26         0.96         1.01         1.06      -999.25      -999.25        87.97      -999.25      -999.25        99.28       629.00
  629.25         18.41         1.26         0.95         1.01         1.04      -999.25      -999.25        89.66      -999.25      -999.25        99.28       629.25
  629.50         19.40         1.26         0.95         0.94         1.03      -999.25      -999.25        86.84      -999.25      -999.25        99.28       629.50
  629.75         22.12         1.27         0.92         0.98         0.94      -999.25      -999.25        89.64      -999.25      -999.25        99.28       629.75
  630.00         25.73         1.26         0.91         0.98         0.89      -999.25      -999.25        89.22      -999.25      -999.25        99.28       630.00
  630.25         26.79         1.25         0.92         0.99         1.05      -999.25      -999.25        92.95      -999.25      -999.25        99.28       630.25
  630.50         26.19         1.24         0.95         1.03         1.00      -999.25      -999.25        88.04      -999.25      -999.25        99.28       630.50
  630.75         25.59         1.27         0.96         1.04         1.01      -999.25      -999.25        87.66      -999.25      -999.25        99.28       630.75
  631.00         20.30         1.30         0.99         1.06         1.02      -999.25      -999.25        87.76      -999.25      -999.25        99.28       631.00
  631.25         21.47         1.29         0.98         1.05         1.03      -999.25      -999.25        88.94      -999.25      -999.25        99.28       631.25
  631.50         19.83         1.30         1.02         1.07         1.08      -999.25      -999.25        90.61      -999.25      -999.25        99.28       631.50
  631.75         20.34         1.29         0.99         1.06         1.02      -999.25      -999.25        90.07      -999.25      -999.25        99.28       631.75
  632.00         20.49         1.29         0.96         1.02         0.98      -999.25      -999.25        91.75      -999.25      -999.25        99.28       632.00
  632.25         20.63         1.29         0.92         1.00         0.90      -999.25      -999.25        92.02      -999.25      -999.25        99.28       632.25
  632.50         19.29         1.26         0.96         0.99         1.09      -999.25      -999.25        87.67      -999.25      -999.25        99.28       632.50
  632.75         17.14         1.26         0.97         1.01         1.08      -999.25      -999.25        86.36      -999.25      -999.25        99.28       632.75
  633.00         14.61         1.26         0.98         0.99         1.06      -999.25      -999.25        86.99      -999.25      -999.25        99.28       633.00
  633.25         13.72         1.25         0.98         1.00         0.97      -999.25      -999.25        85.62      -999.25      -999.25        99.28       633.25
  633.50         14.93         1.21         0.98         1.02         0.97      -999.25      -999.25        89.61      -999.25      -999.25        99.28       633.50
  633.75         16.14         1.18         0.89         0.98         0.89      -999.25      -999.25        91.89      -999.25      -999.25        99.28       633.75
  634.00         17.34         1.12         0.88         0.97         0.93      -999.25      -999.25        90.62      -999.25      -999.25        99.28       634.00
  634.25         18.89         1.10         0.90         0.99         1.00      -999.25      -999.25        88.20      -999.25      -999.25        99.28       634.25
  634.50         21.74         1.08         0.92         0.97         1.13      -999.25      -999.25        82.90      -999.25      -999.25        99.28       634.50
  634.75         20.43         1.07         0.88         0.90         1.10      -999.25      -999.25        82.72      -999.25      -999.25        99.28       634.75
  635.00         19.12         1.06         0.83         0.85         0.97      -999.25      -999.25        85.71      -999.25      -999.25        99.28       635.00
  635.25         20.26         1.03         0.82         0.80         1.01      -999.25      -999.25        86.02      -999.25      -999.25        99.28       635.25
  635.50         20.94         1.02         0.81         0.80         0.96      -999.25      -999.25        84.16      -999.25      -999.25        99.28       635.50
  635.75         23.46         1.02         0.80         0.80         0.94      -999.25      -999.25        84.58      -999.25      -999.25        99.28       635.75
  636.00         23.42         1.02         0.80         0.81         0.90      -999.25      -999.25        89.38      -999.25      -999.25        99.28       636.00
  636.25         22.65         1.03         0.78         0.82         0.80      -999.25      -999.25        88.47      -999.25      -999.25        99.28       636.25
  636.50         21.87         1.03         0.79         0.81         0.79      -999.25      -999.25        83.72      -999.25      -999.25        99.28       636.50
  636.75         22.53         1.01         0.77         0.80         0.80      -999.25      -999.25        85.51      -999.25      -999.25        99.28       636.75
  637.00         18.77         1.01         0.76         0.81         0.79      -999.25      -999.25        85.11      -999.25      -999.25        99.28       637.00
  637.25         19.61         1.01         0.75         0.80         0.76      -999.25      -999.25        85.03      -999.25      -999.25        99.28       637.25
  637.50         18.84         1.02         0.75         0.78         0.73      -999.25      -999.25        81.56      -999.25      -999.25        99.28       637.50
  637.75         18.07         1.02         0.76         0.79         0.75      -999.25      -999.25        81.53      -999.25      -999.25        99.28       637.75
  638.00         17.67         1.02         0.75         0.79         0.76      -999.25      -999.25        75.86      -999.25      -999.25        99.28       638.00
  638.25         16.31         1.01         0.74         0.80         0.65      -999.25      -999.25        76.26      -999.25      -999.25        99.28       638.25
  638.50         15.05         1.02         0.74         0.80         0.64      -999.25      -999.25        78.91      -999.25      -999.25        99.28       638.50
  638.75         15.54         1.02         0.74         0.79         0.62      -999.25      -999.25        75.99      -999.25      -999.25        99.28       638.75
  639.00         15.83         0.96         0.73         0.80         0.67      -999.25      -999.25        79.76      -999.25      -999.25        99.28       639.00
  639.25         16.12         0.95         0.72         0.81         0.70      -999.25      -999.25        85.99      -999.25      -999.25        99.28       639.25
  639.50         16.91         0.93         0.71         0.79         0.73      -999.25      -999.25        93.59      -999.25      -999.25        99.28       639.50
  639.75         17.63         0.93         0.72         0.78         0.73      -999.25      -999.25        93.49      -999.25      -999.25        99.28       639.75
  640.00         16.45         0.92         0.73         0.81         0.71      -999.25      -999.25        94.38      -999.25      -999.25        99.28       640.00
  640.25         17.16         0.89         0.71         0.77         0.73      -999.25      -999.25        91.17      -999.25      -999.25        99.28       640.25
  640.50         17.87         0.87         0.65         0.65         0.70      -999.25      -999.25        84.68      -999.25      -999.25        99.28       640.50
  640.75         18.05         0.86         0.64         0.65         0.69      -999.25      -999.25        84.38      -999.25      -999.25        99.28       640.75
  641.00         21.61         0.86         0.64         0.67         0.66      -999.25      -999.25        82.33      -999.25      -999.25        99.28       641.00
  641.25         25.52         0.86         0.66         0.71         0.69      -999.25      -999.25        81.86      -999.25      -999.25        99.28       641.25
  641.50         21.47         0.85         0.63         0.70         0.61      -999.25      -999.25        80.20      -999.25      -999.25        99.28       641.50
  641.75         21.80         0.84         0.61         0.68         0.59      -999.25      -999.25        78.25      -999.25      -999.25        99.28       641.75
  642.00         22.14         0.87         0.63         0.69         0.62      -999.25      -999.25        75.79      -999.25      -999.25        99.28       642.00
  642.25         20.40         0.94         0.71         0.76         0.68      -999.25      -999.25        77.22      -999.25      -999.25        99.28       642.25
  642.50         19.49         0.95         0.71         0.77         0.69      -999.25      -999.25        78.64      -999.25      -999.25        99.28       642.50
  642.75         20.43         0.97         0.73         0.77         0.72      -999.25      -999.25        77.13      -999.25      -999.25        99.28       642.75
  643.00         14.14         0.98         0.74         0.78         0.77      -999.25      -999.25        78.14      -999.25      -999.25        99.28       643.00
  643.25          7.85         0.99         0.74         0.79         0.75      -999.25      -999.25        76.17      -999.25      -999.25        99.28       643.25
  643.50          7.00         1.00         0.75         0.81         0.75      -999.25      -999.25        77.87      -999.25      -999.25        99.28       643.50
  643.75          9.22         1.01         0.76         0.81         0.78      -999.25      -999.25        79.35      -999.25      -999.25        99.28       643.75
  644.00         12.17         1.03         0.77         0.81         0.79      -999.25      -999.25        78.13      -999.25      -999.25        99.28       644.00
  644.25         12.88         1.04         0.77         0.83         0.77      -999.25      -999.25        76.28      -999.25      -999.25        99.28       644.25
  644.50         12.10         1.06         0.79         0.85         0.79      -999.25      -999.25        77.28      -999.25      -999.25        99.28       644.50
  644.75         11.32         1.07         0.79         0.83         0.81      -999.25      -999.25        78.66      -999.25      -999.25        99.28       644.75
  645.00         10.07         1.10         0.79         0.86         0.71      -999.25      -999.25        78.44      -999.25      -999.25        99.28       645.00
  645.25         10.43         1.10         0.90         0.95         0.93      -999.25      -999.25        84.09      -999.25      -999.25        98.94       645.25
  645.50         10.06         0.98         0.74         0.79         0.77      -999.25      -999.25        85.40      -999.25      -999.25        99.16       645.50
  645.75         13.96         0.93         0.68         0.73         0.62      -999.25      -999.25        80.82      -999.25      -999.25        98.82       645.75
  646.00         16.22         0.90         0.67         0.72         0.62      -999.25      -999.25        82.83      -999.25      -999.25        98.04       646.00
  646.25         18.47         0.88         0.66         0.70         0.63      -999.25      -999.25        82.36      -999.25      -999.25        99.28       646.25
  646.50         25.26         0.87         0.64         0.71         0.64      -999.25      -999.25        82.33      -999.25      -999.25        99.28       646.50
  646.75         27.69         0.86         0.63         0.71         0.63      -999.25      -999.25        81.03      -999.25      -999.25        99.28       646.75
  647.00         15.09         0.85         0.64         0.70         0.61      -999.25      -999.25        81.77      -999.25      -999.25        99.16       647.00
  647.25         16.13         0.84         0.63         0.69         0.60      -999.25      -999.25        80.51      -999.25      -999.25        99.28       647.25
  647.50         17.17         0.83         0.62         0.69         0.61      -999.25      -999.25        83.07      -999.25      -999.25        99.16       647.50
  647.75         17.77         0.84         0.63         0.69         0.62      -999.25      -999.25        83.85      -999.25      -999.25        99.05       647.75
  648.00         19.90         0.83         0.63         0.69         0.62      -999.25      -999.25        81.29      -999.25      -999.25        99.28       648.00
  648.25         17.07         0.83         0.63         0.68         0.61      -999.25      -999.25        79.56      -999.25      -999.25        99.28       648.25
  648.50         15.35         0.83         0.63         0.70         0.62      -999.25      -999.25        80.28      -999.25      -999.25        99.28       648.50
  648.75         14.15         0.84         0.63         0.70         0.62      -999.25      -999.25        84.00      -999.25      -999.25        99.28       648.75
  649.00         12.95         0.86         0.63         0.70         0.62      -999.25      -999.25        80.05      -999.25      -999.25        99.28       649.00
  649.25         13.28         0.85         0.63         0.70         0.61      -999.25      -999.25        81.81      -999.25      -999.25        99.28       649.25
  649.50         15.40         0.86         0.64         0.69         0.61      -999.25      -999.25        87.48      -999.25      -999.25        99.28       649.50
  649.75         18.07         0.84         0.64         0.70         0.62      -999.25      -999.25        85.46      -999.25      -999.25        99.28       649.75
  650.00         16.94         0.85         0.63         0.68         0.60      -999.25      -999.25        86.19      -999.25      -999.25        99.28       650.00
  650.25         15.80         0.84         0.63         0.70         0.60      -999.25      -999.25        85.78      -999.25      -999.25        99.28       650.25
  650.50         22.98         0.84         0.65         0.69         0.65      -999.25      -999.25        82.58      -999.25      -999.25        99.28       650.50
  650.75         18.38         0.84         0.65         0.70         0.65      -999.25      -999.25        83.09      -999.25      -999.25        98.56       650.75
  651.00         13.79         0.84         0.64         0.69         0.62      -999.25      -999.25        83.74      -999.25      -999.25        97.84       651.00
  651.25          9.19         0.83         0.62         0.68         0.61      -999.25      -999.25        82.79      -999.25      -999.25        97.12       651.25
  651.50          4.60         0.83         0.64         0.69         0.65      -999.25      -999.25        84.59      -999.25      -999.25        96.40       651.50
  651.75          0.00         0.84         0.64         0.68         0.60      -999.25      -999.25        82.44      -999.25      -999.25        95.68       651.75
  652.00          0.09         0.83         0.60         0.65         0.55      -999.25      -999.25        83.28      -999.25      -999.25        99.28       652.00
  652.25          2.39         0.85         0.63         0.69         0.60      -999.25      -999.25        83.20      -999.25      -999.25        99.28       652.25
  652.50          6.12         0.86         0.64         0.70         0.63      -999.25      -999.25        84.34      -999.25      -999.25        99.28       652.50
  652.75          8.53         0.86         0.65         0.70         0.64      -999.25      -999.25        83.41      -999.25      -999.25        99.28       652.75
  653.00         10.94         0.87         0.65         0.69         0.65      -999.25      -999.25        88.60      -999.25      -999.25        99.28       653.00
  653.25         16.96         0.89         0.67         0.71         0.69      -999.25      -999.25        88.90      -999.25      -999.25        99.28       653.25
  653.50         22.68         0.90         0.67         0.74         0.67      -999.25      -999.25        88.55      -999.25      -999.25        99.28       653.50
  653.75         21.66         0.93         0.70         0.73         0.69      -999.25      -999.25        91.75      -999.25      -999.25        99.28       653.75
  654.00         24.03         0.95         0.72         0.77         0.67      -999.25      -999.25        93.67      -999.25      -999.25        99.28       654.00
  654.25         22.24         0.96         0.73         0.80         0.71      -999.25      -999.25        92.89      -999.25      -999.25        99.28       654.25
  654.50         20.45         0.97         0.72         0.80         0.71      -999.25      -999.25        94.06      -999.25      -999.25        99.28       654.50
  654.75         15.74         0.98         0.74         0.80         0.72      -999.25      -999.25        91.13      -999.25      -999.25        99.28       654.75
  655.00         15.13         1.00         0.75         0.84         0.72      -999.25      -999.25        90.31      -999.25      -999.25        99.28       655.00
  655.25         17.09         1.01         0.79         0.87         0.77      -999.25      -999.25        93.31      -999.25      -999.25        99.28       655.25
  655.50         20.79         1.01         0.82         0.95         0.81      -999.25      -999.25        91.98      -999.25      -999.25        99.28       655.50
  655.75         19.78         1.00         0.80         0.87         0.83      -999.25      -999.25        91.06      -999.25      -999.25        99.28       655.75
  656.00         18.77         0.98         0.71         0.74         0.69      -999.25      -999.25        82.70      -999.25      -999.25        99.28       656.00
  656.25         18.32         0.97         0.74         0.80         0.74      -999.25      -999.25        83.28      -999.25      -999.25        99.28       656.25
  656.50         20.72         0.97         0.73         0.81         0.75      -999.25      -999.25        81.39      -999.25      -999.25        99.28       656.50
  656.75         15.02         0.96         0.72         0.78         0.72      -999.25      -999.25        80.49      -999.25      -999.25        99.28       656.75
  657.00         12.62         0.97         0.71         0.79         0.68      -999.25      -999.25        81.46      -999.25      -999.25        99.28       657.00
  657.25         10.21         0.96         0.70         0.77         0.68      -999.25      -999.25        81.46      -999.25      -999.25        99.28       657.25
  657.50          8.81         0.98         0.72         0.79         0.67      -999.25      -999.25        81.42      -999.25      -999.25        99.28       657.50
  657.75          8.66         0.98         0.72         0.81         0.67      -999.25      -999.25        82.74      -999.25      -999.25        99.28       657.75
  658.00         10.84         0.99         0.74         0.80         0.74      -999.25      -999.25        82.56      -999.25      -999.25        99.28       658.00
  658.25         12.51         1.03         0.81         0.86         0.86      -999.25      -999.25        83.37      -999.25      -999.25        99.28       658.25
  658.50         13.97         1.03         0.79         0.84         0.78      -999.25      -999.25        83.51      -999.25      -999.25        99.28       658.50
  658.75         15.42         1.02         0.78         0.85         0.81      -999.25      -999.25        82.96      -999.25      -999.25        99.28       658.75
  659.00         20.13         1.00         0.77         0.83         0.78      -999.25      -999.25        82.01      -999.25      -999.25        99.28       659.00
  659.25         19.29         0.99         0.74         0.81         0.70      -999.25      -999.25        81.17      -999.25      -999.25        99.28       659.25
  659.50         17.60         0.97         0.72         0.79         0.70      -999.25      -999.25        83.09      -999.25      -999.25        99.28       659.50
  659.75         14.69         0.95         0.72         0.79         0.71      -999.25      -999.25        81.42      -999.25      -999.25        99.28       659.75
  660.00         11.78         0.93         0.71         0.78         0.72      -999.25      -999.25        81.57      -999.25      -999.25        99.28       660.00
  660.25         13.78         0.92         0.72         0.80         0.72      -999.25      -999.25        83.88      -999.25      -999.25        99.28       660.25
  660.50         15.39         0.89         0.70         0.78         0.69      -999.25      -999.25        81.77      -999.25      -999.25        99.28       660.50
  660.75         19.24         0.88         0.69         0.75         0.70      -999.25      -999.25        79.98      -999.25      -999.25        99.28       660.75
  661.00         19.94         0.86         0.66         0.71         0.65      -999.25      -999.25        81.12      -999.25      -999.25        99.28       661.00
  661.25         17.15         0.84         0.69         0.71         0.68      -999.25      -999.25        82.57      -999.25      -999.25        99.28       661.25
  661.50         14.37         0.83         0.67         0.74         0.68      -999.25      -999.25        86.21      -999.25      -999.25        99.28       661.50
  661.75         12.94         0.79         0.63         0.65         0.68      -999.25      -999.25        89.05      -999.25      -999.25        99.28       661.75
  662.00         15.48         0.73         0.50         0.55         0.44      -999.25      -999.25        87.53      -999.25      -999.25        99.28       662.00
  662.25         10.90         0.74         0.53         0.54         0.50      -999.25      -999.25        87.56      -999.25      -999.25        99.28       662.25
  662.50         11.50         0.85         0.66         0.72         0.64      -999.25      -999.25        88.16      -999.25      -999.25        99.28       662.50
  662.75         12.09         0.86         0.67         0.73         0.65      -999.25      -999.25        90.56      -999.25      -999.25        99.28       662.75
  663.00         14.66         0.86         0.66         0.74         0.65      -999.25      -999.25        92.87      -999.25      -999.25        99.28       663.00
  663.25         22.44         0.87         0.66         0.73         0.64      -999.25      -999.25        92.95      -999.25      -999.25        99.28       663.25
  663.50         26.96         0.87         0.67         0.74         0.65      -999.25      -999.25        92.55      -999.25      -999.25        99.28       663.50
  663.75         30.70         0.87         0.65         0.70         0.64      -999.25      -999.25        90.27      -999.25      -999.25        99.28       663.75
  664.00         31.55         0.87         0.66         0.72         0.64      -999.25      -999.25        90.64      -999.25      -999.25        99.28       664.00
  664.25         32.40         0.87         0.66         0.70         0.62      -999.25      -999.25        93.25      -999.25      -999.25        99.28       664.25
  664.50         28.54         0.87         0.66         0.72         0.65      -999.25      -999.25        94.51      -999.25      -999.25        99.28       664.50
  664.75         30.11         0.87         0.65         0.70         0.63      -999.25      -999.25        92.22      -999.25      -999.25        99.28       664.75
  665.00         35.49         0.89         0.69         0.79         0.64      -999.25      -999.25        91.03      -999.25      -999.25        99.28       665.00
  665.25         35.00         0.88         0.69         0.74         0.66      -999.25      -999.25        91.11      -999.25      -999.25        99.28       665.25
  665.50         34.50         0.88         0.67         0.75         0.66      -999.25      -999.25        86.78      -999.25      -999.25        99.28       665.50
  665.75         38.47         0.88         0.68         0.77         0.64      -999.25      -999.25        92.92      -999.25      -999.25        99.28       665.75
  666.00         24.36         0.87         0.67         0.76         0.69      -999.25      -999.25        93.71      -999.25      -999.25        99.28       666.00
  666.25         24.51         0.87         0.67         0.72         0.64      -999.25      -999.25        93.00      -999.25      -999.25        99.28       666.25
  666.50         22.94         0.86         0.66         0.71         0.63      -999.25      -999.25        95.08      -999.25      -999.25        99.28       666.50
  666.75         24.84         0.86         0.65         0.72         0.60      -999.25      -999.25        93.57      -999.25      -999.25        99.28       666.75
  667.00         26.74         0.86         0.65         0.73         0.62      -999.25      -999.25        97.82      -999.25      -999.25        99.28       667.00
  667.25         37.20         0.86         0.68         0.74         0.64      -999.25      -999.25        98.19      -999.25      -999.25        99.28       667.25
  667.50         32.99         0.84         0.62         0.65         0.64      -999.25      -999.25        92.69      -999.25      -999.25        99.28       667.50
  667.75         25.00         0.83         0.61         0.65         0.61      -999.25      -999.25        85.02      -999.25      -999.25        99.28       667.75
  668.00         24.20         0.85         0.63         0.68         0.61      -999.25      -999.25        85.26      -999.25      -999.25        99.28       668.00
  668.25         22.03         0.86         0.63         0.69         0.62      -999.25      -999.25        86.89      -999.25      -999.25        99.28       668.25
  668.50         19.86         0.86         0.64         0.69         0.63      -999.25      -999.25        86.70      -999.25      -999.25        99.28       668.50
  668.75         16.02         0.87         0.65         0.70         0.63      -999.25      -999.25        83.94      -999.25      -999.25        99.28       668.75
  669.00         13.63         0.88         0.66         0.72         0.65      -999.25      -999.25        84.09      -999.25      -999.25        99.28       669.00
  669.25         15.38         0.88         0.66         0.71         0.66      -999.25      -999.25        84.28      -999.25      -999.25        99.28       669.25
  669.50         17.98         0.89         0.66         0.71         0.66      -999.25      -999.25        84.35      -999.25      -999.25        99.28       669.50
  669.75         20.57         0.90         0.67         0.72         0.65      -999.25      -999.25        83.10      -999.25      -999.25        99.28       669.75
  670.00         23.93         0.90         0.67         0.73         0.67      -999.25      -999.25        83.92      -999.25      -999.25        99.28       670.00
  670.25         24.52         0.91         0.68         0.73         0.67      -999.25      -999.25        82.01      -999.25      -999.25        99.28       670.25
  670.50         23.60         0.92         0.69         0.74         0.68      -999.25      -999.25        83.76      -999.25      -999.25        99.28       670.50
  670.75         27.12         0.93         0.70         0.75         0.70      -999.25      -999.25        83.67      -999.25      -999.25        99.28       670.75
  671.00         27.15         0.93         0.70         0.76         0.69      -999.25      -999.25        85.23      -999.25      -999.25        99.28       671.00
  671.25         27.18         0.93         0.70         0.75         0.70      -999.25      -999.25        83.25      -999.25      -999.25        99.28       671.25
  671.50         30.60         0.92         0.70         0.75         0.70      -999.25      -999.25        83.57      -999.25      -999.25        99.28       671.50
  671.75         29.64         0.92         0.68         0.74         0.67      -999.25      -999.25        85.20      -999.25      -999.25        99.28       671.75
  672.00         32.29         0.92         0.67         0.73         0.64      -999.25      -999.25        86.69      -999.25      -999.25        99.28       672.00
  672.25         27.74         0.92         0.67         0.73         0.66      -999.25      -999.25        86.68      -999.25      -999.25        99.28       672.25
  672.50         23.19         0.92         0.67         0.74         0.65      -999.25      -999.25        85.81      -999.25      -999.25        99.28       672.50
  672.75         21.74         0.93         0.68         0.73         0.65      -999.25      -999.25        89.56      -999.25      -999.25        99.28       672.75
  673.00         18.62         0.95         0.68         0.74         0.64      -999.25      -999.25        84.44      -999.25      -999.25        99.28       673.00
  673.25         15.98         0.96         0.69         0.75         0.66      -999.25      -999.25        86.06      -999.25      -999.25        99.28       673.25
  673.50         17.03         0.99         0.73         0.79         0.69      -999.25      -999.25        86.44      -999.25      -999.25        99.28       673.50
  673.75         16.90         1.04         0.84         0.88         0.96      -999.25      -999.25        84.58      -999.25      -999.25        99.28       673.75
  674.00         16.77         1.06         0.86         0.89         0.95      -999.25      -999.25        84.04      -999.25      -999.25        99.28       674.00
  674.25         14.25         1.07         0.85         0.90         0.91      -999.25      -999.25        82.91      -999.25      -999.25        99.28       674.25
  674.50         11.83         1.07         0.82         0.87         0.87      -999.25      -999.25        84.70      -999.25      -999.25        99.28       674.50
  674.75         11.09         1.08         0.79         0.85         0.76      -999.25      -999.25        84.13      -999.25      -999.25        99.28       674.75
  675.00         11.26         1.07         0.78         0.84         0.77      -999.25      -999.25        83.86      -999.25      -999.25        99.28       675.00
  675.25         11.43         1.07         0.78         0.83         0.77      -999.25      -999.25        84.54      -999.25      -999.25        99.28       675.25
  675.50         13.92         1.08         0.81         0.85         0.82      -999.25      -999.25        86.98      -999.25      -999.25        99.28       675.50
  675.75         19.00         1.07         0.81         0.87         0.81      -999.25      -999.25        86.99      -999.25      -999.25        99.28       675.75
  676.00         24.85         1.05         0.80         0.85         0.77      -999.25      -999.25        85.77      -999.25      -999.25        99.28       676.00
  676.25         19.34         1.03         0.77         0.83         0.77      -999.25      -999.25        85.06      -999.25      -999.25        99.28       676.25
  676.50         17.35         1.02         0.75         0.82         0.74      -999.25      -999.25        85.31      -999.25      -999.25        99.28       676.50
  676.75         15.36         1.01         0.74         0.80         0.73      -999.25      -999.25        85.02      -999.25      -999.25        99.28       676.75
  677.00         10.88         1.01         0.75         0.80         0.74      -999.25      -999.25        85.10      -999.25      -999.25        99.28       677.00
  677.25          9.93         1.01         0.74         0.79         0.69      -999.25      -999.25        86.89      -999.25      -999.25        99.28       677.25
  677.50         11.77         1.00         0.75         0.81         0.74      -999.25      -999.25        84.48      -999.25      -999.25        99.28       677.50
  677.75         14.06         1.02         0.79         0.83         0.81      -999.25      -999.25        84.95      -999.25      -999.25        99.28       677.75
  678.00         16.35         1.01         0.79         0.84         0.83      -999.25      -999.25        87.83      -999.25      -999.25        99.28       678.00
  678.25         19.83         1.01         0.78         0.82         0.82      -999.25      -999.25        86.49      -999.25      -999.25        99.28       678.25
  678.50         22.63         1.01         0.77         0.83         0.79      -999.25      -999.25        86.64      -999.25      -999.25        99.28       678.50
  678.75         26.77         1.00         0.75         0.80         0.76      -999.25      -999.25        87.96      -999.25      -999.25        99.28       678.75
  679.00         28.86         1.00         0.73         0.78         0.72      -999.25      -999.25        84.91      -999.25      -999.25        99.28       679.00
  679.25         30.57         1.00         0.71         0.74         0.70      -999.25      -999.25        89.57      -999.25      -999.25        99.28       679.25
  679.50         32.28         1.05         0.82         0.86         0.85      -999.25      -999.25        89.52      -999.25      -999.25        99.28       679.50
  679.75         26.01         1.06         0.83         0.86         0.89      -999.25      -999.25        88.12      -999.25      -999.25        99.28       679.75
  680.00         24.81         1.08         0.83         0.85         0.86      -999.25      -999.25        87.99      -999.25      -999.25        99.28       680.00
  680.25         22.08         1.10         0.84         0.90         0.87      -999.25      -999.25        90.38      -999.25      -999.25        99.28       680.25
  680.50         14.90         1.11         0.85         0.93         0.88      -999.25      -999.25        89.92      -999.25      -999.25        99.28       680.50
  680.75         12.87         1.10         0.82         0.88         0.83      -999.25      -999.25        91.06      -999.25      -999.25        99.28       680.75
  681.00         10.83         1.10         0.81         0.87         0.81      -999.25      -999.25        89.70      -999.25      -999.25        99.28       681.00
  681.25          9.69         1.09         0.82         0.88         0.86      -999.25      -999.25        86.64      -999.25      -999.25        99.28       681.25
  681.50         11.99         1.08         0.80         0.84         0.81      -999.25      -999.25        83.76      -999.25      -999.25        99.28       681.50
  681.75         15.07         1.08         0.79         0.85         0.80      -999.25      -999.25        84.04      -999.25      -999.25        99.28       681.75
  682.00         15.39         1.08         0.79         0.85         0.81      -999.25      -999.25        83.65      -999.25      -999.25        99.28       682.00
  682.25         15.70         1.08         0.80         0.87         0.79      -999.25      -999.25        80.24      -999.25      -999.25        99.28       682.25
  682.50         14.13         1.07         0.79         0.84         0.79      -999.25      -999.25        85.48      -999.25      -999.25        99.28       682.50
  682.75         14.98         1.07         0.78         0.91         0.81      -999.25      -999.25        89.59      -999.25      -999.25        99.28       682.75
  683.00         16.35         1.08         0.79         0.87         0.79      -999.25      -999.25        89.08      -999.25      -999.25        99.28       683.00
  683.25         17.32         1.08         0.81         0.88         0.81      -999.25      -999.25        84.05      -999.25      -999.25        99.28       683.25
  683.50         15.94         1.09         0.81         0.86         0.78      -999.25      -999.25        82.53      -999.25      -999.25        99.28       683.50
  683.75         14.56         1.09         0.82         0.83         0.83      -999.25      -999.25        83.72      -999.25      -999.25        99.28       683.75
  684.00         17.46         1.10         0.84         0.88         0.86      -999.25      -999.25        81.63      -999.25      -999.25        99.28       684.00
  684.25         28.16         1.10         0.83         0.88         0.85      -999.25      -999.25        80.86      -999.25      -999.25        99.28       684.25
  684.50         40.35         1.11         0.82         0.86         0.80      -999.25      -999.25        82.62      -999.25      -999.25        99.28       684.50
  684.75         38.12         1.13         0.87         0.91         0.92      -999.25      -999.25        81.03      -999.25      -999.25        99.28       684.75
  685.00         35.89         1.13         0.88         0.94         0.90      -999.25      -999.25        82.81      -999.25      -999.25        99.28       685.00
  685.25         32.69         1.12         0.84         0.90         0.84      -999.25      -999.25        82.96      -999.25      -999.25        99.28       685.25
  685.50         30.51         1.10         0.84         0.89         0.85      -999.25      -999.25        85.35      -999.25      -999.25        99.28       685.50
  685.75         23.92         1.09         0.87         0.86         0.92      -999.25      -999.25        87.32      -999.25      -999.25        99.28       685.75
  686.00         17.72         1.06         0.84         0.93         0.88      -999.25      -999.25        84.95      -999.25      -999.25        99.28       686.00
  686.25         16.91         1.05         0.82         0.88         0.82      -999.25      -999.25        86.04      -999.25      -999.25        99.28       686.25
  686.50         16.10         1.03         0.82         0.86         0.83      -999.25      -999.25        86.43      -999.25      -999.25        99.28       686.50
  686.75         14.95         0.98         0.75         0.81         0.74      -999.25      -999.25        85.97      -999.25      -999.25        99.28       686.75
  687.00         14.25         0.92         0.67         0.78         0.66      -999.25      -999.25        83.18      -999.25      -999.25        99.28       687.00
  687.25         11.56         0.90         0.65         0.76         0.62      -999.25      -999.25        82.46      -999.25      -999.25        99.28       687.25
  687.50         11.47         0.88         0.63         0.71         0.60      -999.25      -999.25        80.93      -999.25      -999.25        99.28       687.50
  687.75         11.37         0.88         0.62         0.69         0.58      -999.25      -999.25        80.74      -999.25      -999.25        99.28       687.75
  688.00         12.60         0.91         0.67         0.72         0.62      -999.25      -999.25        83.11      -999.25      -999.25        99.28       688.00
  688.25         13.99         0.93         0.71         0.77         0.73      -999.25      -999.25        85.70      -999.25      -999.25        99.28       688.25
  688.50         12.79         0.95         0.74         0.83         0.77      -999.25      -999.25        85.81      -999.25      -999.25        99.28       688.50
  688.75         11.83         0.96         0.76         0.83         0.77      -999.25      -999.25        86.54      -999.25      -999.25        99.28       688.75
  689.00         11.66         0.95         0.72         0.76         0.71      -999.25      -999.25        86.69      -999.25      -999.25        99.28       689.00
  689.25         11.48         0.94         0.72         0.77         0.71      -999.25      -999.25        84.51      -999.25      -999.25        99.28       689.25
  689.50         11.09         0.91         0.70         0.75         0.70      -999.25      -999.25        86.49      -999.25      -999.25        99.28       689.50
  689.75         12.16         0.90         0.67         0.71         0.61      -999.25      -999.25        86.29      -999.25      -999.25        99.39       689.75
  690.00         11.15         0.88         0.66         0.72         0.63      -999.25      -999.25        87.25      -999.25      -999.25        99.95       690.00
  690.25         11.64         0.85         0.63         0.69         0.61      -999.25      -999.25        89.66      -999.25      -999.25        99.61       690.25
  690.50         11.26         0.84         0.62         0.72         0.62      -999.25      -999.25        87.29      -999.25      -999.25        99.28       690.50
  690.75         10.88         0.84         0.63         0.68         0.62      -999.25      -999.25        87.34      -999.25      -999.25        99.28       690.75
  691.00         11.99         0.85         0.64         0.69         0.59      -999.25      -999.25        87.07      -999.25      -999.25        99.28       691.00
  691.25         11.72         0.84         0.62         0.66         0.58      -999.25      -999.25        89.83      -999.25      -999.25        99.28       691.25
  691.50         12.49         0.84         0.63         0.71         0.61      -999.25      -999.25        91.61      -999.25      -999.25        99.39       691.50
  691.75         13.76         0.84         0.63         0.67         0.58      -999.25      -999.25        89.99      -999.25      -999.25       100.29       691.75
  692.00         15.04         0.84         0.64         0.70         0.62      -999.25      -999.25        93.62      -999.25      -999.25       100.63       692.00
  692.25         15.41         0.84         0.63         0.67         0.60      -999.25      -999.25        89.71      -999.25      -999.25       101.97       692.25
  692.50         13.62         0.84         0.64         0.71         0.61      -999.25      -999.25        93.15      -999.25      -999.25       102.31       692.50
  692.75         14.70         0.86         0.66         0.75         0.63      -999.25      -999.25        97.45      -999.25      -999.25       102.42       692.75
  693.00         16.36         0.87         0.66         0.74         0.60      -999.25      -999.25        90.09      -999.25      -999.25       102.54       693.00
  693.25         14.20         0.90         0.68         0.72         0.67      -999.25      -999.25        86.79      -999.25      -999.25       102.65       693.25
  693.50         12.03         0.92         0.70         0.75         0.73      -999.25      -999.25        86.04      -999.25      -999.25       102.65       693.50
  693.75          9.06         0.93         0.70         0.76         0.69      -999.25      -999.25        85.37      -999.25      -999.25       102.76       693.75
  694.00          7.07         0.94         0.71         0.74         0.69      -999.25      -999.25        86.28      -999.25      -999.25       102.76       694.00
  694.25          7.10         0.95         0.72         0.77         0.68      -999.25      -999.25        86.86      -999.25      -999.25       102.76       694.25
  694.50          7.67         0.94         0.71         0.79         0.69      -999.25      -999.25        88.75      -999.25      -999.25       102.76       694.50
  694.75          8.24         0.94         0.72         0.76         0.70      -999.25      -999.25        85.77      -999.25      -999.25       102.76       694.75
  695.00          9.82         0.94         0.73         0.81         0.73      -999.25      -999.25        82.83      -999.25      -999.25       102.76       695.00
  695.25         11.84         0.93         0.71         0.77         0.70      -999.25      -999.25        83.46      -999.25      -999.25       102.76       695.25
  695.50         13.67         0.88         0.64         0.69         0.64      -999.25      -999.25        84.41      -999.25      -999.25       102.76       695.50
  695.75         16.17         0.87         0.64         0.70         0.63      -999.25      -999.25        80.98      -999.25      -999.25       102.76       695.75
  696.00         15.83         0.87         0.64         0.68         0.64      -999.25      -999.25        84.10      -999.25      -999.25       102.76       696.00
  696.25         15.50         0.87         0.64         0.71         0.62      -999.25      -999.25        82.10      -999.25      -999.25       102.76       696.25
  696.50         13.15         0.88         0.64         0.71         0.61      -999.25      -999.25        78.64      -999.25      -999.25       102.76       696.50
  696.75         11.96         0.88         0.65         0.71         0.62      -999.25      -999.25        77.26      -999.25      -999.25       102.76       696.75
  697.00          7.69         0.89         0.65         0.72         0.63      -999.25      -999.25        82.95      -999.25      -999.25       102.76       696.99
  697.25          9.15         0.91         0.67         0.74         0.65      -999.25      -999.25        81.36      -999.25      -999.25       102.76       697.24
  697.50         10.61         0.93         0.68         0.75         0.66      -999.25      -999.25        83.18      -999.25      -999.25       102.76       697.49
  697.75          6.43         0.95         0.70         0.77         0.68      -999.25      -999.25        84.07      -999.25      -999.25       102.76       697.74
  698.00          7.39         1.00         0.72         0.80         0.69      -999.25      -999.25        83.39      -999.25      -999.25       102.76       697.99
  698.25         10.43         1.05         0.78         0.84         0.76      -999.25      -999.25        85.25      -999.25      -999.25       102.76       698.24
  698.50         16.39         1.09         0.85         0.90         0.89      -999.25      -999.25        83.50      -999.25      -999.25       102.76       698.49
  698.75         17.52         1.13         0.87         0.95         0.89      -999.25      -999.25        83.12      -999.25      -999.25       102.76       698.74
  699.00         18.66         1.15         0.88         0.94         0.90      -999.25      -999.25        80.40      -999.25      -999.25       102.76       698.99
  699.25         24.29         1.16         0.89         0.94         0.91      -999.25      -999.25        80.38      -999.25      -999.25       102.76       699.24
  699.50         20.17         1.17         0.90         0.95         0.93      -999.25      -999.25        83.88      -999.25      -999.25       102.76       699.49
  699.75         15.88         1.17         0.91         0.95         1.02      -999.25      -999.25        85.50      -999.25      -999.25       102.76       699.74
  700.00         12.92         1.18         0.89         0.96         0.96      -999.25      -999.25        84.59      -999.25      -999.25       102.76       699.99
  700.25          9.96         1.15         0.81         0.89         0.77      -999.25      -999.25        88.14      -999.25      -999.25       102.76       700.24
  700.50         19.27         1.14         0.81         0.91         0.79      -999.25      -999.25        89.25      -999.25      -999.25       102.76       700.49
  700.75         28.59         1.12         0.82         0.88         0.82      -999.25      -999.25        87.83      -999.25      -999.25       102.76       700.74
  701.00         37.83         1.11         0.80         0.88         0.81      -999.25      -999.25        92.14      -999.25      -999.25       102.76       700.99
  701.25         36.50         1.11         0.80         0.85         0.79      -999.25      -999.25        91.14      -999.25      -999.25       102.76       701.24
  701.50         33.49         1.09         0.79         0.84         0.77      -999.25      -999.25        90.25      -999.25      -999.25       102.76       701.49
  701.75         30.49         1.08         0.77         0.86         0.76      -999.25      -999.25        91.01      -999.25      -999.25       102.76       701.74
  702.00         29.73         1.07         0.77         0.85         0.78      -999.25      -999.25        88.84      -999.25      -999.25       102.76       701.99
  702.25         24.21         1.08         0.79         0.85         0.77      -999.25      -999.25        88.64      -999.25      -999.25       102.76       702.24
  702.50         21.03         1.07         0.80         0.85         0.76      -999.25      -999.25        87.35      -999.25      -999.25       102.76       702.49
  702.75         17.78         1.05         0.76         0.85         0.73      -999.25      -999.25        88.90      -999.25      -999.25       102.76       702.74
  703.00         14.90         1.03         0.75         0.79         0.77      -999.25      -999.25        88.35      -999.25      -999.25       102.76       702.99
  703.25         12.01         1.03         0.74         0.80         0.73      -999.25      -999.25        88.29      -999.25      -999.25       102.76       703.24
  703.50          9.27         1.03         0.76         0.82         0.76      -999.25      -999.25        85.69      -999.25      -999.25       102.76       703.49
  703.75         11.27         1.02         0.75         0.80         0.75      -999.25      -999.25        86.29      -999.25      -999.25       102.76       703.74
  704.00         11.87         1.01         0.74         0.78         0.76      -999.25      -999.25        89.37      -999.25      -999.25       102.76       703.99
  704.25         12.53         1.00         0.74         0.77         0.74      -999.25      -999.25        87.26      -999.25      -999.25       102.76       704.24
  704.50         13.19         1.00         0.73         0.79         0.74      -999.25      -999.25        88.80      -999.25      -999.25       102.76       704.49
  704.75         11.76         0.99         0.72         0.77         0.70      -999.25      -999.25        87.50      -999.25      -999.25       102.76       704.74
  705.00         13.00         0.99         0.72         0.77         0.67      -999.25      -999.25        89.74      -999.25      -999.25       102.76       704.99
  705.25         11.97         0.97         0.71         0.81         0.67      -999.25      -999.25        89.49      -999.25      -999.25       102.76       705.24
  705.50         13.46         0.96         0.70         0.77         0.68      -999.25      -999.25        86.99      -999.25      -999.25       102.76       705.49
  705.75         12.44         0.95         0.69         0.77         0.66      -999.25      -999.25        86.08      -999.25      -999.25       102.76       705.74
  706.00         11.43         0.95         0.72         0.82         0.70      -999.25      -999.25        86.04      -999.25      -999.25       102.76       705.99
  706.25         12.43         0.94         0.69         0.72         0.64      -999.25      -999.25        86.09      -999.25      -999.25       102.76       706.24
  706.50         11.68         0.92         0.67         0.75         0.67      -999.25      -999.25        88.11      -999.25      -999.25       102.76       706.49
  706.75         11.11         0.93         0.67         0.75         0.64      -999.25      -999.25        86.53      -999.25      -999.25       102.76       706.74
  707.00         10.64         0.93         0.67         0.71         0.65      -999.25      -999.25        83.19      -999.25      -999.25       102.76       706.99
  707.25         10.16         0.93         0.67         0.73         0.64      -999.25      -999.25        88.07      -999.25      -999.25       102.76       707.24
  707.50         12.96         0.93         0.67         0.72         0.63      -999.25      -999.25        88.98      -999.25      -999.25       102.76       707.49
  707.75         15.79         0.92         0.67         0.73         0.62      -999.25      -999.25        89.69      -999.25      -999.25       102.76       707.74
  708.00         17.40         0.92         0.68         0.74         0.66      -999.25      -999.25        91.19      -999.25      -999.25       102.76       707.99
  708.25         20.98         0.92         0.68         0.73         0.69      -999.25      -999.25        89.45      -999.25      -999.25       102.76       708.24
  708.50         20.08         0.92         0.66         0.71         0.62      -999.25      -999.25        84.57      -999.25      -999.25       102.76       708.49
  708.75         19.17         0.93         0.69         0.74         0.66      -999.25      -999.25        83.77      -999.25      -999.25       102.76       708.74
  709.00         15.55         0.94         0.70         0.73         0.71      -999.25      -999.25        87.30      -999.25      -999.25       102.76       708.99
  709.25         15.11         0.94         0.70         0.75         0.69      -999.25      -999.25        86.24      -999.25      -999.25       102.76       709.24
  709.50         17.97         0.95         0.71         0.75         0.69      -999.25      -999.25        86.00      -999.25      -999.25       102.76       709.49
  709.75         17.21         0.96         0.71         0.76         0.69      -999.25      -999.25        88.32      -999.25      -999.25       102.76       709.74
  710.00         16.46         0.95         0.69         0.74         0.67      -999.25      -999.25        87.55      -999.25      -999.25       102.76       709.99
  710.25         13.64         0.94         0.69         0.77         0.69      -999.25      -999.25        87.85      -999.25      -999.25       102.76       710.24
  710.50         12.93         0.95         0.70         0.74         0.68      -999.25      -999.25        91.31      -999.25      -999.25       102.76       710.49
  710.75         12.59         0.95         0.71         0.75         0.71      -999.25      -999.25        89.78      -999.25      -999.25       102.76       710.74
  711.00         11.23         0.94         0.70         0.79         0.66      -999.25      -999.25        87.22      -999.25      -999.25       102.76       710.99
  711.25         11.46         0.91         0.67         0.71         0.68      -999.25      -999.25        85.59      -999.25      -999.25       102.76       711.24
  711.50         11.68         0.90         0.66         0.73         0.64      -999.25      -999.25        85.34      -999.25      -999.25       102.76       711.49
  711.75         12.92         0.90         0.66         0.73         0.63      -999.25      -999.25        84.49      -999.25      -999.25       102.76       711.74
  712.00         13.39         0.91         0.68         0.72         0.67      -999.25      -999.25        84.87      -999.25      -999.25       102.76       711.99
  712.25         15.26         0.90         0.68         0.73         0.65      -999.25      -999.25        84.06      -999.25      -999.25       102.76       712.24
  712.50         13.06         0.89         0.66         0.72         0.64      -999.25      -999.25        86.93      -999.25      -999.25       102.76       712.49
  712.75         11.75         0.90         0.67         0.72         0.63      -999.25      -999.25        85.53      -999.25      -999.25       102.76       712.74
  713.00         10.43         0.89         0.66         0.71         0.64      -999.25      -999.25        86.25      -999.25      -999.25       102.76       712.99
  713.25         10.07         0.90         0.66         0.72         0.63      -999.25      -999.25        87.68      -999.25      -999.25       102.76       713.24
  713.50         13.31         0.90         0.66         0.72         0.65      -999.25      -999.25        84.75      -999.25      -999.25       102.76       713.49
  713.75         16.05         0.90         0.68         0.73         0.66      -999.25      -999.25        85.55      -999.25      -999.25       102.76       713.74
  714.00         17.16         0.90         0.68         0.75         0.65      -999.25      -999.25        81.01      -999.25      -999.25       102.76       713.99
  714.25         18.27         0.89         0.66         0.73         0.66      -999.25      -999.25        76.86      -999.25      -999.25       102.76       714.24
  714.50         13.41         0.89         0.65         0.72         0.62      -999.25      -999.25        78.22      -999.25      -999.25       102.76       714.49
  714.75         11.62         0.89         0.65         0.74         0.65      -999.25      -999.25        81.47      -999.25      -999.25       102.76       714.74
  715.00         11.26         0.90         0.66         0.71         0.61      -999.25      -999.25        84.21      -999.25      -999.25       102.76       714.99
  715.25         11.17         0.90         0.67         0.71         0.62      -999.25      -999.25        86.16      -999.25      -999.25       102.76       715.24
  715.50         11.67         0.90         0.67         0.72         0.65      -999.25      -999.25        86.01      -999.25      -999.25       102.76       715.49
  715.75         12.17         0.90         0.66         0.72         0.64      -999.25      -999.25        89.00      -999.25      -999.25       102.76       715.74
  716.00         13.03         0.90         0.66         0.72         0.63      -999.25      -999.25        86.94      -999.25      -999.25       102.76       715.99
  716.25         12.12         0.90         0.66         0.70         0.59      -999.25      -999.25        89.51      -999.25      -999.25       102.76       716.24
  716.50         12.37         0.89         0.65         0.71         0.64      -999.25      -999.25        86.23      -999.25      -999.25       102.76       716.49
  716.75         13.53         0.90         0.67         0.70         0.65      -999.25      -999.25        86.95      -999.25      -999.25       102.76       716.74
  717.00         14.69         0.89         0.66         0.71         0.63      -999.25      -999.25        86.11      -999.25      -999.25       102.76       716.99
  717.25         18.27         0.88         0.65         0.75         0.64      -999.25      -999.25        84.57      -999.25      -999.25       102.76       717.24
  717.50         20.08         0.89         0.68         0.71         0.64      -999.25      -999.25        83.39      -999.25      -999.25       102.76       717.49
  717.75         25.36         0.89         0.66         0.71         0.62      -999.25      -999.25        85.42      -999.25      -999.25       102.76       717.74
  718.00         29.75         0.89         0.67         0.74         0.64      -999.25      -999.25        86.11      -999.25      -999.25       102.76       717.99
  718.25         28.94         0.89         0.67         0.72         0.63      -999.25      -999.25        84.10      -999.25      -999.25       102.76       718.24
  718.50         28.13         0.89         0.67         0.76         0.65      -999.25      -999.25        82.88      -999.25      -999.25       102.76       718.49
  718.75         25.38         0.89         0.65         0.71         0.62      -999.25      -999.25        84.02      -999.25      -999.25       102.76       718.74
  719.00         24.09         0.89         0.66         0.72         0.61      -999.25      -999.25        83.20      -999.25      -999.25       102.76       718.99
  719.25         24.43         0.89         0.66         0.72         0.62      -999.25      -999.25        86.14      -999.25      -999.25       102.76       719.24
  719.50         24.50         0.89         0.66         0.73         0.65      -999.25      -999.25        85.83      -999.25      -999.25       102.76       719.49
  719.75         24.58         0.88         0.65         0.70         0.63      -999.25      -999.25        87.47      -999.25      -999.25       102.76       719.74
  720.00         19.85         0.89         0.66         0.69         0.64      -999.25      -999.25        88.32      -999.25      -999.25       102.76       719.99
  720.25         16.23         0.88         0.65         0.71         0.63      -999.25      -999.25        88.97      -999.25      -999.25       102.76       720.24
  720.50         16.44         0.87         0.64         0.72         0.63      -999.25      -999.25        87.17      -999.25      -999.25       102.76       720.49
  720.75         18.05         0.89         0.65         0.71         0.59      -999.25      -999.25        85.03      -999.25      -999.25       102.76       720.74
  721.00         19.49         0.88         0.66         0.75         0.67      -999.25      -999.25        87.32      -999.25      -999.25       102.76       720.99
  721.25         20.93         0.89         0.67         0.72         0.66      -999.25      -999.25        87.29      -999.25      -999.25       102.76       721.24
  721.50         29.94         0.89         0.66         0.71         0.63      -999.25      -999.25        87.66      -999.25      -999.25       102.76       721.49
  721.75         26.97         0.87         0.64         0.66         0.66      -999.25      -999.25        86.02      -999.25      -999.25       102.76       721.74
  722.00         23.77         0.89         0.66         0.70         0.62      -999.25      -999.25        87.32      -999.25      -999.25       102.76       721.99
  722.25         23.72         0.89         0.66         0.70         0.62      -999.25      -999.25        89.32      -999.25      -999.25       102.76       722.24
  722.50         23.66         0.88         0.64         0.71         0.62      -999.25      -999.25        87.15      -999.25      -999.25       102.76       722.49
  722.75         23.53         0.89         0.66         0.68         0.63      -999.25      -999.25        86.39      -999.25      -999.25       102.76       722.74
  723.00         21.25         0.99         0.73         0.78         0.72      -999.25      -999.25        88.39      -999.25      -999.25       102.76       722.99
  723.25         19.74         1.10         0.80         0.87         0.80      -999.25      -999.25        89.40      -999.25      -999.25       102.76       723.24
  723.50         18.58         0.99         0.73         0.79         0.73      -999.25      -999.25        86.95      -999.25      -999.25       102.76       723.49
  723.75         18.79         0.88         0.66         0.70         0.66      -999.25      -999.25        84.93      -999.25      -999.25       102.76       723.74
  724.00         19.00         0.88         0.65         0.70         0.64      -999.25      -999.25        85.05      -999.25      -999.25       102.76       723.99
  724.25         19.02         0.89         0.64         0.74         0.54      -999.25      -999.25        85.55      -999.25      -999.25       102.76       724.24
  724.50         18.95         0.89         0.63         0.71         0.55      -999.25      -999.25        82.30      -999.25      -999.25       102.76       724.49
  724.75         18.11         0.88         0.63         0.69         0.59      -999.25      -999.25        82.19      -999.25      -999.25       102.76       724.74
  725.00         17.74         0.88         0.65         0.70         0.64      -999.25      -999.25        78.12      -999.25      -999.25       102.76       724.99
  725.25         17.85         0.88         0.65         0.71         0.63      -999.25      -999.25        77.90      -999.25      -999.25       102.76       725.24
  725.50         17.96         0.88         0.65         0.71         0.63      -999.25      -999.25        80.75      -999.25      -999.25       102.76       725.49
  725.75         16.70         0.88         0.66         0.71         0.63      -999.25      -999.25        81.86      -999.25      -999.25       102.76       725.74
  726.00         16.98         0.88         0.66         0.70         0.65      -999.25      -999.25        80.52      -999.25      -999.25       102.76       725.99
  726.25         18.62         0.88         0.66         0.71         0.64      -999.25      -999.25        82.49      -999.25      -999.25       102.88       726.24
  726.50         19.03         0.88         0.66         0.71         0.64      -999.25      -999.25        84.13      -999.25      -999.25       102.76       726.49
  726.75         19.43         0.88         0.66         0.72         0.64      -999.25      -999.25        82.10      -999.25      -999.25       102.99       726.74
  727.00         17.44         0.87         0.66         0.70         0.63      -999.25      -999.25        79.57      -999.25      -999.25       102.76       726.99
  727.25         17.70         0.86         0.64         0.69         0.62      -999.25      -999.25        80.49      -999.25      -999.25       103.21       727.24
  727.50         20.49         0.86         0.63         0.70         0.60      -999.25      -999.25        82.79      -999.25      -999.25       102.99       727.49
  727.75         21.21         0.86         0.64         0.69         0.61      -999.25      -999.25        81.51      -999.25      -999.25       102.76       727.74
  728.00         20.26         0.86         0.63         0.69         0.61      -999.25      -999.25        83.44      -999.25      -999.25       103.44       727.99
  728.25         19.32         0.85         0.64         0.69         0.61      -999.25      -999.25        82.82      -999.25      -999.25       103.32       728.24
  728.50          5.45         0.85         0.63         0.68         0.62      -999.25      -999.25        83.33      -999.25      -999.25       104.90       728.49
  728.75         11.14         0.85         0.63         0.69         0.61      -999.25      -999.25        83.76      -999.25      -999.25       102.88       728.74
  729.00         21.96         0.85         0.64         0.69         0.62      -999.25      -999.25        84.18      -999.25      -999.25       105.13       728.99
  729.25         24.50         0.85         0.65         0.68         0.62      -999.25      -999.25        85.85      -999.25      -999.25       102.99       729.24
  729.50         27.03         0.85         0.64         0.70         0.62      -999.25      -999.25        84.71      -999.25      -999.25       105.35       729.49
  729.75         39.84         0.85         0.64         0.70         0.62      -999.25      -999.25        84.69      -999.25      -999.25       102.99       729.74
  730.00         31.51         0.85         0.64         0.70         0.61      -999.25      -999.25        83.73      -999.25      -999.25       102.88       729.99
  730.25         32.31         0.85         0.64         0.69         0.61      -999.25      -999.25        85.56      -999.25      -999.25       102.99       730.24
  730.50         49.91         0.85         0.63         0.68         0.60      -999.25      -999.25        83.17      -999.25      -999.25       103.78       730.49
  730.75         48.19         0.85         0.64         0.71         0.62      -999.25      -999.25        84.13      -999.25      -999.25       104.00       730.74
  731.00         46.48         0.85         0.64         0.71         0.62      -999.25      -999.25        84.79      -999.25      -999.25       104.22       730.99
  731.25         43.58         0.84         0.63         0.68         0.61      -999.25      -999.25        83.91      -999.25      -999.25       103.10       731.24
  731.50         35.25         0.85         0.63         0.68         0.62      -999.25      -999.25        83.14      -999.25      -999.25       104.67       731.49
  731.75         28.46         0.85         0.64         0.68         0.62      -999.25      -999.25        85.49      -999.25      -999.25       106.25       731.74
  732.00         25.07         0.85         0.64         0.71         0.62      -999.25      -999.25        88.06      -999.25      -999.25       106.14       731.99
  732.25         21.68         0.85         0.64         0.69         0.62      -999.25      -999.25        83.16      -999.25      -999.25       106.25       732.24
  732.50         20.37         0.85         0.63         0.69         0.61      -999.25      -999.25        84.34      -999.25      -999.25       106.03       732.49
  732.75         21.98         0.84         0.63         0.67         0.62      -999.25      -999.25        88.51      -999.25      -999.25       106.25       732.74
  733.00         20.55         0.85         0.65         0.70         0.62      -999.25      -999.25        89.23      -999.25      -999.25       104.79       732.99
  733.25         20.06         0.86         0.65         0.67         0.60      -999.25      -999.25        85.45      -999.25      -999.25       106.25       733.24
  733.50         19.41         0.85         0.65         0.72         0.62      -999.25      -999.25        90.12      -999.25      -999.25       105.57       733.49
  733.75         18.75         0.85         0.62         0.67         0.58      -999.25      -999.25        87.86      -999.25      -999.25       106.25       733.74
  734.00         18.67         0.84         0.63         0.67         0.62      -999.25      -999.25        84.85      -999.25      -999.25       106.25       733.99
  734.25         21.51         0.85         0.64         0.70         0.63      -999.25      -999.25        84.65      -999.25      -999.25       106.25       734.24
  734.50         23.63         0.84         0.64         0.68         0.61      -999.25      -999.25        88.39      -999.25      -999.25       106.25       734.49
  734.75         27.14         0.84         0.63         0.68         0.61      -999.25      -999.25        88.26      -999.25      -999.25       106.25       734.74
  735.00         26.33         0.84         0.62         0.68         0.60      -999.25      -999.25        88.40      -999.25      -999.25       106.25       734.99
  735.25         25.53         0.85         0.63         0.72         0.59      -999.25      -999.25        89.56      -999.25      -999.25       106.25       735.24
  735.50         20.51         0.86         0.63         0.69         0.61      -999.25      -999.25        89.25      -999.25      -999.25       106.25       735.49
  735.75         17.07         0.87         0.63         0.67         0.60      -999.25      -999.25        92.03      -999.25      -999.25       106.25       735.74
  736.00         14.06         0.89         0.65         0.71         0.61      -999.25      -999.25        89.56      -999.25      -999.25       106.25       735.99
  736.25         14.99         0.91         0.66         0.72         0.60      -999.25      -999.25        90.61      -999.25      -999.25       106.25       736.24
  736.50         15.92         0.94         0.70         0.77         0.68      -999.25      -999.25        90.61      -999.25      -999.25       106.03       736.49
  736.75         15.35         0.96         0.73         0.78         0.74      -999.25      -999.25        91.27      -999.25      -999.25       106.25       736.74
  737.00         15.86         1.02         0.76         0.79         0.76      -999.25      -999.25        90.47      -999.25      -999.25       106.25       736.99
  737.25         15.81         1.07         0.81         0.87         0.83      -999.25      -999.25        85.87      -999.25      -999.25       106.25       737.24
  737.50         15.82         1.10         0.87         0.92         0.91      -999.25      -999.25        87.04      -999.25      -999.25       106.25       737.49
  737.75         15.56         1.11         0.88         0.91         0.92      -999.25      -999.25        92.53      -999.25      -999.25       106.25       737.74
  738.00         15.30         1.12         0.91         0.94         0.95      -999.25      -999.25        96.46      -999.25      -999.25       106.25       737.99
  738.25         14.62         1.11         0.87         0.92         0.92      -999.25      -999.25        94.57      -999.25      -999.25       106.25       738.24
  738.50         13.80         1.04         0.82         0.86         0.89      -999.25      -999.25        90.38      -999.25      -999.25       106.25       738.49
  738.75         14.02         1.01         0.78         0.78         0.80      -999.25      -999.25        87.42      -999.25      -999.25       106.25       738.74
  739.00         14.00         0.96         0.67         0.74         0.63      -999.25      -999.25        85.35      -999.25      -999.25       106.25       738.99
  739.25         13.98         0.94         0.66         0.71         0.61      -999.25      -999.25        86.10      -999.25      -999.25       105.57       739.24
  739.50         16.23         0.94         0.67         0.74         0.64      -999.25      -999.25        88.20      -999.25      -999.25       106.03       739.49
  739.75         12.87         0.97         0.69         0.73         0.62      -999.25      -999.25        87.22      -999.25      -999.25       106.14       739.74
  740.00         13.25         1.03         0.85         0.89         1.02      -999.25      -999.25        82.50      -999.25      -999.25       106.03       739.99
  740.25         13.46         1.08         0.88         0.92         0.91      -999.25      -999.25        79.05      -999.25      -999.25       105.91       740.24
  740.50         15.32         1.08         0.86         0.91         0.94      -999.25      -999.25        80.67      -999.25      -999.25       103.21       740.49
  740.75         17.19         1.10         0.85         0.89         0.91      -999.25      -999.25        78.90      -999.25      -999.25       103.89       740.74
  741.00         20.89         1.10         0.83         0.87         0.79      -999.25      -999.25        76.85      -999.25      -999.25       105.35       740.99
  741.25         23.17         1.08         0.83         0.89         0.87      -999.25      -999.25        80.33      -999.25      -999.25       104.68       741.24
  741.50         25.77         1.08         0.82         0.85         0.84      -999.25      -999.25        89.74      -999.25      -999.25       103.55       741.49
  741.75         26.41         1.04         0.74         0.82         0.71      -999.25      -999.25        92.82      -999.25      -999.25       105.01       741.74
  742.00         27.05         1.01         0.74         0.83         0.69      -999.25      -999.25        94.95      -999.25      -999.25       105.69       741.99
  742.25         29.19         1.00         0.72         0.81         0.69      -999.25      -999.25        95.31      -999.25      -999.25       106.14       742.24
  742.50         26.83         0.98         0.72         0.78         0.66      -999.25      -999.25        94.48      -999.25      -999.25       106.25       742.49
  742.75         20.16         0.98         0.72         0.77         0.67      -999.25      -999.25        94.57      -999.25      -999.25       105.01       742.74
  743.00         17.21         0.96         0.71         0.78         0.70      -999.25      -999.25        95.45      -999.25      -999.25       106.25       742.99
  743.25         17.06         0.95         0.71         0.75         0.71      -999.25      -999.25        96.55      -999.25      -999.25       106.25       743.24
  743.50         16.91         0.94         0.68         0.75         0.63      -999.25      -999.25        88.48      -999.25      -999.25       106.25       743.49
  743.75         15.58         0.91         0.66         0.71         0.63      -999.25      -999.25        89.13      -999.25      -999.25       105.91       743.74
  744.00         14.92         0.91         0.67         0.76         0.63      -999.25      -999.25        87.57      -999.25      -999.25       106.14       743.99
  744.25         14.45         0.90         0.66         0.74         0.62      -999.25      -999.25        87.42      -999.25      -999.25       106.03       744.24
  744.50         14.63         0.89         0.65         0.73         0.62      -999.25      -999.25        88.93      -999.25      -999.25       106.25       744.49
  744.75         14.80         0.89         0.65         0.72         0.62      -999.25      -999.25        89.56      -999.25      -999.25       106.25       744.74
  745.00         15.15         0.88         0.64         0.67         0.62      -999.25      -999.25        92.91      -999.25      -999.25       106.25       744.99
  745.25         14.92         0.86         0.61         0.64         0.64      -999.25      -999.25        91.73      -999.25      -999.25       106.25       745.24
  745.50         15.19         0.86         0.61         0.62         0.64      -999.25      -999.25       100.45      -999.25      -999.25       106.03       745.49
  745.75         15.01         0.87         0.63         0.66         0.59      -999.25      -999.25       100.45      -999.25      -999.25       106.25       745.74
  746.00         15.05         0.88         0.63         0.68         0.58      -999.25      -999.25        94.30      -999.25      -999.25       106.25       745.99
  746.25         15.09         0.88         0.64         0.69         0.61      -999.25      -999.25        90.39      -999.25      -999.25       106.14       746.24
  746.50         12.29         0.87         0.64         0.69         0.62      -999.25      -999.25        88.78      -999.25      -999.25       106.14       746.49
  746.75         10.48         0.88         0.64         0.70         0.61      -999.25      -999.25        87.01      -999.25      -999.25       106.25       746.74
  747.00          9.46         0.87         0.64         0.68         0.62      -999.25      -999.25        88.25      -999.25      -999.25       106.25       746.99
  747.25          9.79         0.87         0.66         0.70         0.66      -999.25      -999.25        90.84      -999.25      -999.25       106.25       747.24
  747.50         10.88         0.88         0.64         0.70         0.59      -999.25      -999.25        89.66      -999.25      -999.25       106.25       747.49
  747.75         11.98         0.86         0.63         0.69         0.64      -999.25      -999.25        86.92      -999.25      -999.25       106.25       747.74
  748.00         13.60         0.89         0.66         0.71         0.60      -999.25      -999.25        88.07      -999.25      -999.25       106.25       747.99
  748.25         15.70         0.88         0.67         0.73         0.62      -999.25      -999.25        91.61      -999.25      -999.25       106.25       748.24
  748.50         17.93         0.88         0.66         0.72         0.61      -999.25      -999.25        89.38      -999.25      -999.25       106.25       748.49
  748.75         18.04         0.88         0.66         0.71         0.60      -999.25      -999.25        88.59      -999.25      -999.25       106.25       748.74
  749.00         18.16         0.87         0.68         0.78         0.65      -999.25      -999.25        93.79      -999.25      -999.25       106.25       748.99
  749.25         18.47         0.86         0.64         0.69         0.65      -999.25      -999.25        94.69      -999.25      -999.25       105.57       749.24
  749.50         16.82         0.89         0.65         0.75         0.59      -999.25      -999.25        95.47      -999.25      -999.25       106.25       749.49
  749.75         14.78         0.92         0.63         0.71         0.58      -999.25      -999.25        90.36      -999.25      -999.25       106.25       749.74
  750.00         13.71         0.95         0.70         0.72         0.72      -999.25      -999.25        86.28      -999.25      -999.25       106.25       749.99
  750.25         13.92         1.02         0.78         0.84         0.81      -999.25      -999.25        84.21      -999.25      -999.25       106.25       750.24
  750.50         14.13         1.06         0.82         0.84         0.82      -999.25      -999.25        84.26      -999.25      -999.25       106.25       750.49
  750.75         14.56         0.97         0.70         0.78         0.67      -999.25      -999.25        79.82      -999.25      -999.25       106.25       750.74
  751.00         12.79         0.96         0.70         0.77         0.68      -999.25      -999.25        81.68      -999.25      -999.25       106.25       750.99
  751.25         10.91         0.95         0.69         0.77         0.68      -999.25      -999.25        90.50      -999.25      -999.25       106.25       751.24
  751.50         10.72         0.94         0.69         0.76         0.68      -999.25      -999.25        84.49      -999.25      -999.25       106.25       751.49
  751.75         10.52         0.93         0.68         0.75         0.67      -999.25      -999.25        85.27      -999.25      -999.25       106.25       751.74
  752.00         10.96         0.92         0.68         0.75         0.67      -999.25      -999.25        84.96      -999.25      -999.25       106.25       751.99
  752.25         12.27         0.92         0.67         0.74         0.66      -999.25      -999.25        84.65      -999.25      -999.25       106.25       752.24
  752.50         11.89         0.91         0.67         0.73         0.66      -999.25      -999.25        84.33      -999.25      -999.25       106.25       752.49
  752.75         13.66         0.90         0.66         0.72         0.65      -999.25      -999.25        84.02      -999.25      -999.25       106.25       752.74
  753.00         14.54         0.89         0.66         0.72         0.65      -999.25      -999.25        83.71      -999.25      -999.25       106.25       752.99
  753.25         15.42         0.89         0.65         0.71         0.64      -999.25      -999.25        83.39      -999.25      -999.25       106.25       753.24
  753.50         17.82         0.88         0.65         0.70         0.64      -999.25      -999.25        83.08      -999.25      -999.25       106.25       753.49
  753.75         20.52         0.87         0.64         0.70         0.63      -999.25      -999.25        82.77      -999.25      -999.25       106.25       753.74
  754.00         20.18         0.87         0.64         0.69         0.63      -999.25      -999.25        82.46      -999.25      -999.25       106.25       753.99
  754.25         19.17         0.87         0.64         0.69         0.64      -999.25      -999.25        84.09      -999.25      -999.25       106.25       754.24
  754.50         18.16         0.87         0.64         0.70         0.63      -999.25      -999.25        81.53      -999.25      -999.25       106.25       754.49
  754.75         17.45         0.86         0.63         0.69         0.60      -999.25      -999.25        83.84      -999.25      -999.25       106.25       754.74
  755.00         17.00         0.96         0.72         0.73         0.66      -999.25      -999.25        83.26      -999.25      -999.25       106.25       754.99
  755.25         17.47         1.08         0.85         0.88         0.93      -999.25      -999.25        79.40      -999.25      -999.25       106.25       755.24
  755.50         17.14         1.08         0.80         0.84         0.83      -999.25      -999.25        74.76      -999.25      -999.25       106.25       755.49
  755.75         18.00         1.09         0.76         0.81         0.74      -999.25      -999.25        78.82      -999.25      -999.25       106.25       755.74
  756.00         18.86         1.09         0.75         0.80         0.70      -999.25      -999.25        77.07      -999.25      -999.25       106.25       755.99
  756.25         18.93         1.09         0.81         0.84         0.85      -999.25      -999.25        78.26      -999.25      -999.25       106.25       756.24
  756.50         19.71         1.10         0.83         0.87         0.91      -999.25      -999.25        76.11      -999.25      -999.25       106.25       756.49
  756.75         18.91         1.10         0.85         0.88         0.91      -999.25      -999.25        75.24      -999.25      -999.25       106.25       756.74
  757.00         19.91         1.09         0.85         0.89         0.92      -999.25      -999.25        75.22      -999.25      -999.25       106.25       756.99
  757.25         13.01         1.07         0.83         0.87         0.90      -999.25      -999.25        74.51      -999.25      -999.25       106.25       757.24
  757.50          6.11         1.01         0.72         0.78         0.70      -999.25      -999.25        80.72      -999.25      -999.25       106.25       757.49
  757.75         14.04         0.97         0.68         0.75         0.64      -999.25      -999.25        81.76      -999.25      -999.25       106.25       757.74
  758.00         21.30         0.95         0.67         0.74         0.64      -999.25      -999.25        84.85      -999.25      -999.25       106.25       757.99
  758.25         60.53         0.94         0.67         0.73         0.64      -999.25      -999.25        84.27      -999.25      -999.25       106.25       758.24
  758.50         36.83         0.93         0.67         0.73         0.64      -999.25      -999.25        84.78      -999.25      -999.25       106.25       758.49
  758.75         13.13         0.91         0.66         0.72         0.64      -999.25      -999.25        83.92      -999.25      -999.25       106.25       758.74
  759.00         11.44         0.89         0.65         0.72         0.64      -999.25      -999.25        82.80      -999.25      -999.25       106.14       758.99
  759.25         12.78         0.89         0.65         0.71         0.63      -999.25      -999.25        82.38      -999.25      -999.25       106.25       759.24
  759.50         15.33         0.89         0.65         0.71         0.64      -999.25      -999.25        80.23      -999.25      -999.25       106.25       759.49
  759.75         16.53         0.89         0.65         0.71         0.63      -999.25      -999.25        82.39      -999.25      -999.25       106.25       759.74
  760.00         16.39         0.90         0.65         0.70         0.62      -999.25      -999.25        82.62      -999.25      -999.25       106.25       759.99
  760.25         16.25         0.92         0.65         0.71         0.62      -999.25      -999.25        82.70      -999.25      -999.25       106.25       760.24
  760.50         14.88         0.93         0.67         0.72         0.64      -999.25      -999.25        85.06      -999.25      -999.25       106.25       760.49
  760.75         16.50         0.94         0.67         0.72         0.65      -999.25      -999.25        84.95      -999.25      -999.25       106.25       760.74
  761.00         15.76         0.97         0.70         0.75         0.67      -999.25      -999.25        86.74      -999.25      -999.25       106.25       760.99
  761.25         18.14         0.98         0.73         0.79         0.73      -999.25      -999.25        85.64      -999.25      -999.25       106.25       761.24
  761.50         20.52         1.00         0.77         0.81         0.78      -999.25      -999.25        80.89      -999.25      -999.25       106.25       761.49
  761.75         24.68         1.02         0.79         0.82         0.82      -999.25      -999.25        83.29      -999.25      -999.25       106.25       761.74
  762.00         28.99         1.02         0.77         0.84         0.79      -999.25      -999.25        84.35      -999.25      -999.25       106.25       761.99
  762.25         24.05         1.01         0.75         0.80         0.77      -999.25      -999.25        86.56      -999.25      -999.25       106.25       762.24
  762.50         19.63         1.00         0.73         0.78         0.70      -999.25      -999.25        90.15      -999.25      -999.25       106.25       762.49
  762.75         17.94         0.97         0.71         0.76         0.70      -999.25      -999.25        88.26      -999.25      -999.25       106.25       762.74
  763.00         16.25         0.96         0.70         0.75         0.70      -999.25      -999.25        90.46      -999.25      -999.25       106.25       762.99
  763.25         17.56         0.94         0.69         0.74         0.68      -999.25      -999.25        91.47      -999.25      -999.25       106.25       763.24
  763.50         19.39         0.93         0.67         0.73         0.65      -999.25      -999.25        90.80      -999.25      -999.25       106.25       763.49
  763.75         18.23         0.93         0.68         0.73         0.64      -999.25      -999.25        89.46      -999.25      -999.25       106.25       763.74
  764.00         18.63         0.93         0.67         0.75         0.64      -999.25      -999.25        93.16      -999.25      -999.25       106.25       763.99
  764.25         19.02         0.94         0.70         0.75         0.68      -999.25      -999.25        89.97      -999.25      -999.25       106.25       764.24
  764.50         23.54         0.93         0.69         0.76         0.69      -999.25      -999.25        92.11      -999.25      -999.25       106.25       764.49
  764.75         26.27         0.93         0.70         0.76         0.68      -999.25      -999.25        92.55      -999.25      -999.25       106.25       764.74
  765.00         25.98         0.92         0.68         0.72         0.67      -999.25      -999.25        93.67      -999.25      -999.25       106.25       764.99
  765.25         26.27         0.92         0.69         0.72         0.67      -999.25      -999.25        91.32      -999.25      -999.25       106.25       765.24
  765.50         25.91         0.91         0.68         0.71         0.66      -999.25      -999.25        89.71      -999.25      -999.25       106.25       765.49
  765.75         25.55         0.90         0.67         0.73         0.66      -999.25      -999.25        90.91      -999.25      -999.25       106.25       765.74
  766.00         19.79         0.90         0.66         0.73         0.65      -999.25      -999.25        93.58      -999.25      -999.25       106.25       765.99
  766.25         20.88         0.90         0.66         0.72         0.63      -999.25      -999.25        92.09      -999.25      -999.25       106.25       766.24
  766.50         17.05         0.90         0.67         0.71         0.65      -999.25      -999.25        89.03      -999.25      -999.25       106.25       766.49
  766.75         17.11         0.89         0.66         0.71         0.65      -999.25      -999.25        92.48      -999.25      -999.25       106.25       766.74
  767.00         17.18         0.89         0.67         0.71         0.66      -999.25      -999.25        91.00      -999.25      -999.25       106.25       766.99
  767.25         21.16         0.90         0.67         0.72         0.64      -999.25      -999.25        93.77      -999.25      -999.25       106.25       767.24
  767.50         23.38         0.90         0.68         0.74         0.64      -999.25      -999.25        93.20      -999.25      -999.25       106.25       767.49
  767.75         23.91         0.90         0.67         0.74         0.64      -999.25      -999.25        94.11      -999.25      -999.25       106.25       767.74
  768.00         22.23         0.89         0.67         0.73         0.65      -999.25      -999.25        90.22      -999.25      -999.25       106.25       767.99
  768.25         23.12         0.89         0.67         0.75         0.66      -999.25      -999.25        92.09      -999.25      -999.25       106.25       768.24
  768.50         24.01         0.89         0.67         0.72         0.67      -999.25      -999.25        87.37      -999.25      -999.25       106.25       768.49
  768.75         19.37         0.89         0.66         0.70         0.63      -999.25      -999.25        90.34      -999.25      -999.25       106.25       768.74
  769.00         18.05         0.90         0.66         0.70         0.64      -999.25      -999.25        93.09      -999.25      -999.25       106.25       768.99
  769.25         18.48         0.90         0.68         0.72         0.65      -999.25      -999.25        91.51      -999.25      -999.25       106.25       769.24
  769.50         16.94         0.91         0.68         0.76         0.66      -999.25      -999.25        93.66      -999.25      -999.25       106.25       769.49
  769.75         17.06         0.90         0.68         0.72         0.67      -999.25      -999.25        93.44      -999.25      -999.25       106.25       769.74
  770.00         17.18         0.89         0.66         0.74         0.66      -999.25      -999.25        93.23      -999.25      -999.25       106.25       769.99
  770.25         16.58         0.90         0.69         0.75         0.67      -999.25      -999.25        92.55      -999.25      -999.25       106.25       770.24
  770.50         15.97         0.90         0.69         0.73         0.68      -999.25      -999.25        93.05      -999.25      -999.25       106.25       770.49
  770.75         16.97         0.92         0.70         0.79         0.65      -999.25      -999.25        93.08      -999.25      -999.25       106.25       770.74
  771.00         17.04         0.91         0.71         0.78         0.66      -999.25      -999.25        90.94      -999.25      -999.25       106.25       770.99
  771.25         17.11         0.89         0.66         0.69         0.65      -999.25      -999.25        91.59      -999.25      -999.25       106.25       771.24
  771.50         20.39         0.88         0.66         0.70         0.64      -999.25      -999.25        88.03      -999.25      -999.25       106.25       771.49
  771.75         21.30         0.88         0.65         0.72         0.64      -999.25      -999.25        85.91      -999.25      -999.25       106.25       771.74
  772.00         20.75         0.87         0.65         0.70         0.61      -999.25      -999.25        87.62      -999.25      -999.25       106.25       771.99
  772.25         21.46         0.87         0.64         0.72         0.61      -999.25      -999.25        91.19      -999.25      -999.25       106.25       772.24
  772.50         22.08         0.86         0.65         0.71         0.62      -999.25      -999.25        88.83      -999.25      -999.25       106.25       772.49
  772.75         22.70         0.86         0.65         0.71         0.62      -999.25      -999.25        88.40      -999.25      -999.25       106.25       772.74
  773.00         22.40         0.86         0.64         0.71         0.63      -999.25      -999.25        83.66      -999.25      -999.25       106.25       772.99
  773.25         23.42         0.86         0.65         0.70         0.62      -999.25      -999.25        83.22      -999.25      -999.25       106.25       773.24
  773.50         21.35         0.86         0.65         0.69         0.62      -999.25      -999.25        89.00      -999.25      -999.25       106.25       773.49
  773.75         20.35         0.84         0.62         0.66         0.60      -999.25      -999.25        90.52      -999.25      -999.25       106.25       773.74
  774.00         19.36         0.83         0.62         0.68         0.58      -999.25      -999.25        91.16      -999.25      -999.25       106.25       773.99
  774.25         18.49         0.84         0.60         0.67         0.57      -999.25      -999.25        88.45      -999.25      -999.25       106.25       774.24
  774.50         18.31         0.88         0.61         0.67         0.56      -999.25      -999.25        86.91      -999.25      -999.25       106.25       774.49
  774.75         17.35         0.90         0.62         0.68         0.60      -999.25      -999.25        95.61      -999.25      -999.25       106.25       774.74
  775.00         15.25         0.94         0.67         0.72         0.61      -999.25      -999.25        93.54      -999.25      -999.25       106.25       774.99
  775.25         15.97         0.96         0.70         0.73         0.66      -999.25      -999.25        96.59      -999.25      -999.25       106.25       775.24
  775.50         16.70         0.98         0.75         0.80         0.80      -999.25      -999.25        94.81      -999.25      -999.25       106.25       775.49
  775.75         16.73         1.04         0.80         0.83         0.88      -999.25      -999.25        95.27      -999.25      -999.25       106.25       775.74
  776.00         16.54         1.11         0.86         0.91         0.90      -999.25      -999.25        94.80      -999.25      -999.25       106.25       775.99
  776.25         17.35         1.21         0.94         0.95         1.02      -999.25      -999.25        93.39      -999.25      -999.25       106.25       776.24
  776.50         17.95         1.22         0.93         0.95         1.00      -999.25      -999.25        96.77      -999.25      -999.25       106.25       776.49
  776.75         18.54         1.23         0.95         1.02         0.98      -999.25      -999.25        98.77      -999.25      -999.25       106.25       776.74
  777.00         16.32         1.24         0.94         1.00         0.95      -999.25      -999.25        98.29      -999.25      -999.25       106.25       776.99
  777.25         16.29         1.24         0.93         0.96         0.94      -999.25      -999.25        96.62      -999.25      -999.25       106.25       777.24
  777.50         16.11         1.22         0.91         1.05         0.97      -999.25      -999.25        92.52      -999.25      -999.25       106.25       777.49
  777.75         17.69         1.22         0.90         0.99         0.95      -999.25      -999.25        92.90      -999.25      -999.25       106.25       777.74
  778.00         17.52         1.23         0.92         1.01         0.96      -999.25      -999.25        96.17      -999.25      -999.25       106.25       777.99
  778.25         17.35         1.22         0.90         1.00         0.89      -999.25      -999.25        94.70      -999.25      -999.25       106.25       778.24
  778.50         16.96         1.20         0.90         0.92         0.93      -999.25      -999.25        95.96      -999.25      -999.25       106.25       778.49
  778.75         16.78         1.19         0.85         0.92         0.84      -999.25      -999.25        92.92      -999.25      -999.25       106.25       778.74
  779.00         14.51         1.20         0.86         0.93         0.77      -999.25      -999.25        92.35      -999.25      -999.25       106.25       778.99
  779.25         13.86         1.17         0.89         0.90         0.91      -999.25      -999.25        93.98      -999.25      -999.25       106.25       779.24
  779.50         12.63         1.18         0.91         0.96         0.90      -999.25      -999.25        92.87      -999.25      -999.25       106.25       779.49
  779.75         11.41         1.11         0.88         0.93         0.92      -999.25      -999.25        92.89      -999.25      -999.25       106.25       779.74
  780.00         11.43         1.17         0.89         0.92         0.87      -999.25      -999.25        92.66      -999.25      -999.25       106.25       779.99
  780.25         13.21         1.17         0.89         0.87         0.90      -999.25      -999.25        93.17      -999.25      -999.25       106.25       780.24
  780.50         15.72         1.18         0.87         0.87         0.96      -999.25      -999.25        93.75      -999.25      -999.25       106.25       780.49
  780.75         17.22         1.06         0.84         0.97         0.97      -999.25      -999.25        94.90      -999.25      -999.25       106.25       780.74
  781.00         18.71         0.83         0.72         0.77         0.91      -999.25      -999.25        96.35      -999.25      -999.25       106.25       780.99
  781.25         21.27         0.77         0.61         0.63         0.71      -999.25      -999.25        92.50      -999.25      -999.25       106.25       781.24
  781.50         20.67         0.76         0.58         0.62         0.62      -999.25      -999.25        85.86      -999.25      -999.25       106.25       781.49
  781.75         18.68         0.71         0.49         0.58         0.42      -999.25      -999.25        84.47      -999.25      -999.25       106.25       781.74
  782.00         18.52         0.64         0.46         0.52         0.42      -999.25      -999.25        81.84      -999.25      -999.25       106.25       781.99
  782.25         18.11         0.59         0.42         0.49         0.40      -999.25      -999.25        82.47      -999.25      -999.25       106.25       782.24
  782.50         17.70         0.58         0.37         0.46         0.30      -999.25      -999.25        82.72      -999.25      -999.25       106.25       782.49
  782.75         18.14         0.62         0.47         0.54         0.42      -999.25      -999.25        85.24      -999.25      -999.25       106.25       782.74
  783.00         17.31         0.66         0.54         0.58         0.54      -999.25      -999.25        85.84      -999.25      -999.25       106.25       782.99
  783.25         19.09         0.69         0.54         0.60         0.52      -999.25      -999.25        83.57      -999.25      -999.25       106.25       783.24
  783.50         19.46         0.70         0.51         0.56         0.47      -999.25      -999.25        87.15      -999.25      -999.25       106.25       783.49
  783.75         19.83         0.70         0.50         0.56         0.46      -999.25      -999.25        85.38      -999.25      -999.25       106.25       783.74
  784.00         20.87         0.71         0.50         0.56         0.43      -999.25      -999.25        84.77      -999.25      -999.25       106.25       783.99
  784.25         20.19         0.72         0.53         0.59         0.51      -999.25      -999.25        84.10      -999.25      -999.25       106.25       784.24
  784.50         16.99         0.72         0.55         0.60         0.54      -999.25      -999.25        88.34      -999.25      -999.25       106.25       784.49
  784.75         15.77         0.74         0.54         0.60         0.50      -999.25      -999.25        85.97      -999.25      -999.25       106.25       784.74
  785.00         15.52         0.75         0.55         0.60         0.50      -999.25      -999.25        86.20      -999.25      -999.25       106.25       784.99
  785.25         15.26         0.75         0.56         0.61         0.53      -999.25      -999.25        82.51      -999.25      -999.25       106.25       785.24
  785.50          4.54         0.78         0.59         0.64         0.56      -999.25      -999.25        82.75      -999.25      -999.25       106.25       785.49
  785.75         14.10         0.79         0.59         0.64         0.56      -999.25      -999.25        83.33      -999.25      -999.25       105.38       785.74
  786.00         28.11         0.80         0.57         0.65         0.50      -999.25      -999.25        86.24      -999.25      -999.25       104.51       785.99
  786.25         44.54         0.79         0.59         0.64         0.54      -999.25      -999.25        88.58      -999.25      -999.25       103.63       786.24
  786.50         60.96         0.79         0.59         0.66         0.57      -999.25      -999.25        86.46      -999.25      -999.25       102.76       786.49
  786.75         71.84         0.79         0.59         0.66         0.55      -999.25      -999.25        89.42      -999.25      -999.25       102.76       786.74
  787.00         24.77         0.80         0.59         0.66         0.55      -999.25      -999.25        87.61      -999.25      -999.25       102.76       786.99
  787.25         30.00         0.80         0.58         0.62         0.54      -999.25      -999.25        87.25      -999.25      -999.25       102.76       787.24
  787.50         50.73         0.80         0.59         0.64         0.56      -999.25      -999.25        87.34      -999.25      -999.25       102.76       787.49
  787.75         63.36         0.80         0.59         0.65         0.56      -999.25      -999.25        87.00      -999.25      -999.25       102.76       787.74
  788.00         75.99         0.80         0.61         0.66         0.57      -999.25      -999.25        84.32      -999.25      -999.25       102.76       787.99
  788.25        106.64         0.80         0.61         0.66         0.59      -999.25      -999.25        88.08      -999.25      -999.25       102.76       788.24
  788.50        112.16         0.80         0.60         0.66         0.58      -999.25      -999.25        89.04      -999.25      -999.25       102.76       788.49
  788.75        115.99         0.81         0.60         0.66         0.57      -999.25      -999.25        88.77      -999.25      -999.25       102.76       788.74
  789.00        111.28         0.82         0.61         0.69         0.57      -999.25      -999.25        89.27      -999.25      -999.25       102.76       788.99
  789.25        106.57         0.84         0.62         0.68         0.58      -999.25      -999.25        92.46      -999.25      -999.25       102.76       789.24
  789.50         91.10         0.85         0.66         0.73         0.66      -999.25      -999.25        93.68      -999.25      -999.25       102.76       789.49
  789.75         72.50         0.86         0.70         0.76         0.72      -999.25      -999.25        95.77      -999.25      -999.25       102.76       789.74
  790.00         50.69         0.85         0.66         0.71         0.63      -999.25      -999.25        92.22      -999.25      -999.25       102.76       789.99
  790.25         36.93         0.84         0.63         0.69         0.60      -999.25      -999.25        91.23      -999.25      -999.25       102.76       790.24
  790.50         33.82         0.84         0.63         0.70         0.57      -999.25      -999.25        89.37      -999.25      -999.25       102.76       790.49
  790.75         30.71         0.83         0.62         0.69         0.59      -999.25      -999.25        89.42      -999.25      -999.25       103.55       790.74
  791.00         26.82         0.82         0.60         0.68         0.56      -999.25      -999.25        88.51      -999.25      -999.25       103.10       790.99
  791.25         20.96         0.81         0.62         0.68         0.57      -999.25      -999.25        87.85      -999.25      -999.25       104.79       791.24
  791.50         20.74         0.81         0.62         0.68         0.58      -999.25      -999.25        90.33      -999.25      -999.25       106.14       791.49
  791.75         24.37         0.80         0.61         0.67         0.59      -999.25      -999.25        90.09      -999.25      -999.25       106.19       791.74
  792.00         22.37         0.81         0.61         0.68         0.57      -999.25      -999.25        90.27      -999.25      -999.25       106.25       791.99
  792.25         20.37         0.80         0.60         0.68         0.58      -999.25      -999.25        86.80      -999.25      -999.25       106.25       792.24
  792.50         19.74         0.80         0.61         0.67         0.57      -999.25      -999.25        88.54      -999.25      -999.25       106.25       792.49
  792.75         17.10         0.81         0.61         0.68         0.56      -999.25      -999.25        89.12      -999.25      -999.25       106.25       792.74
  793.00         16.82         0.80         0.61         0.69         0.59      -999.25      -999.25        88.25      -999.25      -999.25       106.25       792.99
  793.25         17.74         0.80         0.61         0.67         0.57      -999.25      -999.25        90.53      -999.25      -999.25       106.25       793.24
  793.50         18.66         0.80         0.61         0.67         0.57      -999.25      -999.25        94.02      -999.25      -999.25       106.25       793.49
  793.75         20.10         0.81         0.61         0.68         0.57      -999.25      -999.25        90.18      -999.25      -999.25       106.25       793.74
  794.00         21.21         0.81         0.63         0.68         0.60      -999.25      -999.25        92.63      -999.25      -999.25       106.25       793.99
  794.25         24.89         0.80         0.61         0.67         0.60      -999.25      -999.25        92.49      -999.25      -999.25       106.25       794.24
  794.50         25.12         0.81         0.62         0.70         0.57      -999.25      -999.25        89.06      -999.25      -999.25       106.25       794.49
  794.75         25.34         0.81         0.62         0.68         0.59      -999.25      -999.25        88.76      -999.25      -999.25       106.25       794.74
  795.00         25.57         0.81         0.61         0.70         0.58      -999.25      -999.25        90.75      -999.25      -999.25       106.25       794.99
  795.25         26.07         0.82         0.62         0.69         0.58      -999.25      -999.25        88.82      -999.25      -999.25       106.25       795.24
  795.50         27.16         0.82         0.62         0.68         0.58      -999.25      -999.25        91.04      -999.25      -999.25       106.25       795.49
  795.75         29.02         0.81         0.61         0.68         0.59      -999.25      -999.25        93.15      -999.25      -999.25       106.25       795.74
  796.00         30.16         0.81         0.62         0.70         0.62      -999.25      -999.25        91.08      -999.25      -999.25       106.25       795.99
  796.25         31.31         0.82         0.63         0.67         0.61      -999.25      -999.25        91.98      -999.25      -999.25       106.25       796.24
  796.50         31.87         0.82         0.61         0.69         0.59      -999.25      -999.25        88.60      -999.25      -999.25       106.25       796.49
  796.75         33.60         0.82         0.61         0.67         0.56      -999.25      -999.25        87.89      -999.25      -999.25       106.25       796.74
  797.00         28.27         0.82         0.61         0.65         0.56      -999.25      -999.25        88.09      -999.25      -999.25       106.14       796.99
  797.25         24.44         0.83         0.63         0.68         0.57      -999.25      -999.25        87.34      -999.25      -999.25       106.14       797.24
  797.50         23.35         0.82         0.62         0.70         0.60      -999.25      -999.25        85.63      -999.25      -999.25       106.25       797.49
  797.75         22.26         0.82         0.62         0.72         0.61      -999.25      -999.25        87.92      -999.25      -999.25       106.25       797.74
  798.00         22.23         0.83         0.64         0.71         0.63      -999.25      -999.25        89.65      -999.25      -999.25       106.25       797.99
  798.25         22.50         0.82         0.63         0.68         0.62      -999.25      -999.25        89.94      -999.25      -999.25       106.25       798.24
  798.50         23.75         0.83         0.62         0.70         0.57      -999.25      -999.25        88.23      -999.25      -999.25       104.79       798.49
  798.75         24.18         0.83         0.62         0.67         0.59      -999.25      -999.25        87.85      -999.25      -999.25       106.25       798.74
  799.00         24.61         0.82         0.62         0.73         0.61      -999.25      -999.25        90.57      -999.25      -999.25       106.25       798.99
  799.25         25.79         0.83         0.64         0.73         0.59      -999.25      -999.25        93.88      -999.25      -999.25       106.25       799.24
  799.50         24.31         0.82         0.63         0.71         0.60      -999.25      -999.25        93.61      -999.25      -999.25       106.25       799.49
  799.75         23.70         0.82         0.62         0.69         0.58      -999.25      -999.25        91.34      -999.25      -999.25       106.25       799.74
  800.00         23.77         0.84         0.62         0.70         0.58      -999.25      -999.25        92.17      -999.25      -999.25       106.25       799.99
  800.25         23.34         0.85         0.63         0.70         0.59      -999.25      -999.25        92.98      -999.25      -999.25       106.14       800.24
  800.50         22.90         0.88         0.65         0.73         0.61      -999.25      -999.25        93.77      -999.25      -999.25       106.14       800.49
  800.75         23.11         0.92         0.68         0.73         0.67      -999.25      -999.25        92.50      -999.25      -999.25       106.25       800.74
  801.00         23.33         1.18         0.95         1.01         0.90      -999.25      -999.25        83.69      -999.25      -999.25       106.25       800.99
  801.25         24.10         1.16         0.94         1.02         0.93      -999.25      -999.25        77.56      -999.25      -999.25       106.25       801.24
  801.50         24.29         1.12         0.87         0.94         0.88      -999.25      -999.25        92.08      -999.25      -999.25       105.69       801.49
  801.75         23.33         1.08         0.76         0.85         0.70      -999.25      -999.25        94.52      -999.25      -999.25       106.14       801.74
  802.00         22.38         1.04         0.71         0.83         0.62      -999.25      -999.25        88.56      -999.25      -999.25       106.25       801.99
  802.25         20.93         1.00         0.72         0.79         0.70      -999.25      -999.25        91.65      -999.25      -999.25       106.03       802.24
  802.50         21.23         0.99         0.74         0.82         0.72      -999.25      -999.25        91.24      -999.25      -999.25       106.25       802.49
  802.75         23.09         0.96         0.76         0.80         0.82      -999.25      -999.25        93.57      -999.25      -999.25       106.14       802.74
  803.00         22.49         0.92         0.69         0.73         0.70      -999.25      -999.25        91.21      -999.25      -999.25       106.25       802.99
  803.25         21.89         0.91         0.66         0.74         0.66      -999.25      -999.25        90.65      -999.25      -999.25       106.25       803.24
  803.50         21.09         0.91         0.66         0.72         0.66      -999.25      -999.25        89.41      -999.25      -999.25       106.25       803.49
  803.75         17.72         0.91         0.67         0.72         0.67      -999.25      -999.25        88.40      -999.25      -999.25       106.25       803.74
  804.00         16.30         0.91         0.64         0.76         0.61      -999.25      -999.25        90.12      -999.25      -999.25       106.25       803.99
  804.25         15.38         0.92         0.67         0.73         0.63      -999.25      -999.25        90.81      -999.25      -999.25       106.25       804.24
  804.50         17.07         0.95         0.73         0.80         0.71      -999.25      -999.25        89.72      -999.25      -999.25       106.25       804.49
  804.75         18.75         0.96         0.75         0.83         0.74      -999.25      -999.25        88.54      -999.25      -999.25       106.14       804.74
  805.00         11.48         0.96         0.72         0.74         0.72      -999.25      -999.25        87.71      -999.25      -999.25       106.25       804.99
  805.25         17.88         0.96         0.72         0.79         0.72      -999.25      -999.25        86.60      -999.25      -999.25       106.25       805.24
  805.50         31.09         0.97         0.72         0.80         0.69      -999.25      -999.25        86.58      -999.25      -999.25       106.25       805.49
  805.75         30.55         0.97         0.72         0.77         0.70      -999.25      -999.25        84.96      -999.25      -999.25       106.25       805.74
  806.00         30.01         0.97         0.72         0.75         0.70      -999.25      -999.25        86.28      -999.25      -999.25       106.25       805.99
  806.25         19.59         0.97         0.72         0.84         0.68      -999.25      -999.25        84.06      -999.25      -999.25       106.25       806.24
  806.50         18.45         0.99         0.76         0.75         0.78      -999.25      -999.25        81.42      -999.25      -999.25       106.25       806.49
  806.75         33.84         1.02         0.76         0.77         0.73      -999.25      -999.25        84.87      -999.25      -999.25       106.25       806.74
  807.00         23.50         1.03         0.77         0.85         0.74      -999.25      -999.25        88.09      -999.25      -999.25       106.25       806.99
  807.25         23.52         1.05         0.82         0.92         0.82      -999.25      -999.25        89.33      -999.25      -999.25       106.25       807.24
  807.50         23.53         1.06         0.86         0.94         0.89      -999.25      -999.25        89.50      -999.25      -999.25       106.25       807.49
  807.75         12.62         1.07         0.83         0.85         0.94      -999.25      -999.25        88.76      -999.25      -999.25       106.25       807.74
  808.00         13.12         1.08         0.84         0.86         0.93      -999.25      -999.25        84.56      -999.25      -999.25       106.25       807.99
  808.25         21.27         1.10         0.84         0.87         0.91      -999.25      -999.25        85.71      -999.25      -999.25       106.25       808.24
  808.50         20.45         1.11         0.85         0.89         0.89      -999.25      -999.25        84.69      -999.25      -999.25       106.25       808.49
  808.75         19.63         1.13         0.85         0.90         0.87      -999.25      -999.25        84.88      -999.25      -999.25       106.25       808.74
  809.00         20.51         1.12         0.83         0.90         0.83      -999.25      -999.25        85.07      -999.25      -999.25       106.25       808.99
  809.25         23.70         1.11         0.80         0.90         0.78      -999.25      -999.25        85.25      -999.25      -999.25       106.25       809.24
  809.50         24.08         1.11         0.84         1.01         0.82      -999.25      -999.25        85.44      -999.25      -999.25       106.25       809.49
  809.75         24.52         1.11         0.77         0.83         0.87      -999.25      -999.25        83.05      -999.25      -999.25       106.25       809.74
  810.00         25.61         1.11         0.83         0.89         0.83      -999.25      -999.25        81.46      -999.25      -999.25       106.25       809.99
  810.25         26.71         1.11         0.81         0.85         0.76      -999.25      -999.25        82.31      -999.25      -999.25       106.25       810.24
  810.50         27.97         1.12         0.83         0.91         0.83      -999.25      -999.25        76.68      -999.25      -999.25       106.25       810.49
  810.75         27.42         1.12         0.84         0.91         0.85      -999.25      -999.25        77.90      -999.25      -999.25       106.25       810.74
  811.00         27.44         1.07         0.82         0.85         0.76      -999.25      -999.25        79.88      -999.25      -999.25       106.25       810.99
  811.25         25.14         1.04         0.82         0.87         0.78      -999.25      -999.25        80.20      -999.25      -999.25       106.25       811.24
  811.50         22.83         0.99         0.75         0.85         0.77      -999.25      -999.25        88.16      -999.25      -999.25       106.25       811.49
  811.75         22.08         0.91         0.66         0.80         0.77      -999.25      -999.25        87.37      -999.25      -999.25       106.25       811.74
  812.00         22.31         0.90         0.66         0.73         0.69      -999.25      -999.25        83.24      -999.25      -999.25       106.25       811.99
  812.25         24.17         0.90         0.67         0.73         0.67      -999.25      -999.25        81.50      -999.25      -999.25       106.25       812.24
  812.50         25.16         0.87         0.62         0.66         0.62      -999.25      -999.25        81.23      -999.25      -999.25       106.25       812.49
  812.75         24.84         0.86         0.63         0.66         0.62      -999.25      -999.25        79.44      -999.25      -999.25       106.25       812.74
  813.00         24.51         0.85         0.63         0.67         0.62      -999.25      -999.25        80.86      -999.25      -999.25       106.25       812.99
  813.25         20.80         0.84         0.60         0.67         0.54      -999.25      -999.25        80.52      -999.25      -999.25       106.25       813.24
  813.50         18.00         0.84         0.60         0.66         0.56      -999.25      -999.25        81.80      -999.25      -999.25       106.25       813.49
  813.75         17.82         0.84         0.60         0.66         0.54      -999.25      -999.25        79.04      -999.25      -999.25       106.25       813.74
  814.00         19.36         0.84         0.60         0.65         0.56      -999.25      -999.25        79.79      -999.25      -999.25       106.25       813.99
  814.25         19.07         0.84         0.60         0.67         0.57      -999.25      -999.25        78.57      -999.25      -999.25       106.25       814.24
  814.50         18.79         0.84         0.61         0.67         0.59      -999.25      -999.25        79.62      -999.25      -999.25       106.25       814.49
  814.75         18.73         0.83         0.62         0.68         0.60      -999.25      -999.25        82.13      -999.25      -999.25       106.25       814.74
  815.00         18.95         0.84         0.62         0.69         0.61      -999.25      -999.25        79.97      -999.25      -999.25       105.01       814.99
  815.25         23.26         0.84         0.63         0.68         0.60      -999.25      -999.25        78.21      -999.25      -999.25       103.89       815.24
  815.50         22.78         0.84         0.61         0.67         0.58      -999.25      -999.25        81.18      -999.25      -999.25       102.76       815.49
  815.75         22.30         0.84         0.61         0.67         0.58      -999.25      -999.25        80.92      -999.25      -999.25       102.76       815.74
  816.00         22.15         0.84         0.63         0.66         0.62      -999.25      -999.25        82.36      -999.25      -999.25       104.00       815.99
  816.25         23.77         0.85         0.65         0.70         0.64      -999.25      -999.25        87.21      -999.25      -999.25       106.03       816.24
  816.50         26.97         0.85         0.65         0.72         0.64      -999.25      -999.25        85.55      -999.25      -999.25       102.99       816.49
  816.75         30.35         0.85         0.65         0.72         0.63      -999.25      -999.25        81.99      -999.25      -999.25       105.91       816.74
  817.00         30.13         0.86         0.63         0.70         0.59      -999.25      -999.25        81.66      -999.25      -999.25       103.32       816.99
  817.25         29.90         0.85         0.62         0.65         0.58      -999.25      -999.25        85.94      -999.25      -999.25       104.11       817.24
  817.50         27.22         0.85         0.62         0.66         0.60      -999.25      -999.25        88.42      -999.25      -999.25       106.14       817.49
  817.75         23.33         0.86         0.66         0.72         0.65      -999.25      -999.25        85.54      -999.25      -999.25       106.25       817.74
  818.00         20.44         0.86         0.63         0.70         0.60      -999.25      -999.25        86.96      -999.25      -999.25       106.25       817.99
  818.25         19.62         0.86         0.63         0.67         0.61      -999.25      -999.25        85.44      -999.25      -999.25       106.14       818.24
  818.50         18.79         0.86         0.63         0.68         0.62      -999.25      -999.25        85.85      -999.25      -999.25       106.25       818.49
  818.75         16.28         0.86         0.64         0.70         0.62      -999.25      -999.25        84.07      -999.25      -999.25       106.25       818.74
  819.00         16.55         0.86         0.63         0.68         0.59      -999.25      -999.25        83.96      -999.25      -999.25       106.25       818.99
  819.25         17.72         0.85         0.63         0.68         0.60      -999.25      -999.25        85.14      -999.25      -999.25       106.25       819.24
  819.50         20.39         0.85         0.64         0.69         0.64      -999.25      -999.25        90.97      -999.25      -999.25       106.25       819.49
  819.75         20.85         0.85         0.64         0.69         0.65      -999.25      -999.25        89.45      -999.25      -999.25       106.25       819.74
  820.00         21.31         0.85         0.64         0.69         0.65      -999.25      -999.25        80.64      -999.25      -999.25       106.25       819.99
  820.25         25.64         0.85         0.64         0.69         0.65      -999.25      -999.25        79.31      -999.25      -999.25       106.25       820.24
  820.50         28.84         0.85         0.64         0.68         0.65      -999.25      -999.25        80.92      -999.25      -999.25       106.25       820.49
  820.75         20.83         0.85         0.64         0.69         0.65      -999.25      -999.25        83.10      -999.25      -999.25       106.25       820.74
  821.00         18.11         0.85         0.63         0.68         0.60      -999.25      -999.25        85.19      -999.25      -999.25       106.25       820.99
  821.25         15.39         0.85         0.62         0.67         0.61      -999.25      -999.25        86.70      -999.25      -999.25       106.25       821.24
  821.50         12.08         0.85         0.63         0.69         0.60      -999.25      -999.25        87.58      -999.25      -999.25       106.25       821.49
  821.75         14.81         0.85         0.67         0.73         0.66      -999.25      -999.25        88.68      -999.25      -999.25       106.25       821.74
  822.00         18.22         0.85         0.63         0.66         0.60      -999.25      -999.25        86.53      -999.25      -999.25       106.25       821.99
  822.25         21.18         0.84         0.62         0.69         0.60      -999.25      -999.25        83.78      -999.25      -999.25       106.25       822.24
  822.50         21.00         0.84         0.61         0.67         0.58      -999.25      -999.25        83.71      -999.25      -999.25       106.25       822.49
  822.75         20.82         0.84         0.61         0.66         0.59      -999.25      -999.25        85.45      -999.25      -999.25       106.25       822.74
  823.00         21.66         0.84         0.63         0.68         0.62      -999.25      -999.25        84.09      -999.25      -999.25       106.25       822.99
  823.25         20.23         0.84         0.63         0.69         0.62      -999.25      -999.25        85.05      -999.25      -999.25       106.25       823.24
  823.50         21.72         0.84         0.63         0.68         0.62      -999.25      -999.25        83.06      -999.25      -999.25       106.25       823.49
  823.75         18.05         0.84         0.63         0.69         0.61      -999.25      -999.25        84.11      -999.25      -999.25       106.25       823.74
  824.00         16.65         0.85         0.64         0.69         0.62      -999.25      -999.25        83.97      -999.25      -999.25       106.25       823.99
  824.25         15.26         0.85         0.63         0.69         0.63      -999.25      -999.25        84.62      -999.25      -999.25       106.25       824.24
  824.50         14.05         0.84         0.63         0.68         0.61      -999.25      -999.25        86.65      -999.25      -999.25       106.25       824.49
  824.75         13.66         0.84         0.63         0.67         0.62      -999.25      -999.25        85.82      -999.25      -999.25       106.25       824.74
  825.00         13.47         0.84         0.62         0.67         0.61      -999.25      -999.25        86.35      -999.25      -999.25       106.25       824.99
  825.25         14.19         0.83         0.62         0.67         0.64      -999.25      -999.25        84.02      -999.25      -999.25       106.25       825.24
  825.50         14.91         0.82         0.63         0.69         0.65      -999.25      -999.25        88.45      -999.25      -999.25       106.25       825.49
  825.75         15.53         0.82         0.62         0.69         0.65      -999.25      -999.25        86.75      -999.25      -999.25       106.25       825.74
  826.00         16.61         0.81         0.61         0.66         0.59      -999.25      -999.25        90.92      -999.25      -999.25       106.25       825.99
  826.25         15.73         0.80         0.59         0.64         0.60      -999.25      -999.25        91.68      -999.25      -999.25       106.25       826.24
  826.50         17.41         0.81         0.60         0.65         0.60      -999.25      -999.25        84.49      -999.25      -999.25       106.25       826.49
  826.75         18.39         0.81         0.60         0.66         0.58      -999.25      -999.25        82.20      -999.25      -999.25       106.25       826.74
  827.00         19.37         0.81         0.60         0.65         0.58      -999.25      -999.25        81.98      -999.25      -999.25       106.25       826.99
  827.25         20.58         0.81         0.60         0.64         0.58      -999.25      -999.25        81.79      -999.25      -999.25       106.25       827.24
  827.50         19.02         0.81         0.59         0.64         0.58      -999.25      -999.25        81.99      -999.25      -999.25       106.25       827.49
  827.75         16.77         0.81         0.59         0.64         0.56      -999.25      -999.25        82.73      -999.25      -999.25       106.25       827.74
  828.00         16.73         0.81         0.59         0.65         0.56      -999.25      -999.25        83.01      -999.25      -999.25       106.25       827.99
  828.25         16.70         0.80         0.59         0.64         0.56      -999.25      -999.25        84.72      -999.25      -999.25       106.25       828.24
  828.50         17.33         0.80         0.58         0.63         0.55      -999.25      -999.25        81.26      -999.25      -999.25       106.25       828.49
  828.75         17.89         0.80         0.58         0.63         0.56      -999.25      -999.25        82.70      -999.25      -999.25       106.25       828.74
  829.00         17.31         0.80         0.57         0.62         0.55      -999.25      -999.25        84.63      -999.25      -999.25       106.25       828.99
  829.25         16.59         0.81         0.61         0.64         0.58      -999.25      -999.25        83.74      -999.25      -999.25       106.25       829.24
  829.50         17.15         0.81         0.61         0.69         0.56      -999.25      -999.25        82.07      -999.25      -999.25       106.25       829.49
  829.75         17.71         0.81         0.59         0.64         0.56      -999.25      -999.25        81.88      -999.25      -999.25       106.25       829.74
  830.00         20.77         0.80         0.59         0.63         0.57      -999.25      -999.25        83.71      -999.25      -999.25       106.25       829.99
  830.25         24.27         0.80         0.59         0.64         0.58      -999.25      -999.25        80.75      -999.25      -999.25       106.25       830.24
  830.50         23.07         0.80         0.58         0.70         0.56      -999.25      -999.25        80.66      -999.25      -999.25       106.25       830.49
  830.75         23.04         0.80         0.59         0.64         0.58      -999.25      -999.25        79.33      -999.25      -999.25       106.25       830.74
  831.00         23.01         0.80         0.59         0.64         0.57      -999.25      -999.25        77.38      -999.25      -999.25       106.25       830.99
  831.25         21.39         0.80         0.59         0.64         0.57      -999.25      -999.25        84.87      -999.25      -999.25       106.25       831.24
  831.50         19.25         0.80         0.59         0.64         0.57      -999.25      -999.25        80.19      -999.25      -999.25       106.25       831.49
  831.75         19.80         0.80         0.59         0.64         0.58      -999.25      -999.25        80.38      -999.25      -999.25       106.25       831.74
  832.00         21.32         0.80         0.59         0.64         0.58      -999.25      -999.25        80.58      -999.25      -999.25       106.25       831.99
  832.25         22.59         0.78         0.58         0.63         0.56      -999.25      -999.25        80.55      -999.25      -999.25       106.25       832.24
  832.50         23.86         0.76         0.57         0.62         0.54      -999.25      -999.25        79.96      -999.25      -999.25       106.25       832.49
  832.75         23.57         0.75         0.56         0.62         0.53      -999.25      -999.25        78.32      -999.25      -999.25       106.25       832.74
  833.00         20.86         0.74         0.55         0.61         0.51      -999.25      -999.25        79.72      -999.25      -999.25       106.25       832.99
  833.25         16.75         0.71         0.53         0.59         0.51      -999.25      -999.25        80.16      -999.25      -999.25       106.25       833.24
  833.50         17.12         0.70         0.52         0.58         0.50      -999.25      -999.25        78.40      -999.25      -999.25       106.25       833.49
  833.75         17.49         0.73         0.55         0.60         0.53      -999.25      -999.25        78.27      -999.25      -999.25       106.25       833.74
  834.00         18.81         0.76         0.56         0.63         0.51      -999.25      -999.25        80.06      -999.25      -999.25       106.25       833.99
  834.25         20.68         0.77         0.56         0.62         0.49      -999.25      -999.25        79.76      -999.25      -999.25       106.25       834.24
  834.50         24.55         0.77         0.56         0.61         0.50      -999.25      -999.25        80.96      -999.25      -999.25       106.25       834.49
  834.75         25.48         0.77         0.57         0.63         0.55      -999.25      -999.25        80.41      -999.25      -999.25       106.25       834.74
  835.00         25.70         0.78         0.58         0.63         0.56      -999.25      -999.25        80.96      -999.25      -999.25       106.25       834.99
  835.25         25.93         0.78         0.59         0.64         0.56      -999.25      -999.25        81.91      -999.25      -999.25       106.25       835.24
  835.50         24.81         0.79         0.60         0.65         0.58      -999.25      -999.25        82.77      -999.25      -999.25       106.25       835.49
  835.75         25.23         0.80         0.61         0.66         0.59      -999.25      -999.25        81.47      -999.25      -999.25       106.25       835.74
  836.00         19.52         0.81         0.61         0.67         0.59      -999.25      -999.25        83.80      -999.25      -999.25       106.25       835.99
  836.25         20.17         0.82         0.61         0.67         0.59      -999.25      -999.25        81.85      -999.25      -999.25       106.25       836.24
  836.50         21.99         0.85         0.62         0.67         0.57      -999.25      -999.25        83.59      -999.25      -999.25       106.25       836.49
  836.75         23.81         0.85         0.62         0.68         0.57      -999.25      -999.25        85.27      -999.25      -999.25       106.25       836.74
  837.00         25.75         0.86         0.62         0.68         0.57      -999.25      -999.25        89.41      -999.25      -999.25       106.25       836.99
  837.25         26.26         0.85         0.61         0.68         0.58      -999.25      -999.25        95.89      -999.25      -999.25       106.25       837.24
  837.50         27.01         0.85         0.62         0.68         0.59      -999.25      -999.25        87.29      -999.25      -999.25       106.25       837.49
  837.75         25.22         0.84         0.61         0.66         0.59      -999.25      -999.25        88.38      -999.25      -999.25       106.25       837.74
  838.00         23.43         0.84         0.61         0.67         0.60      -999.25      -999.25        87.35      -999.25      -999.25       106.25       837.99
  838.25         18.33         0.84         0.61         0.66         0.57      -999.25      -999.25        91.44      -999.25      -999.25       106.25       838.24
  838.50         16.33         0.99         0.79         0.89         0.91      -999.25      -999.25        95.09      -999.25      -999.25       106.25       838.49
  838.75         20.19         0.99         0.79         0.79         0.77      -999.25      -999.25        90.87      -999.25      -999.25       106.25       838.74
  839.00         21.88         0.89         0.63         0.70         0.59      -999.25      -999.25        88.77      -999.25      -999.25       106.25       838.99
  839.25         21.53         0.87         0.65         0.71         0.64      -999.25      -999.25        85.89      -999.25      -999.25       106.25       839.24
  839.50         21.18         0.87         0.64         0.71         0.62      -999.25      -999.25        82.14      -999.25      -999.25       106.25       839.49
  839.75         20.63         0.87         0.64         0.69         0.62      -999.25      -999.25        83.14      -999.25      -999.25       106.25       839.74
  840.00         19.71         0.87         0.64         0.69         0.63      -999.25      -999.25        79.69      -999.25      -999.25       106.25       839.99
  840.25         18.20         0.88         0.63         0.69         0.60      -999.25      -999.25        82.87      -999.25      -999.25       106.25       840.24
  840.50         17.12         0.92         0.65         0.70         0.59      -999.25      -999.25        83.07      -999.25      -999.25       106.25       840.49
  840.75         16.05         0.92         0.67         0.70         0.65      -999.25      -999.25        81.25      -999.25      -999.25       106.25       840.74
  841.00         15.90         0.94         0.69         0.73         0.68      -999.25      -999.25        80.67      -999.25      -999.25       106.25       840.99
  841.25         16.98         0.96         0.76         0.79         0.83      -999.25      -999.25        79.73      -999.25      -999.25       106.25       841.24
  841.50         17.44         0.97         0.79         0.81         0.91      -999.25      -999.25        81.59      -999.25      -999.25       106.25       841.49
  841.75         17.73         0.98         0.78         0.81         0.88      -999.25      -999.25        85.43      -999.25      -999.25       106.25       841.74
  842.00         17.93         0.99         0.76         0.81         0.80      -999.25      -999.25        89.14      -999.25      -999.25       106.25       841.99
  842.25         18.13         1.00         0.75         0.79         0.76      -999.25      -999.25        88.99      -999.25      -999.25       106.25       842.24
  842.50         19.27         1.01         0.71         0.75         0.70      -999.25      -999.25        88.30      -999.25      -999.25       106.25       842.49
  842.75         19.84         1.04         0.79         0.82         0.86      -999.25      -999.25        89.46      -999.25      -999.25       106.25       842.74
  843.00         22.89         1.06         0.79         0.84         0.83      -999.25      -999.25        88.88      -999.25      -999.25       106.25       842.99
  843.25         25.95         1.06         0.80         0.84         0.83      -999.25      -999.25        88.84      -999.25      -999.25       106.25       843.24
  843.50         29.00         1.07         0.81         0.85         0.83      -999.25      -999.25        93.00      -999.25      -999.25       106.25       843.49
  843.75         31.02         1.06         0.80         0.84         0.86      -999.25      -999.25        91.05      -999.25      -999.25       106.25       843.74
  844.00        129.07         1.07         0.77         0.82         0.79      -999.25      -999.25        89.14      -999.25      -999.25       106.25       843.99
  844.25        183.15         1.08         0.77         0.83         0.76      -999.25      -999.25        87.55      -999.25      -999.25       106.25       844.24
  844.50         99.65         1.11         0.82         0.85         0.85      -999.25      -999.25        82.83      -999.25      -999.25       106.25       844.49
  844.75        105.15         1.13         0.87         0.93         0.94      -999.25      -999.25        85.10      -999.25      -999.25       106.25       844.74
  845.00        110.65         1.14         0.84         0.87         0.88      -999.25      -999.25        92.76      -999.25      -999.25       106.25       844.99
  845.25         86.49         1.12         0.85         0.88         0.90      -999.25      -999.25        94.52      -999.25      -999.25       106.25       845.24
  845.50         64.52         1.10         0.84         0.91         0.89      -999.25      -999.25        98.53      -999.25      -999.25       106.25       845.49
  845.75         56.46         1.05         0.75         0.79         0.76      -999.25      -999.25        97.73      -999.25      -999.25       106.25       845.74
  846.00         54.82         1.02         0.73         0.78         0.73      -999.25      -999.25        94.20      -999.25      -999.25       106.25       845.99
  846.25         53.85         0.99         0.71         0.78         0.72      -999.25      -999.25        94.25      -999.25      -999.25       106.25       846.24
  846.50         52.88         0.98         0.70         0.77         0.73      -999.25      -999.25        94.02      -999.25      -999.25       106.25       846.49
  846.75         61.93         0.96         0.69         0.74         0.68      -999.25      -999.25        90.75      -999.25      -999.25       106.25       846.74
  847.00         62.46         0.95         0.69         0.73         0.70      -999.25      -999.25        92.53      -999.25      -999.25       106.25       846.99
  847.25         60.25         0.94         0.69         0.72         0.70      -999.25      -999.25        93.22      -999.25      -999.25       106.25       847.24
  847.50         60.60         0.92         0.68         0.72         0.70      -999.25      -999.25        96.35      -999.25      -999.25       106.25       847.49
  847.75         60.94         0.90         0.68         0.73         0.68      -999.25      -999.25        95.01      -999.25      -999.25       106.25       847.74
  848.00         62.39         0.89         0.69         0.73         0.70      -999.25      -999.25        99.85      -999.25      -999.25       106.25       847.99
  848.25         71.21         0.65         0.50         0.54         0.49      -999.25      -999.25        96.20      -999.25      -999.25       106.25       848.24
  848.50         77.15         0.64         0.51         0.57         0.49      -999.25      -999.25        94.26      -999.25      -999.25       106.25       848.49
  848.75         75.02         0.63         0.49         0.54         0.49      -999.25      -999.25        67.00      -999.25      -999.25       106.25       848.74
  849.00         74.37         0.63         0.48         0.52         0.47      -999.25      -999.25        56.98      -999.25      -999.25       106.25       848.99
  849.25         73.73         0.62         0.48         0.52         0.49      -999.25      -999.25        53.41      -999.25      -999.25       106.25       849.24
  849.50         73.67         0.62         0.48         0.52         0.49      -999.25      -999.25        57.08      -999.25      -999.25       106.25       849.49
  849.75         80.29         0.63         0.48         0.52         0.48      -999.25      -999.25        60.52      -999.25      -999.25       106.25       849.74
  850.00         62.65         0.64         0.49         0.54         0.50      -999.25      -999.25        69.74      -999.25      -999.25       106.25       849.99
  850.25         53.78         0.66         0.50         0.56         0.46      -999.25      -999.25        68.17      -999.25      -999.25       106.25       850.24
  850.50         44.92         0.66         0.50         0.55         0.46      -999.25      -999.25        63.38      -999.25      -999.25       106.25       850.49
  850.75         22.73         0.66         0.50         0.53         0.49      -999.25      -999.25        49.38      -999.25      -999.25       106.25       850.74
  851.00         14.10         0.66         0.49         0.54         0.48      -999.25      -999.25        46.85      -999.25      -999.25       106.25       850.99
  851.25         14.67         0.65         0.50         0.55         0.49      -999.25      -999.25        44.65      -999.25      -999.25       106.25       851.24
  851.50         18.37         0.65         0.51         0.56         0.54      -999.25      -999.25        47.63      -999.25      -999.25       106.25       851.49
  851.75         20.91         0.64         0.50         0.55         0.54      -999.25      -999.25        44.10      -999.25      -999.25       106.25       851.74
  852.00         23.44         0.64         0.50         0.54         0.52      -999.25      -999.25        43.83      -999.25      -999.25       106.25       851.99
  852.25         25.45         0.64         0.51         0.55         0.55      -999.25      -999.25        47.03      -999.25      -999.25       106.25       852.24
  852.50         26.54         0.64         0.52         0.56         0.57      -999.25      -999.25        46.29      -999.25      -999.25       106.25       852.49
  852.75         26.15         0.64         0.52         0.56         0.56      -999.25      -999.25        45.16      -999.25      -999.25       106.25       852.74
  853.00         24.56         0.65         0.50         0.55         0.51      -999.25      -999.25        41.73      -999.25      -999.25       106.25       852.99
  853.25         22.97         0.65         0.50         0.54         0.50      -999.25      -999.25        44.89      -999.25      -999.25       106.25       853.24
  853.50         20.91         0.66         0.52         0.56         0.54      -999.25      -999.25        47.08      -999.25      -999.25       106.25       853.49
  853.75         21.37         0.66         0.51         0.56         0.51      -999.25      -999.25        45.32      -999.25      -999.25       106.25       853.74
  854.00         21.90         0.66         0.52         0.56         0.52      -999.25      -999.25        45.73      -999.25      -999.25       106.25       853.99
  854.25         21.27         0.67         0.52         0.57         0.54      -999.25      -999.25        46.14      -999.25      -999.25       106.25       854.24
  854.50         21.57         0.67         0.53         0.57         0.54      -999.25      -999.25        43.98      -999.25      -999.25       106.25       854.49
  854.75         21.88         0.68         0.53         0.57         0.54      -999.25      -999.25        47.16      -999.25      -999.25       106.25       854.74
  855.00         20.49         0.69         0.53         0.57         0.53      -999.25      -999.25        45.86      -999.25      -999.25       106.25       854.99
  855.25         19.09         0.70         0.54         0.59         0.53      -999.25      -999.25        50.01      -999.25      -999.25       106.25       855.24
  855.50         17.70         0.70         0.57         0.60         0.63      -999.25      -999.25        63.97      -999.25      -999.25       106.25       855.49
  855.75         16.30         0.70         0.54         0.59         0.55      -999.25      -999.25        59.36      -999.25      -999.25       106.25       855.74
  856.00         14.91         0.69         0.53         0.59         0.55      -999.25      -999.25        62.06      -999.25      -999.25       106.25       855.99
  856.25         11.70         0.69         0.54         0.59         0.58      -999.25      -999.25        63.67      -999.25      -999.25       106.25       856.24
  856.50         11.03         0.71         0.56         0.61         0.58      -999.25      -999.25        63.89      -999.25      -999.25       106.36       856.49
  856.75         10.71         0.72         0.57         0.61         0.58      -999.25      -999.25        62.98      -999.25      -999.25       106.93       856.74
  857.00         16.83         0.73         0.53         0.59         0.51      -999.25      -999.25        58.88      -999.25      -999.25       106.93       856.99
  857.25         15.49         0.85         0.71         0.76         0.72      -999.25      -999.25        59.88      -999.25      -999.25       106.25       857.24
  857.50         14.15         0.86         0.66         0.71         0.70      -999.25      -999.25        79.41      -999.25      -999.25       108.39       857.49
  857.75         14.94         0.86         0.67         0.71         0.71      -999.25      -999.25        67.56      -999.25      -999.25       106.36       857.74
  858.00         18.30         0.84         0.66         0.69         0.71      -999.25      -999.25        51.79      -999.25      -999.25       106.25       857.99
  858.25         19.59         0.84         0.66         0.69         0.71      -999.25      -999.25        51.78      -999.25      -999.25       106.25       858.24
  858.50         20.88         0.82         0.64         0.69         0.68      -999.25      -999.25        54.93      -999.25      -999.25       109.18       858.49
  858.75         23.69         0.81         0.64         0.67         0.69      -999.25      -999.25        54.76      -999.25      -999.25       106.47       858.74
  859.00         26.49         0.80         0.64         0.67         0.69      -999.25      -999.25        60.49      -999.25      -999.25       106.70       858.99
  859.25         23.86         0.75         0.62         0.66         0.70      -999.25      -999.25        61.14      -999.25      -999.25       106.36       859.24
  859.50         17.73         0.75         0.62         0.65         0.69      -999.25      -999.25        58.44      -999.25      -999.25       109.40       859.49
  859.75         14.25         0.75         0.62         0.66         0.68      -999.25      -999.25        55.74      -999.25      -999.25       108.28       859.74
  860.00         15.25         0.75         0.61         0.65         0.66      -999.25      -999.25        54.09      -999.25      -999.25       109.51       859.99
  860.25         16.25         0.75         0.60         0.65         0.63      -999.25      -999.25        51.66      -999.25      -999.25       108.28       860.24
  860.50         15.73         0.74         0.60         0.65         0.62      -999.25      -999.25        51.44      -999.25      -999.25       107.82       860.49
  860.75         20.28         0.74         0.58         0.63         0.59      -999.25      -999.25        52.47      -999.25      -999.25       109.51       860.74
  861.00         21.41         0.73         0.57         0.61         0.58      -999.25      -999.25        54.66      -999.25      -999.25       109.63       860.99
  861.25         18.90         0.72         0.56         0.60         0.57      -999.25      -999.25        51.99      -999.25      -999.25       109.74       861.24
  861.50         19.01         0.71         0.54         0.59         0.54      -999.25      -999.25        51.67      -999.25      -999.25       107.94       861.49
  861.75         19.12         0.70         0.54         0.59         0.55      -999.25      -999.25        51.22      -999.25      -999.25       109.18       861.74
  862.00         18.69         0.70         0.54         0.58         0.56      -999.25      -999.25        47.74      -999.25      -999.25       109.63       861.99
  862.25         20.91         0.71         0.53         0.58         0.51      -999.25      -999.25        47.00      -999.25      -999.25       109.74       862.24
  862.50         20.22         0.71         0.53         0.58         0.51      -999.25      -999.25        48.51      -999.25      -999.25       109.51       862.49
  862.75         20.29         0.71         0.53         0.59         0.52      -999.25      -999.25        50.09      -999.25      -999.25       109.74       862.74
  863.00         20.35         0.71         0.54         0.60         0.53      -999.25      -999.25        51.67      -999.25      -999.25       109.74       862.99
  863.25         21.37         0.71         0.54         0.60         0.54      -999.25      -999.25        53.25      -999.25      -999.25       109.18       863.24
  863.50         23.01         0.71         0.55         0.61         0.55      -999.25      -999.25        54.83      -999.25      -999.25       109.74       863.49
  863.75         22.43         0.72         0.55         0.61         0.56      -999.25      -999.25        56.41      -999.25      -999.25       109.74       863.74
  864.00         21.70         0.76         0.56         0.66         0.60      -999.25      -999.25        58.00      -999.25      -999.25       109.63       863.99
  864.25         20.65         0.79         0.59         0.67         0.63      -999.25      -999.25        59.58      -999.25      -999.25       109.74       864.24
  864.50         19.61         0.79         0.60         0.63         0.54      -999.25      -999.25        65.48      -999.25      -999.25       109.74       864.49
  864.75         18.95         0.79         0.60         0.65         0.59      -999.25      -999.25        66.80      -999.25      -999.25       109.74       864.74
  865.00         22.59         0.78         0.59         0.65         0.58      -999.25      -999.25        70.82      -999.25      -999.25       109.74       864.99
  865.25         29.44         0.80         0.61         0.66         0.60      -999.25      -999.25        67.73      -999.25      -999.25       109.74       865.24
  865.50         30.78         0.79         0.61         0.65         0.59      -999.25      -999.25        73.31      -999.25      -999.25       109.74       865.49
  865.75         32.12         0.93         0.73         0.78         0.74      -999.25      -999.25        73.59      -999.25      -999.25       109.63       865.74
  866.00         42.73         0.94         0.73         0.79         0.73      -999.25      -999.25        74.23      -999.25      -999.25       109.65       865.99
  866.25         55.07         0.95         0.74         0.79         0.74      -999.25      -999.25        87.03      -999.25      -999.25       109.67       866.24
  866.50         97.06         0.99         0.78         0.81         0.84      -999.25      -999.25        94.31      -999.25      -999.25       109.69       866.49
  866.75        181.24         1.01         0.80         0.83         0.86      -999.25      -999.25        98.81      -999.25      -999.25       109.72       866.74
  867.00        173.67         1.06         0.81         0.86         0.82      -999.25      -999.25        95.62      -999.25      -999.25       109.74       866.99
  867.25        166.09         1.07         0.81         0.86         0.80      -999.25      -999.25        96.36      -999.25      -999.25       109.74       867.24
  867.50        108.98         1.08         0.85         0.90         0.90      -999.25      -999.25        95.18      -999.25      -999.25       109.74       867.49
  867.75         51.54         1.06         0.84         0.89         0.90      -999.25      -999.25        94.10      -999.25      -999.25       109.74       867.74
  868.00          8.31         1.05         0.83         0.88         0.88      -999.25      -999.25        87.94      -999.25      -999.25       109.74       867.99
  868.25          9.40         1.03         0.81         0.85         0.88      -999.25      -999.25        82.47      -999.25      -999.25       109.74       868.24
  868.50         10.48         1.01         0.75         0.80         0.78      -999.25      -999.25        75.46      -999.25      -999.25       109.74       868.49
  868.75         14.81         1.00         0.72         0.79         0.71      -999.25      -999.25        74.09      -999.25      -999.25       109.74       868.74
  869.00         13.83         0.98         0.70         0.77         0.68      -999.25      -999.25        76.40      -999.25      -999.25       109.74       868.99
  869.25         14.61         0.98         0.71         0.77         0.69      -999.25      -999.25        78.52      -999.25      -999.25       109.74       869.24
  869.50         17.55         0.98         0.72         0.78         0.73      -999.25      -999.25        77.59      -999.25      -999.25       109.74       869.49
  869.75         17.68         1.00         0.78         0.82         0.85      -999.25      -999.25        82.16      -999.25      -999.25       109.74       869.74
  870.00         17.82         1.02         0.76         0.83         0.74      -999.25      -999.25        80.96      -999.25      -999.25       109.74       869.99
  870.25         19.97         1.05         0.79         0.86         0.77      -999.25      -999.25        80.46      -999.25      -999.25       109.74       870.24
  870.50         23.94         1.08         0.86         0.93         0.88      -999.25      -999.25        82.11      -999.25      -999.25       109.74       870.49
  870.75         25.70         1.00         0.83         0.89         0.91      -999.25      -999.25        88.13      -999.25      -999.25       109.74       870.74
  871.00         30.76         0.98         0.82         0.87         0.91      -999.25      -999.25        90.68      -999.25      -999.25       109.74       870.99
  871.25         29.01         0.88         0.69         0.75         0.76      -999.25      -999.25        75.19      -999.25      -999.25       109.74       871.24
  871.50         27.26         0.82         0.60         0.67         0.59      -999.25      -999.25        62.39      -999.25      -999.25       109.74       871.49
  871.75         27.05         0.77         0.55         0.60         0.56      -999.25      -999.25        60.65      -999.25      -999.25       109.74       871.74
  872.00         34.20         0.76         0.53         0.60         0.49      -999.25      -999.25        57.12      -999.25      -999.25       109.74       871.99
  872.25         45.32         0.74         0.57         0.60         0.61      -999.25      -999.25        60.09      -999.25      -999.25       109.74       872.24
  872.50         41.17         0.76         0.59         0.63         0.65      -999.25      -999.25        64.90      -999.25      -999.25       106.47       872.49
  872.75         37.03         0.79         0.62         0.65         0.67      -999.25      -999.25        64.57      -999.25      -999.25       107.99       872.74
  873.00         44.07         0.80         0.66         0.68         0.77      -999.25      -999.25        69.56      -999.25      -999.25       109.51       872.99
  873.25         48.48         0.82         0.66         0.69         0.71      -999.25      -999.25        67.23      -999.25      -999.25       108.27       873.24
  873.50         46.91         0.81         0.63         0.67         0.63      -999.25      -999.25        63.37      -999.25      -999.25       107.04       873.49
  873.75         44.41         0.81         0.61         0.67         0.58      -999.25      -999.25        56.90      -999.25      -999.25       109.63       873.74
  874.00         36.70         0.80         0.60         0.67         0.57      -999.25      -999.25        53.86      -999.25      -999.25       109.74       873.99
  874.25         28.98         0.79         0.62         0.66         0.61      -999.25      -999.25        57.23      -999.25      -999.25       109.74       874.24
  874.50         33.94         0.77         0.62         0.66         0.67      -999.25      -999.25        58.21      -999.25      -999.25       109.74       874.49
  874.75         42.65         0.75         0.57         0.63         0.57      -999.25      -999.25        56.06      -999.25      -999.25       109.74       874.74
  875.00         48.33         0.73         0.55         0.60         0.55      -999.25      -999.25        49.19      -999.25      -999.25       109.63       874.99
  875.25         45.67         0.74         0.52         0.59         0.51      -999.25      -999.25        42.87      -999.25      -999.25       109.51       875.24
  875.50         43.00         0.78         0.53         0.60         0.48      -999.25      -999.25        52.06      -999.25      -999.25       109.74       875.49
  875.75         34.63         0.81         0.58         0.65         0.51      -999.25      -999.25        66.65      -999.25      -999.25       109.74       875.74
  876.00         28.11         0.84         0.66         0.67         0.67      -999.25      -999.25        94.17      -999.25      -999.25       109.74       875.99
  876.25         27.11         0.89         0.75         0.76         0.87      -999.25      -999.25        99.14      -999.25      -999.25       109.74       876.24
  876.50         29.93         0.92         0.78         0.79         0.86      -999.25      -999.25       104.45      -999.25      -999.25       109.74       876.49
  876.75         30.55         0.91         0.77         0.79         0.84      -999.25      -999.25       101.23      -999.25      -999.25       109.74       876.74
  877.00         31.18         0.84         0.64         0.68         0.68      -999.25      -999.25        86.39      -999.25      -999.25       109.74       876.99
  877.25         36.78         0.76         0.55         0.59         0.54      -999.25      -999.25        61.38      -999.25      -999.25       109.74       877.24
  877.50         37.05         0.72         0.60         0.61         0.68      -999.25      -999.25        56.32      -999.25      -999.25       109.74       877.49
  877.75         27.65         0.68         0.53         0.57         0.54      -999.25      -999.25        57.86      -999.25      -999.25       109.74       877.74
  878.00         30.46         0.66         0.51         0.56         0.48      -999.25      -999.25        53.84      -999.25      -999.25       109.74       877.99
  878.25         33.28         0.66         0.50         0.55         0.48      -999.25      -999.25        54.65      -999.25      -999.25       109.74       878.24
  878.50         48.63         0.65         0.50         0.55         0.50      -999.25      -999.25        51.55      -999.25      -999.25       109.74       878.49
  878.75         50.90         0.65         0.52         0.55         0.55      -999.25      -999.25        52.01      -999.25      -999.25       109.74       878.74
  879.00         49.89         0.66         0.51         0.56         0.53      -999.25      -999.25        44.92      -999.25      -999.25       109.74       878.99
  879.25         47.09         0.67         0.52         0.57         0.51      -999.25      -999.25        44.72      -999.25      -999.25       109.74       879.24
  879.50         45.93         0.67         0.54         0.58         0.56      -999.25      -999.25        50.20      -999.25      -999.25       109.74       879.49
  879.75         44.77         0.69         0.56         0.61         0.59      -999.25      -999.25        55.96      -999.25      -999.25       109.74       879.74
  880.00         39.01         0.69         0.58         0.61         0.68      -999.25      -999.25        50.91      -999.25      -999.25       109.74       879.99
  880.25         38.82         0.69         0.56         0.61         0.60      -999.25      -999.25        44.13      -999.25      -999.25       109.74       880.24
  880.50         34.68         0.68         0.54         0.59         0.59      -999.25      -999.25        44.97      -999.25      -999.25       109.74       880.49
  880.75         33.25         0.66         0.52         0.57         0.54      -999.25      -999.25        49.13      -999.25      -999.25       109.74       880.74
  881.00         34.29         0.65         0.51         0.56         0.52      -999.25      -999.25        50.09      -999.25      -999.25       109.74       880.99
  881.25         35.34         0.64         0.50         0.54         0.52      -999.25      -999.25        49.86      -999.25      -999.25       109.74       881.24
  881.50         45.26         0.63         0.49         0.54         0.51      -999.25      -999.25        53.19      -999.25      -999.25       109.74       881.49
  881.75         54.29         0.63         0.49         0.54         0.50      -999.25      -999.25        51.44      -999.25      -999.25       109.74       881.74
  882.00         63.86         0.63         0.49         0.53         0.50      -999.25      -999.25        50.71      -999.25      -999.25       109.74       881.99
  882.25         64.24         0.64         0.49         0.54         0.50      -999.25      -999.25        48.85      -999.25      -999.25       109.74       882.24
  882.50         64.61         0.64         0.52         0.55         0.53      -999.25      -999.25        41.67      -999.25      -999.25       109.74       882.49
  882.75         54.19         0.65         0.52         0.56         0.55      -999.25      -999.25        39.56      -999.25      -999.25       109.74       882.74
  883.00         51.51         0.66         0.52         0.56         0.54      -999.25      -999.25        40.87      -999.25      -999.25       109.74       882.99
  883.25         42.83         0.67         0.52         0.57         0.51      -999.25      -999.25        42.63      -999.25      -999.25       109.74       883.24
  883.50         30.61         0.68         0.52         0.57         0.51      -999.25      -999.25        40.97      -999.25      -999.25       109.74       883.49
  883.75         25.33         0.69         0.53         0.58         0.52      -999.25      -999.25        42.70      -999.25      -999.25       109.74       883.74
  884.00         20.05         0.70         0.56         0.60         0.61      -999.25      -999.25        41.87      -999.25      -999.25       109.74       883.99
  884.25         16.45         0.70         0.56         0.61         0.61      -999.25      -999.25        44.55      -999.25      -999.25       109.74       884.24
  884.50         20.55         0.72         0.58         0.62         0.62      -999.25      -999.25        41.19      -999.25      -999.25       109.74       884.49
  884.75         28.00         0.71         0.58         0.62         0.65      -999.25      -999.25        40.95      -999.25      -999.25       109.74       884.74
  885.00         32.06         0.71         0.57         0.61         0.61      -999.25      -999.25        44.39      -999.25      -999.25       109.74       884.99
  885.25         36.13         0.71         0.56         0.61         0.59      -999.25      -999.25        44.27      -999.25      -999.25       109.74       885.24
  885.50         34.80         0.70         0.56         0.60         0.61      -999.25      -999.25        44.02      -999.25      -999.25       109.74       885.49
  885.75         37.78         0.69         0.55         0.59         0.61      -999.25      -999.25        44.06      -999.25      -999.25       109.74       885.74
  886.00         43.48         0.69         0.54         0.58         0.58      -999.25      -999.25        40.21      -999.25      -999.25       109.74       885.99
  886.25         41.59         0.69         0.54         0.58         0.56      -999.25      -999.25        41.58      -999.25      -999.25       109.74       886.24
  886.50         38.90         0.69         0.53         0.57         0.55      -999.25      -999.25        44.02      -999.25      -999.25       109.74       886.49
  886.75         36.20         0.69         0.53         0.57         0.53      -999.25      -999.25        43.07      -999.25      -999.25       109.74       886.74
  887.00         27.83         0.70         0.53         0.59         0.52      -999.25      -999.25        42.22      -999.25      -999.25       109.74       886.99
  887.25         28.39         0.73         0.54         0.60         0.50      -999.25      -999.25        39.51      -999.25      -999.25       109.74       887.24
  887.50         34.76         0.75         0.59         0.63         0.63      -999.25      -999.25        40.30      -999.25      -999.25       109.74       887.49
  887.75         37.74         0.77         0.61         0.65         0.62      -999.25      -999.25        35.75      -999.25      -999.25       109.74       887.74
  888.00         40.72         0.78         0.61         0.66         0.63      -999.25      -999.25        40.72      -999.25      -999.25       109.74       887.99
  888.25         43.51         0.78         0.63         0.66         0.67      -999.25      -999.25        39.19      -999.25      -999.25       109.74       888.24
  888.50         37.50         0.77         0.60         0.64         0.64      -999.25      -999.25        37.07      -999.25      -999.25       109.74       888.49
  888.75         29.37         0.75         0.57         0.62         0.57      -999.25      -999.25        35.07      -999.25      -999.25       109.74       888.74
  889.00         26.40         0.74         0.56         0.60         0.61      -999.25      -999.25        32.70      -999.25      -999.25       109.74       888.99
  889.25         29.52         0.73         0.56         0.61         0.60      -999.25      -999.25        34.74      -999.25      -999.25       109.74       889.24
  889.50         32.63         0.74         0.57         0.61         0.61      -999.25      -999.25        32.78      -999.25      -999.25       109.74       889.49
  889.75         33.53         0.74         0.60         0.62         0.68      -999.25      -999.25        33.73      -999.25      -999.25       109.74       889.74
  890.00         30.99         0.75         0.59         0.62         0.62      -999.25      -999.25        35.91      -999.25      -999.25       109.74       889.99
  890.25         31.19         0.75         0.59         0.63         0.59      -999.25      -999.25        36.08      -999.25      -999.25       109.74       890.24
  890.50         30.27         0.75         0.59         0.63         0.59      -999.25      -999.25        37.56      -999.25      -999.25       109.74       890.49
  890.75         29.35         0.74         0.59         0.62         0.60      -999.25      -999.25        37.87      -999.25      -999.25       109.74       890.74
  891.00         27.70         0.72         0.55         0.61         0.54      -999.25      -999.25        40.55      -999.25      -999.25       109.74       890.99
  891.25         28.88         0.69         0.54         0.58         0.55      -999.25      -999.25        39.64      -999.25      -999.25       109.74       891.24
  891.50         32.15         0.69         0.54         0.59         0.57      -999.25      -999.25        39.54      -999.25      -999.25       109.74       891.49
  891.75         34.98         0.68         0.54         0.58         0.58      -999.25      -999.25        39.36      -999.25      -999.25       109.74       891.74
  892.00         29.77         0.68         0.53         0.58         0.56      -999.25      -999.25        39.88      -999.25      -999.25       109.74       891.99
  892.25         24.57         0.67         0.52         0.57         0.55      -999.25      -999.25        38.84      -999.25      -999.25       109.74       892.24
  892.50         20.18         0.68         0.52         0.58         0.53      -999.25      -999.25        39.50      -999.25      -999.25       109.74       892.49
  892.75         15.51         0.68         0.52         0.58         0.53      -999.25      -999.25        38.59      -999.25      -999.25       109.74       892.74
  893.00         11.72         0.69         0.53         0.57         0.52      -999.25      -999.25        36.42      -999.25      -999.25       109.74       892.99
  893.25         24.20         0.69         0.52         0.58         0.51      -999.25      -999.25        34.91      -999.25      -999.25       109.74       893.24
  893.50         25.17         0.69         0.54         0.60         0.54      -999.25      -999.25        34.11      -999.25      -999.25       109.74       893.49
  893.75         26.15         0.68         0.53         0.58         0.52      -999.25      -999.25        34.34      -999.25      -999.25       109.74       893.74
  894.00         35.33         0.68         0.52         0.59         0.54      -999.25      -999.25        35.87      -999.25      -999.25       109.74       893.99
  894.25         56.47         0.68         0.52         0.60         0.55      -999.25      -999.25        35.93      -999.25      -999.25       109.74       894.24
  894.50         44.39         0.69         0.53         0.60         0.56      -999.25      -999.25        35.50      -999.25      -999.25       109.74       894.49
  894.75         43.80         0.69         0.53         0.59         0.55      -999.25      -999.25        36.86      -999.25      -999.25       109.74       894.74
  895.00         43.22         0.69         0.53         0.59         0.54      -999.25      -999.25        36.35      -999.25      -999.25       109.74       894.99
  895.25         45.24         0.69         0.54         0.60         0.56      -999.25      -999.25        36.20      -999.25      -999.25       109.74       895.24
  895.50         45.22         0.70         0.56         0.56         0.61      -999.25      -999.25        37.29      -999.25      -999.25       109.74       895.49
  895.75         48.06         0.70         0.55         0.58         0.62      -999.25      -999.25        39.21      -999.25      -999.25       109.74       895.74
  896.00         51.23         0.70         0.53         0.57         0.55      -999.25      -999.25        45.23      -999.25      -999.25       109.74       895.99
  896.25         50.95         0.70         0.53         0.58         0.56      -999.25      -999.25        46.35      -999.25      -999.25       109.74       896.24
  896.50         50.68         0.71         0.55         0.58         0.56      -999.25      -999.25        46.53      -999.25      -999.25       109.74       896.49
  896.75         47.47         0.72         0.59         0.64         0.57      -999.25      -999.25        46.68      -999.25      -999.25       109.74       896.74
  897.00         47.49         0.71         0.56         0.61         0.58      -999.25      -999.25        41.08      -999.25      -999.25       109.74       896.99
  897.25         42.52         0.71         0.55         0.60         0.57      -999.25      -999.25        38.73      -999.25      -999.25       109.74       897.24
  897.50         35.43         0.70         0.55         0.59         0.61      -999.25      -999.25        38.56      -999.25      -999.25       109.74       897.49
  897.75         28.34         0.70         0.55         0.60         0.59      -999.25      -999.25        39.05      -999.25      -999.25       109.70       897.74
  898.00         21.26         0.70         0.54         0.59         0.57      -999.25      -999.25        38.96      -999.25      -999.25       109.66       897.99
  898.25         14.17         0.70         0.53         0.58         0.55      -999.25      -999.25        41.88      -999.25      -999.25       109.63       898.24
  898.50          7.09         0.71         0.53         0.58         0.53      -999.25      -999.25        48.40      -999.25      -999.25       109.59       898.49
  898.75          0.00         0.72         0.55         0.59         0.57      -999.25      -999.25        50.89      -999.25      -999.25       109.55       898.74
  899.00          0.29         0.73         0.57         0.61         0.61      -999.25      -999.25        54.84      -999.25      -999.25       109.51       898.99
  899.25          0.57         0.73         0.58         0.62         0.60      -999.25      -999.25        56.74      -999.25      -999.25       107.82       899.24
  899.50          3.06         0.75         0.60         0.64         0.68      -999.25      -999.25        53.93      -999.25      -999.25       107.09       899.49
  899.75          6.93         0.74         0.60         0.63         0.68      -999.25      -999.25        48.27      -999.25      -999.25       106.36       899.74
  900.00         15.44         0.73         0.57         0.62         0.61      -999.25      -999.25        39.76      -999.25      -999.25       107.04       899.99
  900.25         24.40         0.71         0.55         0.60         0.61      -999.25      -999.25        37.74      -999.25      -999.25       106.64       900.24
  900.50         33.37         0.71         0.54         0.60         0.56      -999.25      -999.25        38.18      -999.25      -999.25       106.25       900.49
  900.75         41.05         0.70         0.54         0.60         0.54      -999.25      -999.25        33.43      -999.25      -999.25       106.36       900.74
  901.00         50.39         0.69         0.54         0.58         0.60      -999.25      -999.25        33.48      -999.25      -999.25       106.64       900.99
  901.25         47.33         0.69         0.53         0.58         0.55      -999.25      -999.25        34.51      -999.25      -999.25       106.93       901.24
  901.50         38.20         0.70         0.56         0.60         0.61      -999.25      -999.25        36.86      -999.25      -999.25       106.25       901.49
  901.75         31.96         0.71         0.59         0.61         0.66      -999.25      -999.25        37.70      -999.25      -999.25       106.25       901.74
  902.00         25.71         0.69         0.54         0.59         0.56      -999.25      -999.25        35.51      -999.25      -999.25       106.25       901.99
  902.25         37.03         0.68         0.52         0.57         0.54      -999.25      -999.25        34.42      -999.25      -999.25       106.42       902.24
  902.50         49.41         0.67         0.51         0.56         0.53      -999.25      -999.25        37.62      -999.25      -999.25       106.59       902.49
  902.75         27.51         0.67         0.52         0.57         0.55      -999.25      -999.25        35.65      -999.25      -999.25       107.99       902.74
  903.00         34.04         0.67         0.53         0.56         0.57      -999.25      -999.25        38.15      -999.25      -999.25       109.40       902.99
  903.25         40.92         0.67         0.53         0.57         0.56      -999.25      -999.25        38.87      -999.25      -999.25       109.46       903.24
  903.50         47.80         0.68         0.52         0.57         0.53      -999.25      -999.25        40.76      -999.25      -999.25       109.51       903.49
  903.75         57.62         0.68         0.55         0.59         0.59      -999.25      -999.25        40.74      -999.25      -999.25       108.16       903.74
  904.00         65.63         0.69         0.55         0.59         0.61      -999.25      -999.25        36.85      -999.25      -999.25       106.81       903.99
  904.25         65.27         0.73         0.56         0.59         0.58      -999.25      -999.25        32.73      -999.25      -999.25       108.16       904.24
  904.50         59.65         0.76         0.60         0.64         0.62      -999.25      -999.25        34.94      -999.25      -999.25       109.51       904.49
  904.75         54.03         0.77         0.61         0.63         0.66      -999.25      -999.25        35.54      -999.25      -999.25       109.74       904.74
  905.00         42.02         0.77         0.62         0.64         0.66      -999.25      -999.25        36.88      -999.25      -999.25       109.63       904.99
  905.25         43.84         0.78         0.63         0.66         0.68      -999.25      -999.25        39.33      -999.25      -999.25       109.63       905.24
  905.50         36.38         0.79         0.62         0.67         0.66      -999.25      -999.25        36.96      -999.25      -999.25       109.63       905.49
  905.75         35.95         0.79         0.60         0.65         0.62      -999.25      -999.25        35.27      -999.25      -999.25       108.39       905.74
  906.00         38.31         0.79         0.64         0.67         0.71      -999.25      -999.25        35.69      -999.25      -999.25       109.63       905.99
  906.25         40.68         0.77         0.62         0.64         0.69      -999.25      -999.25        37.38      -999.25      -999.25       109.68       906.24
  906.50         48.23         0.77         0.62         0.65         0.71      -999.25      -999.25        49.83      -999.25      -999.25       109.74       906.49
  906.75         47.14         0.77         0.63         0.66         0.70      -999.25      -999.25        69.67      -999.25      -999.25       109.63       906.74
  907.00         47.50         0.76         0.61         0.64         0.69      -999.25      -999.25        68.55      -999.25      -999.25       109.68       906.99
  907.25         46.79         0.76         0.53         0.60         0.47      -999.25      -999.25        65.45      -999.25      -999.25       109.74       907.24
  907.50         46.07         0.76         0.54         0.61         0.50      -999.25      -999.25        78.40      -999.25      -999.25       109.74       907.49
  907.75         33.04         0.77         0.59         0.63         0.60      -999.25      -999.25        82.21      -999.25      -999.25       109.74       907.74
  908.00         28.80         0.78         0.64         0.68         0.71      -999.25      -999.25        80.19      -999.25      -999.25       109.74       907.99
  908.25         31.36         0.79         0.65         0.69         0.71      -999.25      -999.25        68.09      -999.25      -999.25       109.74       908.24
  908.50         33.00         0.79         0.61         0.66         0.62      -999.25      -999.25        48.84      -999.25      -999.25       109.74       908.49
  908.75         37.17         0.77         0.58         0.62         0.59      -999.25      -999.25        41.71      -999.25      -999.25       109.74       908.74
  909.00         41.35         0.77         0.56         0.62         0.53      -999.25      -999.25        38.29      -999.25      -999.25       109.74       908.99
  909.25         44.02         0.78         0.63         0.66         0.64      -999.25      -999.25        41.15      -999.25      -999.25       109.74       909.24
  909.50         42.46         0.77         0.66         0.70         0.75      -999.25      -999.25        38.30      -999.25      -999.25       109.74       909.49
  909.75         39.47         0.77         0.61         0.64         0.64      -999.25      -999.25        32.83      -999.25      -999.25       109.74       909.74
  910.00         39.13         0.76         0.58         0.63         0.58      -999.25      -999.25        32.47      -999.25      -999.25       109.74       909.99
  910.25         38.80         0.73         0.57         0.62         0.61      -999.25      -999.25        32.29      -999.25      -999.25       109.74       910.24
  910.50         43.62         0.73         0.55         0.62         0.55      -999.25      -999.25        36.09      -999.25      -999.25       109.74       910.49
  910.75         42.37         0.72         0.57         0.61         0.61      -999.25      -999.25        54.98      -999.25      -999.25       109.74       910.74
  911.00         45.67         0.72         0.57         0.60         0.65      -999.25      -999.25        69.92      -999.25      -999.25       109.74       910.99
  911.25         44.58         0.71         0.55         0.60         0.55      -999.25      -999.25        73.13      -999.25      -999.25       109.74       911.24
  911.50         44.86         0.71         0.51         0.56         0.46      -999.25      -999.25        67.47      -999.25      -999.25       109.74       911.49
  911.75         45.14         0.74         0.62         0.63         0.68      -999.25      -999.25        70.51      -999.25      -999.25       109.74       911.74
  912.00         33.85         0.75         0.63         0.66         0.71      -999.25      -999.25        79.24      -999.25      -999.25       109.74       911.99
  912.25         30.83         0.74         0.59         0.62         0.60      -999.25      -999.25        58.93      -999.25      -999.25       109.74       912.24
  912.50         29.27         0.73         0.57         0.61         0.57      -999.25      -999.25        39.26      -999.25      -999.25       109.74       912.49
  912.75         26.50         0.73         0.55         0.61         0.54      -999.25      -999.25        36.88      -999.25      -999.25       109.74       912.74
  913.00         23.73         0.71         0.55         0.59         0.59      -999.25      -999.25        32.44      -999.25      -999.25       109.74       912.99
  913.25         23.17         0.70         0.52         0.58         0.52      -999.25      -999.25        30.49      -999.25      -999.25       109.74       913.24
  913.50         24.73         0.69         0.54         0.58         0.58      -999.25      -999.25        33.89      -999.25      -999.25       109.74       913.49
  913.75         25.30         0.70         0.57         0.62         0.61      -999.25      -999.25        41.16      -999.25      -999.25       109.74       913.74
  914.00         27.97         0.70         0.59         0.62         0.67      -999.25      -999.25        38.17      -999.25      -999.25       109.74       913.99
  914.25         28.93         0.70         0.59         0.61         0.70      -999.25      -999.25        34.53      -999.25      -999.25       109.74       914.24
  914.50         29.88         0.69         0.53         0.59         0.55      -999.25      -999.25        29.78      -999.25      -999.25       109.74       914.49
  914.75         31.94         0.68         0.54         0.57         0.59      -999.25      -999.25        32.43      -999.25      -999.25       109.74       914.74
  915.00         30.30         0.68         0.53         0.58         0.56      -999.25      -999.25        36.56      -999.25      -999.25       109.74       914.99
  915.25         30.46         0.69         0.53         0.58         0.56      -999.25      -999.25        33.40      -999.25      -999.25       109.74       915.24
  915.50         33.97         0.69         0.54         0.58         0.57      -999.25      -999.25        33.80      -999.25      -999.25       109.74       915.49
  915.75         35.57         0.69         0.54         0.58         0.57      -999.25      -999.25        33.21      -999.25      -999.25       109.74       915.74
  916.00         37.17         0.69         0.53         0.57         0.53      -999.25      -999.25        33.31      -999.25      -999.25       109.74       915.99
  916.25         41.41         0.70         0.52         0.59         0.49      -999.25      -999.25        32.24      -999.25      -999.25       109.74       916.24
  916.50         38.23         0.69         0.53         0.59         0.53      -999.25      -999.25        32.93      -999.25      -999.25       109.74       916.49
  916.75         40.15         0.69         0.54         0.58         0.59      -999.25      -999.25        30.33      -999.25      -999.25       109.74       916.74
  917.00         40.61         0.69         0.54         0.58         0.59      -999.25      -999.25        31.29      -999.25      -999.25       109.74       916.99
  917.25         41.06         0.69         0.54         0.58         0.57      -999.25      -999.25        31.03      -999.25      -999.25       109.74       917.24
  917.50         38.63         0.71         0.54         0.61         0.54      -999.25      -999.25        31.99      -999.25      -999.25       109.74       917.49
  917.75         39.26         0.71         0.55         0.60         0.59      -999.25      -999.25        31.04      -999.25      -999.25       109.74       917.74
  918.00         41.15         0.71         0.59         0.62         0.68      -999.25      -999.25        29.91      -999.25      -999.25       109.74       917.99
  918.25         37.10         0.68         0.53         0.59         0.56      -999.25      -999.25        32.24      -999.25      -999.25       109.74       918.24
  918.50         37.08         0.69         0.54         0.58         0.59      -999.25      -999.25        32.76      -999.25      -999.25       109.74       918.49
  918.75         37.06         0.78         0.60         0.63         0.61      -999.25      -999.25        34.47      -999.25      -999.25       109.74       918.74
  919.00         35.05         0.81         0.64         0.67         0.68      -999.25      -999.25        53.50      -999.25      -999.25       109.74       918.99
  919.25         33.90         0.83         0.66         0.70         0.67      -999.25      -999.25        80.80      -999.25      -999.25       109.74       919.24
  919.50         36.21         0.81         0.68         0.69         0.76      -999.25      -999.25        74.08      -999.25      -999.25       109.74       919.49
  919.75         36.39         0.79         0.65         0.66         0.71      -999.25      -999.25        71.12      -999.25      -999.25       109.74       919.74
  920.00         36.56         0.79         0.59         0.65         0.55      -999.25      -999.25        61.41      -999.25      -999.25       109.74       919.99
  920.25         38.69         0.76         0.55         0.61         0.50      -999.25      -999.25        65.09      -999.25      -999.25       109.74       920.24
  920.50         38.31         0.73         0.57         0.59         0.63      -999.25      -999.25        72.19      -999.25      -999.25       109.74       920.49
  920.75         36.15         0.74         0.53         0.60         0.49      -999.25      -999.25        60.47      -999.25      -999.25       109.74       920.74
  921.00         36.15         0.73         0.54         0.59         0.50      -999.25      -999.25        62.01      -999.25      -999.25       109.74       920.99
  921.25         35.52         0.73         0.57         0.60         0.60      -999.25      -999.25        67.58      -999.25      -999.25       109.74       921.24
  921.50         34.88         0.74         0.58         0.62         0.60      -999.25      -999.25        49.67      -999.25      -999.25       109.74       921.49
  921.75         37.31         0.74         0.57         0.61         0.59      -999.25      -999.25        34.98      -999.25      -999.25       109.74       921.74
  922.00         39.57         0.74         0.57         0.62         0.58      -999.25      -999.25        32.07      -999.25      -999.25       109.74       921.99
  922.25         36.45         0.75         0.58         0.63         0.62      -999.25      -999.25        31.52      -999.25      -999.25       109.74       922.24
  922.50         35.61         0.76         0.58         0.63         0.60      -999.25      -999.25        34.36      -999.25      -999.25       109.74       922.49
  922.75         34.76         0.76         0.58         0.63         0.59      -999.25      -999.25        50.48      -999.25      -999.25       109.74       922.74
  923.00         25.51         0.77         0.59         0.63         0.61      -999.25      -999.25        94.17      -999.25      -999.25       109.74       922.99
  923.25         23.39         0.76         0.58         0.63         0.61      -999.25      -999.25       100.97      -999.25      -999.25       109.74       923.24
  923.50         23.18         0.76         0.57         0.62         0.57      -999.25      -999.25        86.37      -999.25      -999.25       109.74       923.49
  923.75         24.27         0.76         0.57         0.63         0.57      -999.25      -999.25        95.04      -999.25      -999.25       109.74       923.74
  924.00         24.76         0.76         0.57         0.63         0.57      -999.25      -999.25        98.21      -999.25      -999.25       109.74       923.99
  924.25         25.26         0.77         0.59         0.63         0.60      -999.25      -999.25        96.82      -999.25      -999.25       109.74       924.24
  924.50         22.51         0.77         0.57         0.61         0.57      -999.25      -999.25        93.82      -999.25      -999.25       109.74       924.49
  924.75         21.05         0.77         0.55         0.61         0.50      -999.25      -999.25        96.77      -999.25      -999.25       109.74       924.74
  925.00         20.28         0.77         0.58         0.62         0.59      -999.25      -999.25        86.64      -999.25      -999.25       109.74       924.99
  925.25         24.00         0.77         0.62         0.65         0.67      -999.25      -999.25        80.90      -999.25      -999.25       109.74       925.24
  925.50         26.24         0.76         0.61         0.64         0.69      -999.25      -999.25        50.41      -999.25      -999.25       109.74       925.49
  925.75         28.47         0.76         0.60         0.64         0.65      -999.25      -999.25        37.05      -999.25      -999.25       109.74       925.74
  926.00         29.88         0.75         0.57         0.62         0.60      -999.25      -999.25        31.69      -999.25      -999.25       109.74       925.99
  926.25         25.64         0.75         0.57         0.61         0.62      -999.25      -999.25        31.47      -999.25      -999.25       109.74       926.24
  926.50         22.86         0.77         0.60         0.64         0.66      -999.25      -999.25        32.12      -999.25      -999.25       109.74       926.49
  926.75         21.65         0.78         0.61         0.67         0.64      -999.25      -999.25        33.23      -999.25      -999.25       109.74       926.74
  927.00         20.44         0.80         0.62         0.70         0.63      -999.25      -999.25        38.33      -999.25      -999.25       109.74       926.99
  927.25         21.83         0.80         0.62         0.69         0.65      -999.25      -999.25        35.92      -999.25      -999.25       109.74       927.24
  927.50         21.93         0.80         0.66         0.69         0.78      -999.25      -999.25        36.01      -999.25      -999.25       109.74       927.49
  927.75         15.89         0.81         0.70         0.74         0.85      -999.25      -999.25        37.86      -999.25      -999.25       109.74       927.74
  928.00         19.46      -999.25         1.85      -999.25         2.08      -999.25      -999.25        50.91      -999.25      -999.25       109.74       927.99
  928.25         33.87      -999.25         1.83      -999.25         2.04      -999.25      -999.25        48.91      -999.25      -999.25       109.74       928.24
  928.50         48.27      -999.25         1.84      -999.25         2.12      -999.25      -999.25        42.56      -999.25      -999.25       109.74       928.49
  928.75         38.60      -999.25         1.80      -999.25         2.01      -999.25      -999.25        41.76      -999.25      -999.25       109.74       928.74
  929.00         61.24      -999.25         1.76      -999.25         1.89      -999.25      -999.25        44.73      -999.25      -999.25       109.74       928.99
  929.25         78.65      -999.25         1.79      -999.25         2.08      -999.25      -999.25        45.13      -999.25      -999.25       109.74       929.24
  929.50         85.01      -999.25         1.74      -999.25         1.97      -999.25      -999.25        43.60      -999.25      -999.25       109.74       929.49
  929.75         91.37      -999.25         1.72      -999.25         1.92      -999.25      -999.25        40.40      -999.25      -999.25       109.74       929.74
  930.00         91.16      -999.25         1.79      -999.25         2.16      -999.25      -999.25        39.62      -999.25      -999.25       109.74       929.99
  930.25         94.02      -999.25         1.79      -999.25         2.13      -999.25      -999.25        39.68      -999.25      -999.25       109.74       930.24
  930.50         67.01      -999.25         1.73      -999.25         1.90      -999.25      -999.25        38.05      -999.25      -999.25       109.74       930.49
  930.75         51.49      -999.25         1.82      -999.25         2.09      -999.25      -999.25        36.72      -999.25      -999.25       109.74       930.74
  931.00         41.95      -999.25         2.04      -999.25         2.79      -999.25      -999.25        38.43      -999.25      -999.25       109.74       930.99
  931.25         32.41      -999.25         1.96      -999.25         2.34      -999.25      -999.25        38.39      -999.25      -999.25       109.74       931.24
  931.50         38.53      -999.25         2.06      -999.25         2.62      -999.25      -999.25        36.14      -999.25      -999.25       109.74       931.49
  931.75         38.48      -999.25         2.04      -999.25         2.30      -999.25      -999.25        36.03      -999.25      -999.25       109.74       931.74
  932.00         19.97      -999.25         2.34      -999.25         2.84      -999.25      -999.25        38.28      -999.25      -999.25       109.74       931.99
  932.25         23.76      -999.25         2.46      -999.25         3.24      -999.25      -999.25        37.46      -999.25      -999.25       109.74       932.24
  932.50         27.56      -999.25         2.50      -999.25         3.11      -999.25      -999.25        34.65      -999.25      -999.25       109.74       932.49
  932.75         37.45      -999.25         2.45      -999.25         3.04      -999.25      -999.25        35.82      -999.25      -999.25       109.74       932.74
  933.00         37.01      -999.25         2.38      -999.25         3.15      -999.25      -999.25        37.38      -999.25      -999.25       109.74       932.99
  933.25         41.76      -999.25         2.20      -999.25         2.59      -999.25      -999.25        40.14      -999.25      -999.25       109.74       933.24
  933.50         37.52      -999.25         2.15      -999.25         2.38      -999.25      -999.25        40.90      -999.25      -999.25       109.74       933.49
  933.75         37.81      -999.25         2.11      -999.25         2.41      -999.25      -999.25        38.18      -999.25      -999.25       109.74       933.74
  934.00         38.09      -999.25         2.00      -999.25         2.38      -999.25      -999.25        38.86      -999.25      -999.25       109.74       933.99
  934.25         38.64      -999.25         2.13      -999.25         2.35      -999.25      -999.25        41.79      -999.25      -999.25       109.74       934.24
  934.50         39.18      -999.25         2.02      -999.25         2.41      -999.25      -999.25        44.44      -999.25      -999.25       109.74       934.49
  934.75         29.04      -999.25         2.01      -999.25         2.60      -999.25      -999.25        44.75      -999.25      -999.25       109.74       934.74
  935.00         27.59      -999.25         1.89      -999.25         2.17      -999.25      -999.25        47.53      -999.25      -999.25       109.74       934.99
  935.25         26.13      -999.25         1.90      -999.25         2.45      -999.25      -999.25        44.19      -999.25      -999.25       109.74       935.24
  935.50         29.82      -999.25         1.79      -999.25         2.30      -999.25      -999.25        39.14      -999.25      -999.25       109.74       935.49
  935.75         31.68      -999.25         1.86      -999.25         2.32      -999.25      -999.25        40.26      -999.25      -999.25       109.74       935.74
  936.00         30.07      -999.25         1.85      -999.25         2.15      -999.25      -999.25        35.78      -999.25      -999.25       109.74       935.99
  936.25         28.13      -999.25         1.86      -999.25         2.46      -999.25      -999.25        39.82      -999.25      -999.25       109.74       936.24
  936.50         28.18      -999.25         1.76      -999.25         2.37      -999.25      -999.25        40.27      -999.25      -999.25       109.74       936.49
  936.75         28.23      -999.25         1.71      -999.25         1.96      -999.25      -999.25        42.08      -999.25      -999.25       109.74       936.74
  937.00         30.05      -999.25         1.76      -999.25         2.20      -999.25      -999.25        38.97      -999.25      -999.25       109.74       936.99
  937.25         21.56      -999.25         1.84      -999.25         2.16      -999.25      -999.25        40.86      -999.25      -999.25       109.74       937.24
  937.50         23.97      -999.25         1.74      -999.25         2.03      -999.25      -999.25        41.43      -999.25      -999.25       109.74       937.49
  937.75         23.49      -999.25         1.74      -999.25         2.02      -999.25      -999.25        42.52      -999.25      -999.25       109.74       937.74
  938.00         24.69      -999.25         1.75      -999.25         2.04      -999.25      -999.25        38.80      -999.25      -999.25       109.74       937.99
  938.25         25.90      -999.25         2.02      -999.25         2.03      -999.25      -999.25        40.99      -999.25      -999.25       109.74       938.24
  938.50         29.10      -999.25         1.92      -999.25         2.61      -999.25      -999.25        42.87      -999.25      -999.25       109.74       938.49
  938.75         29.46      -999.25         1.75      -999.25         1.91      -999.25      -999.25        37.90      -999.25      -999.25       109.74       938.74
  939.00         31.22      -999.25         1.86      -999.25         2.35      -999.25      -999.25        38.35      -999.25      -999.25       109.74       938.99
  939.25         28.29      -999.25         1.82      -999.25         2.31      -999.25      -999.25        40.48      -999.25      -999.25       109.74       939.24
  939.50         25.36      -999.25         1.78      -999.25         2.02      -999.25      -999.25        36.74      -999.25      -999.25       109.74       939.49
  939.75         22.02      -999.25         1.87      -999.25         2.19      -999.25      -999.25        34.26      -999.25      -999.25       109.74       939.74
  940.00         20.75      -999.25         2.09      -999.25         2.61      -999.25      -999.25        37.26      -999.25      -999.25       109.74       939.99
  940.25         19.04      -999.25         2.10      -999.25         2.62      -999.25      -999.25        39.22      -999.25      -999.25       109.74       940.24
  940.50         20.91      -999.25         2.15      -999.25         2.53      -999.25      -999.25        39.81      -999.25      -999.25       109.74       940.49
  940.75         21.33      -999.25         2.26      -999.25         2.77      -999.25      -999.25        38.36      -999.25      -999.25       109.74       940.74
  941.00         21.74      -999.25         2.17      -999.25         2.64      -999.25      -999.25        39.05      -999.25      -999.25       109.74       940.99
  941.25         12.79      -999.25         2.10      -999.25         2.63      -999.25      -999.25        38.81      -999.25      -999.25       109.74       941.24
  941.50         14.58      -999.25         2.12      -999.25         2.63      -999.25      -999.25        40.63      -999.25      -999.25       109.74       941.49
  941.75         18.02      -999.25         2.02      -999.25         2.22      -999.25      -999.25        41.51      -999.25      -999.25       109.74       941.74
  942.00         19.65      -999.25         1.84      -999.25         1.86      -999.25      -999.25        36.37      -999.25      -999.25       109.74       941.99
  942.25         21.28      -999.25         1.91      -999.25         2.11      -999.25      -999.25        38.04      -999.25      -999.25       109.74       942.24
  942.50         20.52      -999.25         1.81      -999.25         1.86      -999.25      -999.25        38.09      -999.25      -999.25       109.74       942.49
  942.75         22.76      -999.25         1.82      -999.25         1.88      -999.25      -999.25        36.94      -999.25      -999.25       109.74       942.74
  943.00         25.77      -999.25         1.83      -999.25         2.01      -999.25      -999.25        35.22      -999.25      -999.25       109.74       942.99
  943.25         25.86      -999.25         2.00      -999.25         2.51      -999.25      -999.25        36.97      -999.25      -999.25       109.74       943.24
  943.50         25.09      -999.25         1.98      -999.25         2.48      -999.25      -999.25        38.95      -999.25      -999.25       109.74       943.49
  943.75         24.32      -999.25         1.91      -999.25         2.43      -999.25      -999.25        37.29      -999.25      -999.25       109.74       943.74
  944.00         21.85      -999.25         1.78      -999.25         2.15      -999.25      -999.25        36.51      -999.25      -999.25       109.74       943.99
  944.25         19.18      -999.25         1.84      -999.25         2.13      -999.25      -999.25        34.42      -999.25      -999.25       109.74       944.24
  944.50         24.16      -999.25         1.84      -999.25         2.29      -999.25      -999.25        36.70      -999.25      -999.25       109.74       944.49
  944.75         24.72      -999.25         1.84      -999.25         2.11      -999.25      -999.25        35.21      -999.25      -999.25       109.74       944.74
  945.00         25.28      -999.25         1.82      -999.25         1.99      -999.25      -999.25        38.73      -999.25      -999.25       109.74       944.99
  945.25         26.90      -999.25         1.83      -999.25         2.03      -999.25      -999.25        36.42      -999.25      -999.25       109.74       945.24
  945.50         24.05      -999.25         1.71      -999.25         1.81      -999.25      -999.25        37.58      -999.25      -999.25       109.74       945.49
  945.75         23.62      -999.25         1.84      -999.25         2.06      -999.25      -999.25        35.34      -999.25      -999.25       109.74       945.74
  946.00         24.17      -999.25         1.70      -999.25         2.13      -999.25      -999.25        36.98      -999.25      -999.25       109.74       945.99
  946.25         23.74      -999.25         1.77      -999.25         1.86      -999.25      -999.25        38.64      -999.25      -999.25       109.74       946.24
  946.50         23.31      -999.25         1.82      -999.25         2.37      -999.25      -999.25        36.57      -999.25      -999.25       109.74       946.49
  946.75         20.09      -999.25         1.77      -999.25         1.91      -999.25      -999.25        39.18      -999.25      -999.25       109.74       946.74
  947.00         17.81      -999.25         1.82      -999.25         2.00      -999.25      -999.25        36.15      -999.25      -999.25       109.74       946.99
  947.25         17.00      -999.25         1.85      -999.25         2.27      -999.25      -999.25        37.59      -999.25      -999.25       109.74       947.24
  947.50         17.12      -999.25         1.86      -999.25         2.22      -999.25      -999.25        34.94      -999.25      -999.25       109.74       947.49
  947.75         17.64      -999.25         2.01      -999.25         2.39      -999.25      -999.25        36.23      -999.25      -999.25       109.74       947.74
  948.00         18.15      -999.25         1.96      -999.25         2.38      -999.25      -999.25        35.89      -999.25      -999.25       109.74       947.99
  948.25         19.38      -999.25         1.95      -999.25         2.32      -999.25      -999.25        35.01      -999.25      -999.25       109.74       948.24
  948.50         16.99      -999.25         1.93      -999.25         2.36      -999.25      -999.25        33.31      -999.25      -999.25       109.74       948.49
  948.75         18.13      -999.25         1.97      -999.25         2.22      -999.25      -999.25        34.79      -999.25      -999.25       109.74       948.74
  949.00         19.27      -999.25         1.95      -999.25         2.28      -999.25      -999.25        38.64      -999.25      -999.25       109.74       948.99
  949.25         20.41      -999.25         1.93      -999.25         2.45      -999.25      -999.25        36.18      -999.25      -999.25       109.74       949.24
  949.50         22.65      -999.25         1.90      -999.25         2.21      -999.25      -999.25        35.53      -999.25      -999.25       109.74       949.49
  949.75         21.32      -999.25         1.82      -999.25         2.50      -999.25      -999.25        35.91      -999.25      -999.25       109.74       949.74
  950.00         17.35      -999.25         1.85      -999.25         2.37      -999.25      -999.25        37.29      -999.25      -999.25       109.74       949.99
  950.25         20.41      -999.25         1.93      -999.25         2.35      -999.25      -999.25        39.25      -999.25      -999.25       109.74       950.24
  950.50         19.34      -999.25         1.87      -999.25         2.21      -999.25      -999.25        37.86      -999.25      -999.25       109.74       950.49
  950.75         18.28      -999.25         1.81      -999.25         2.07      -999.25      -999.25        41.83      -999.25      -999.25       109.74       950.74
  951.00         17.90      -999.25         1.83      -999.25         2.03      -999.25      -999.25        34.52      -999.25      -999.25       109.74       950.99
  951.25         21.67      -999.25         1.70      -999.25         1.94      -999.25      -999.25        35.91      -999.25      -999.25       109.74       951.24
  951.50         22.74      -999.25         1.74      -999.25         2.03      -999.25      -999.25        35.44      -999.25      -999.25       109.74       951.49
  951.75         21.76      -999.25         1.74      -999.25         1.97      -999.25      -999.25        36.31      -999.25      -999.25       109.74       951.74
  952.00         20.79      -999.25         1.72      -999.25         1.97      -999.25      -999.25        37.06      -999.25      -999.25       109.74       951.99
  952.25         22.14      -999.25         1.73      -999.25         2.02      -999.25      -999.25        36.08      -999.25      -999.25       109.74       952.24
  952.50         19.52      -999.25         1.74      -999.25         1.99      -999.25      -999.25        37.48      -999.25      -999.25       109.74       952.49
  952.75         20.42      -999.25         1.75      -999.25         2.00      -999.25      -999.25        40.50      -999.25      -999.25       109.74       952.74
  953.00         21.96      -999.25         1.80      -999.25         2.00      -999.25      -999.25        37.88      -999.25      -999.25       109.74       952.99
  953.25         23.49      -999.25         1.81      -999.25         2.07      -999.25      -999.25        35.09      -999.25      -999.25       109.74       953.24
  953.50         25.02      -999.25         1.92      -999.25         2.48      -999.25      -999.25        34.67      -999.25      -999.25       109.74       953.49
  953.75         28.95      -999.25         2.25      -999.25         2.38      -999.25      -999.25        38.76      -999.25      -999.25       109.74       953.74
  954.00         20.93      -999.25         1.43      -999.25         1.64      -999.25      -999.25        41.78      -999.25      -999.25       109.74       953.99
  954.25         19.45      -999.25         1.61      -999.25         1.79      -999.25      -999.25        40.01      -999.25      -999.25       109.74       954.24
  954.50         19.00      -999.25         1.71      -999.25         2.10      -999.25      -999.25        36.97      -999.25      -999.25       109.74       954.49
  954.75         18.55      -999.25         1.68      -999.25         1.92      -999.25      -999.25        38.89      -999.25      -999.25       109.74       954.74
  955.00         19.33      -999.25         1.67      -999.25         1.90      -999.25      -999.25        38.38      -999.25      -999.25       109.74       954.99
  955.25         22.29      -999.25         1.68      -999.25         1.95      -999.25      -999.25        39.56      -999.25      -999.25       109.74       955.24
  955.50         24.74      -999.25         1.69      -999.25         1.97      -999.25      -999.25        38.53      -999.25      -999.25       109.74       955.49
  955.75         21.83      -999.25         1.66      -999.25         1.90      -999.25      -999.25        38.63      -999.25      -999.25       109.74       955.74
  956.00         19.78      -999.25         1.70      -999.25         2.02      -999.25      -999.25        39.17      -999.25      -999.25       109.74       955.99
  956.25         17.73      -999.25         1.71      -999.25         2.03      -999.25      -999.25        39.64      -999.25      -999.25       109.74       956.24
  956.50         21.94      -999.25         1.68      -999.25         1.92      -999.25      -999.25        37.24      -999.25      -999.25       109.74       956.49
  956.75         20.59      -999.25         1.64      -999.25         1.88      -999.25      -999.25        39.74      -999.25      -999.25       109.74       956.74
  957.00        139.91      -999.25         1.67      -999.25         1.96      -999.25      -999.25        40.87      -999.25      -999.25       109.74       956.99
  957.25        169.22      -999.25         1.66      -999.25         1.99      -999.25      -999.25        40.58      -999.25      -999.25       109.74       957.24
  957.50        198.52      -999.25         1.58      -999.25         1.73      -999.25      -999.25        41.93      -999.25      -999.25       109.74       957.49
  957.75         14.41      -999.25         1.56      -999.25         1.66      -999.25      -999.25        42.95      -999.25      -999.25       109.74       957.74
  958.00        188.45      -999.25         1.62      -999.25         1.88      -999.25      -999.25        40.51      -999.25      -999.25       109.74       957.99
  958.25        149.40      -999.25         1.59      -999.25         1.82      -999.25      -999.25        38.98      -999.25      -999.25       109.74       958.24
  958.50         41.53      -999.25         1.57      -999.25         1.68      -999.25      -999.25        39.61      -999.25      -999.25       109.74       958.49
  958.75         42.12      -999.25         1.66      -999.25         2.00      -999.25      -999.25        38.03      -999.25      -999.25       109.74       958.74
  959.00         42.70      -999.25         1.68      -999.25         1.96      -999.25      -999.25        41.88      -999.25      -999.25       109.74       958.99
  959.25         89.13      -999.25         1.60      -999.25         1.81      -999.25      -999.25        40.88      -999.25      -999.25       109.74       959.24
  959.50         90.34      -999.25         1.71      -999.25         2.12      -999.25      -999.25        40.28      -999.25      -999.25       109.74       959.49
  959.75         44.05      -999.25         1.62      -999.25         2.03      -999.25      -999.25        42.40      -999.25      -999.25       109.74       959.74
  960.00         96.34      -999.25         1.58      -999.25         1.72      -999.25      -999.25        44.08      -999.25      -999.25       109.74       959.99
  960.25        101.41      -999.25         1.58      -999.25         1.82      -999.25      -999.25        42.38      -999.25      -999.25       109.74       960.24
  960.50        106.49      -999.25         1.59      -999.25         1.77      -999.25      -999.25        38.96      -999.25      -999.25       109.74       960.49
  960.75         20.93      -999.25         1.63      -999.25         1.92      -999.25      -999.25        36.00      -999.25      -999.25       109.74       960.74
  961.00         24.21      -999.25         1.60      -999.25         1.79      -999.25      -999.25        41.32      -999.25      -999.25       109.74       960.99
  961.25        103.42      -999.25         1.66      -999.25         1.98      -999.25      -999.25        43.29      -999.25      -999.25       109.74       961.24
  961.50        102.82      -999.25         1.61      -999.25         1.79      -999.25      -999.25        43.09      -999.25      -999.25       109.74       961.49
  961.75        102.22      -999.25         1.68      -999.25         1.97      -999.25      -999.25        46.05      -999.25      -999.25       109.74       961.74
  962.00         24.24      -999.25         1.60      -999.25         2.07      -999.25      -999.25        51.66      -999.25      -999.25       109.74       961.99
  962.25         25.14      -999.25         1.81      -999.25         1.70      -999.25      -999.25        50.35      -999.25      -999.25       109.74       962.24
  962.50        114.63      -999.25         2.07      -999.25         2.78      -999.25      -999.25        68.05      -999.25      -999.25       109.74       962.49
  962.75         25.67      -999.25         1.63      -999.25         1.59      -999.25      -999.25        75.25      -999.25      -999.25       109.74       962.74
  963.00         21.66      -999.25         2.13      -999.25         3.23      -999.25      -999.25        65.58      -999.25      -999.25       109.74       962.99
  963.25         17.65      -999.25         1.81      -999.25         2.17      -999.25      -999.25        49.49      -999.25      -999.25       109.74       963.24
  963.50         66.42      -999.25         1.73      -999.25         1.89      -999.25      -999.25        49.72      -999.25      -999.25       109.74       963.49
  963.75         63.31      -999.25         1.80      -999.25         2.06      -999.25      -999.25        50.48      -999.25      -999.25       109.74       963.74
  964.00         16.81      -999.25         1.93      -999.25         2.35      -999.25      -999.25        50.34      -999.25      -999.25       109.74       963.99
  964.25         17.76      -999.25         2.07      -999.25         2.52      -999.25      -999.25        49.14      -999.25      -999.25       109.74       964.24
  964.50         18.72      -999.25         1.76      -999.25         2.13      -999.25      -999.25        45.18      -999.25      -999.25       109.74       964.49
  964.75        106.95      -999.25         1.82      -999.25         2.17      -999.25      -999.25        47.30      -999.25      -999.25       109.74       964.74
  965.00         16.31      -999.25         1.89      -999.25         2.03      -999.25      -999.25        50.13      -999.25      -999.25       109.74       964.99
  965.25         15.16      -999.25         1.82      -999.25         1.98      -999.25      -999.25        51.45      -999.25      -999.25       109.74       965.24
  965.50        114.48      -999.25         2.02      -999.25         2.50      -999.25      -999.25        47.38      -999.25      -999.25       109.74       965.49
  965.75        116.38      -999.25         2.02      -999.25         2.40      -999.25      -999.25        48.87      -999.25      -999.25       109.74       965.74
  966.00        118.28      -999.25         1.98      -999.25         2.27      -999.25      -999.25        54.47      -999.25      -999.25       109.74       965.99
  966.25         17.15      -999.25         1.80      -999.25         2.03      -999.25      -999.25        59.45      -999.25      -999.25       109.74       966.24
  966.50         19.05      -999.25         1.78      -999.25         1.99      -999.25      -999.25        47.78      -999.25      -999.25       109.74       966.49
  966.75        106.89      -999.25         1.67      -999.25         1.78      -999.25      -999.25        47.51      -999.25      -999.25       109.74       966.74
  967.00        106.91      -999.25         1.66      -999.25         1.99      -999.25      -999.25        50.07      -999.25      -999.25       109.74       966.99
  967.25        106.93      -999.25         1.57      -999.25         1.64      -999.25      -999.25        48.28      -999.25      -999.25       109.74       967.24
  967.50         17.91      -999.25         1.63      -999.25         2.01      -999.25      -999.25        46.33      -999.25      -999.25       109.74       967.49
  967.75        105.83      -999.25         1.64      -999.25         2.02      -999.25      -999.25        48.49      -999.25      -999.25       109.74       967.74
  968.00         96.32      -999.25         1.70      -999.25         2.04      -999.25      -999.25        54.49      -999.25      -999.25       109.74       967.99
  968.25         17.65      -999.25         1.59      -999.25         1.76      -999.25      -999.25        48.98      -999.25      -999.25       109.74       968.24
  968.50         18.52      -999.25         1.60      -999.25         1.91      -999.25      -999.25        51.41      -999.25      -999.25       109.74       968.49
  968.75         19.39      -999.25         1.54      -999.25         1.79      -999.25      -999.25        47.59      -999.25      -999.25       109.74       968.74
  969.00         81.16      -999.25         1.71      -999.25         1.83      -999.25      -999.25        49.49      -999.25      -999.25       109.74       968.99
  969.25         79.35      -999.25         1.63      -999.25         1.79      -999.25      -999.25        55.24      -999.25      -999.25       109.59       969.24
  969.50         78.12      -999.25         1.72      -999.25         1.74      -999.25      -999.25        52.72      -999.25      -999.25       109.44       969.49
  969.75         72.42      -999.25         1.67      -999.25         1.74      -999.25      -999.25        55.79      -999.25      -999.25       109.29       969.74
  970.00         70.60      -999.25         1.71      -999.25         1.72      -999.25      -999.25        60.33      -999.25      -999.25       109.51       969.99
  970.25         68.78      -999.25         1.73      -999.25         1.70      -999.25      -999.25        60.65      -999.25      -999.25       109.74       970.24
  970.50         65.35      -999.25         1.90      -999.25         1.83      -999.25      -999.25        54.60      -999.25      -999.25       109.74       970.49
  970.75         61.85      -999.25         1.87      -999.25         2.20      -999.25      -999.25        57.65      -999.25      -999.25       109.74       970.74
  971.00         61.32      -999.25         1.94      -999.25         2.74      -999.25      -999.25        60.89      -999.25      -999.25       109.74       970.99
  971.25         61.14      -999.25         1.84      -999.25         2.22      -999.25      -999.25        60.87      -999.25      -999.25       109.74       971.24
  971.50         60.95      -999.25         1.75      -999.25         1.95      -999.25      -999.25        51.66      -999.25      -999.25       109.74       971.49
  971.75         60.34      -999.25         1.68      -999.25         1.86      -999.25      -999.25        55.68      -999.25      -999.25       109.74       971.74
  972.00         59.66      -999.25         1.89      -999.25         2.39      -999.25      -999.25        61.43      -999.25      -999.25       109.74       971.99
  972.25         61.12      -999.25         1.97      -999.25         2.29      -999.25      -999.25        56.65      -999.25      -999.25       109.74       972.24
  972.50         62.65      -999.25         1.78      -999.25         1.90      -999.25      -999.25        57.40      -999.25      -999.25       109.74       972.49
  972.75         62.51      -999.25         1.74      -999.25         2.20      -999.25      -999.25        55.26      -999.25      -999.25       109.74       972.74
  973.00         62.36      -999.25         1.71      -999.25         1.62      -999.25      -999.25        56.58      -999.25      -999.25       109.74       972.99
  973.25         60.91      -999.25         1.58      -999.25         1.55      -999.25      -999.25        54.74      -999.25      -999.25       109.74       973.24
  973.50         59.71      -999.25         1.72      -999.25         2.11      -999.25      -999.25        48.56      -999.25      -999.25       109.74       973.49
  973.75         58.73      -999.25         1.68      -999.25         2.06      -999.25      -999.25        43.33      -999.25      -999.25       109.74       973.74
  974.00         58.68      -999.25         1.52      -999.25         1.84      -999.25      -999.25        40.82      -999.25      -999.25       109.74       973.99
  974.25         58.63      -999.25         1.50      -999.25         1.81      -999.25      -999.25        38.14      -999.25      -999.25       109.74       974.24
  974.50         58.56      -999.25         1.67      -999.25         2.07      -999.25      -999.25        39.20      -999.25      -999.25       109.74       974.49
  974.75         46.53      -999.25         1.69      -999.25         1.98      -999.25      -999.25        39.69      -999.25      -999.25       109.74       974.74
  975.00         50.27      -999.25         1.85      -999.25         2.26      -999.25      -999.25        40.12      -999.25      -999.25       109.74       974.99
  975.25         55.66      -999.25         1.98      -999.25         2.68      -999.25      -999.25        42.41      -999.25      -999.25       109.74       975.24
  975.50         57.81      -999.25         1.73      -999.25         1.99      -999.25      -999.25        40.33      -999.25      -999.25       109.74       975.49
  975.75         59.96      -999.25         1.77      -999.25         2.14      -999.25      -999.25        38.72      -999.25      -999.25       109.74       975.74
  976.00         59.64      -999.25         1.73      -999.25         2.10      -999.25      -999.25        38.85      -999.25      -999.25       109.74       975.99
  976.25         60.63      -999.25         1.67      -999.25         1.99      -999.25      -999.25        38.87      -999.25      -999.25       109.74       976.24
  976.50         62.08      -999.25         1.65      -999.25         1.94      -999.25      -999.25        39.23      -999.25      -999.25       109.74       976.49
  976.75         63.22      -999.25         1.62      -999.25         1.73      -999.25      -999.25        38.21      -999.25      -999.25       109.46       976.74
  977.00         64.36      -999.25         1.61      -999.25         1.72      -999.25      -999.25        38.49      -999.25      -999.25       109.18       976.99
  977.25         66.30      -999.25         1.66      -999.25         1.86      -999.25      -999.25        42.23      -999.25      -999.25       109.29       977.24
  977.50         70.02      -999.25         1.67      -999.25         1.82      -999.25      -999.25        43.15      -999.25      -999.25       109.40       977.49
  977.75         72.31      -999.25         1.80      -999.25         1.99      -999.25      -999.25        44.44      -999.25      -999.25       109.44       977.74
  978.00         70.89      -999.25         1.70      -999.25         1.93      -999.25      -999.25        49.32      -999.25      -999.25       109.47       977.99
  978.25         63.32      -999.25         1.76      -999.25         1.47      -999.25      -999.25        51.74      -999.25      -999.25       109.51       978.24
  978.50         55.75      -999.25         1.72      -999.25         1.71      -999.25      -999.25        51.41      -999.25      -999.25       109.18       978.49
  978.75         46.59      -999.25         1.69      -999.25         1.90      -999.25      -999.25        54.98      -999.25      -999.25       109.74       978.74
  979.00         44.00      -999.25         1.64      -999.25         1.61      -999.25      -999.25        53.04      -999.25      -999.25       109.74       978.99
  979.25         49.04      -999.25         1.70      -999.25         1.96      -999.25      -999.25        51.03      -999.25      -999.25       109.74       979.24
  979.50         50.70      -999.25         1.67      -999.25         2.05      -999.25      -999.25        48.73      -999.25      -999.25       109.74       979.49
  979.75         52.35      -999.25         1.60      -999.25         1.86      -999.25      -999.25        47.78      -999.25      -999.25       109.74       979.74
  980.00         56.01      -999.25         1.62      -999.25         1.96      -999.25      -999.25        48.65      -999.25      -999.25       109.40       979.99
  980.25         56.15      -999.25         1.44      -999.25         1.55      -999.25      -999.25        44.29      -999.25      -999.25       109.06       980.24
  980.50         53.85      -999.25         1.64      -999.25         1.85      -999.25      -999.25        40.26      -999.25      -999.25       109.29       980.49
  980.75         50.52      -999.25         1.70      -999.25         1.88      -999.25      -999.25        37.98      -999.25      -999.25       109.51       980.74
  981.00         49.62      -999.25         1.76      -999.25         1.91      -999.25      -999.25        42.60      -999.25      -999.25       109.74       980.99
  981.25         48.73      -999.25         1.67      -999.25         1.99      -999.25      -999.25        45.29      -999.25      -999.25       109.74       981.24
  981.50         49.42      -999.25         1.68      -999.25         2.04      -999.25      -999.25        41.39      -999.25      -999.25       109.74       981.49
  981.75         50.29      -999.25         1.82      -999.25         2.14      -999.25      -999.25        42.33      -999.25      -999.25       109.74       981.74
  982.00         51.31      -999.25         1.61      -999.25         1.94      -999.25      -999.25        44.72      -999.25      -999.25       109.57       981.99
  982.25         49.09      -999.25         1.64      -999.25         1.90      -999.25      -999.25        45.18      -999.25      -999.25       109.40       982.24
  982.50         43.83      -999.25         1.85      -999.25         2.48      -999.25      -999.25        50.11      -999.25      -999.25       109.74       982.49
  982.75         38.56      -999.25         1.69      -999.25         1.93      -999.25      -999.25        51.62      -999.25      -999.25       109.74       982.74
  983.00         32.96      -999.25         2.09      -999.25         3.09      -999.25      -999.25        73.95      -999.25      -999.25       109.74       982.99
  983.25         36.88      -999.25         2.17      -999.25         2.35      -999.25      -999.25        80.00      -999.25      -999.25       109.74       983.24
  983.50         42.65      -999.25         2.27      -999.25         2.80      -999.25      -999.25        82.99      -999.25      -999.25       109.68       983.49
  983.75         45.32      -999.25         2.24      -999.25         2.68      -999.25      -999.25        86.34      -999.25      -999.25       109.63       983.74
  984.00         47.99      -999.25         2.20      -999.25         2.41      -999.25      -999.25        90.65      -999.25      -999.25       109.68       983.99
  984.25         49.65      -999.25         2.15      -999.25         2.30      -999.25      -999.25        86.25      -999.25      -999.25       109.74       984.24
  984.50         45.54      -999.25         2.21      -999.25         2.36      -999.25      -999.25        91.07      -999.25      -999.25       109.74       984.49
  984.75         41.65      -999.25         2.25      -999.25         2.41      -999.25      -999.25        90.95      -999.25      -999.25       109.63       984.74
  985.00         49.15      -999.25         2.37      -999.25         2.72      -999.25      -999.25        89.13      -999.25      -999.25       109.46       984.99
  985.25         41.70      -999.25         2.46      -999.25         3.23      -999.25      -999.25        89.18      -999.25      -999.25       109.29       985.24
  985.50         34.26      -999.25         2.41      -999.25         2.91      -999.25      -999.25        88.53      -999.25      -999.25       106.25       985.49
  985.75         38.90      -999.25         2.50      -999.25         2.83      -999.25      -999.25        88.29      -999.25      -999.25       106.25       985.74
  986.00         48.24      -999.25         2.52      -999.25         2.93      -999.25      -999.25        90.23      -999.25      -999.25       106.25       985.99
  986.25         63.01      -999.25         2.11      -999.25         1.95      -999.25      -999.25        91.39      -999.25      -999.25       106.25       986.24
  986.50         59.45      -999.25         2.16      -999.25         2.01      -999.25      -999.25        89.53      -999.25      -999.25       106.25       986.49
  986.75         55.90      -999.25         2.35      -999.25         2.66      -999.25      -999.25        90.57      -999.25      -999.25       106.25       986.74
  987.00         69.85      -999.25         2.36      -999.25         2.59      -999.25      -999.25        91.65      -999.25      -999.25       106.25       986.99
  987.25         85.93      -999.25         2.35      -999.25         2.58      -999.25      -999.25        93.79      -999.25      -999.25       106.25       987.24
  987.50         61.60      -999.25         2.41      -999.25         2.72      -999.25      -999.25        88.15      -999.25      -999.25       106.25       987.49
  987.75         66.03      -999.25         2.27      -999.25         2.54      -999.25      -999.25        89.41      -999.25      -999.25       106.25       987.74
  988.00         62.97      -999.25         2.27      -999.25         2.27      -999.25      -999.25        95.69      -999.25      -999.25       106.25       987.99
  988.25         59.90      -999.25         2.46      -999.25         2.70      -999.25      -999.25        91.34      -999.25      -999.25       106.25       988.24
  988.50         54.34      -999.25         2.65      -999.25         3.27      -999.25      -999.25        92.91      -999.25      -999.25       106.25       988.49
  988.75         42.72      -999.25         2.33      -999.25         2.54      -999.25      -999.25        91.30      -999.25      -999.25       106.25       988.74
  989.00         19.40      -999.25         2.24      -999.25         2.48      -999.25      -999.25        88.61      -999.25      -999.25       106.25       988.99
  989.25         18.54      -999.25         2.31      -999.25         2.63      -999.25      -999.25        88.46      -999.25      -999.25       106.36       989.24
  989.50         17.67      -999.25         2.31      -999.25         2.68      -999.25      -999.25        92.69      -999.25      -999.25       106.59       989.49
  989.75         18.29      -999.25         2.29      -999.25         2.48      -999.25      -999.25        91.45      -999.25      -999.25       108.16       989.74
  990.00         18.67      -999.25         2.20      -999.25         2.47      -999.25      -999.25        94.06      -999.25      -999.25       106.36       989.99
  990.25         29.87      -999.25         2.39      -999.25         2.70      -999.25      -999.25        92.59      -999.25      -999.25       106.36       990.24
  990.50         33.61      -999.25         2.21      -999.25         2.28      -999.25      -999.25        92.34      -999.25      -999.25       106.36       990.49
  990.75         28.63      -999.25         2.26      -999.25         2.08      -999.25      -999.25        88.82      -999.25      -999.25       106.93       990.74
  991.00         23.66      -999.25         2.61      -999.25         2.97      -999.25      -999.25        92.51      -999.25      -999.25       109.40       990.99
  991.25         22.32      -999.25         2.63      -999.25         3.05      -999.25      -999.25        93.01      -999.25      -999.25       109.57       991.24
  991.50         20.25      -999.25         2.68      -999.25         3.30      -999.25      -999.25        92.27      -999.25      -999.25       109.74       991.49
  991.75         20.26      -999.25         2.46      -999.25         2.74      -999.25      -999.25        92.68      -999.25      -999.25       109.74       991.74
  992.00         19.84      -999.25         2.38      -999.25         2.50      -999.25      -999.25        92.08      -999.25      -999.25       109.74       991.99
  992.25         22.52      -999.25         2.27      -999.25         2.21      -999.25      -999.25        88.12      -999.25      -999.25       109.74       992.24
  992.50         25.19      -999.25         2.16      -999.25         2.10      -999.25      -999.25        89.19      -999.25      -999.25       109.74       992.49
  992.75         28.55      -999.25         2.14      -999.25         2.12      -999.25      -999.25        86.12      -999.25      -999.25       109.74       992.74
  993.00         28.98      -999.25         2.26      -999.25         2.33      -999.25      -999.25        77.96      -999.25      -999.25       109.74       992.99
  993.25         32.09      -999.25         2.54      -999.25         2.83      -999.25      -999.25        77.80      -999.25      -999.25       109.74       993.24
  993.50         35.03      -999.25         2.94      -999.25         3.34      -999.25      -999.25        78.24      -999.25      -999.25       109.74       993.49
  993.75         37.96      -999.25         2.90      -999.25         2.98      -999.25      -999.25        87.54      -999.25      -999.25       109.74       993.74
  994.00         37.27      -999.25         2.59      -999.25         3.15      -999.25      -999.25        90.46      -999.25      -999.25       109.74       993.99
  994.25         33.63      -999.25         2.51      -999.25         3.47      -999.25      -999.25        91.18      -999.25      -999.25       109.74       994.24
  994.50         31.83      -999.25         2.60      -999.25         3.20      -999.25      -999.25        96.05      -999.25      -999.25       109.74       994.49
  994.75         31.49      -999.25         2.50      -999.25         3.10      -999.25      -999.25        97.02      -999.25      -999.25       109.74       994.74
  995.00         31.64      -999.25         2.38      -999.25         2.56      -999.25      -999.25        96.22      -999.25      -999.25       109.74       994.99
  995.25         31.79      -999.25         2.50      -999.25         2.77      -999.25      -999.25        93.54      -999.25      -999.25       109.74       995.24
  995.50         31.50      -999.25         2.50      -999.25         2.83      -999.25      -999.25       100.21      -999.25      -999.25       109.74       995.49
  995.75         33.43      -999.25         2.52      -999.25         2.93      -999.25      -999.25       106.67      -999.25      -999.25       109.74       995.74
  996.00         33.97      -999.25         2.34      -999.25         2.81      -999.25      -999.25       115.27      -999.25      -999.25       109.74       995.99
  996.25         30.17      -999.25         2.34      -999.25         2.75      -999.25      -999.25       127.76      -999.25      -999.25       109.74       996.24
  996.50         26.36      -999.25         2.29      -999.25         2.64      -999.25      -999.25       124.38      -999.25      -999.25       109.74       996.49
  996.75         22.80      -999.25         2.31      -999.25         2.67      -999.25      -999.25       110.21      -999.25      -999.25       109.74       996.74
  997.00         18.99      -999.25         2.31      -999.25         2.35      -999.25      -999.25       103.32      -999.25      -999.25       109.74       996.99
  997.25         20.54      -999.25         2.59      -999.25         2.84      -999.25      -999.25       100.61      -999.25      -999.25       109.74       997.24
  997.50         28.56      -999.25         2.55      -999.25         2.82      -999.25      -999.25        98.00      -999.25      -999.25       109.74       997.49
  997.75         32.28      -999.25         2.44      -999.25         2.57      -999.25      -999.25        95.85      -999.25      -999.25       109.74       997.74
  998.00         36.00      -999.25         2.43      -999.25         2.65      -999.25      -999.25        96.86      -999.25      -999.25       109.74       997.99
  998.25         39.28      -999.25         2.36      -999.25         2.67      -999.25      -999.25        98.18      -999.25      -999.25       109.74       998.24
  998.50         41.36      -999.25         2.29      -999.25         2.50      -999.25      -999.25        97.05      -999.25      -999.25       109.74       998.49
  998.75         38.49      -999.25         2.25      -999.25         2.36      -999.25      -999.25        94.47      -999.25      -999.25       109.74       998.74
  999.00         38.78      -999.25         2.21      -999.25         2.27      -999.25      -999.25        98.38      -999.25      -999.25       109.74       998.99
  999.25         39.07      -999.25         2.22      -999.25         2.36      -999.25      -999.25        96.95      -999.25      -999.25       109.74       999.24
  999.50         35.07      -999.25         2.18      -999.25         2.43      -999.25      -999.25        96.12      -999.25      -999.25       109.74       999.49
  999.75         27.31      -999.25         2.28      -999.25         2.28      -999.25      -999.25        97.35      -999.25      -999.25       109.74       999.74
  1000.00         17.37      -999.25         2.19      -999.25         2.33      -999.25      -999.25        99.71      -999.25      -999.25       109.74       999.99
  1000.25         15.91      -999.25         2.20      -999.25         2.58      -999.25      -999.25        97.46      -999.25      -999.25       109.74      1000.24
  1000.50         15.58      -999.25         2.27      -999.25         2.52      -999.25      -999.25        96.78      -999.25      -999.25       109.74      1000.49
  1000.75         15.26      -999.25         2.16      -999.25         2.34      -999.25      -999.25        98.83      -999.25      -999.25       109.74      1000.74
  1001.00         15.43      -999.25         2.15      -999.25         2.40      -999.25      -999.25        95.26      -999.25      -999.25       109.74      1000.99
  1001.25         14.65      -999.25         2.23      -999.25         2.40      -999.25      -999.25        97.05      -999.25      -999.25       109.74      1001.24
  1001.50         13.69      -999.25         2.22      -999.25         2.45      -999.25      -999.25        98.11      -999.25      -999.25       109.74      1001.49
  1001.75         13.11      -999.25         2.17      -999.25         2.34      -999.25      -999.25        95.47      -999.25      -999.25       109.74      1001.74
  1002.00         12.53      -999.25         2.14      -999.25         2.30      -999.25      -999.25        94.84      -999.25      -999.25       109.74      1001.99
  1002.25         12.30      -999.25         1.96      -999.25         2.16      -999.25      -999.25        98.81      -999.25      -999.25       109.74      1002.24
  1002.50         13.50      -999.25         2.08      -999.25         2.24      -999.25      -999.25       103.39      -999.25      -999.25       109.74      1002.49
  1002.75         15.68      -999.25         2.06      -999.25         2.43      -999.25      -999.25       108.53      -999.25      -999.25       109.74      1002.74
  1003.00         21.76      -999.25         2.25      -999.25         2.45      -999.25      -999.25       112.97      -999.25      -999.25       109.68      1002.99
  1003.25         24.33      -999.25         2.49      -999.25         2.85      -999.25      -999.25       114.06      -999.25      -999.25       109.63      1003.24
  1003.50         26.89      -999.25         2.38      -999.25         2.53      -999.25      -999.25       103.24      -999.25      -999.25       109.63      1003.49
  1003.75         42.18      -999.25         2.38      -999.25         2.85      -999.25      -999.25       101.16      -999.25      -999.25       109.63      1003.74
  1004.00         58.77      -999.25         2.34      -999.25         2.84      -999.25      -999.25        99.04      -999.25      -999.25       109.63      1003.99
  1004.25         57.23      -999.25         2.39      -999.25         2.40      -999.25      -999.25       100.85      -999.25      -999.25       109.74      1004.24
  1004.50         58.19      -999.25         2.48      -999.25         3.23      -999.25      -999.25       103.17      -999.25      -999.25       109.74      1004.49
  1004.75         59.97      -999.25         2.27      -999.25         2.78      -999.25      -999.25       104.71      -999.25      -999.25       109.74      1004.74
  1005.00         61.76      -999.25         2.22      -999.25         2.52      -999.25      -999.25       100.44      -999.25      -999.25       109.74      1004.99
  1005.25         64.61      -999.25         2.47      -999.25         2.81      -999.25      -999.25        95.97      -999.25      -999.25       109.74      1005.24
  1005.50         67.00      -999.25         2.48      -999.25         2.97      -999.25      -999.25        95.57      -999.25      -999.25       109.74      1005.49
  1005.75         69.00      -999.25         2.24      -999.25         2.67      -999.25      -999.25        94.92      -999.25      -999.25       109.68      1005.74
  1006.00         69.74      -999.25         2.17      -999.25         2.64      -999.25      -999.25        75.68      -999.25      -999.25       109.63      1005.99
  1006.25         70.47      -999.25         1.91      -999.25         2.24      -999.25      -999.25        60.00      -999.25      -999.25       109.66      1006.24
  1006.50         62.36      -999.25         1.79      -999.25         1.94      -999.25      -999.25        52.86      -999.25      -999.25       109.70      1006.49
  1006.75         67.46      -999.25         1.69      -999.25         1.71      -999.25      -999.25        50.61      -999.25      -999.25       109.74      1006.74
  1007.00         75.17      -999.25         1.68      -999.25         1.83      -999.25      -999.25        49.32      -999.25      -999.25       109.74      1006.99
  1007.25         70.41      -999.25         1.78      -999.25         2.31      -999.25      -999.25        50.07      -999.25      -999.25       109.74      1007.24
  1007.50         72.08      -999.25         1.58      -999.25         2.02      -999.25      -999.25        54.94      -999.25      -999.25       109.74      1007.49
  1007.75         73.74      -999.25         1.67      -999.25         1.88      -999.25      -999.25        58.55      -999.25      -999.25       109.74      1007.74
  1008.00         67.57      -999.25         2.15      -999.25         2.46      -999.25      -999.25        63.77      -999.25      -999.25       109.74      1007.99
  1008.25         52.81      -999.25         2.63      -999.25         3.05      -999.25      -999.25        70.23      -999.25      -999.25       109.74      1008.24
  1008.50         43.50      -999.25         2.59      -999.25         2.95      -999.25      -999.25        87.10      -999.25      -999.25       109.74      1008.49
  1008.75         42.08      -999.25         2.54      -999.25         2.86      -999.25      -999.25        93.11      -999.25      -999.25       109.74      1008.74
  1009.00         40.66      -999.25         2.50      -999.25         2.76      -999.25      -999.25        99.12      -999.25      -999.25       109.74      1008.99
  1009.25         39.61      -999.25         1.63      -999.25         2.05      -999.25      -999.25       102.85      -999.25      -999.25       109.74      1009.24
  1009.50         33.24      -999.25         1.64      -999.25         2.04      -999.25      -999.25        97.05      -999.25      -999.25       109.74      1009.49
  1009.75         25.96      -999.25         1.58      -999.25         1.78      -999.25      -999.25        58.20      -999.25      -999.25       109.74      1009.74
  1010.00         16.96      -999.25         1.65      -999.25         1.95      -999.25      -999.25        51.64      -999.25      -999.25       109.74      1009.99
  1010.25         19.23      -999.25         1.71      -999.25         2.12      -999.25      -999.25        57.54      -999.25      -999.25       109.74      1010.24
  1010.50         21.50      -999.25         1.71      -999.25         2.10      -999.25      -999.25        56.79      -999.25      -999.25       109.74      1010.49
  1010.75         20.90      -999.25         1.71      -999.25         2.10      -999.25      -999.25        54.90      -999.25      -999.25       109.74      1010.74
  1011.00         20.39      -999.25         1.72      -999.25         2.21      -999.25      -999.25        53.32      -999.25      -999.25       109.74      1010.99
  1011.25         19.30      -999.25         1.71      -999.25         2.12      -999.25      -999.25        53.93      -999.25      -999.25       109.74      1011.24
  1011.50         20.24      -999.25         1.69      -999.25         2.05      -999.25      -999.25        56.90      -999.25      -999.25       109.74      1011.49
  1011.75         21.18      -999.25         1.64      -999.25         1.86      -999.25      -999.25        54.48      -999.25      -999.25       109.74      1011.74
  1012.00         24.78      -999.25         1.74      -999.25         1.65      -999.25      -999.25        57.33      -999.25      -999.25       109.74      1011.99
  1012.25         30.64      -999.25         1.71      -999.25         1.70      -999.25      -999.25        63.02      -999.25      -999.25       109.74      1012.24
  1012.50         35.54      -999.25         1.53      -999.25         1.89      -999.25      -999.25        65.45      -999.25      -999.25       109.74      1012.49
  1012.75         32.75      -999.25         1.73      -999.25         2.10      -999.25      -999.25        63.47      -999.25      -999.25       109.74      1012.74
  1013.00         34.20      -999.25         1.71      -999.25         1.97      -999.25      -999.25        68.34      -999.25      -999.25       109.74      1012.99
  1013.25         35.64      -999.25         1.74      -999.25         1.97      -999.25      -999.25        67.30      -999.25      -999.25       109.74      1013.24
  1013.50         39.23      -999.25         1.75      -999.25         2.03      -999.25      -999.25        68.42      -999.25      -999.25       109.74      1013.49
  1013.75         35.95      -999.25         1.78      -999.25         1.93      -999.25      -999.25        68.74      -999.25      -999.25       109.74      1013.74
  1014.00         32.46      -999.25         1.85      -999.25         2.00      -999.25      -999.25        75.45      -999.25      -999.25       109.74      1013.99
  1014.25         32.98      -999.25         2.10      -999.25         2.45      -999.25      -999.25        82.24      -999.25      -999.25       109.74      1014.24
  1014.50         31.83      -999.25         2.09      -999.25         2.52      -999.25      -999.25        87.69      -999.25      -999.25       109.74      1014.49
  1014.75         30.68      -999.25         2.08      -999.25         2.48      -999.25      -999.25        87.09      -999.25      -999.25       109.74      1014.74
  1015.00         32.97      -999.25         2.23      -999.25         2.41      -999.25      -999.25        79.74      -999.25      -999.25       109.74      1014.99
  1015.25         33.74      -999.25         2.28      -999.25         2.57      -999.25      -999.25        82.65      -999.25      -999.25       109.74      1015.24
  1015.50         33.63      -999.25         2.27      -999.25         2.51      -999.25      -999.25        88.54      -999.25      -999.25       109.74      1015.49
  1015.75         27.57      -999.25         2.32      -999.25         2.56      -999.25      -999.25        89.65      -999.25      -999.25       109.74      1015.74
  1016.00         21.52      -999.25         2.33      -999.25         2.69      -999.25      -999.25        92.90      -999.25      -999.25       108.56      1015.99
  1016.25         41.75      -999.25         2.34      -999.25         2.65      -999.25      -999.25        93.36      -999.25      -999.25       107.38      1016.24
  1016.50        115.21      -999.25         2.34      -999.25         2.62      -999.25      -999.25        92.61      -999.25      -999.25       109.74      1016.49
  1016.75         80.07      -999.25         2.34      -999.25         2.58      -999.25      -999.25        91.85      -999.25      -999.25       109.74      1016.74
  1017.00         81.50      -999.25         2.34      -999.25         2.54      -999.25      -999.25        91.09      -999.25      -999.25       109.74      1016.99
  1017.25         86.69      -999.25         2.35      -999.25         2.51      -999.25      -999.25        90.34      -999.25      -999.25       109.63      1017.24
  1017.50         91.89      -999.25         2.35      -999.25         2.47      -999.25      -999.25        89.58      -999.25      -999.25       109.51      1017.49
  1017.75         55.93      -999.25         2.35      -999.25         2.43      -999.25      -999.25        88.83      -999.25      -999.25       109.74      1017.74
  1018.00         38.88      -999.25         2.07      -999.25         2.91      -999.25      -999.25        88.07      -999.25      -999.25       109.74      1017.99
  1018.25         29.04      -999.25         2.12      -999.25         2.38      -999.25      -999.25        90.04      -999.25      -999.25       109.74      1018.24
  1018.50         25.99      -999.25         1.84      -999.25         2.14      -999.25      -999.25        91.66      -999.25      -999.25       109.74      1018.49
  1018.75         22.94      -999.25         1.73      -999.25         1.89      -999.25      -999.25        88.64      -999.25      -999.25       109.74      1018.74
  1019.00         20.38      -999.25         1.90      -999.25         2.30      -999.25      -999.25        90.42      -999.25      -999.25       109.74      1018.99
  1019.25         21.73      -999.25         2.32      -999.25         2.35      -999.25      -999.25        89.05      -999.25      -999.25       109.74      1019.24
  1019.50         47.58      -999.25         2.46      -999.25         2.43      -999.25      -999.25        90.37      -999.25      -999.25       109.74      1019.49
  1019.75         65.14      -999.25         2.32      -999.25         2.39      -999.25      -999.25        91.67      -999.25      -999.25       109.74      1019.74
  1020.00         66.88      -999.25         1.89      -999.25         2.10      -999.25      -999.25        87.65      -999.25      -999.25       109.74      1019.99
  1020.25         68.63      -999.25         1.86      -999.25         2.30      -999.25      -999.25        89.86      -999.25      -999.25       109.74      1020.24
  1020.50         61.06      -999.25         1.88      -999.25         2.33      -999.25      -999.25        88.95      -999.25      -999.25       109.74      1020.49
  1020.75         53.46      -999.25         1.89      -999.25         2.29      -999.25      -999.25        97.72      -999.25      -999.25       109.74      1020.74
  1021.00         47.92      -999.25         1.89      -999.25         2.26      -999.25      -999.25       100.94      -999.25      -999.25       109.74      1020.99
  1021.25         47.79      -999.25         1.91      -999.25         2.33      -999.25      -999.25        94.29      -999.25      -999.25       109.74      1021.24
  1021.50         47.65      -999.25         1.90      -999.25         1.99      -999.25      -999.25        88.94      -999.25      -999.25       109.74      1021.49
  1021.75         52.44      -999.25         2.23      -999.25         2.27      -999.25      -999.25        89.14      -999.25      -999.25       109.74      1021.74
  1022.00         56.20      -999.25         1.77      -999.25         1.85      -999.25      -999.25        86.87      -999.25      -999.25       109.74      1021.99
  1022.25         58.15      -999.25         1.88      -999.25         2.32      -999.25      -999.25        80.86      -999.25      -999.25       109.74      1022.24
  1022.50         43.57      -999.25         1.89      -999.25         2.43      -999.25      -999.25        82.55      -999.25      -999.25       109.74      1022.49
  1022.75         41.24      -999.25         1.82      -999.25         1.97      -999.25      -999.25        83.43      -999.25      -999.25       109.74      1022.74
  1023.00         38.91      -999.25         1.89      -999.25         2.14      -999.25      -999.25        86.84      -999.25      -999.25       109.74      1022.99
  1023.25         33.50      -999.25         1.89      -999.25         1.98      -999.25      -999.25        84.45      -999.25      -999.25       109.74      1023.24
  1023.50         25.69      -999.25         1.98      -999.25         2.36      -999.25      -999.25        83.94      -999.25      -999.25       109.74      1023.49
  1023.75         20.25      -999.25         1.99      -999.25         2.29      -999.25      -999.25        83.12      -999.25      -999.25       109.74      1023.74
  1024.00         17.70      -999.25         1.98      -999.25         2.20      -999.25      -999.25        85.91      -999.25      -999.25       109.74      1023.99
  1024.25         15.15      -999.25         2.10      -999.25         2.42      -999.25      -999.25        85.98      -999.25      -999.25       109.74      1024.24
  1024.50         20.68      -999.25         2.15      -999.25         2.41      -999.25      -999.25        90.64      -999.25      -999.25       109.74      1024.49
  1024.75         23.34      -999.25         2.25      -999.25         2.49      -999.25      -999.25        89.48      -999.25      -999.25       109.74      1024.74
  1025.00         29.54      -999.25         2.20      -999.25         2.43      -999.25      -999.25        90.40      -999.25      -999.25       109.74      1024.99
  1025.25         27.23      -999.25         2.20      -999.25         2.48      -999.25      -999.25        90.80      -999.25      -999.25       109.74      1025.24
  1025.50         31.54      -999.25         2.32      -999.25         2.68      -999.25      -999.25        91.14      -999.25      -999.25       109.74      1025.49
  1025.75         35.84      -999.25         2.34      -999.25         2.70      -999.25      -999.25        94.45      -999.25      -999.25       109.74      1025.74
  1026.00         45.25      -999.25         2.40      -999.25         2.72      -999.25      -999.25        97.28      -999.25      -999.25       109.74      1025.99
  1026.25         50.07      -999.25         2.36      -999.25         2.61      -999.25      -999.25        93.04      -999.25      -999.25       109.74      1026.24
  1026.50         43.07      -999.25         2.43      -999.25         2.78      -999.25      -999.25        90.43      -999.25      -999.25       109.74      1026.49
  1026.75         37.16      -999.25         2.43      -999.25         2.79      -999.25      -999.25        93.80      -999.25      -999.25       109.74      1026.74
  1027.00         35.14      -999.25         2.42      -999.25         2.75      -999.25      -999.25        92.47      -999.25      -999.25       109.74      1026.99
  1027.25         33.11      -999.25         2.27      -999.25         2.45      -999.25      -999.25        92.39      -999.25      -999.25       109.74      1027.24
  1027.50         46.22      -999.25         2.30      -999.25         2.54      -999.25      -999.25        90.27      -999.25      -999.25       109.74      1027.49
  1027.75         68.66      -999.25         2.29      -999.25         2.57      -999.25      -999.25        92.62      -999.25      -999.25       109.74      1027.74
  1028.00         81.49      -999.25         2.27      -999.25         2.47      -999.25      -999.25        98.72      -999.25      -999.25       109.74      1027.99
  1028.25         82.02      -999.25         2.37      -999.25         2.83      -999.25      -999.25        98.95      -999.25      -999.25       109.74      1028.24
  1028.50         82.54      -999.25         2.29      -999.25         2.56      -999.25      -999.25        93.22      -999.25      -999.25       109.74      1028.49
  1028.75         68.38      -999.25         2.40      -999.25         2.70      -999.25      -999.25        91.15      -999.25      -999.25       109.74      1028.74
  1029.00         53.62      -999.25         2.60      -999.25         2.58      -999.25      -999.25        96.56      -999.25      -999.25       109.74      1028.99
  1029.25         40.88      -999.25         2.37      -999.25         2.43      -999.25      -999.25        94.53      -999.25      -999.25       109.74      1029.24
  1029.50         30.87      -999.25         2.20      -999.25         2.87      -999.25      -999.25        90.68      -999.25      -999.25       109.74      1029.49
  1029.75         28.70      -999.25         2.30      -999.25         2.64      -999.25      -999.25        93.74      -999.25      -999.25       109.74      1029.74
  1030.00         26.53      -999.25         2.37      -999.25         2.64      -999.25      -999.25        91.86      -999.25      -999.25       109.74      1029.99
  1030.25         21.80      -999.25         2.36      -999.25         2.67      -999.25      -999.25        96.18      -999.25      -999.25       109.74      1030.24
  1030.50         36.91      -999.25         2.24      -999.25         2.36      -999.25      -999.25       100.13      -999.25      -999.25       109.74      1030.49
  1030.75         37.53      -999.25         2.30      -999.25         2.54      -999.25      -999.25       100.81      -999.25      -999.25       109.74      1030.74
  1031.00         43.98      -999.25         2.29      -999.25         2.57      -999.25      -999.25       100.80      -999.25      -999.25       109.74      1030.99
  1031.25         50.43      -999.25         2.10      -999.25         2.42      -999.25      -999.25        97.48      -999.25      -999.25       109.74      1031.24
  1031.50         56.82      -999.25         2.14      -999.25         2.33      -999.25      -999.25        96.84      -999.25      -999.25       109.74      1031.49
  1031.75         65.85      -999.25         2.07      -999.25         2.38      -999.25      -999.25        96.66      -999.25      -999.25       109.74      1031.74
  1032.00         55.02      -999.25         2.12      -999.25         2.23      -999.25      -999.25        99.00      -999.25      -999.25       109.74      1031.99
  1032.25         48.53      -999.25         2.02      -999.25         2.25      -999.25      -999.25        99.11      -999.25      -999.25       109.74      1032.24
  1032.50         51.80      -999.25         2.07      -999.25         2.39      -999.25      -999.25        97.17      -999.25      -999.25       109.74      1032.49
  1032.75         55.06      -999.25         2.20      -999.25         2.29      -999.25      -999.25        99.06      -999.25      -999.25       109.74      1032.74
  1033.00         58.02      -999.25         1.99      -999.25         1.90      -999.25      -999.25        95.06      -999.25      -999.25       109.74      1032.99
  1033.25         60.98      -999.25         2.01      -999.25         2.42      -999.25      -999.25        97.60      -999.25      -999.25       109.74      1033.24
  1033.50         60.67      -999.25         2.10      -999.25         2.16      -999.25      -999.25        95.63      -999.25      -999.25       109.74      1033.49
  1033.75         52.70      -999.25         2.16      -999.25         2.34      -999.25      -999.25        92.84      -999.25      -999.25       109.74      1033.74
  1034.00         44.74      -999.25         2.50      -999.25         3.08      -999.25      -999.25        97.64      -999.25      -999.25       109.74      1033.99
  1034.25         37.18      -999.25         2.44      -999.25         2.83      -999.25      -999.25        99.54      -999.25      -999.25       109.74      1034.24
  1034.50         32.92      -999.25         2.45      -999.25         2.93      -999.25      -999.25       103.77      -999.25      -999.25       109.74      1034.49
  1034.75         32.73      -999.25         2.30      -999.25         2.73      -999.25      -999.25       102.18      -999.25      -999.25       109.74      1034.74
  1035.00         22.18      -999.25         2.13      -999.25         2.26      -999.25      -999.25       100.47      -999.25      -999.25       109.74      1034.99
  1035.25         20.89      -999.25         2.40      -999.25         2.89      -999.25      -999.25        98.21      -999.25      -999.25       109.74      1035.24
  1035.50         19.61      -999.25         2.44      -999.25         2.68      -999.25      -999.25       100.70      -999.25      -999.25       109.74      1035.49
  1035.75         20.32      -999.25         2.40      -999.25         2.49      -999.25      -999.25        99.28      -999.25      -999.25       109.74      1035.74
  1036.00         17.71      -999.25         2.53      -999.25         2.42      -999.25      -999.25       100.57      -999.25      -999.25       109.74      1035.99
  1036.25         21.28      -999.25         2.44      -999.25         2.55      -999.25      -999.25        96.41      -999.25      -999.25       109.74      1036.24
  1036.50         32.48      -999.25         2.38      -999.25         2.55      -999.25      -999.25        98.96      -999.25      -999.25       109.74      1036.49
  1036.75         37.82      -999.25         2.24      -999.25         2.49      -999.25      -999.25       102.79      -999.25      -999.25       109.74      1036.74
  1037.00         43.17      -999.25         2.44      -999.25         2.83      -999.25      -999.25       104.14      -999.25      -999.25       109.74      1036.99
  1037.25         55.49      -999.25         2.47      -999.25         3.12      -999.25      -999.25       103.73      -999.25      -999.25       109.74      1037.24
  1037.50         65.45      -999.25         2.24      -999.25         2.61      -999.25      -999.25       102.59      -999.25      -999.25       109.74      1037.49
  1037.75         69.74      -999.25         2.69      -999.25         2.69      -999.25      -999.25       103.14      -999.25      -999.25       109.74      1037.74
  1038.00         66.10      -999.25         2.21      -999.25         2.70      -999.25      -999.25        95.39      -999.25      -999.25       109.74      1037.99
  1038.25         62.46      -999.25         1.70      -999.25         1.95      -999.25      -999.25        92.32      -999.25      -999.25       109.74      1038.24
  1038.50         57.07      -999.25         2.03      -999.25         2.89      -999.25      -999.25        88.23      -999.25      -999.25       109.74      1038.49
  1038.75         56.24      -999.25         1.49      -999.25         1.47      -999.25      -999.25        82.30      -999.25      -999.25       109.74      1038.74
  1039.00         50.28      -999.25         1.73      -999.25         2.04      -999.25      -999.25        75.60      -999.25      -999.25       109.74      1038.99
  1039.25         43.31      -999.25         1.82      -999.25         2.27      -999.25      -999.25        78.87      -999.25      -999.25       109.74      1039.24
  1039.50         42.13      -999.25         1.80      -999.25         1.94      -999.25      -999.25        80.58      -999.25      -999.25       109.74      1039.49
  1039.75         40.94      -999.25         1.82      -999.25         1.96      -999.25      -999.25        83.51      -999.25      -999.25       109.74      1039.74
  1040.00         34.96      -999.25         1.82      -999.25         2.12      -999.25      -999.25        80.00      -999.25      -999.25       109.74      1039.99
  1040.25         28.05      -999.25         1.75      -999.25         1.93      -999.25      -999.25        77.70      -999.25      -999.25       109.74      1040.24
  1040.50         24.81      -999.25         1.76      -999.25         2.01      -999.25      -999.25        78.97      -999.25      -999.25       109.74      1040.49
  1040.75         24.48      -999.25         1.62      -999.25         1.80      -999.25      -999.25        79.39      -999.25      -999.25       109.74      1040.74
  1041.00         24.15      -999.25         1.52      -999.25         1.69      -999.25      -999.25        81.50      -999.25      -999.25       109.74      1040.99
  1041.25         28.01      -999.25         1.52      -999.25         1.77      -999.25      -999.25        85.60      -999.25      -999.25       109.74      1041.24
  1041.50         29.30      -999.25         1.53      -999.25         1.77      -999.25      -999.25        96.30      -999.25      -999.25       109.74      1041.49
  1041.75         31.86      -999.25         1.49      -999.25         1.66      -999.25      -999.25        99.28      -999.25      -999.25       109.74      1041.74
  1042.00         23.56      -999.25         1.61      -999.25         1.86      -999.25      -999.25        96.66      -999.25      -999.25       109.74      1041.99
  1042.25         18.29      -999.25         1.71      -999.25         1.97      -999.25      -999.25       102.21      -999.25      -999.25       109.74      1042.24
  1042.50         13.02      -999.25         1.58      -999.25         1.85      -999.25      -999.25       119.76      -999.25      -999.25       109.74      1042.49
  1042.75         14.89      -999.25         1.68      -999.25         1.93      -999.25      -999.25       110.25      -999.25      -999.25       109.74      1042.74
  1043.00         14.34      -999.25         1.68      -999.25         1.84      -999.25      -999.25        87.18      -999.25      -999.25       109.74      1042.99
  1043.25         21.12      -999.25         1.71      -999.25         1.84      -999.25      -999.25        84.00      -999.25      -999.25       109.74      1043.24
  1043.50         53.67      -999.25         1.68      -999.25         2.03      -999.25      -999.25        84.35      -999.25      -999.25       109.74      1043.49
  1043.75         86.22      -999.25         1.58      -999.25         1.72      -999.25      -999.25        92.12      -999.25      -999.25       109.74      1043.74
  1044.00         85.87      -999.25         1.54      -999.25         1.62      -999.25      -999.25        91.18      -999.25      -999.25       109.74      1043.99
  1044.25         85.52      -999.25         1.57      -999.25         1.68      -999.25      -999.25        90.45      -999.25      -999.25       109.74      1044.24
  1044.50         85.17      -999.25         1.64      -999.25         1.95      -999.25      -999.25        75.23      -999.25      -999.25       109.74      1044.49
  1044.75         84.82      -999.25         1.67      -999.25         1.73      -999.25      -999.25        72.59      -999.25      -999.25       109.74      1044.74
  1045.00         84.47      -999.25         1.67      -999.25         1.93      -999.25      -999.25        75.11      -999.25      -999.25       109.74      1044.99
  1045.25         84.12      -999.25         1.63      -999.25         2.04      -999.25      -999.25        75.97      -999.25      -999.25       109.74      1045.24
  1045.50         83.77      -999.25         1.69      -999.25         1.94      -999.25      -999.25        76.08      -999.25      -999.25       109.74      1045.49
  1045.75         91.15      -999.25         1.78      -999.25         2.06      -999.25      -999.25        77.29      -999.25      -999.25       109.74      1045.74
  1046.00         72.86      -999.25         1.65      -999.25         1.89      -999.25      -999.25        74.49      -999.25      -999.25       109.74      1045.99
  1046.25         65.60      -999.25         1.80      -999.25         2.06      -999.25      -999.25        75.23      -999.25      -999.25       109.74      1046.24
  1046.50         58.33      -999.25         1.56      -999.25         1.98      -999.25      -999.25        80.22      -999.25      -999.25       109.74      1046.49
  1046.75         62.85      -999.25         1.63      -999.25         1.88      -999.25      -999.25        84.37      -999.25      -999.25       109.74      1046.74
  1047.00         51.13      -999.25         1.61      -999.25         1.60      -999.25      -999.25        80.93      -999.25      -999.25       109.74      1046.99
  1047.25         34.75      -999.25         1.97      -999.25         1.97      -999.25      -999.25        80.41      -999.25      -999.25       109.74      1047.24
  1047.50         35.50      -999.25         1.99      -999.25         2.26      -999.25      -999.25        93.22      -999.25      -999.25       109.74      1047.49
  1047.75         37.32      -999.25         1.93      -999.25         2.22      -999.25      -999.25        91.36      -999.25      -999.25       109.74      1047.74
  1048.00         39.15      -999.25         1.96      -999.25         1.97      -999.25      -999.25        92.20      -999.25      -999.25       109.74      1047.99
  1048.25         44.17      -999.25         1.81      -999.25         2.32      -999.25      -999.25        87.66      -999.25      -999.25       109.74      1048.24
  1048.50         55.04      -999.25         1.72      -999.25         1.94      -999.25      -999.25        87.65      -999.25      -999.25       109.74      1048.49
  1048.75         52.17      -999.25         1.77      -999.25         1.92      -999.25      -999.25        86.74      -999.25      -999.25       109.74      1048.74
  1049.00         52.92      -999.25         1.74      -999.25         1.92      -999.25      -999.25        90.57      -999.25      -999.25       109.74      1048.99
  1049.25         52.63      -999.25         1.94      -999.25         2.30      -999.25      -999.25        94.69      -999.25      -999.25       109.74      1049.24
  1049.50         52.33      -999.25         2.12      -999.25         2.43      -999.25      -999.25        92.41      -999.25      -999.25       109.74      1049.49
  1049.75         59.30      -999.25         2.18      -999.25         2.50      -999.25      -999.25        93.49      -999.25      -999.25       109.74      1049.74
  1050.00         65.53      -999.25         2.22      -999.25         2.49      -999.25      -999.25        94.92      -999.25      -999.25       109.74      1049.99
  1050.25         37.90      -999.25         1.87      -999.25         1.68      -999.25      -999.25        96.53      -999.25      -999.25       109.74      1050.24
  1050.50         32.92      -999.25         1.78      -999.25         2.14      -999.25      -999.25        93.72      -999.25      -999.25       109.74      1050.49
  1050.75         27.93      -999.25         2.00      -999.25         2.35      -999.25      -999.25        95.49      -999.25      -999.25       109.74      1050.74
  1051.00         40.14      -999.25         1.98      -999.25         2.26      -999.25      -999.25        91.34      -999.25      -999.25       109.74      1050.99
  1051.25         38.94      -999.25         1.92      -999.25         1.80      -999.25      -999.25        91.80      -999.25      -999.25       109.74      1051.24
  1051.50         57.37      -999.25         2.13      -999.25         2.27      -999.25      -999.25        94.23      -999.25      -999.25       109.74      1051.49
  1051.75         75.16      -999.25         2.17      -999.25         2.56      -999.25      -999.25        93.27      -999.25      -999.25       109.74      1051.74
  1052.00         83.37      -999.25         2.09      -999.25         2.27      -999.25      -999.25        93.31      -999.25      -999.25       109.74      1051.99
  1052.25         91.58      -999.25         2.20      -999.25         2.54      -999.25      -999.25        94.40      -999.25      -999.25       109.74      1052.24
  1052.50        112.92      -999.25         2.28      -999.25         2.33      -999.25      -999.25        97.83      -999.25      -999.25       109.74      1052.49
  1052.75        119.95      -999.25         2.33      -999.25         2.59      -999.25      -999.25       100.93      -999.25      -999.25       109.74      1052.74
  1053.00        121.30      -999.25         2.35      -999.25         2.74      -999.25      -999.25       101.86      -999.25      -999.25       109.74      1052.99
  1053.25        101.17      -999.25         2.28      -999.25         2.65      -999.25      -999.25        99.02      -999.25      -999.25       109.74      1053.24
  1053.50         81.03      -999.25         1.83      -999.25         2.03      -999.25      -999.25        94.69      -999.25      -999.25       109.74      1053.49
  1053.75         40.86      -999.25         1.78      -999.25         1.59      -999.25      -999.25        89.54      -999.25      -999.25       109.74      1053.74
  1054.00         34.68      -999.25         2.19      -999.25         2.45      -999.25      -999.25        90.56      -999.25      -999.25       109.74      1053.99
  1054.25         31.56      -999.25         2.34      -999.25         3.03      -999.25      -999.25        90.56      -999.25      -999.25       109.74      1054.24
  1054.50         29.70      -999.25         2.15      -999.25         2.89      -999.25      -999.25        96.60      -999.25      -999.25       109.74      1054.49
  1054.75         30.01      -999.25         1.96      -999.25         1.96      -999.25      -999.25       103.37      -999.25      -999.25       109.74      1054.74
  1055.00         30.32      -999.25         2.21      -999.25         2.35      -999.25      -999.25        97.05      -999.25      -999.25       109.74      1054.99
  1055.25         35.63      -999.25         2.21      -999.25         2.32      -999.25      -999.25        96.79      -999.25      -999.25       109.74      1055.24
  1055.50         44.63      -999.25         2.18      -999.25         2.25      -999.25      -999.25        97.03      -999.25      -999.25       109.74      1055.49
  1055.75         43.49      -999.25         2.50      -999.25         2.81      -999.25      -999.25        97.65      -999.25      -999.25       109.74      1055.74
  1056.00         42.68      -999.25         2.31      -999.25         2.30      -999.25      -999.25        99.42      -999.25      -999.25       109.74      1055.99
  1056.25         41.88      -999.25         2.37      -999.25         2.93      -999.25      -999.25        98.04      -999.25      -999.25       109.74      1056.24
  1056.50         39.74      -999.25         2.15      -999.25         2.34      -999.25      -999.25        97.64      -999.25      -999.25       109.74      1056.49
  1056.75         42.11      -999.25         2.24      -999.25         2.40      -999.25      -999.25        95.72      -999.25      -999.25       109.74      1056.74
  1057.00         34.31      -999.25         2.34      -999.25         2.96      -999.25      -999.25        98.94      -999.25      -999.25       109.74      1056.99
  1057.25         37.17      -999.25         2.24      -999.25         2.13      -999.25      -999.25       101.77      -999.25      -999.25       109.74      1057.24
  1057.50         39.59      -999.25         2.36      -999.25         2.67      -999.25      -999.25       102.15      -999.25      -999.25       109.74      1057.49
  1057.75         42.02      -999.25         2.26      -999.25         2.21      -999.25      -999.25        99.62      -999.25      -999.25       109.74      1057.74
  1058.00         52.24      -999.25         2.50      -999.25         3.21      -999.25      -999.25       102.69      -999.25      -999.25       109.74      1057.99
  1058.25         31.34      -999.25         2.33      -999.25         2.21      -999.25      -999.25        92.10      -999.25      -999.25       109.74      1058.24
  1058.50         29.59      -999.25         2.27      -999.25         2.51      -999.25      -999.25        90.23      -999.25      -999.25       109.74      1058.49
  1058.75         31.92      -999.25         2.42      -999.25         3.24      -999.25      -999.25        90.73      -999.25      -999.25       109.74      1058.74
  1059.00         34.25      -999.25         2.10      -999.25         2.25      -999.25      -999.25        95.21      -999.25      -999.25       109.74      1058.99
  1059.25         38.40      -999.25         2.31      -999.25         2.61      -999.25      -999.25        96.78      -999.25      -999.25       109.74      1059.24
  1059.50         28.65      -999.25         2.42      -999.25         2.96      -999.25      -999.25        94.77      -999.25      -999.25       109.74      1059.49
  1059.75         33.18      -999.25         2.34      -999.25         2.59      -999.25      -999.25        92.10      -999.25      -999.25       109.74      1059.74
  1060.00         24.80      -999.25         2.42      -999.25         2.63      -999.25      -999.25        90.23      -999.25      -999.25       109.74      1059.99
  1060.25         23.14      -999.25         2.45      -999.25         2.67      -999.25      -999.25        90.73      -999.25      -999.25       109.74      1060.24
  1060.50         21.48      -999.25         2.32      -999.25         2.59      -999.25      -999.25        94.62      -999.25      -999.25       109.74      1060.49
  1060.75         16.43      -999.25         2.51      -999.25         2.79      -999.25      -999.25        97.03      -999.25      -999.25       109.74      1060.74
  1061.00         23.26      -999.25         2.36      -999.25         2.44      -999.25      -999.25        93.87      -999.25      -999.25       109.74      1060.99
  1061.25         16.35      -999.25         2.36      -999.25         2.38      -999.25      -999.25        94.20      -999.25      -999.25       109.74      1061.24
  1061.50         16.35      -999.25         2.28      -999.25         2.37      -999.25      -999.25        97.17      -999.25      -999.25       109.74      1061.49
  1061.75         18.10      -999.25         2.40      -999.25         2.39      -999.25      -999.25        97.36      -999.25      -999.25       109.74      1061.74
  1062.00         19.86      -999.25         2.70      -999.25         3.41      -999.25      -999.25        95.45      -999.25      -999.25       109.74      1061.99
  1062.25         30.97      -999.25         2.43      -999.25         2.52      -999.25      -999.25        95.97      -999.25      -999.25       109.74      1062.24
  1062.50         26.19      -999.25         2.38      -999.25         2.73      -999.25      -999.25        95.73      -999.25      -999.25       109.74      1062.49
  1062.75         26.74      -999.25         2.48      -999.25         2.76      -999.25      -999.25        92.10      -999.25      -999.25       109.74      1062.74
  1063.00         25.42      -999.25         2.59      -999.25         2.73      -999.25      -999.25        93.88      -999.25      -999.25       109.74      1062.99
  1063.25         24.10      -999.25         2.45      -999.25         2.55      -999.25      -999.25        95.98      -999.25      -999.25       109.74      1063.24
  1063.50         17.48      -999.25         2.05      -999.25         2.21      -999.25      -999.25       100.41      -999.25      -999.25       109.74      1063.49
  1063.75         15.32      -999.25         2.49      -999.25         2.86      -999.25      -999.25        99.18      -999.25      -999.25       109.74      1063.74
  1064.00         16.55      -999.25         2.42      -999.25         3.12      -999.25      -999.25        97.58      -999.25      -999.25       109.74      1063.99
  1064.25         17.38      -999.25         2.28      -999.25         2.40      -999.25      -999.25        99.81      -999.25      -999.25       109.74      1064.24
  1064.50         17.94      -999.25         2.48      -999.25         2.70      -999.25      -999.25        95.50      -999.25      -999.25       109.74      1064.49
  1064.75         18.50      -999.25         2.68      -999.25         3.00      -999.25      -999.25        94.78      -999.25      -999.25       109.74      1064.74
  1065.00         17.28      -999.25         2.87      -999.25         3.31      -999.25      -999.25        93.19      -999.25      -999.25       109.74      1064.99
  1065.25         17.56      -999.25         2.37      -999.25         2.53      -999.25      -999.25        86.62      -999.25      -999.25       109.74      1065.24
  1065.50         16.32      -999.25         2.59      -999.25         2.74      -999.25      -999.25        86.88      -999.25      -999.25       109.74      1065.49
  1065.75         15.71      -999.25         1.94      -999.25         1.99      -999.25      -999.25      -999.25      -999.25      -999.25       109.74      1065.74
  1066.00         15.11      -999.25         1.99      -999.25         2.38      -999.25      -999.25      -999.25      -999.25      -999.25       109.74      1065.99
  1066.25         14.43      -999.25         2.24      -999.25         2.60      -999.25      -999.25      -999.25      -999.25      -999.25       109.74      1066.24
  1066.50         13.36      -999.25         2.01      -999.25         2.08      -999.25      -999.25      -999.25      -999.25      -999.25       109.74      1066.49
  1066.75         10.27      -999.25         1.95      -999.25         1.77      -999.25      -999.25      -999.25      -999.25      -999.25       109.74      1066.74
  1067.00         11.19      -999.25         2.03      -999.25         2.21      -999.25      -999.25      -999.25      -999.25      -999.25       109.74      1066.99
  1067.25         12.56      -999.25         1.97      -999.25         2.27      -999.25      -999.25      -999.25      -999.25      -999.25       109.74      1067.24
  1067.50         13.93      -999.25         2.16      -999.25         2.35      -999.25      -999.25      -999.25      -999.25      -999.25       109.74      1067.49
  1067.75         16.26      -999.25         2.16      -999.25         2.49      -999.25      -999.25      -999.25      -999.25      -999.25       109.74      1067.74
  1068.00         16.72      -999.25         1.79      -999.25         1.98      -999.25      -999.25      -999.25      -999.25      -999.25       109.74      1067.99
  1068.25         16.65      -999.25         1.70      -999.25         1.85      -999.25      -999.25      -999.25      -999.25      -999.25       109.74      1068.24
  1068.50         16.44      -999.25         1.58      -999.25         1.32      -999.25      -999.25      -999.25      -999.25      -999.25       109.74      1068.49
  1068.75         16.23      -999.25         1.68      -999.25         1.66      -999.25      -999.25      -999.25      -999.25      -999.25       109.74      1068.74
  1069.00         14.73      -999.25         1.71      -999.25         1.81      -999.25      -999.25      -999.25      -999.25      -999.25       109.74      1068.99
  1069.25         14.04      -999.25         1.74      -999.25         2.27      -999.25      -999.25      -999.25      -999.25      -999.25       109.74      1069.24
  1069.50         13.95      -999.25         1.79      -999.25         1.99      -999.25      -999.25      -999.25      -999.25      -999.25       109.74      1069.49
  1069.75         15.12      -999.25         1.98      -999.25         2.29      -999.25      -999.25      -999.25      -999.25      -999.25       109.74      1069.74
  1070.00         16.67      -999.25         1.99      -999.25         2.60      -999.25      -999.25      -999.25      -999.25      -999.25       109.74      1069.99
  1070.25         18.21      -999.25         2.07      -999.25         2.41      -999.25      -999.25      -999.25      -999.25      -999.25       109.74      1070.24
  1070.50         20.32      -999.25         2.18      -999.25         2.53      -999.25      -999.25      -999.25      -999.25      -999.25       109.74      1070.49
  1070.75         16.83      -999.25         2.27      -999.25         2.65      -999.25      -999.25      -999.25      -999.25      -999.25       109.74      1070.74
  1071.00         16.03      -999.25         2.26      -999.25         2.69      -999.25      -999.25      -999.25      -999.25      -999.25       109.74      1070.99
  1071.25         16.47      -999.25         2.21      -999.25         2.40      -999.25      -999.25      -999.25      -999.25      -999.25       109.74      1071.24
  1071.50         13.03      -999.25         2.19      -999.25         2.37      -999.25      -999.25      -999.25      -999.25      -999.25       109.74      1071.49
  1071.75          9.58      -999.25         2.27      -999.25         2.48      -999.25      -999.25      -999.25      -999.25      -999.25       109.74      1071.74
  1072.00         13.34      -999.25         2.13      -999.25         2.26      -999.25      -999.25      -999.25      -999.25      -999.25       109.85      1071.99
  1072.25         18.22      -999.25         2.20      -999.25         2.44      -999.25      -999.25      -999.25      -999.25      -999.25       109.74      1072.24
  1072.50         19.37      -999.25         2.23      -999.25         2.42      -999.25      -999.25      -999.25      -999.25      -999.25       109.74      1072.49
  1072.75         20.15      -999.25         2.32      -999.25         2.45      -999.25      -999.25      -999.25      -999.25      -999.25       109.74      1072.74
  1073.00         20.92      -999.25         2.47      -999.25         3.17      -999.25      -999.25      -999.25      -999.25      -999.25       109.74      1072.99
  1073.25         13.87      -999.25         2.35      -999.25         2.73      -999.25      -999.25      -999.25      -999.25      -999.25       109.74      1073.24
  1073.50         12.17      -999.25         2.42      -999.25         2.72      -999.25      -999.25      -999.25      -999.25      -999.25       109.74      1073.49
  1073.75         11.89      -999.25         2.29      -999.25         2.57      -999.25      -999.25      -999.25      -999.25      -999.25       109.74      1073.74
  1074.00         12.37      -999.25         2.44      -999.25         2.86      -999.25      -999.25      -999.25      -999.25      -999.25       109.74      1073.99
  1074.25         13.06      -999.25         2.36      -999.25         2.73      -999.25      -999.25      -999.25      -999.25      -999.25       109.74      1074.24
  1074.50         13.74      -999.25         2.29      -999.25         2.55      -999.25      -999.25      -999.25      -999.25      -999.25       109.74      1074.49
  1074.75         16.68      -999.25         2.17      -999.25         2.48      -999.25      -999.25      -999.25      -999.25      -999.25       109.74      1074.74
  1075.00         18.18      -999.25         2.29      -999.25         2.62      -999.25      -999.25      -999.25      -999.25      -999.25       109.74      1074.99
  1075.25         22.16      -999.25         2.21      -999.25         2.36      -999.25      -999.25      -999.25      -999.25      -999.25       109.74      1075.24
  1075.50         22.45      -999.25         2.28      -999.25         2.51      -999.25      -999.25      -999.25      -999.25      -999.25       109.74      1075.49
  1075.75         22.73      -999.25         2.54      -999.25         2.86      -999.25      -999.25      -999.25      -999.25      -999.25       109.74      1075.74
  1076.00         22.13      -999.25         2.28      -999.25         2.72      -999.25      -999.25      -999.25      -999.25      -999.25       109.74      1075.99
  1076.25         19.88      -999.25         2.36      -999.25         2.91      -999.25      -999.25      -999.25      -999.25      -999.25       109.74      1076.24
  1076.50         19.66      -999.25         2.07      -999.25         2.19      -999.25      -999.25      -999.25      -999.25      -999.25       109.74      1076.49
  1076.75         21.99      -999.25         2.29      -999.25         2.84      -999.25      -999.25      -999.25      -999.25      -999.25       109.74      1076.74
  1077.00         22.13      -999.25         2.04      -999.25         2.60      -999.25      -999.25      -999.25      -999.25      -999.25       109.74      1076.99
  1077.25         22.28      -999.25         2.27      -999.25         2.50      -999.25      -999.25      -999.25      -999.25      -999.25       109.74      1077.24
  1077.50         22.15      -999.25         2.56      -999.25         2.95      -999.25      -999.25      -999.25      -999.25      -999.25       109.74      1077.49
  1077.75         20.54      -999.25         3.07      -999.25         3.43      -999.25      -999.25      -999.25      -999.25      -999.25       109.85      1077.74
  1078.00         17.68      -999.25         3.14      -999.25         4.61      -999.25      -999.25      -999.25      -999.25      -999.25       109.85      1077.99
  1078.25         17.45      -999.25         3.14      -999.25         3.81      -999.25      -999.25      -999.25      -999.25      -999.25       109.85      1078.24
  1078.50         17.23      -999.25         2.78      -999.25         2.87      -999.25      -999.25      -999.25      -999.25      -999.25       110.07      1078.49
  1078.75         16.96      -999.25         3.00      -999.25         3.24      -999.25      -999.25      -999.25      -999.25      -999.25       110.41      1078.74
  1079.00         19.25      -999.25         2.85      -999.25         2.79      -999.25      -999.25      -999.25      -999.25      -999.25       109.85      1078.99
  1079.25         20.13      -999.25         2.86      -999.25         3.96      -999.25      -999.25      -999.25      -999.25      -999.25       109.85      1079.24
  1079.50         19.26      -999.25         2.98      -999.25         4.19      -999.25      -999.25      -999.25      -999.25      -999.25       111.43      1079.49
  1079.75         16.78      -999.25         2.65      -999.25         3.16      -999.25      -999.25      -999.25      -999.25      -999.25       110.86      1079.74
  1080.00         14.29      -999.25         2.27      -999.25         2.18      -999.25      -999.25      -999.25      -999.25      -999.25       109.96      1079.99
  1080.25         18.61      -999.25         2.47      -999.25         2.58      -999.25      -999.25      -999.25      -999.25      -999.25       110.97      1080.24
  1080.50         23.37      -999.25         3.08      -999.25         4.57      -999.25      -999.25      -999.25      -999.25      -999.25       112.78      1080.49
  1080.75         28.76      -999.25         2.59      -999.25         2.83      -999.25      -999.25      -999.25      -999.25      -999.25       110.07      1080.74
  1081.00         28.54      -999.25         3.02      -999.25         3.00      -999.25      -999.25      -999.25      -999.25      -999.25       110.64      1080.99
  1081.25         28.31      -999.25         2.62      -999.25         2.96      -999.25      -999.25      -999.25      -999.25      -999.25       110.30      1081.24
  1081.50         27.97      -999.25         2.00      -999.25         1.89      -999.25      -999.25      -999.25      -999.25      -999.25       110.75      1081.49
  1081.75         21.53      -999.25         2.90      -999.25         4.11      -999.25      -999.25      -999.25      -999.25      -999.25       113.11      1081.74
  1082.00         22.39      -999.25         2.47      -999.25         2.74      -999.25      -999.25      -999.25      -999.25      -999.25       110.30      1081.99
  1082.25         23.41      -999.25         2.84      -999.25         3.67      -999.25      -999.25      -999.25      -999.25      -999.25       113.11      1082.24
  1082.50         23.65      -999.25         2.67      -999.25         3.28      -999.25      -999.25      -999.25      -999.25      -999.25       112.21      1082.49
  1082.75         23.89      -999.25         2.69      -999.25         3.31      -999.25      -999.25      -999.25      -999.25      -999.25       113.00      1082.74
  1083.00         26.05      -999.25         2.58      -999.25         3.14      -999.25      -999.25      -999.25      -999.25      -999.25       112.44      1082.99
  1083.25         26.19      -999.25         2.67      -999.25         3.02      -999.25      -999.25      -999.25      -999.25      -999.25       112.10      1083.24
  1083.50         23.64      -999.25         2.44      -999.25         2.79      -999.25      -999.25      -999.25      -999.25      -999.25       113.22      1083.49
  1083.75         22.68      -999.25         2.28      -999.25         2.09      -999.25      -999.25      -999.25      -999.25      -999.25       111.09      1083.74
  1084.00         22.77      -999.25         2.26      -999.25         2.03      -999.25      -999.25      -999.25      -999.25      -999.25       112.66      1083.99
  1084.25         22.87      -999.25         2.79      -999.25         3.61      -999.25      -999.25      -999.25      -999.25      -999.25       113.22      1084.24
  1084.50         23.49      -999.25         2.58      -999.25         3.07      -999.25      -999.25      -999.25      -999.25      -999.25       112.89      1084.49
  1084.75         23.90      -999.25         2.41      -999.25         2.68      -999.25      -999.25      -999.25      -999.25      -999.25       111.76      1084.74
  1085.00         20.39      -999.25         2.45      -999.25         3.07      -999.25      -999.25      -999.25      -999.25      -999.25       113.34      1084.99
  1085.25         19.01      -999.25         2.34      -999.25         2.64      -999.25      -999.25      -999.25      -999.25      -999.25       113.22      1085.24
  1085.50         17.64      -999.25         2.39      -999.25         2.78      -999.25      -999.25      -999.25      -999.25      -999.25       113.34      1085.49
  1085.75         15.55      -999.25         2.39      -999.25         3.24      -999.25      -999.25      -999.25      -999.25      -999.25       113.34      1085.74
  1086.00         17.13      -999.25         2.56      -999.25         2.97      -999.25      -999.25      -999.25      -999.25      -999.25       113.34      1085.99
  1086.25         19.38      -999.25         2.66      -999.25         3.62      -999.25      -999.25      -999.25      -999.25      -999.25       113.34      1086.24
  1086.50         20.24      -999.25         2.56      -999.25         2.78      -999.25      -999.25      -999.25      -999.25      -999.25       113.22      1086.49
  1086.75         20.35      -999.25         2.61      -999.25         2.85      -999.25      -999.25      -999.25      -999.25      -999.25       113.34      1086.74
  1087.00         20.46      -999.25         2.91      -999.25         3.51      -999.25      -999.25      -999.25      -999.25      -999.25       113.34      1086.99
  1087.25         20.86      -999.25         3.07      -999.25         4.18      -999.25      -999.25      -999.25      -999.25      -999.25       113.34      1087.24
  1087.50         17.99      -999.25         2.94      -999.25         3.51      -999.25      -999.25      -999.25      -999.25      -999.25       113.34      1087.49
  1087.75         18.18      -999.25         2.75      -999.25         3.10      -999.25      -999.25      -999.25      -999.25      -999.25       113.34      1087.74
  1088.00         17.88      -999.25         2.37      -999.25         2.28      -999.25      -999.25      -999.25      -999.25      -999.25       113.34      1087.99
  1088.25         17.58      -999.25         2.53      -999.25         2.50      -999.25      -999.25      -999.25      -999.25      -999.25       113.34      1088.24
  1088.50         16.71      -999.25         3.03      -999.25         3.97      -999.25      -999.25      -999.25      -999.25      -999.25       113.34      1088.49
  1088.75         15.43      -999.25         2.64      -999.25         3.08      -999.25      -999.25      -999.25      -999.25      -999.25       113.34      1088.74
  1089.00         14.63      -999.25         3.10      -999.25         3.99      -999.25      -999.25      -999.25      -999.25      -999.25       113.34      1088.99
  1089.25         14.23      -999.25         2.88      -999.25         3.85      -999.25      -999.25      -999.25      -999.25      -999.25       113.34      1089.24
  1089.50         14.04      -999.25         2.71      -999.25         3.28      -999.25      -999.25      -999.25      -999.25      -999.25       113.34      1089.49
  1089.75         13.86      -999.25         2.42      -999.25         2.31      -999.25      -999.25      -999.25      -999.25      -999.25       113.34      1089.74
  1090.00         13.66      -999.25         2.51      -999.25         2.47      -999.25      -999.25      -999.25      -999.25      -999.25       113.34      1089.99
  1090.25         11.35      -999.25         2.22      -999.25         2.44      -999.25      -999.25      -999.25      -999.25      -999.25       113.34      1090.24
  1090.50         11.69      -999.25         2.34      -999.25         2.73      -999.25      -999.25      -999.25      -999.25      -999.25       113.34      1090.49
  1090.75         11.86      -999.25         2.43      -999.25         2.63      -999.25      -999.25      -999.25      -999.25      -999.25       113.34      1090.74
  1091.00         12.02      -999.25         2.34      -999.25         2.61      -999.25      -999.25      -999.25      -999.25      -999.25       113.34      1090.99
  1091.25         13.05      -999.25         2.29      -999.25         2.61      -999.25      -999.25      -999.25      -999.25      -999.25       113.34      1091.24
  1091.50         13.72      -999.25         2.23      -999.25         2.61      -999.25      -999.25      -999.25      -999.25      -999.25       113.34      1091.49
  1091.75         14.55      -999.25         2.17      -999.25         2.60      -999.25      -999.25      -999.25      -999.25      -999.25       113.34      1091.74
  1092.00         13.37      -999.25         2.11      -999.25         2.60      -999.25      -999.25      -999.25      -999.25      -999.25       113.34      1091.99
  1092.25         13.66      -999.25         2.18      -999.25         2.77      -999.25      -999.25      -999.25      -999.25      -999.25       113.34      1092.24
  1092.50         13.95      -999.25         2.24      -999.25         2.94      -999.25      -999.25      -999.25      -999.25      -999.25       113.34      1092.49
  1092.75         14.08      -999.25         2.25      -999.25         2.90      -999.25      -999.25      -999.25      -999.25      -999.25       113.34      1092.74
  1093.00         14.78      -999.25         2.26      -999.25         2.86      -999.25      -999.25      -999.25      -999.25      -999.25       113.34      1092.99
  1093.25         11.55      -999.25         2.26      -999.25         2.82      -999.25      -999.25      -999.25      -999.25      -999.25       113.34      1093.24
  1093.50         11.47      -999.25         2.66      -999.25         2.75      -999.25      -999.25      -999.25      -999.25      -999.25       113.34      1093.49
  1093.75         12.05      -999.25         3.06      -999.25         2.69      -999.25      -999.25      -999.25      -999.25      -999.25       113.34      1093.74
  1094.00         12.63      -999.25         3.27      -999.25         3.17      -999.25      -999.25      -999.25      -999.25      -999.25       113.34      1093.99
  1094.25         14.23      -999.25         3.06      -999.25         2.96      -999.25      -999.25      -999.25      -999.25      -999.25       113.34      1094.24
  1094.50         14.99      -999.25         2.84      -999.25         2.74      -999.25      -999.25      -999.25      -999.25      -999.25       113.34      1094.49
  1094.75         17.02      -999.25         2.62      -999.25         2.53      -999.25      -999.25      -999.25      -999.25      -999.25       113.34      1094.74
  1095.00         17.29      -999.25         2.59      -999.25         2.80      -999.25      -999.25      -999.25      -999.25      -999.25       113.34      1094.99
  1095.25         17.56      -999.25         2.55      -999.25         3.08      -999.25      -999.25      -999.25      -999.25      -999.25       113.34      1095.24
  1095.50         19.14      -999.25         2.52      -999.25         2.62      -999.25      -999.25      -999.25      -999.25      -999.25       113.34      1095.49
  1095.75         21.41      -999.25         2.52      -999.25         2.56      -999.25      -999.25      -999.25      -999.25      -999.25       113.34      1095.74
  1096.00         21.21      -999.25         2.46      -999.25         3.32      -999.25      -999.25      -999.25      -999.25      -999.25       113.34      1095.99
  1096.25         18.77      -999.25         2.54      -999.25         2.87      -999.25      -999.25      -999.25      -999.25      -999.25       113.34      1096.24
  1096.50         17.57      -999.25         2.36      -999.25         2.60      -999.25      -999.25      -999.25      -999.25      -999.25       113.34      1096.49
  1096.75         16.36      -999.25         2.50      -999.25         3.23      -999.25      -999.25      -999.25      -999.25      -999.25       113.34      1096.74
  1097.00         14.78      -999.25         2.97      -999.25         3.61      -999.25      -999.25      -999.25      -999.25      -999.25       113.34      1096.99
  1097.25         15.19      -999.25         2.88      -999.25         4.16      -999.25      -999.25      -999.25      -999.25      -999.25       113.34      1097.24
  1097.50         16.62      -999.25         2.37      -999.25         2.92      -999.25      -999.25      -999.25      -999.25      -999.25       113.34      1097.49
  1097.75         17.67      -999.25         1.68      -999.25         1.41      -999.25      -999.25      -999.25      -999.25      -999.25       113.34      1097.74
  1098.00         18.73      -999.25         2.13      -999.25         2.28      -999.25      -999.25      -999.25      -999.25      -999.25       113.34      1097.99
  1098.25         32.88      -999.25         2.35      -999.25         3.02      -999.25      -999.25      -999.25      -999.25      -999.25       113.34      1098.24
  1098.50         42.76      -999.25         2.40      -999.25         2.69      -999.25      -999.25      -999.25      -999.25      -999.25       113.34      1098.49
  1098.75         50.26      -999.25         2.34      -999.25         2.69      -999.25      -999.25      -999.25      -999.25      -999.25       113.34      1098.74
  1099.00         48.61      -999.25         2.36      -999.25         2.67      -999.25      -999.25      -999.25      -999.25      -999.25       113.34      1098.99
  1099.25         43.86      -999.25         2.32      -999.25         2.56      -999.25      -999.25      -999.25      -999.25      -999.25       113.34      1099.24
  1099.50         39.11      -999.25         2.46      -999.25         2.87      -999.25      -999.25      -999.25      -999.25      -999.25       113.34      1099.49
  1099.75         20.32      -999.25         2.18      -999.25         2.46      -999.25      -999.25      -999.25      -999.25      -999.25       113.34      1099.74
  1100.00         59.57      -999.25         2.29      -999.25         2.48      -999.25      -999.25      -999.25      -999.25      -999.25       113.34      1099.99
  1100.25         13.04      -999.25         2.35      -999.25         2.61      -999.25      -999.25      -999.25      -999.25      -999.25       113.34      1100.24
  1100.50          8.69      -999.25         2.37      -999.25         3.00      -999.25      -999.25      -999.25      -999.25      -999.25       102.76      1100.49
  1100.75          4.35      -999.25         2.42      -999.25         3.01      -999.25      -999.25      -999.25      -999.25      -999.25       102.76      1100.74
  1101.00          0.00      -999.25         2.50      -999.25         2.82      -999.25      -999.25      -999.25      -999.25      -999.25       102.76      1100.99
  1101.25          1.20      -999.25         2.61      -999.25         3.04      -999.25      -999.25      -999.25      -999.25      -999.25       102.76      1101.24
  1101.50          3.41      -999.25         2.47      -999.25         2.78      -999.25      -999.25      -999.25      -999.25      -999.25       102.76      1101.49
  1101.75          7.14      -999.25         2.40      -999.25         2.66      -999.25      -999.25      -999.25      -999.25      -999.25       104.90      1101.74
  1102.00          9.64      -999.25         2.37      -999.25         2.60      -999.25      -999.25      -999.25      -999.25      -999.25       106.03      1101.99
  1102.25         12.13      -999.25         2.40      -999.25         3.01      -999.25      -999.25      -999.25      -999.25      -999.25       105.91      1102.24
  1102.50         15.09      -999.25         2.41      -999.25         2.68      -999.25      -999.25      -999.25      -999.25      -999.25       105.91      1102.49
  1102.75         17.03      -999.25         2.26      -999.25         2.80      -999.25      -999.25      -999.25      -999.25      -999.25       106.25      1102.74
  1103.00         16.96      -999.25         2.34      -999.25         2.41      -999.25      -999.25      -999.25      -999.25      -999.25       106.25      1102.99
  1103.25         16.86      -999.25         2.29      -999.25         2.50      -999.25      -999.25      -999.25      -999.25      -999.25       106.25      1103.24
  1103.50         16.76      -999.25         2.45      -999.25         2.75      -999.25      -999.25      -999.25      -999.25      -999.25       106.25      1103.49
  1103.75         17.67      -999.25         2.35      -999.25         2.54      -999.25      -999.25      -999.25      -999.25      -999.25       106.25      1103.74
  1104.00         19.93      -999.25         2.36      -999.25         2.80      -999.25      -999.25      -999.25      -999.25      -999.25       106.25      1103.99
  1104.25         19.95      -999.25         2.33      -999.25         2.72      -999.25      -999.25      -999.25      -999.25      -999.25       106.25      1104.24
  1104.50         17.34      -999.25         2.36      -999.25         2.58      -999.25      -999.25      -999.25      -999.25      -999.25       106.25      1104.49
  1104.75         17.30      -999.25         2.27      -999.25         2.85      -999.25      -999.25      -999.25      -999.25      -999.25       106.25      1104.74
  1105.00         17.25      -999.25         2.21      -999.25         2.81      -999.25      -999.25      -999.25      -999.25      -999.25       106.25      1104.99
  1105.25         17.69      -999.25         2.40      -999.25         2.76      -999.25      -999.25      -999.25      -999.25      -999.25       106.25      1105.24
  1105.50         17.94      -999.25         2.29      -999.25         2.34      -999.25      -999.25      -999.25      -999.25      -999.25       106.25      1105.49
  1105.75         20.09      -999.25         2.38      -999.25         2.49      -999.25      -999.25      -999.25      -999.25      -999.25       106.25      1105.74
  1106.00         22.43      -999.25         2.39      -999.25         2.69      -999.25      -999.25      -999.25      -999.25      -999.25       106.25      1105.99
  1106.25         22.79      -999.25         2.31      -999.25         2.49      -999.25      -999.25      -999.25      -999.25      -999.25       106.25      1106.24
  1106.50         23.15      -999.25         2.29      -999.25         2.68      -999.25      -999.25      -999.25      -999.25      -999.25       106.25      1106.49
  1106.75         17.39      -999.25         2.34      -999.25         2.78      -999.25      -999.25      -999.25      -999.25      -999.25       106.25      1106.74
  1107.00         15.64      -999.25         2.36      -999.25         2.85      -999.25      -999.25      -999.25      -999.25      -999.25       106.25      1106.99
  1107.25         14.52      -999.25         2.36      -999.25         2.52      -999.25      -999.25      -999.25      -999.25      -999.25       106.25      1107.24
  1107.50         15.16      -999.25         2.31      -999.25         2.71      -999.25      -999.25      -999.25      -999.25      -999.25       106.25      1107.49
  1107.75         15.80      -999.25         2.22      -999.25         2.41      -999.25      -999.25      -999.25      -999.25      -999.25       106.25      1107.74
  1108.00         14.33      -999.25         2.34      -999.25         2.69      -999.25      -999.25      -999.25      -999.25      -999.25       106.25      1107.99
  1108.25         19.17      -999.25         2.17      -999.25         2.60      -999.25      -999.25      -999.25      -999.25      -999.25       106.25      1108.24
  1108.50         18.35      -999.25         2.30      -999.25         2.96      -999.25      -999.25      -999.25      -999.25      -999.25       106.25      1108.49
  1108.75         17.13      -999.25         2.25      -999.25         2.65      -999.25      -999.25      -999.25      -999.25      -999.25       106.25      1108.74
  1109.00         16.35      -999.25         2.45      -999.25         2.90      -999.25      -999.25      -999.25      -999.25      -999.25       106.25      1108.99
  1109.25         15.57      -999.25         2.57      -999.25         3.78      -999.25      -999.25      -999.25      -999.25      -999.25       106.25      1109.24
  1109.50         17.23      -999.25         2.36      -999.25         2.63      -999.25      -999.25      -999.25      -999.25      -999.25       106.25      1109.49
  1109.75         16.14      -999.25         2.56      -999.25         2.69      -999.25      -999.25      -999.25      -999.25      -999.25       106.25      1109.74
  1110.00         16.52      -999.25         2.54      -999.25         2.83      -999.25      -999.25      -999.25      -999.25      -999.25       106.25      1109.99
  1110.25         16.95      -999.25         2.47      -999.25         3.15      -999.25      -999.25      -999.25      -999.25      -999.25       106.25      1110.24
  1110.50         17.38      -999.25         1.97      -999.25         2.23      -999.25      -999.25      -999.25      -999.25      -999.25       106.25      1110.49
  1110.75         17.70      -999.25         2.30      -999.25         2.40      -999.25      -999.25      -999.25      -999.25      -999.25       106.25      1110.74
  1111.00         16.38      -999.25         2.39      -999.25         2.63      -999.25      -999.25      -999.25      -999.25      -999.25       106.25      1110.99
  1111.25         14.28      -999.25         2.45      -999.25         2.84      -999.25      -999.25      -999.25      -999.25      -999.25       106.25      1111.24
  1111.50         13.41      -999.25         2.48      -999.25         3.27      -999.25      -999.25      -999.25      -999.25      -999.25       106.25      1111.49
  1111.75         12.99      -999.25         2.46      -999.25         2.94      -999.25      -999.25      -999.25      -999.25      -999.25       106.25      1111.74
  1112.00         12.57      -999.25         2.44      -999.25         2.71      -999.25      -999.25      -999.25      -999.25      -999.25       106.25      1111.99
  1112.25         15.23      -999.25         2.49      -999.25         2.97      -999.25      -999.25      -999.25      -999.25      -999.25       106.25      1112.24
  1112.50         12.75      -999.25         2.57      -999.25         2.86      -999.25      -999.25      -999.25      -999.25      -999.25       106.25      1112.49
  1112.75         13.80      -999.25         2.41      -999.25         2.81      -999.25      -999.25      -999.25      -999.25      -999.25       106.25      1112.74
  1113.00         14.85      -999.25         2.20      -999.25         2.53      -999.25      -999.25      -999.25      -999.25      -999.25       106.25      1112.99
  1113.25         15.89      -999.25         2.48      -999.25         3.02      -999.25      -999.25      -999.25      -999.25      -999.25       106.25      1113.24
  1113.50         15.62      -999.25         2.18      -999.25         2.77      -999.25      -999.25      -999.25      -999.25      -999.25       106.36      1113.49
  1113.75         15.23      -999.25         2.26      -999.25         2.38      -999.25      -999.25      -999.25      -999.25      -999.25       107.71      1113.74
  1114.00         11.86      -999.25         2.62      -999.25         2.73      -999.25      -999.25      -999.25      -999.25      -999.25       108.72      1113.99
  1114.25         11.66      -999.25         2.38      -999.25         2.78      -999.25      -999.25      -999.25      -999.25      -999.25       109.51      1114.24
  1114.50         11.32      -999.25         2.56      -999.25         2.72      -999.25      -999.25      -999.25      -999.25      -999.25       109.63      1114.49
  1114.75         10.98      -999.25         2.48      -999.25         2.54      -999.25      -999.25      -999.25      -999.25      -999.25       108.61      1114.74
  1115.00         11.67      -999.25         2.35      -999.25         2.17      -999.25      -999.25      -999.25      -999.25      -999.25       109.74      1114.99
  1115.25         17.11      -999.25         2.45      -999.25         2.75      -999.25      -999.25      -999.25      -999.25      -999.25       109.74      1115.24
  1115.50         20.94      -999.25         2.63      -999.25         3.23      -999.25      -999.25      -999.25      -999.25      -999.25       109.74      1115.49
  1115.75         20.07      -999.25         2.33      -999.25         2.65      -999.25      -999.25      -999.25      -999.25      -999.25       109.74      1115.74
  1116.00         20.25      -999.25         2.42      -999.25         2.89      -999.25      -999.25      -999.25      -999.25      -999.25       109.74      1115.99
  1116.25         20.43      -999.25         2.50      -999.25         3.13      -999.25      -999.25      -999.25      -999.25      -999.25       109.74      1116.24
  1116.50         17.35      -999.25         2.53      -999.25         2.82      -999.25      -999.25      -999.25      -999.25      -999.25       109.74      1116.49
  1116.75         14.83      -999.25         2.30      -999.25         2.85      -999.25      -999.25      -999.25      -999.25      -999.25       109.74      1116.74
  1117.00         13.11      -999.25         1.82      -999.25         1.73      -999.25      -999.25      -999.25      -999.25      -999.25       109.74      1116.99
  1117.25         13.50      -999.25         2.05      -999.25         1.92      -999.25      -999.25      -999.25      -999.25      -999.25       109.74      1117.24
  1117.50         13.88      -999.25         2.26      -999.25         3.17      -999.25      -999.25      -999.25      -999.25      -999.25       109.74      1117.49
  1117.75         14.07      -999.25         2.24      -999.25         2.88      -999.25      -999.25      -999.25      -999.25      -999.25       109.74      1117.74
  1118.00         18.29      -999.25         2.26      -999.25         2.68      -999.25      -999.25      -999.25      -999.25      -999.25       109.74      1117.99
  1118.25         15.75      -999.25         2.01      -999.25         2.00      -999.25      -999.25      -999.25      -999.25      -999.25       109.74      1118.24
  1118.50         13.77      -999.25         2.32      -999.25         2.79      -999.25      -999.25      -999.25      -999.25      -999.25       109.74      1118.49
  1118.75         13.58      -999.25         2.12      -999.25         2.46      -999.25      -999.25      -999.25      -999.25      -999.25       109.74      1118.74
  1119.00         13.38      -999.25         1.85      -999.25         1.57      -999.25      -999.25      -999.25      -999.25      -999.25       109.74      1118.99
  1119.25         14.89      -999.25         2.37      -999.25         2.54      -999.25      -999.25      -999.25      -999.25      -999.25       109.74      1119.24
  1119.50         12.64      -999.25         2.47      -999.25         3.00      -999.25      -999.25      -999.25      -999.25      -999.25       109.74      1119.49
  1119.75         10.69      -999.25         2.40      -999.25         2.74      -999.25      -999.25      -999.25      -999.25      -999.25       109.74      1119.74
  1120.00         13.10      -999.25         2.15      -999.25         2.68      -999.25      -999.25      -999.25      -999.25      -999.25       109.74      1119.99
  1120.25         15.51      -999.25         2.06      -999.25         2.25      -999.25      -999.25      -999.25      -999.25      -999.25       109.74      1120.24
  1120.50         19.13      -999.25         2.19      -999.25         2.65      -999.25      -999.25      -999.25      -999.25      -999.25       109.74      1120.49
  1120.75         21.30      -999.25         2.00      -999.25         1.73      -999.25      -999.25      -999.25      -999.25      -999.25       109.74      1120.74
  1121.00         27.68      -999.25         2.40      -999.25         2.73      -999.25      -999.25      -999.25      -999.25      -999.25       109.74      1120.99
  1121.25         24.36      -999.25         2.34      -999.25         2.73      -999.25      -999.25      -999.25      -999.25      -999.25       109.74      1121.24
  1121.50         22.24      -999.25         2.27      -999.25         2.73      -999.25      -999.25      -999.25      -999.25      -999.25       109.74      1121.49
  1121.75         20.11      -999.25         2.21      -999.25         2.74      -999.25      -999.25      -999.25      -999.25      -999.25       109.74      1121.74
  1122.00         14.64      -999.25         2.15      -999.25         2.74      -999.25      -999.25      -999.25      -999.25      -999.25       109.74      1121.99
  1122.25         14.40      -999.25         2.28      -999.25         2.77      -999.25      -999.25      -999.25      -999.25      -999.25       109.74      1122.24
  1122.50         19.63      -999.25         2.42      -999.25         2.79      -999.25      -999.25      -999.25      -999.25      -999.25       109.74      1122.49
  1122.75         18.07      -999.25         2.55      -999.25         2.82      -999.25      -999.25      -999.25      -999.25      -999.25       109.74      1122.74
  1123.00         16.51      -999.25         2.68      -999.25         2.85      -999.25      -999.25      -999.25      -999.25      -999.25       109.74      1122.99
  1123.25         17.69      -999.25         2.18      -999.25         2.78      -999.25      -999.25      -999.25      -999.25      -999.25       109.74      1123.24
  1123.50         19.22      -999.25         2.70      -999.25         3.63      -999.25      -999.25      -999.25      -999.25      -999.25       109.74      1123.49
  1123.75         21.03      -999.25         2.17      -999.25         2.68      -999.25      -999.25      -999.25      -999.25      -999.25       109.74      1123.74
  1124.00         18.55      -999.25         2.32      -999.25         1.61      -999.25      -999.25      -999.25      -999.25      -999.25       109.74      1123.99
  1124.25         18.22      -999.25         2.26      -999.25         2.55      -999.25      -999.25      -999.25      -999.25      -999.25       109.74      1124.24
  1124.50         17.90      -999.25         2.23      -999.25         2.61      -999.25      -999.25      -999.25      -999.25      -999.25       109.74      1124.49
  1124.75         13.53      -999.25         1.78      -999.25         2.10      -999.25      -999.25      -999.25      -999.25      -999.25       109.74      1124.74
  1125.00         12.46      -999.25         2.25      -999.25         2.54      -999.25      -999.25      -999.25      -999.25      -999.25       109.74      1124.99
  1125.25         11.03      -999.25         2.21      -999.25         2.53      -999.25      -999.25      -999.25      -999.25      -999.25       109.74      1125.24
  1125.50         10.93      -999.25         2.25      -999.25         2.60      -999.25      -999.25      -999.25      -999.25      -999.25       109.74      1125.49
  1125.75         10.83      -999.25         2.19      -999.25         2.48      -999.25      -999.25      -999.25      -999.25      -999.25       109.74      1125.74
  1126.00          9.43      -999.25         2.18      -999.25         2.48      -999.25      -999.25      -999.25      -999.25      -999.25       109.74      1125.99
  1126.25         48.76      -999.25         2.18      -999.25         2.43      -999.25      -999.25      -999.25      -999.25      -999.25       109.74      1126.24
  1126.50        129.52      -999.25         2.20      -999.25         2.40      -999.25      -999.25      -999.25      -999.25      -999.25       109.74      1126.49
  1126.75        191.62      -999.25         2.22      -999.25         2.50      -999.25      -999.25      -999.25      -999.25      -999.25       109.74      1126.74
  1127.00        215.52      -999.25         2.28      -999.25         2.40      -999.25      -999.25      -999.25      -999.25      -999.25       109.74      1126.99
  1127.25        239.41      -999.25         2.51      -999.25         2.73      -999.25      -999.25      -999.25      -999.25      -999.25       109.74      1127.24
  1127.50        238.84      -999.25         2.55      -999.25         2.85      -999.25      -999.25      -999.25      -999.25      -999.25       109.74      1127.49
  1127.75        221.69      -999.25         2.64      -999.25         3.05      -999.25      -999.25      -999.25      -999.25      -999.25       109.74      1127.74
  1128.00        232.97      -999.25         2.59      -999.25         3.27      -999.25      -999.25      -999.25      -999.25      -999.25       109.74      1127.99
  1128.25        245.21      -999.25         2.48      -999.25         3.12      -999.25      -999.25      -999.25      -999.25      -999.25       109.74      1128.24
  1128.50        256.85      -999.25         2.32      -999.25         2.69      -999.25      -999.25      -999.25      -999.25      -999.25       109.74      1128.49
  1128.75        268.49      -999.25         2.20      -999.25         2.43      -999.25      -999.25      -999.25      -999.25      -999.25       109.74      1128.74
  1129.00        282.78      -999.25         2.27      -999.25         2.49      -999.25      -999.25      -999.25      -999.25      -999.25       109.74      1128.99
  1129.25        300.36      -999.25         2.27      -999.25         2.52      -999.25      -999.25      -999.25      -999.25      -999.25       109.16      1129.24
  1129.50        234.48      -999.25         2.24      -999.25         2.64      -999.25      -999.25      -999.25      -999.25      -999.25       108.58      1129.49
  1129.75        203.72      -999.25         2.23      -999.25         2.52      -999.25      -999.25      -999.25      -999.25      -999.25       107.99      1129.74
  1130.00        172.97      -999.25         2.26      -999.25         2.61      -999.25      -999.25      -999.25      -999.25      -999.25       107.41      1129.99
  1130.25        111.58      -999.25         2.28      -999.25         2.62      -999.25      -999.25      -999.25      -999.25      -999.25       106.83      1130.24
  1130.50         88.19      -999.25         2.20      -999.25         2.63      -999.25      -999.25      -999.25      -999.25      -999.25       106.25      1130.49
  1130.75         85.54      -999.25         2.17      -999.25         2.45      -999.25      -999.25      -999.25      -999.25      -999.25       106.25      1130.74
  1131.00         40.25      -999.25         2.13      -999.25         2.49      -999.25      -999.25      -999.25      -999.25      -999.25       106.25      1130.99
  1131.25         33.27      -999.25         2.12      -999.25         2.52      -999.25      -999.25      -999.25      -999.25      -999.25       106.25      1131.24
  1131.50         26.29      -999.25         2.08      -999.25         2.29      -999.25      -999.25      -999.25      -999.25      -999.25       107.60      1131.49
  1131.75         26.57      -999.25         2.05      -999.25         2.45      -999.25      -999.25      -999.25      -999.25      -999.25       107.26      1131.74
  1132.00         31.09      -999.25         2.04      -999.25         2.48      -999.25      -999.25      -999.25      -999.25      -999.25       107.49      1131.99
  1132.25         35.91      -999.25         2.09      -999.25         2.45      -999.25      -999.25      -999.25      -999.25      -999.25       108.44      1132.24
  1132.50         35.72      -999.25         2.17      -999.25         2.51      -999.25      -999.25      -999.25      -999.25      -999.25       109.40      1132.49
  1132.75         35.53      -999.25         2.16      -999.25         2.51      -999.25      -999.25      -999.25      -999.25      -999.25       109.74      1132.74
  1133.00         34.37      -999.25         2.22      -999.25         2.44      -999.25      -999.25      -999.25      -999.25      -999.25       109.74      1132.99
  1133.25         32.96      -999.25         2.36      -999.25         2.80      -999.25      -999.25      -999.25      -999.25      -999.25       109.74      1133.24
  1133.50         32.18      -999.25         2.44      -999.25         3.08      -999.25      -999.25      -999.25      -999.25      -999.25       109.74      1133.49
  1133.75         26.15      -999.25         2.36      -999.25         2.92      -999.25      -999.25      -999.25      -999.25      -999.25       109.74      1133.74
  1134.00         23.94      -999.25         2.27      -999.25         2.54      -999.25      -999.25      -999.25      -999.25      -999.25       109.74      1133.99
  1134.25         21.73      -999.25         2.23      -999.25         2.45      -999.25      -999.25      -999.25      -999.25      -999.25       109.74      1134.24
  1134.50         13.97      -999.25         2.19      -999.25         2.36      -999.25      -999.25      -999.25      -999.25      -999.25       109.74      1134.49
  1134.75         14.86      -999.25         2.24      -999.25         2.39      -999.25      -999.25      -999.25      -999.25      -999.25       109.74      1134.74
  1135.00         18.16      -999.25         2.14      -999.25         2.62      -999.25      -999.25      -999.25      -999.25      -999.25       109.74      1134.99
  1135.25         19.53      -999.25         2.12      -999.25         2.44      -999.25      -999.25      -999.25      -999.25      -999.25       109.74      1135.24
  1135.50         20.91      -999.25         2.12      -999.25         2.27      -999.25      -999.25      -999.25      -999.25      -999.25       109.74      1135.49
  1135.75         19.60      -999.25         2.18      -999.25         2.61      -999.25      -999.25      -999.25      -999.25      -999.25       109.74      1135.74
  1136.00         24.04      -999.25         2.21      -999.25         2.44      -999.25      -999.25      -999.25      -999.25      -999.25       109.74      1135.99
  1136.25         28.93      -999.25         2.29      -999.25         2.47      -999.25      -999.25      -999.25      -999.25      -999.25       109.74      1136.24
  1136.50         25.81      -999.25         2.28      -999.25         2.63      -999.25      -999.25      -999.25      -999.25      -999.25       109.74      1136.49
  1136.75         24.62      -999.25         2.19      -999.25         2.74      -999.25      -999.25      -999.25      -999.25      -999.25       109.74      1136.74
  1137.00         23.44      -999.25         2.18      -999.25         2.56      -999.25      -999.25      -999.25      -999.25      -999.25       109.74      1136.99
  1137.25         20.87      -999.25         2.14      -999.25         2.55      -999.25      -999.25      -999.25      -999.25      -999.25       109.74      1137.24
  1137.50         20.55      -999.25         2.30      -999.25         2.53      -999.25      -999.25      -999.25      -999.25      -999.25       109.74      1137.49
  1137.75         19.84      -999.25         2.22      -999.25         2.52      -999.25      -999.25      -999.25      -999.25      -999.25       109.74      1137.74
  1138.00         23.94      -999.25         2.19      -999.25         2.36      -999.25      -999.25      -999.25      -999.25      -999.25       109.74      1137.99
  1138.25         25.76      -999.25         2.15      -999.25         2.55      -999.25      -999.25      -999.25      -999.25      -999.25       109.74      1138.24
  1138.50         27.58      -999.25         2.11      -999.25         2.47      -999.25      -999.25      -999.25      -999.25      -999.25       109.74      1138.49
  1138.75         25.37      -999.25         2.24      -999.25         2.65      -999.25      -999.25      -999.25      -999.25      -999.25       109.74      1138.74
  1139.00         21.11      -999.25         2.15      -999.25         2.44      -999.25      -999.25      -999.25      -999.25      -999.25       109.74      1138.99
  1139.25         20.10      -999.25         2.19      -999.25         2.50      -999.25      -999.25      -999.25      -999.25      -999.25       109.74      1139.24
  1139.50         21.66      -999.25         2.12      -999.25         2.68      -999.25      -999.25      -999.25      -999.25      -999.25       109.74      1139.49
  1139.75         23.22      -999.25         2.17      -999.25         2.49      -999.25      -999.25      -999.25      -999.25      -999.25       109.74      1139.74
  1140.00         24.64      -999.25         2.22      -999.25         2.59      -999.25      -999.25      -999.25      -999.25      -999.25       109.74      1139.99
  1140.25         23.72      -999.25         2.15      -999.25         2.34      -999.25      -999.25      -999.25      -999.25      -999.25       109.74      1140.24
  1140.50         21.77      -999.25         2.17      -999.25         2.19      -999.25      -999.25      -999.25      -999.25      -999.25       109.74      1140.49
  1140.75         24.63      -999.25         3.03      -999.25         4.43      -999.25      -999.25      -999.25      -999.25      -999.25       109.74      1140.74
  1141.00         28.37      -999.25         2.46      -999.25         3.10      -999.25      -999.25      -999.25      -999.25      -999.25       109.74      1140.99
  1141.25         32.11      -999.25         2.76      -999.25         2.70      -999.25      -999.25      -999.25      -999.25      -999.25       109.74      1141.24
  1141.50         34.65      -999.25         2.76      -999.25         3.74      -999.25      -999.25      -999.25      -999.25      -999.25       109.74      1141.49
  1141.75         30.22      -999.25         2.52      -999.25         2.88      -999.25      -999.25      -999.25      -999.25      -999.25       109.74      1141.74
  1142.00         24.54      -999.25         2.48      -999.25         3.37      -999.25      -999.25      -999.25      -999.25      -999.25       109.74      1141.99
  1142.25         22.66      -999.25         2.29      -999.25         2.46      -999.25      -999.25      -999.25      -999.25      -999.25       109.74      1142.24
  1142.50         20.77      -999.25         2.23      -999.25         2.66      -999.25      -999.25      -999.25      -999.25      -999.25       109.74      1142.49
  1142.75         21.40      -999.25         2.71      -999.25         3.16      -999.25      -999.25      -999.25      -999.25      -999.25       109.74      1142.74
  1143.00         22.45      -999.25         2.44      -999.25         2.84      -999.25      -999.25      -999.25      -999.25      -999.25       109.74      1142.99
  1143.25         22.65      -999.25         3.03      -999.25         3.76      -999.25      -999.25      -999.25      -999.25      -999.25       109.74      1143.24
  1143.50         20.04      -999.25         3.07      -999.25         4.54      -999.25      -999.25      -999.25      -999.25      -999.25       109.74      1143.49
  1143.75         19.55      -999.25         3.00      -999.25         3.51      -999.25      -999.25      -999.25      -999.25      -999.25       109.74      1143.74
  1144.00         19.06      -999.25         2.68      -999.25         2.89      -999.25      -999.25      -999.25      -999.25      -999.25       109.74      1143.99
  1144.25         19.83      -999.25         2.94      -999.25         3.70      -999.25      -999.25      -999.25      -999.25      -999.25       109.74      1144.24
  1144.50         21.67      -999.25         2.79      -999.25         3.58      -999.25      -999.25      -999.25      -999.25      -999.25       109.74      1144.49
  1144.75         22.64      -999.25         2.47      -999.25         2.60      -999.25      -999.25      -999.25      -999.25      -999.25       109.74      1144.74
  1145.00         21.21      -999.25         2.37      -999.25         2.95      -999.25      -999.25      -999.25      -999.25      -999.25       109.74      1144.99
  1145.25         19.77      -999.25         2.77      -999.25         3.31      -999.25      -999.25      -999.25      -999.25      -999.25       109.74      1145.24
  1145.50         21.56      -999.25         2.43      -999.25         2.58      -999.25      -999.25      -999.25      -999.25      -999.25       109.74      1145.49
  1145.75         22.76      -999.25         2.93      -999.25         3.26      -999.25      -999.25      -999.25      -999.25      -999.25       109.74      1145.74
  1146.00         22.12      -999.25         3.06      -999.25         4.73      -999.25      -999.25      -999.25      -999.25      -999.25       109.74      1145.99
  1146.25         24.52      -999.25         2.73      -999.25         3.08      -999.25      -999.25      -999.25      -999.25      -999.25       109.74      1146.24
  1146.50         23.22      -999.25         2.17      -999.25         2.12      -999.25      -999.25      -999.25      -999.25      -999.25       109.74      1146.49
  1146.75         21.93      -999.25         2.20      -999.25         2.20      -999.25      -999.25      -999.25      -999.25      -999.25       110.19      1146.74
  1147.00         23.24      -999.25         2.40      -999.25         2.67      -999.25      -999.25      -999.25      -999.25      -999.25       109.96      1146.99
  1147.25         26.86      -999.25         2.60      -999.25         3.01      -999.25      -999.25      -999.25      -999.25      -999.25       109.74      1147.24
  1147.50         34.21      -999.25         3.10      -999.25         4.78      -999.25      -999.25      -999.25      -999.25      -999.25       111.09      1147.49
  1147.75         36.07      -999.25         2.70      -999.25         3.55      -999.25      -999.25      -999.25      -999.25      -999.25       110.53      1147.74
  1148.00         37.94      -999.25         2.55      -999.25         3.23      -999.25      -999.25      -999.25      -999.25      -999.25       109.96      1147.99
  1148.25         42.10      -999.25         2.39      -999.25         2.98      -999.25      -999.25      -999.25      -999.25      -999.25       109.85      1148.24
  1148.50         38.45      -999.25         2.16      -999.25         2.21      -999.25      -999.25      -999.25      -999.25      -999.25       112.78      1148.49
  1148.75         31.91      -999.25         2.10      -999.25         2.03      -999.25      -999.25      -999.25      -999.25      -999.25       110.07      1148.74
  1149.00         31.53      -999.25         2.88      -999.25         3.78      -999.25      -999.25      -999.25      -999.25      -999.25       110.58      1148.99
  1149.25         29.75      -999.25         3.34      -999.25         5.86      -999.25      -999.25      -999.25      -999.25      -999.25       111.09      1149.24
  1149.50         27.98      -999.25         2.38      -999.25         2.84      -999.25      -999.25      -999.25      -999.25      -999.25       113.11      1149.49
  1149.75         28.27      -999.25      -999.25      -999.25      -999.25      -999.25      -999.25      -999.25      -999.25      -999.25       113.00      1149.74
  1150.00       -999.25      -999.25      -999.25      -999.25      -999.25      -999.25      -999.25      -999.25      -999.25      -999.25      -999.25      1149.99
