~VERSION INFORMATION 
 VERS. 2.0: CWLS LOG ASCII STANDARD -VERSION 2.0 
 WRAP.  No: SINGLE LINE PER DEPTH STEP
~WELL INFORMATION BLOCK 
#MNEM.UNIT			     DATA			   DESCRIPTION OF MNEMONIC
#----------------------------------------------------------------------
 STRT.m                       1200.00                  : Start Depth
 STOP.m                       2069.25                  : Stop  Depth
 STEP.m                       0.25                     : Step  Depth
 NULL.                   -999.25                       : Null value
 COMP.                   PEAK PETROLEUM                : Company Name
 WELL.                   BILABRI D4                    : Well Name
 PATH.                   Original Path                 : Path Name
 FLD.                    BILABRI                       : Field Name
 LOC.                    BILABRI                       : Location
 PROV.                   Unused                        : Province
 SRVC.                   BAKER HUGHES INTEQ            : Service Company Name
 Date.DD/MM/YYYY         20/12/2006                    : Date
 UWI.                                                  : Unique Well ID
 TIMEZONE.Hrs            0                   : Time zone difference from GMT 
~CURVE INFORMATION
#MNEM.UNIT                 CURVE INFORMATION
#
#----------------------------------------------------------------------
DEPTH.m                                      :   0 Depth Hole
TVD.m                                        :   1 True Vertical Depth
ROP_AVG.m/hr                                 :   2 Depth Averaged ROP
GR1AX.API                                    :   3 Gamma Ray - Apparent - Detector 1
RACLX.ohm.m                                  :   4 Resistivity Attenuation - Corrected - 400kHz
RPCHX.ohm.m                                  :   5 Resistivity Phase - Corrected - 2MHz
TCDX.degF                                    :   6 Downhole Temperature
#----------------------------------------------------------------------
~O
Disclaimer
Baker Hughes INTEQ does not guarantee the accuracy  or correctness
of  interpretations  provided  in  or  from this  data. Since  all
interpretations  are  opinions based on measurements, Baker Hughes
INTEQ  shall  under no  circumstances   be  held  responsible  for
consequential damages or any other loss, costs, damages or expenses
incurred  or  sustained  in  connection  with  the use of any such
interpretations. Baker  Hughes INTEQ  disclaims  all expressed and
implied  warranties  related to  its  service which is governed by
Baker Hughes INTEQ's standard terms and conditions.
#----------------------------------------------------------------------
~A
  1200.00        1199.98          0.00         54.1         -999.25       -999.25     -999.25  
  1200.25        1200.28        226.95         50.4         -999.25       -999.25     -999.25  
  1200.50        1200.59        355.21         45.3           0.680         0.728     -999.25  
  1200.75        1200.73        417.18         40.2           0.655         0.700       129.0  
  1201.00        1200.89        487.49         47.7           0.622         0.642       129.1  
  1201.25        1201.20        578.07         61.7           0.565         0.529       129.2  
  1201.50        1201.50        357.75         48.2           0.561         0.521       129.3  
  1201.75        1201.81        294.75         28.7           0.568         0.528       129.3  
  1202.00        1201.98        290.32         30.5           0.576         0.535       129.4  
  1202.25        1202.11        286.97         33.6           0.583         0.542       129.5  
  1202.50        1202.41        234.98         36.6           0.590         0.550       129.6  
  1202.75        1202.72        213.36         39.7           0.597         0.557       129.7  
  1203.00        1203.02         76.56         42.7           0.605         0.564       129.8  
  1203.25        1203.33        124.39         45.8           0.612         0.571       129.9  
  1203.50        1203.48         93.86         47.7           0.619         0.578       130.0  
  1203.75        1203.73         42.85         45.8           0.626         0.586       130.0  
  1204.00        1203.94          0.00         44.5           0.634         0.593       130.1  
  1204.25        1204.24          1.85         43.1           0.644         0.603       130.2  
  1204.50        1204.55          6.39         41.8           0.626         0.587       130.3  
  1204.75        1204.85         10.97         40.4           0.594         0.556       130.4  
  1205.00        1204.98         13.08         39.1           0.564         0.400       130.5  
  1205.25        1205.16         16.08         37.1           0.564         0.278       130.6  
  1205.50        1205.46         14.09         48.2           0.564         0.282       130.7  
  1205.75        1205.77         13.67         46.9           0.564         0.287       130.8  
  1206.00        1206.07         14.58         46.1           0.564         0.292       130.8  
  1206.25        1206.23         13.72         45.2           0.564         0.297       130.9  
  1206.50        1206.38         12.91         44.4           0.565         0.302       131.0  
  1206.75        1206.68         13.00         43.5           0.565         0.306       131.1  
  1207.00        1206.99         12.56         42.6           0.565         0.311       131.2  
  1207.25        1207.29         14.49         41.8           0.565         0.316       131.3  
  1207.50        1207.60         12.77         40.9           0.565         0.321       131.4  
  1207.75        1207.73         10.61         40.0           0.565         0.326       131.5  
  1208.00        1207.90          7.79         39.2           0.565         0.330       131.5  
  1208.25        1208.21         13.62         38.3           0.565         0.335       131.6  
  1208.50        1208.51         16.43         37.4           0.565         0.340       131.7  
  1208.75        1208.82         21.41         36.6           0.565         0.353       131.5  
  1209.00        1208.98         16.74         35.7           0.565         0.370       131.3  
  1209.25        1209.12         12.69         35.2           0.554         0.350       131.0  
  1209.50        1209.43         10.54         29.4           0.552         0.387       130.8  
  1209.75        1209.73         50.83         28.5           0.550         0.414       130.5  
  1210.00        1210.03         91.44         28.1           0.548         0.440       130.3  
  1210.25        1210.34        117.78         27.5           0.546         0.463       130.0  
  1210.50        1210.48        122.20         26.9           0.543         0.479       129.8  
  1210.75        1210.64        127.46         26.0           0.540         0.489       129.5  
  1211.00        1210.95        145.67         28.8           0.546         0.453       129.3  
  1211.25        1211.25        145.53         33.7           0.550         0.468       129.0  
  1211.50        1211.56        141.40         34.2           0.549         0.474       128.8  
  1211.75        1211.73        139.51         24.6           0.549         0.468       128.5  
  1212.00        1211.86        138.02         29.4           0.553         0.434       128.3  
  1212.25        1212.17        127.84         26.5           0.563         0.417       128.0  
  1212.50        1212.47        125.07         28.0           0.577         0.391       127.8  
  1212.75        1212.78        111.00         31.3           0.585         0.377       127.5  
  1213.00        1213.08         91.18         38.2           0.610         0.396       127.3  
  1213.25        1213.23         89.78         49.2           0.651         0.477       127.0  
  1213.50        1213.48         87.36         57.3           0.674         0.522       126.8  
  1213.75        1213.73         84.95         58.5           0.722         0.558       126.5  
  1214.00        1213.98         82.54         60.2           0.821         0.610       126.3  
  1214.25        1214.23         80.13         77.6           0.852         0.679       126.0  
  1214.50        1214.48         77.71         77.1           0.888         0.758       125.8  
  1214.75        1214.73         75.30         76.6           0.941         0.821       125.5  
  1215.00        1214.98         72.89         97.8           0.975         0.861       125.3  
  1215.25        1215.23         70.47         96.5           1.018         0.871       125.0  
  1215.50        1215.48         68.06         94.4           1.099         0.881       124.8  
  1215.75        1215.73         65.65         97.8           1.144         0.871       124.5  
  1216.00        1215.98         63.24         93.7           1.222         1.083       124.3  
  1216.25        1216.23         60.82         89.6           1.293         1.276       124.0  
  1216.50        1216.48         58.41         81.9           1.398         1.336       123.8  
  1216.75        1216.73         56.00         90.6           1.533         1.563       123.6  
  1217.00        1216.98         53.59         84.3           1.559         1.595       124.1  
  1217.25        1217.23         51.17         83.6           1.605         1.651       124.6  
  1217.50        1217.48         48.76         82.9           1.546         1.562       125.0  
  1217.75        1217.73         46.35         84.5           1.492         1.480       125.5  
  1218.00        1217.98         43.94         85.8           1.458         1.429       125.9  
  1218.25        1218.23         41.52         59.4           1.367         1.563       126.3  
  1218.50        1218.48         39.11         30.9           1.189         1.401       126.4  
  1218.75        1218.73         36.70         31.0           1.002         1.229       126.4  
  1219.00        1218.98         34.29         31.3           0.888         1.125       126.5  
  1219.25        1219.23         31.87         26.0           0.750         0.610       126.6  
  1219.50        1219.48         29.46         27.0           0.741         0.680       126.7  
  1219.75        1219.73         27.05         28.2           0.717         0.841       126.7  
  1220.00        1219.98         24.64         29.4           0.706         0.793       126.8  
  1220.25        1220.23         22.22         37.6           0.690         0.733       126.9  
  1220.50        1220.48         19.81         39.0           0.675         0.684       127.0  
  1220.75        1220.73         17.40         40.9           0.667         0.660       127.0  
  1221.00        1220.98         14.99         42.9           0.662         0.639       127.1  
  1221.25        1221.23         12.57         46.3           0.658         0.624       127.2  
  1221.50        1221.48         10.16         46.5           0.663         0.540       127.3  
  1221.75        1221.73          7.75         46.8           0.661         0.543       127.3  
  1222.00        1221.98          5.33         52.3           0.657         0.549       127.4  
  1222.25        1222.23          2.92         60.7           0.651         0.558       127.5  
  1222.50        1222.53          0.00         67.9           0.660         0.473       127.5  
  1222.75        1222.84         19.28         71.2           0.677         0.531       127.6  
  1223.00        1222.98         63.00         72.8           0.698         0.600       127.7  
  1223.25        1223.14        112.86         63.3           0.719         0.668       127.8  
  1223.50        1223.45        282.19         58.8           0.736         0.631       127.8  
  1223.75        1223.75        405.68         69.4           0.736         0.687       127.9  
  1224.00        1224.06        491.17         70.9           0.737         0.766       128.0  
  1224.25        1224.23        632.87         72.8           0.722         0.646       128.1  
  1224.50        1224.36        740.54         63.9           0.725         0.649       128.1  
  1224.75        1224.66        859.96         58.3           0.730         0.656       128.2  
  1225.00        1224.97        796.32         64.1           0.734         0.661       128.3  
  1225.25        1225.27        797.32         64.1           0.759         0.617       128.4  
  1225.50        1225.58        878.67         64.1           0.745         0.617       128.4  
  1225.75        1225.73        817.09         69.9           0.742         0.600       128.5  
  1226.00        1225.88        752.86         77.6           0.737         0.570       128.6  
  1226.25        1226.19        705.29         76.6           0.745         0.633       128.6  
  1226.50        1226.49        648.71         74.1           0.756         0.710       128.7  
  1226.75        1226.80        590.76         70.8           0.764         0.766       128.8  
  1227.00        1227.10        573.87         68.4           0.782         0.736       128.9  
  1227.25        1227.23        540.79         73.7           0.790         0.741       128.9  
  1227.50        1227.41        493.33         68.4           0.795         0.749       129.0  
  1227.75        1227.71        381.72         71.1           0.805         0.773       129.1  
  1228.00        1228.02        329.73         74.5           0.813         0.793       129.1  
  1228.25        1228.32        355.93         77.1           0.800         0.761       129.1  
  1228.50        1228.48        381.69         73.5           0.791         0.740       129.2  
  1228.75        1228.63        406.26         70.8           0.783         0.726       129.2  
  1229.00        1228.93        415.80         67.5           0.776         0.716       129.3  
  1229.25        1229.24        393.75         70.1           0.778         0.646       129.3  
  1229.50        1229.54        387.73         73.7           0.795         0.716       129.4  
  1229.75        1229.85        373.23         72.5           0.813         0.827       129.4  
  1230.00        1229.98        396.21         71.3           0.804         0.826       129.5  
  1230.25        1230.15        426.30         89.1           0.793         0.772       129.5  
  1230.50        1230.46        401.13         84.3           0.779         0.708       129.6  
  1230.75        1230.76        407.10         80.7           0.800         0.624       129.6  
  1231.00        1231.07        409.05         76.0           0.954         0.698       129.6  
  1231.25        1231.23        417.20         70.8           1.094         0.766       129.7  
  1231.50        1231.37        424.31         78.0           1.566         2.390       129.7  
  1231.75        1231.68        398.77         96.8           2.295         3.154       129.8  
  1232.00        1231.98        398.03         82.6           2.363         3.208       129.8  
  1232.25        1232.28        413.66         61.2           2.459         3.285       129.9  
  1232.50        1232.59        409.75         71.8           2.555         3.361       129.9  
  1232.75        1232.73        400.10         63.5           2.651         3.437       130.0  
  1233.00        1232.89        388.56         52.8           2.746         3.514       130.0  
  1233.25        1233.20        405.53         49.0           2.842         3.590       130.1  
  1233.50        1233.50        391.70         47.7           2.938         3.667       130.1  
  1233.75        1233.81        380.37         43.0           3.034         3.743       130.1  
  1234.00        1233.98        373.05         39.4           3.130         3.820       130.2  
  1234.25        1234.11        367.22         35.8           3.226         3.896       130.2  
  1234.50        1234.42        389.88         32.2           3.322         3.973       130.3  
  1234.75        1234.72        417.16         28.5           3.387         4.025       130.3  
  1235.00        1235.03        381.62         24.9           2.956         4.977       130.4  
  1235.25        1235.33        403.81         21.3           2.629         5.699       130.4  
  1235.50        1235.48        398.96         15.9           2.187         6.674       130.5  
  1235.75        1235.64        393.66         18.4           1.917         5.049       130.5  
  1236.00        1235.94        379.98         23.1           1.437         2.158       130.6  
  1236.25        1236.25        372.74         29.4           1.280         1.814       130.6  
  1236.50        1236.55        345.86         27.4           1.093         1.406       130.7  
  1236.75        1236.73        340.91         24.3           0.906         0.998       130.7  
  1237.00        1236.86        337.30         21.7           0.784         0.732       130.7  
  1237.25        1237.16        332.22         17.8           0.716         0.692       130.8  
  1237.50        1237.47        312.75         13.0           0.687         0.637       130.8  
  1237.75        1237.77        280.22         16.9           0.663         0.590       130.9  
  1238.00        1238.08        260.72         24.1           0.636         0.540       130.9  
  1238.25        1238.23        257.62         23.9           0.622         0.475       131.0  
  1238.50        1238.38        254.53         23.8           0.602         0.381       131.0  
  1238.75        1238.69        257.93         23.6           0.593         0.387       131.1  
  1239.00        1238.99        244.05         24.0           0.580         0.396       131.1  
  1239.25        1239.29        221.40         24.3           0.566         0.406       131.2  
  1239.50        1239.60        141.70         24.6           0.557         0.412       131.2  
  1239.75        1239.73        115.46         22.9           0.554         0.395       131.2  
  1240.00        1239.90         79.39         20.7           0.553         0.388       131.3  
  1240.25        1240.21         34.94         20.4           0.549         0.359       131.3  
  1240.50        1240.51         95.02         19.8           0.546         0.339       131.4  
  1240.75        1240.82        183.07         19.1           0.544         0.318       131.4  
  1241.00        1240.98        248.96         18.5           0.541         0.298       131.5  
  1241.25        1241.12        309.22         17.8           0.538         0.278       131.5  
  1241.50        1241.43        317.06         16.9           0.536         0.258       131.6  
  1241.75        1241.73         22.28         16.7           0.532         0.232       131.6  
  1242.00        1242.04         36.10         16.3           0.540         0.271       131.7  
  1242.25        1242.34         34.81         15.9           0.552         0.325       131.7  
  1242.50        1242.48         38.19         15.4           0.562         0.373       131.7  
  1242.75        1242.65         42.43         19.3           0.572         0.296       131.7  
  1243.00        1242.95         44.23         24.2           0.567         0.335       131.7  
  1243.25        1243.26         42.60         27.5           0.559         0.395       131.7  
  1243.50        1243.56         42.47         19.3           0.550         0.468       131.7  
  1243.75        1243.73         41.11         15.4           0.549         0.425       131.7  
  1244.00        1243.87         39.97         21.7           0.551         0.358       131.7  
  1244.25        1244.17         39.86         22.8           0.557         0.261       131.7  
  1244.50        1244.48         38.42         31.2           0.564         0.280       131.7  
  1244.75        1244.78         41.03         33.2           0.579         0.318       131.7  
  1245.00        1245.09         37.96         35.3           0.593         0.355       131.7  
  1245.25        1245.23         37.00         37.4           0.608         0.393       131.7  
  1245.50        1245.39         35.89         39.5           0.629         0.448       131.7  
  1245.75        1245.70         28.96         41.5           0.632         0.483       131.7  
  1246.00        1246.00         29.91         36.2           0.638         0.547       131.7  
  1246.25        1246.30         32.69         31.2           0.644         0.611       131.7  
  1246.50        1246.48         34.39         26.2           0.650         0.675       131.7  
  1246.75        1246.61         35.69         19.8           0.656         0.740       131.7  
  1247.00        1246.91         37.26         19.9           0.661         0.793       131.7  
  1247.25        1247.22         37.44         20.0           0.673         0.756       131.7  
  1247.50        1247.52         37.31         20.1           0.684         0.723       131.7  
  1247.75        1247.83         36.11         20.2           0.696         0.684       131.7  
  1248.00        1247.98         35.94         20.3           0.695         0.675       131.7  
  1248.25        1248.13         35.76         20.5           0.693         0.665       131.7  
  1248.50        1248.44         43.05         20.7           0.691         0.654       131.7  
  1248.75        1248.74         56.94         20.8           0.689         0.639       131.7  
  1249.00        1249.05         74.83         21.0           0.690         0.647       131.7  
  1249.25        1249.23         47.91         21.2           0.693         0.665       131.7  
  1249.50        1249.35         29.15         21.3           0.696         0.682       129.0  
  1249.75        1249.66         10.65         21.5           0.699         0.699       129.0  
  1250.00        1249.96          9.90         21.6           0.702         0.717       129.1  
  1250.25        1250.27         19.33         21.7           0.706         0.740       129.1  
  1250.50        1250.57         25.73         23.4           0.695         0.729       129.2  
  1250.75        1250.73         29.00         24.5           0.679         0.710       129.2  
  1251.00        1250.88         32.14         25.7           0.663         0.692       129.2  
  1251.25        1251.18         31.82         26.8           0.646         0.674       129.3  
  1251.50        1251.49         31.14         27.9           0.630         0.655       129.3  
  1251.75        1251.79         29.72         28.9           0.613         0.637       129.3  
  1252.00        1252.10         22.27         26.3           0.596         0.617       129.4  
  1252.25        1252.23         20.01         23.9           0.593         0.578       129.4  
  1252.50        1252.40         17.03         21.6           0.589         0.516       129.5  
  1252.75        1252.71         13.84         18.3           0.591         0.525       129.5  
  1253.00        1253.01         70.40         24.6           0.596         0.540       129.5  
  1253.25        1253.31         98.97         34.8           0.600         0.556       129.6  
  1253.50        1253.48         88.64         45.0           0.604         0.571       129.6  
  1253.75        1253.62         79.59         55.2           0.609         0.587       129.6  
  1254.00        1253.92         87.75         62.2           0.613         0.603       129.7  
  1254.25        1254.23         86.10         68.2           0.622         0.578       129.7  
  1254.50        1254.53         77.77         72.8           0.630         0.552       129.8  
  1254.75        1254.84         62.57         77.6           0.648         0.597       129.8  
  1255.00        1254.98         61.35         78.3           0.665         0.641       129.8  
  1255.25        1255.14         59.88         79.5           0.685         0.692       129.9  
  1255.50        1255.45         58.35         80.6           0.712         0.708       129.9  
  1255.75        1255.75         61.48         82.9           0.753         0.732       129.9  
  1256.00        1256.06         63.58         84.8           0.783         0.755       130.0  
  1256.25        1256.23         63.23         84.8           0.826         0.788       130.0  
  1256.50        1256.36         62.94         84.8           0.869         0.821       130.1  
  1256.75        1256.67         47.12         87.7           0.895         0.841       130.1  
  1257.00        1256.97         53.85         92.3           0.901         0.898       130.1  
  1257.25        1257.28         51.05         97.8           0.904         0.923       130.2  
  1257.50        1257.58         65.37         91.8           0.890         0.793       130.2  
  1257.75        1257.73         73.13         82.9           0.913         0.849       130.2  
  1258.00        1257.89         81.66         96.8           0.947         0.934       130.3  
  1258.25        1258.19         85.94         98.8           1.026         0.967       130.3  
  1258.50        1258.50         95.21         92.5           1.124         1.009       130.4  
  1258.75        1258.80         86.35         87.7           1.223         1.050       130.4  
  1259.00        1258.98         87.68         83.2           1.321         1.091       130.4  
  1259.25        1259.11         88.65         79.2           1.419         1.133       130.5  
  1259.50        1259.41         85.06         75.2           1.517         1.174       130.5  
  1259.75        1259.71         72.85         71.3           1.592         1.206       130.5  
  1260.00        1260.02         67.11         67.3           4.162         7.090       130.6  
  1260.25        1260.32         67.97         63.3           4.428         3.922       130.6  
  1260.50        1260.48         64.38         57.6           4.431         4.310       130.7  
  1260.75        1260.63         60.77         57.7           4.435         4.698       130.7  
  1261.00        1260.93         53.88         58.0           4.438         5.086       130.7  
  1261.25        1261.24         62.30         58.4           4.441         5.474       130.8  
  1261.50        1261.54         72.16         58.7           4.444         5.862       130.8  
  1261.75        1261.85         80.18         59.0           4.447         6.250       130.8  
  1262.00        1261.98         74.95         59.3           4.450         6.638       130.9  
  1262.25        1262.15         67.72         59.6           4.454         7.026       130.9  
  1262.50        1262.46         56.52         60.0           4.457         7.414       131.0  
  1262.75        1262.76         42.72         60.3           4.460         7.802       131.0  
  1263.00        1263.07         38.62         60.6           4.463         8.190       131.0  
  1263.25        1263.23         37.14         60.9           4.466         8.578       131.1  
  1263.50        1263.37         35.77         61.2           4.469         8.966       131.1  
  1263.75        1263.68         33.72         61.6           4.474         9.485       131.2  
  1264.00        1263.98         33.43         61.9           4.114         8.616       131.2  
  1264.25        1264.29         30.67         62.2           3.573         7.308       131.2  
  1264.50        1264.59         33.11         62.5           3.032         6.001       131.3  
  1264.75        1264.73         34.18         62.8           2.491         4.693       131.3  
  1265.00        1264.90         35.52         63.1           1.950         3.386       131.3  
  1265.25        1265.20         36.12         62.6           1.409         2.078       131.4  
  1265.50        1265.51         42.18         62.2           1.101         1.336       131.4  
  1265.75        1265.81         19.59         61.8           0.960         1.125       131.5  
  1266.00        1265.98         19.61         61.4           0.862         0.978       131.5  
  1266.25        1266.11         19.63         60.9           0.763         0.831       131.5  
  1266.50        1266.42         22.04         60.5           0.664         0.684       131.6  
  1266.75        1266.72         26.36         60.2           0.610         0.603       131.6  
  1267.00        1267.03         34.24         61.8           0.603         0.594       131.6  
  1267.25        1267.33         34.65         63.0           0.598         0.587       131.7  
  1267.50        1267.48         34.50         64.2           0.593         0.581       131.7  
  1267.75        1267.64         34.33         65.4           0.588         0.574       131.9  
  1268.00        1267.94         33.24         66.0           0.583         0.567       132.1  
  1268.25        1268.25         28.54         63.9           0.576         0.558       132.3  
  1268.50        1268.48         25.45         62.4           0.576         0.561       132.5  
  1268.75        1268.73         22.04         60.9           0.578         0.570       132.7  
  1269.00        1268.98         18.64         59.5           0.576         0.567       132.9  
  1269.25        1269.16         16.10         58.3           0.573         0.561       133.1  
  1269.50        1269.48         20.96         58.0           0.570         0.554       133.4  
  1269.75        1269.73         24.85         57.8           0.567         0.546       133.6  
  1270.00        1269.98         28.74         56.7           0.566         0.547       133.8  
  1270.25        1270.23         32.63         55.8           0.566         0.549       134.0  
  1270.50        1270.48         36.52         54.9           0.566         0.552       134.2  
  1270.75        1270.69         39.81         54.8           0.576         0.558       134.5  
  1271.00        1270.99         29.49         54.6           0.585         0.564       134.5  
  1271.25        1271.30         21.56         54.5           0.594         0.570       134.5  
  1271.50        1271.47         16.99         60.4           0.636         0.603       134.5  
  1271.75        1271.60         13.79         67.3           0.667         0.638       134.5  
  1272.00        1271.91         29.45         74.2           0.701         0.676       134.5  
  1272.25        1272.21         68.42         74.2           0.743         0.793       134.6  
  1272.50        1272.51         50.77         74.2           0.758         0.768       134.6  
  1272.75        1272.82         72.95         74.2           0.775         0.740       134.7  
  1273.00        1272.97         74.36         74.2           0.767         0.784       134.7  
  1273.25        1273.12         75.72         74.2           0.762         0.789       134.7  
  1273.50        1273.43         96.20         80.5           0.757         0.793       134.8  
  1273.75        1273.73         72.35         79.6           0.741         0.719       134.8  
  1274.00        1274.04         80.94         78.3           0.727         0.653       134.9  
  1274.25        1274.34        101.24         77.6           0.731         0.673       134.9  
  1274.50        1274.47        113.95         79.6           0.735         0.693       135.0  
  1274.75        1274.65        130.77         80.9           0.739         0.708       135.0  
  1275.00        1274.95        121.48         83.9           0.762         0.749       135.1  
  1275.25        1275.26        111.55         88.2           0.780         0.768       135.1  
  1275.50        1275.56         88.87         87.6           0.798         0.787       135.2  
  1275.75        1275.72         78.73         86.2           0.813         0.803       135.2  
  1276.00        1275.87         69.79         85.0           0.816         0.784       135.2  
  1276.25        1276.17         79.49         82.4           0.832         0.741       135.3  
  1276.50        1276.48         81.74         88.2           0.841         0.716       135.3  
  1276.75        1276.78         64.71         89.4           0.852         0.934       135.4  
  1277.00        1277.09         55.90         92.0           0.858         0.843       135.4  
  1277.25        1277.22         53.16         90.6           0.864         0.758       135.5  
  1277.50        1277.39         49.85         89.1           0.864         0.758       135.5  
  1277.75        1277.70         40.92         88.7           0.884         0.837       135.6  
  1278.00        1278.00         41.03         91.2           0.895         0.881       135.6  
  1278.25        1278.30         39.12         94.4           0.922         0.902       135.6  
  1278.50        1278.47         43.00        103.6           0.941         0.916       135.7  
  1278.75        1278.61         46.13        100.4           0.965         0.934       135.7  
  1279.00        1278.91         47.11         97.4           0.976         0.956       135.8  
  1279.25        1279.22         37.96         94.0           0.990         0.923       135.8  
  1279.50        1279.52         34.87         95.9           0.997         0.926       135.9  
  1279.75        1279.83         33.26         97.8           1.006         0.930       135.9  
  1280.00        1279.97         29.86         95.9           1.016         0.934       136.0  
  1280.25        1280.13         26.10         96.0           1.022         0.970       136.0  
  1280.50        1280.44         21.92         96.2           1.025         0.990       136.0  
  1280.75        1280.74         18.13         96.4           1.026         0.997       136.1  
  1281.00        1281.05         20.47         99.7           1.027         1.001       136.1  
  1281.25        1281.22         18.73        101.4           1.027         0.988       136.2  
  1281.50        1281.35         17.44        103.6           1.026         0.976       136.2  
  1281.75        1281.66         17.81        105.0           1.026         0.967       136.3  
  1282.00        1281.96         26.67        103.1           1.029         0.964       136.3  
  1282.25        1282.27         31.85        101.7           1.031         0.961       136.4  
  1282.50        1282.57         35.74        100.2           1.033         0.959       136.4  
  1282.75        1282.72         37.68         98.8           1.036         0.956       136.4  
  1283.00        1282.88         39.64         97.8           1.037         0.956       136.5  
  1283.25        1283.18         34.88         95.9           1.038         0.956       136.5  
  1283.50        1283.49         33.95         94.5           1.039         0.956       136.6  
  1283.75        1283.79         29.48         93.5           1.036         0.957       136.6  
  1284.00        1284.09         26.95         91.8           1.031         0.960       136.7  
  1284.25        1284.22         25.23         90.1           1.026         0.962       136.7  
  1284.50        1284.40         22.83         91.4           1.022         0.964       136.8  
  1284.75        1284.70         19.50         93.3           1.015         0.967       136.8  
  1285.00        1285.01         21.23         95.3           1.026         0.968       136.8  
  1285.25        1285.31         22.74         97.2           1.046         0.970       136.9  
  1285.50        1285.47         22.56         99.2           1.066         0.972       136.9  
  1285.75        1285.62         22.40        101.1           1.086         0.974       137.0  
  1286.00        1285.92         22.93        103.1           1.106         0.976       137.0  
  1286.25        1286.23         19.65        105.5           1.125         0.978       137.1  
  1286.50        1286.53         18.79        101.5           1.374         1.177       137.1  
  1286.75        1286.84         18.72         96.1           1.608         1.363       137.2  
  1287.00        1286.97         17.69         90.8           1.926         1.615       137.2  
  1287.25        1287.14         16.39         84.8           2.666         4.766       137.2  
  1287.50        1287.45         16.34         67.8           3.819         9.668       137.2  
  1287.75        1287.75         16.80         48.7           5.158        15.364       137.2  
  1288.00        1288.06         27.88         35.2           9.521        22.276       137.2  
  1288.25        1288.22         27.52         29.9          14.727        30.523       137.2  
  1288.50        1288.36         27.21         25.9          19.933        38.770       137.2  
  1288.75        1288.67         25.25         22.7        4968.290        98.940       137.2  
  1289.00        1288.97         29.04         31.9       18402.873       224.645       137.2  
  1289.25        1289.27         26.78         24.1       18402.873       342.827       137.2  
  1289.50        1289.58         32.99         17.4       18402.873       461.009       137.2  
  1289.75        1289.72         36.16         17.5       18402.873       579.192       137.2  
  1290.00        1289.88         39.84         17.5       18402.873       697.374       137.2  
  1290.25        1290.19         38.98         17.6       18402.873       815.557       137.2  
  1290.50        1290.49         48.18         17.7       18402.873       933.739       137.2  
  1290.75        1290.80         43.74         17.7       18402.873      1051.921       137.2  
  1291.00        1290.97         41.69         17.8       18402.873      1170.104       137.2  
  1291.25        1291.10         40.10         17.9       18402.873      1288.286       137.2  
  1291.50        1291.41         44.50         17.9       18402.873      1406.469       137.2  
  1291.75        1291.71         55.05         18.0       18402.873      1524.651       137.2  
  1292.00        1292.02         62.31         18.0       18402.873      1642.833       137.2  
  1292.25        1292.32         47.26         18.1       18402.873      1761.016       137.2  
  1292.50        1292.47         45.68         18.2       18402.873      1879.198       137.2  
  1292.75        1292.63         44.01         18.2       18402.873      1997.381       137.2  
  1293.00        1292.93         59.01         18.3       18402.873      2115.563       137.2  
  1293.25        1293.24         77.23         18.3       18402.873      2233.746       137.2  
  1293.50        1293.54        103.54         18.4       18402.873      2351.928       137.2  
  1293.75        1293.72        118.49         18.5       18402.873      2470.110       137.2  
  1294.00        1293.85        129.02         18.5       18402.873      2588.293       137.2  
  1294.25        1294.15        123.39         18.6       18402.873      2706.475       137.2  
  1294.50        1294.45         96.47         18.6       18402.873      2824.658       137.2  
  1294.75        1294.76         71.23         18.7       18402.873      2942.840       137.2  
  1295.00        1295.06         67.22         18.8       18402.873      3069.812       137.2  
  1295.25        1295.22         55.84         18.8       18402.873      2992.197       137.2  
  1295.50        1295.37         44.82         18.9       18402.873      2908.347       137.2  
  1295.75        1295.67         42.96         18.9       18402.873      2824.497       137.2  
  1296.00        1295.98         43.01         19.0       18402.873      2740.646       137.2  
  1296.25        1296.28         38.57         19.1       18402.873      2656.796       137.2  
  1296.50        1296.59         35.56         19.1       18402.873      2572.945       137.2  
  1296.75        1296.72         35.49         19.2       18402.873      2489.095       137.2  
  1297.00        1296.89         35.38         19.2       18402.873      2405.244       137.2  
  1297.25        1297.22         24.85         19.3       18402.873      2280.590       137.2  
  1297.50        1297.50         15.69         19.0       18402.873      2195.361       137.2  
  1297.75        1297.72         16.39         18.8       18402.873      2029.343       137.2  
  1298.00        1297.97         17.21         18.5       18402.873      1863.324       137.2  
  1298.25        1298.22         18.03         18.2       18402.873      1697.306       137.2  
  1298.50        1298.47         18.84         18.0       18402.873      1531.288       137.2  
  1298.75        1298.72         19.66         17.9       18402.873      1413.453       137.2  
  1299.00        1298.97         20.48         18.5       18402.873      1179.398       137.2  
  1299.25        1299.33         21.66         18.9       18402.873       997.992       137.2  
  1299.50        1299.47         18.88         19.4       18402.873       816.586       137.2  
  1299.75        1299.63         15.51         19.8       18402.873       635.181       137.2  
  1300.00        1299.94         10.41         20.2       18402.873       453.775       137.2  
  1300.25        1300.24          6.04         20.7       18402.873       351.930       137.2  
  1300.50        1300.55         52.51         24.2       18402.873       227.808       137.2  
  1300.75        1300.72         87.85         28.4       18402.873       134.108       137.2  
  1301.00        1300.85        116.47         32.8       18402.873       120.275       137.2  
  1301.25        1301.16        160.00         34.7       18402.873       105.140       137.2  
  1301.50        1301.46        180.44         36.6       18402.873        90.005       137.2  
  1301.75        1301.77        135.94         39.5       18402.873        67.726       137.2  
  1302.00        1302.07        104.38         37.6         218.183        63.794       137.2  
  1302.25        1302.22         97.04         32.8         176.195        57.995       137.2  
  1302.50        1302.38         88.90         35.1         137.874        52.703       137.3  
  1302.75        1302.68        119.72         38.6          99.554        47.410       137.3  
  1303.00        1302.99        142.48         42.1          61.233        42.118       137.3  
  1303.25        1303.29        165.75         45.8          24.423        35.249       137.3  
  1303.50        1303.47        160.58         45.2          22.976        31.953       137.4  
  1303.75        1303.60        156.75         44.5          19.188        23.015       137.4  
  1304.00        1303.90        142.93         44.3          17.296        18.206       137.4  
  1304.25        1304.20        138.90         55.4          15.303        11.819       137.4  
  1304.50        1304.51        144.81         62.6          13.865         7.213       137.5  
  1304.75        1304.81        152.68         59.1          12.997         4.432       137.5  
  1305.00        1304.97        140.06         53.7          11.917         8.564       137.5  
  1305.25        1305.12        127.25         46.8          11.351        10.728       137.5  
  1305.50        1305.42         87.20         46.7          10.849        11.261       137.6  
  1305.75        1305.73         90.55         46.5          10.453        11.682       137.6  
  1306.00        1306.03         78.76         46.4          10.057        12.102       137.6  
  1306.25        1306.34         96.10         46.3           9.660        12.522       137.6  
  1306.50        1306.46        103.19         45.8           9.264        12.943       137.7  
  1306.75        1306.64        113.09         45.4           8.541        13.595       137.7  
  1307.00        1306.95         91.05         44.8           7.438        11.679       137.7  
  1307.25        1307.25        103.21         47.7           6.965         9.954       137.8  
  1307.50        1307.56        120.26         51.1           6.492         8.229       137.8  
  1307.75        1307.71        118.62         50.3           6.020         6.504       137.8  
  1308.00        1307.86        117.10         49.6           5.547         4.779       137.8  
  1308.25        1308.17         65.12         48.9           5.074         3.054       137.9  
  1308.50        1308.47         46.35         48.2           4.787         2.006       137.9  
  1308.75        1308.77         51.10         47.5           4.947         2.859       137.9  
  1309.00        1309.08         57.99         46.8           5.063         3.471       137.9  
  1309.25        1309.21         67.67         46.1           5.178         4.082       138.0  
  1309.50        1309.38         80.01         45.4           5.293         4.694       138.0  
  1309.75        1309.69         70.24         44.7           5.408         5.306       138.0  
  1310.00        1309.99         54.42         44.3           5.523         5.918       138.0  
  1310.25        1310.30         32.41         43.4           5.638         6.530       138.1  
  1310.50        1310.46         39.22         42.8           5.753         7.142       138.1  
  1310.75        1310.60         45.00         42.1           5.868         7.754       138.1  
  1311.00        1310.91         69.98         41.5           6.032         8.626       138.1  
  1311.25        1311.21         43.16         40.9           6.978        12.188       138.2  
  1311.50        1311.52         29.86         40.2           8.625        18.388       138.2  
  1311.75        1311.82         22.50         39.6          10.272        24.588       138.2  
  1312.00        1311.96         19.41         39.0          11.919        30.788       138.2  
  1312.25        1312.13         15.81         38.3          13.565        36.988       138.3  
  1312.50        1312.43         10.90         37.7          15.212        43.188       138.3  
  1312.75        1312.74         33.93         37.1          16.859        49.387       138.3  
  1313.00        1313.04         27.92         36.8          18.506        55.587       138.4  
  1313.25        1313.21         31.38         36.4          19.868        60.715       138.4  
  1313.50        1313.34         34.06         36.1          19.529        57.190       138.4  
  1313.75        1313.65         38.81         35.8          19.241        54.185       138.4  
  1314.00        1313.95         43.56         35.4          18.952        51.181       138.5  
  1314.25        1314.26         47.87         35.1          18.663        48.176       138.5  
  1314.50        1314.56         61.48         34.7          18.375        45.171       138.5  
  1314.75        1314.71         51.39         34.6          18.086        42.166       138.5  
  1315.00        1314.87         40.64         34.4          17.778        38.959       138.6  
  1315.25        1315.17         32.85         34.2          14.417        33.447       138.6  
  1315.50        1315.48         29.21         34.1          10.812        27.536       138.6  
  1315.75        1315.78         56.81         33.9           7.208        21.625       138.6  
  1316.00        1315.96         76.44         33.7           4.916        17.867       138.7  
  1316.25        1316.09         90.35         32.1           3.279        10.289       138.7  
  1316.50        1316.39        119.92         30.7           2.079         4.734       138.7  
  1316.75        1316.70        128.39         29.4           1.450         1.823       138.7  
  1317.00        1317.00        125.95         31.9           1.063         1.247       138.8  
  1317.25        1317.31        124.84         34.2           0.800         0.857       138.8  
  1317.50        1317.46        125.70         36.6           0.572         0.537       138.8  
  1317.75        1317.61        126.55         39.9           0.567         0.526       138.8  
  1318.00        1317.91        125.16         44.1           0.566         0.521       138.9  
  1318.25        1318.22        128.13         43.1           0.565         0.521       138.9  
  1318.50        1318.52        128.24         42.0           0.563         0.520       138.9  
  1318.75        1318.83        134.96         41.0           0.561         0.519       138.9  
  1319.00        1318.96        133.19         40.0           0.560         0.519       139.0  
  1319.25        1319.13        130.82         39.0           0.558         0.518       139.0  
  1319.50        1319.44        127.83         37.9           0.556         0.518       139.0  
  1319.75        1319.74        122.78         36.9           0.555         0.517       139.1  
  1320.00        1320.05        116.97         35.9           0.553         0.517       139.1  
  1320.25        1320.21        114.96         38.1           0.553         0.522       139.1  
  1320.50        1320.35        113.16         37.1           0.561         0.534       139.1  
  1320.75        1320.66        106.55         39.8           0.567         0.528       139.2  
  1321.00        1320.96        102.40         47.0           0.582         0.570       139.2  
  1321.25        1321.27         85.41         51.1           0.604         0.593       139.2  
  1321.50        1321.57         86.95         51.6           0.634         0.618       139.2  
  1321.75        1321.71         88.07         64.3           0.642         0.803       139.3  
  1322.00        1321.87         89.43         47.5           0.640         0.692       139.3  
  1322.25        1322.18         99.89         34.8           0.639         0.591       139.3  
  1322.50        1322.48        100.61         24.1           0.619         0.565       139.3  
  1322.75        1322.79        100.67         30.4           0.607         0.567       139.4  
  1323.00        1322.96        100.43         30.5           0.594         0.568       139.4  
  1323.25        1323.09        100.24         30.6           0.581         0.569       139.4  
  1323.50        1323.40         71.79         30.7           0.565         0.570       139.4  
  1323.75        1323.70         68.67         30.8           0.563         0.564       139.5  
  1324.00        1324.01         54.13         30.9           0.562         0.564       139.5  
  1324.25        1324.31         45.34         31.3           0.561         0.564       139.5  
  1324.50        1324.46         43.38         31.6           0.566         0.566       139.5  
  1324.75        1324.62         41.19         31.9           0.571         0.568       139.6  
  1325.00        1324.92         40.91         32.3           0.576         0.570       139.6  
  1325.25        1325.23         36.53         31.1           0.580         0.567       139.6  
  1325.50        1325.53         39.54         29.7           0.584         0.564       139.7  
  1325.75        1325.70         34.12         28.5           0.586         0.564       139.7  
  1326.00        1325.95         26.37         25.7           0.588         0.564       139.7  
  1326.25        1326.20         18.62         23.2           0.590         0.564       139.7  
  1326.50        1326.44         11.19         24.0           0.589         0.573       139.8  
  1326.75        1326.70         39.14         25.1           0.588         0.577       139.8  
  1327.00        1326.95         65.97         25.7           0.588         0.571       139.8  
  1327.25        1327.20         92.80         26.6           0.587         0.567       139.8  
  1327.50        1327.45        119.63         27.5           0.587         0.564       139.9  
  1327.75        1327.66        142.04         27.3           0.589         0.570       139.9  
  1328.00        1327.97        133.20         27.0           0.601         0.567       139.9  
  1328.25        1328.27         90.60         28.9           0.614         0.564       137.2  
  1328.50        1328.58         48.50         30.4           0.622         0.631       137.3  
  1328.75        1328.70         31.06         35.9           0.633         0.601       137.5  
  1329.00        1328.88          6.57         38.6           0.645         0.570       137.7  
  1329.25        1329.18          5.66         35.7           0.652         0.552       137.9  
  1329.50        1329.49          9.23         29.0           0.672         0.697       138.1  
  1329.75        1329.79          9.31         21.9           0.685         0.784       138.3  
  1330.00        1329.95         10.82         18.3           0.690         0.871       138.5  
  1330.25        1330.10         12.23         16.7           0.683         0.813       138.7  
  1330.50        1330.40         12.13         15.9           0.676         0.754       138.9  
  1330.75        1330.71          6.69         18.0           0.665         0.668       139.1  
  1331.00        1331.01          9.28         19.5           0.659         0.684       139.4  
  1331.25        1331.32         17.84         21.0           0.643         0.723       139.6  
  1331.50        1331.45         20.73         22.7           0.634         0.668       139.8  
  1331.75        1331.62         24.44         18.2           0.632         0.584       139.9  
  1332.00        1331.92         18.09         14.5           0.615         0.590       139.9  
  1332.25        1332.23         22.18         13.5           0.603         0.603       139.9  
  1332.50        1332.53         29.56         15.0           0.603         0.605       139.9  
  1332.75        1332.70         33.19         18.6           0.603         0.608       139.9  
  1333.00        1332.84         36.30         23.2           0.603         0.603       139.9  
  1333.25        1333.14         38.49         23.2           0.602         0.606       139.9  
  1333.50        1333.45         35.23         17.4           0.599         0.631       139.9  
  1333.75        1333.75         33.52         13.0           0.594         0.610       139.9  
  1334.00        1334.06         35.32         12.0           0.591         0.578       139.9  
  1334.25        1334.20         33.87         13.4           0.586         0.516       139.9  
  1334.50        1334.36         32.17         13.8           0.607         0.558       139.9  
  1334.75        1334.66         31.14         15.4           0.614         0.610       139.9  
  1335.00        1334.97         34.49         23.6           0.627         0.743       139.9  
  1335.25        1335.27         33.71         34.5           0.628         0.677       139.9  
  1335.50        1335.44         33.15         40.7           0.630         0.570       139.9  
  1335.75        1335.58         32.71         45.8           0.617         0.541       139.9  
  1336.00        1335.88         27.85         38.1           0.607         0.526       139.9  
  1336.25        1336.19         27.89         30.4           0.604         0.546       139.9  
  1336.50        1336.49         27.67         26.4           0.609         0.668       139.9  
  1336.75        1336.80         23.34         19.8           0.612         0.727       139.9  
  1337.00        1336.94         24.06         27.0           0.615         0.674       139.9  
  1337.25        1337.10         24.83         26.6           0.614         0.558       139.9  
  1337.50        1337.40         28.29         24.1           0.607         0.570       139.9  
  1337.75        1337.71         31.30         36.9           0.610         0.555       139.9  
  1338.00        1338.01         34.17         31.8           0.609         0.583       139.9  
  1338.25        1338.19         28.46         27.5           0.604         0.635       139.9  
  1338.50        1338.32         24.38         22.9           0.600         0.659       139.9  
  1338.75        1338.62         17.32         24.1           0.596         0.657       139.9  
  1339.00        1338.93          6.56         24.2           0.593         0.590       140.0  
  1339.25        1339.23         10.81         25.8           0.588         0.583       140.1  
  1339.50        1339.53         15.37         28.0           0.582         0.576       140.2  
  1339.75        1339.69         14.38         29.4           0.575         0.569       140.3  
  1340.00        1339.84         13.40         31.0           0.566         0.558       140.5  
  1340.25        1340.14         12.86         32.6           0.565         0.550       140.6  
  1340.50        1340.45         13.67         34.2           0.563         0.534       140.7  
  1340.75        1340.75         16.39         35.2           0.558         0.516       140.8  
  1341.00        1341.06         20.71         33.3           0.553         0.549       141.0  
  1341.25        1341.19         18.53         39.2           0.555         0.534       141.1  
  1341.50        1341.36         15.59         46.5           0.561         0.525       141.2  
  1341.75        1341.66         15.52         54.5           0.560         0.558       141.3  
  1342.00        1341.97         14.21         52.1           0.560         0.558       141.4  
  1342.25        1342.27         10.54         46.8           0.558         0.513       141.6  
  1342.50        1342.43          9.09         35.7           0.565         0.541       141.7  
  1342.75        1342.58          7.79         50.6           0.575         0.590       141.8  
  1343.00        1342.88          5.28         52.2           0.574         0.534       141.9  
  1343.25        1343.19          5.81         40.5           0.566         0.516       142.0  
  1343.50        1343.49          5.79         34.7           0.564         0.538       142.2  
  1343.75        1343.79          8.63         41.9           0.558         0.550       142.3  
  1344.00        1343.93          9.23         38.1           0.556         0.478       142.4  
  1344.25        1344.10          9.96         34.5           0.549         0.540       142.5  
  1344.50        1344.40          7.74         32.8           0.550         0.539       142.6  
  1344.75        1344.71          7.36         31.9           0.552         0.538       142.6  
  1345.00        1345.01          4.90         30.9           0.553         0.537       142.6  
  1345.25        1345.18          4.68         29.9           0.555         0.536       142.6  
  1345.50        1345.32          4.50         28.9           0.557         0.535       142.6  
  1345.75        1345.62          4.55         28.0           0.560         0.534       142.6  
  1346.00        1345.92          5.88         34.6           0.567         0.543       142.6  
  1346.25        1346.23          5.61         40.9           0.578         0.557       142.6  
  1346.50        1346.53          5.72         47.2           0.608         0.577       142.6  
  1346.75        1346.68          6.71         64.7           0.624         0.579       142.6  
  1347.00        1346.84          7.82         61.3           0.619         0.572       142.6  
  1347.25        1347.14          8.34         60.2           0.614         0.565       142.6  
  1347.50        1347.44          8.81         59.1           0.608         0.557       142.6  
  1347.75        1347.75         12.97         58.0           0.603         0.550       142.6  
  1348.00        1347.92         47.84         56.9           0.598         0.542       142.6  
  1348.25        1348.05         73.92         55.8           0.592         0.535       142.6  
  1348.50        1348.36         16.69         54.6           0.587         0.528       142.6  
  1348.75        1348.66         16.88         53.5           0.582         0.520       142.6  
  1349.00        1348.96         12.68         52.4           0.579         0.513       142.6  
  1349.25        1349.27         11.00         51.1           0.589         0.504       142.6  
  1349.50        1349.42         11.04         53.5           0.595         0.500       142.6  
  1349.75        1349.57         11.09         56.6           0.612         0.538       142.6  
  1350.00        1349.88          9.09         60.7           0.621         0.558       142.6  
  1350.25        1350.18         11.76         67.1           0.643         0.624       142.6  
  1350.50        1350.48          9.75         74.2           0.664         0.732       142.6  
  1350.75        1350.79         10.78         68.4           0.669         0.583       142.6  
  1351.00        1350.91         10.55         93.5           0.661         0.676       142.6  
  1351.25        1351.09         10.23         67.0           0.646         0.716       142.6  
  1351.50        1351.40          9.61         48.2           0.607         0.579       142.6  
  1351.75        1351.70          7.43         39.8           0.571         0.453       142.6  
  1352.00        1352.00          5.84         33.3           0.559         0.458       142.6  
  1352.25        1352.16          6.11         28.5           0.538         0.463       142.6  
  1352.50        1352.31          6.38         28.0           0.534         0.448       142.6  
  1352.75        1352.61          9.28         24.6           0.534         0.466       142.6  
  1353.00        1352.92         14.60         23.1           0.534         0.489       142.6  
  1353.25        1353.22         29.86         21.7           0.537         0.480       142.6  
  1353.50        1353.52         34.88         23.6           0.542         0.439       142.6  
  1353.75        1353.66         42.55         19.8           0.549         0.484       142.6  
  1354.00        1353.83         52.42         21.3           0.552         0.503       142.6  
  1354.25        1354.13         62.63         22.2           0.559         0.546       142.6  
  1354.50        1354.43         59.17         23.6           0.559         0.540       142.6  
  1354.75        1354.65         57.15         23.9           0.563         0.540       142.6  
  1355.00        1354.90         54.85         24.1           0.568         0.540       142.6  
  1355.25        1355.15         52.54         28.0           0.575         0.548       142.6  
  1355.50        1355.40         50.23         25.1           0.578         0.552       142.6  
  1355.75        1355.65         47.92         24.7           0.587         0.574       142.6  
  1356.00        1355.90         45.61         24.1           0.595         0.583       142.6  
  1356.25        1356.26         42.29         23.6           0.600         0.590       142.6  
  1356.50        1356.40         42.29         23.2           0.604         0.603       142.6  
  1356.75        1356.56         42.29         23.6           0.608         0.610       142.6  
  1357.00        1356.89         26.53         23.9           0.611         0.616       142.6  
  1357.25        1357.17         13.62         24.1           0.615         0.624       142.6  
  1357.50        1357.47         13.41         24.1           0.624         0.653       142.6  
  1357.75        1357.64         11.34         20.7           0.625         0.645       142.7  
  1358.00        1357.77          9.71         21.1           0.627         0.630       142.7  
  1358.25        1358.08         13.10         21.7           0.629         0.617       142.8  
  1358.50        1358.38         15.22         23.6           0.629         0.624       142.8  
  1358.75        1358.69         16.45         22.6           0.624         0.661       142.9  
  1359.00        1358.99         14.97         20.7           0.623         0.610       142.9  
  1359.25        1359.13         14.32         22.9           0.621         0.626       143.0  
  1359.50        1359.29         13.62         24.1           0.619         0.639       143.0  
  1359.75        1359.60         15.03         25.6           0.631         0.639       143.1  
  1360.00        1359.90         15.82         36.6           0.622         0.636       143.1  
  1360.25        1360.20         15.52         36.0           0.606         0.631       143.2  
  1360.50        1360.38         16.24         35.2           0.567         0.516       143.2  
  1360.75        1360.51         16.76         31.2           0.562         0.533       143.3  
  1361.00        1360.81         16.03         28.0           0.551         0.577       143.3  
  1361.25        1361.11         15.46         43.4           0.548         0.546       143.4  
  1361.50        1361.42         16.25         35.2           0.546         0.516       143.4  
  1361.75        1361.72         17.24         26.5           0.553         0.522       143.5  
  1362.00        1361.87         18.60         32.2           0.557         0.525       143.5  
  1362.25        1362.02         19.94         35.2           0.562         0.529       143.6  
  1362.50        1362.33         22.12         41.2           0.566         0.533       143.6  
  1362.75        1362.63         19.53         45.7           0.570         0.537       143.7  
  1363.00        1362.93         20.24         50.2           0.574         0.540       143.7  
  1363.25        1363.24         20.98         54.7           0.596         0.561       143.8  
  1363.50        1363.36         20.33         60.2           0.614         0.577       143.8  
  1363.75        1363.54         19.46         73.6           0.645         0.577       143.9  
  1364.00        1363.84         20.51         96.4           0.666         0.741       143.9  
  1364.25        1364.15         20.27         70.4           0.678         0.841       144.0  
  1364.50        1364.45         24.00         57.1           0.646         0.610       144.0  
  1364.75        1364.61         22.34         27.5           0.631         0.590       144.1  
  1365.00        1364.75         20.84         37.1           0.611         0.564       144.1  
  1365.25        1365.05         22.10         57.8           0.608         0.595       144.2  
  1365.50        1365.36         18.28         51.3           0.603         0.646       144.2  
  1365.75        1365.66         20.02         42.4           0.599         0.636       144.3  
  1366.00        1365.96         20.88         32.9           0.596         0.627       144.3  
  1366.25        1366.10         22.68         25.1           0.592         0.618       144.4  
  1366.50        1366.27         24.90         25.0           0.589         0.610       144.5  
  1366.75        1366.57         35.23         24.8           0.587         0.596       144.5  
  1367.00        1366.87         20.64         24.7           0.586         0.583       144.6  
  1367.25        1367.18         19.27         24.6           0.585         0.577       144.6  
  1367.50        1367.34         21.01         33.3           0.592         0.546       144.7  
  1367.75        1367.48         22.44         38.6           0.605         0.552       144.7  
  1368.00        1367.78         20.80         45.8           0.618         0.559       144.8  
  1368.25        1368.08         21.07         50.8           0.629         0.564       144.8  
  1368.50        1368.39         21.08         54.0           0.680         0.664       144.9  
  1368.75        1368.69         22.89         67.9           0.724         0.751       144.9  
  1369.00        1368.83         22.76         76.6           0.751         0.803       145.0  
  1369.25        1368.99         22.62         77.5           0.741         0.771       145.0  
  1369.50        1369.30         23.76         78.5           0.735         0.749       145.1  
  1369.75        1369.60         24.47         72.7           0.728         0.726       145.1  
  1370.00        1369.90         21.46         64.5           0.721         0.704       145.2  
  1370.25        1370.07         24.18         56.3           0.713         0.676       145.2  
  1370.50        1370.20         26.22         48.1           0.694         0.673       145.3  
  1370.75        1370.51         30.06         40.0           0.664         0.668       145.3  
  1371.00        1370.81         27.59         33.3           0.657         0.653       145.4  
  1371.25        1371.11         22.38         26.7           0.662         0.651       145.4  
  1371.50        1371.41         21.89         23.6           0.672         0.646       145.4  
  1371.75        1371.56         21.88         26.5           0.688         0.708       145.4  
  1372.00        1371.72         21.86         31.3           0.711         0.710       145.4  
  1372.25        1372.02         20.78         47.6           0.744         0.713       145.4  
  1372.50        1372.32         21.67         74.2           0.781         0.716       145.4  
  1372.75        1372.62         23.44         80.7           0.796         0.743       145.4  
  1373.00        1372.93         28.71         87.2           0.813         0.773       145.4  
  1373.25        1373.05         26.70         78.7           0.829         0.803       145.4  
  1373.50        1373.23         23.85         70.2           0.830         0.793       145.4  
  1373.75        1373.53         22.41         65.1           0.847         0.773       145.4  
  1374.00        1373.83         27.86         68.6           0.859         0.759       145.4  
  1374.25        1374.14         36.29         71.3           0.867         0.749       145.4  
  1374.50        1374.29         40.17         85.8           0.901         1.049       145.4  
  1374.75        1374.44         43.83        105.0           0.877         0.961       145.4  
  1375.00        1374.74         42.60         87.9           0.849         0.861       145.4  
  1375.25        1375.04         48.60         68.9           0.778         0.978       145.4  
  1375.50        1375.35         29.53         64.3           0.775         0.959       145.4  
  1375.75        1375.65         33.26         52.8           0.771         0.928       145.4  
  1376.00        1375.78         37.61         69.6           0.766         0.897       145.4  
  1376.25        1375.95         43.26         67.9           0.762         0.866       145.4  
  1376.50        1376.25         47.22         66.2           0.758         0.835       145.4  
  1376.75        1376.55         42.24         64.5           0.753         0.803       145.4  
  1377.00        1376.86         37.06         62.8           0.749         0.772       145.4  
  1377.25        1377.02         34.68         60.7           0.744         0.741       145.4  
  1377.50        1377.16         32.62         61.6           0.740         0.710       145.4  
  1377.75        1377.46         24.05         62.8           0.735         0.679       145.4  
  1378.00        1377.76         31.98         64.0           0.731         0.648       145.4  
  1378.25        1378.07         37.10         65.2           0.726         0.616       145.4  
  1378.50        1378.37         31.12         66.3           0.720         0.570       145.4  
  1378.75        1378.51         31.20         67.5           0.718         0.626       145.4  
  1379.00        1378.67         31.29         68.7           0.715         0.732       145.4  
  1379.25        1378.97         27.24         69.9           0.711         0.839       145.4  
  1379.50        1379.27         26.77         71.3           0.708         0.945       145.4  
  1379.75        1379.58         24.06         65.0           0.705         1.013       145.4  
  1380.00        1379.74         23.23         57.0           0.662         0.753       145.4  
  1380.25        1379.88         22.59         46.3           0.641         0.631       145.4  
  1380.50        1380.18         20.63         44.3           0.629         0.613       145.4  
  1380.75        1380.48         19.10         41.2           0.620         0.599       145.2  
  1381.00        1380.78         17.96         38.2           0.610         0.585       145.1  
  1381.25        1381.09         22.32         35.7           0.600         0.570       145.0  
  1381.50        1381.23         23.24         37.5           0.603         0.589       144.9  
  1381.75        1381.39         24.23         39.1           0.606         0.617       144.8  
  1382.00        1381.69         25.04         41.0           0.608         0.617       144.6  
  1382.25        1381.99         30.90         38.8           0.610         0.617       144.5  
  1382.50        1382.29         30.43         36.1           0.613         0.617       144.4  
  1382.75        1382.47         30.24         33.7           0.614         0.612       144.3  
  1383.00        1382.59         30.10         38.6           0.616         0.601       144.2  
  1383.25        1382.90         29.34         42.9           0.618         0.590       144.0  
  1383.50        1383.20         25.04         48.2           0.620         0.612       143.9  
  1383.75        1383.46         30.62         48.5           0.623         0.636       143.8  
  1384.00        1383.71         35.92         49.0           0.625         0.661       143.7  
  1384.25        1383.95         41.23         49.4           0.627         0.685       143.6  
  1384.50        1384.20         46.53         49.8           0.629         0.710       143.4  
  1384.75        1384.45         51.84         50.1           0.632         0.740       143.3  
  1385.00        1384.71         57.38         47.1           0.640         0.697       143.2  
  1385.25        1385.01         48.05         44.7           0.650         0.641       143.1  
  1385.50        1385.31         30.51         41.5           0.657         0.603       142.9  
  1385.75        1385.44         25.11         46.8           0.708         0.688       142.8  
  1386.00        1385.61         17.77         55.1           0.747         0.751       142.7  
  1386.25        1385.91         10.50         60.2           0.784         0.812       142.6  
  1386.50        1386.21         20.40         72.8           0.828         0.911       142.7  
  1386.75        1386.52         40.69         82.0           0.871         1.005       142.7  
  1387.00        1386.67         45.93         91.1           0.896         1.061       142.7  
  1387.25        1386.82         50.68         95.9           0.890         0.999       142.8  
  1387.50        1387.12         46.01         82.6           0.887         0.955       142.8  
  1387.75        1387.42         45.15         72.3           0.881         0.891       142.8  
  1388.00        1387.72         39.23         75.6           0.892         0.919       142.9  
  1388.25        1388.02         43.06         79.5           0.911         0.969       142.9  
  1388.50        1388.16         45.69         85.3           0.927         1.013       142.9  
  1388.75        1388.32         48.96         87.0           0.966         1.042       143.0  
  1389.00        1388.63         56.31         90.2           1.001         1.068       143.0  
  1389.25        1388.93         52.68         93.4           1.035         1.094       143.0  
  1389.50        1389.23         50.96         97.8           1.070         1.119       143.1  
  1389.75        1389.39         47.82         97.2           1.095         1.138       143.1  
  1390.00        1389.53         45.22         96.2           1.074         1.145       143.1  
  1390.25        1389.83         41.96         95.2           1.059         1.151       143.2  
  1390.50        1390.13         40.64         94.4           0.985         1.007       143.2  
  1390.75        1390.43         37.49         92.0           0.912         0.866       143.2  
  1391.00        1390.73         39.52         90.1           0.840         0.726       143.3  
  1391.25        1390.88         39.05         88.7           0.757         0.564       143.3  
  1391.50        1391.04         38.52         74.5           0.692         0.550       143.3  
  1391.75        1391.34         39.18         63.2           0.614         0.533       143.4  
  1392.00        1391.64         45.14         51.1           0.564         0.522       143.4  
  1392.25        1391.94         61.81         46.2           0.551         0.518       143.4  
  1392.50        1392.11         62.13         40.9           0.541         0.515       143.5  
  1392.75        1392.24         62.37         35.7           0.531         0.512       143.5  
  1393.00        1392.54         60.66         31.3           0.526         0.511       143.5  
  1393.25        1392.84         52.39         31.5           0.525         0.508       143.6  
  1393.50        1393.14         53.51         31.7           0.524         0.505       143.6  
  1393.75        1393.44         46.92         31.8           0.526         0.512       143.6  
  1394.00        1393.59         44.17         30.4           0.528         0.520       143.7  
  1394.25        1393.75         41.31         29.4           0.530         0.528       143.7  
  1394.50        1394.05         43.91         30.8           0.531         0.534       143.7  
  1394.75        1394.35         45.41         32.1           0.529         0.522       143.8  
  1395.00        1394.65         50.52         33.4           0.529         0.517       143.8  
  1395.25        1394.95         48.22         35.2           0.529         0.511       143.8  
  1395.50        1395.07         46.42         35.0           0.531         0.516       143.9  
  1395.75        1395.25         43.86         33.7           0.536         0.524       143.9  
  1396.00        1395.55         41.99         30.6           0.545         0.535       143.9  
  1396.25        1395.85         39.44         26.8           0.553         0.547       144.0  
  1396.50        1396.15         41.04         23.0           0.562         0.558       144.0  
  1396.75        1396.31         42.05         19.8           0.571         0.570       144.0  
  1397.00        1396.45         43.01         18.8           0.573         0.575       144.1  
  1397.25        1396.75         53.63         18.0           0.576         0.581       144.1  
  1397.50        1397.05         51.13         16.9           0.578         0.586       144.1  
  1397.75        1397.36         46.99         16.8           0.581         0.591       144.2  
  1398.00        1397.66         44.67         16.7           0.583         0.596       144.2  
  1398.25        1397.79         44.50         16.6           0.585         0.602       144.2  
  1398.50        1397.96         44.28         16.6           0.588         0.607       144.3  
  1398.75        1398.26         42.73         16.5           0.590         0.612       144.3  
  1399.00        1398.56         41.23         16.4           0.592         0.617       144.3  
  1399.25        1398.86         45.52         16.3           0.588         0.619       144.4  
  1399.50        1399.02         44.18         16.2           0.585         0.620       144.4  
  1399.75        1399.16         43.02         16.1           0.581         0.622       144.4  
  1400.00        1399.46         47.33         16.0           0.577         0.623       144.5  
  1400.25        1399.76         52.41         15.9           0.574         0.624       144.5  
  1400.50        1400.06         51.60         18.5           0.561         0.583       144.5  
  1400.75        1400.36         47.90         21.7           0.547         0.540       144.6  
  1401.00        1400.50         44.38         22.2           0.546         0.540       144.6  
  1401.25        1400.66         40.20         23.0           0.546         0.536       144.6  
  1401.50        1400.96         43.65         19.3           0.549         0.543       144.7  
  1401.75        1401.26         41.25         15.5           0.550         0.558       144.7  
  1402.00        1401.56         33.20         15.9           0.553         0.566       144.7  
  1402.25        1401.73         35.71         16.4           0.558         0.577       144.7  
  1402.50        1401.86         37.71         16.9           0.561         0.556       144.8  
  1402.75        1402.16         50.30         20.3           0.565         0.528       144.8  
  1403.00        1402.46         53.50         25.1           0.569         0.544       144.8  
  1403.25        1402.76         32.67         23.2           0.572         0.558       144.9  
  1403.50        1403.06         27.76         21.2           0.572         0.558       144.9  
  1403.75        1403.21         30.29         50.1           0.580         0.608       144.9  
  1404.00        1403.36         33.05         40.2           0.580         0.598       145.0  
  1404.25        1403.66         40.47         32.8           0.581         0.566       145.0  
  1404.50        1403.96         41.65         28.3           0.585         0.568       145.0  
  1404.75        1404.26         38.59         39.4           0.588         0.571       145.1  
  1405.00        1404.44         40.95         38.1           0.591         0.573       145.1  
  1405.25        1404.56         42.66         36.9           0.594         0.575       145.1  
  1405.50        1404.86         46.48         35.7           0.597         0.577       145.2  
  1405.75        1405.16         48.84         34.4           0.600         0.580       145.2  
  1406.00        1405.46         63.70         33.2           0.603         0.582       145.2  
  1406.25        1405.76         79.62         32.0           0.606         0.584       145.3  
  1406.50        1405.91         67.06         30.7           0.610         0.586       145.3  
  1406.75        1406.06         54.57         29.5           0.613         0.588       145.4  
  1407.00        1406.36         41.74         28.3           0.616         0.591       145.4  
  1407.25        1406.66         34.89         27.0           0.619         0.593       145.4  
  1407.50        1406.96         41.68         32.3           0.622         0.595       145.4  
  1407.75        1407.26         61.23         25.6           0.625         0.597       145.4  
  1408.00        1407.39         64.98         22.6           0.628         0.600       145.4  
  1408.25        1407.56         70.11         20.7           0.631         0.602       145.4  
  1408.50        1407.86         59.82         20.3           0.635         0.604       145.4  
  1408.75        1408.16         49.14         20.7           0.638         0.606       145.4  
  1409.00        1408.46         40.53         21.1           0.641         0.608       145.4  
  1409.25        1408.62         35.82         21.4           0.644         0.611       145.4  
  1409.50        1408.76         31.54         21.8           0.647         0.613       145.4  
  1409.75        1409.06         18.48         22.1           0.650         0.615       145.4  
  1410.00        1409.36         10.04         22.5           0.653         0.617       145.4  
  1410.25        1409.66         12.23         22.8           0.690         0.716       145.4  
  1410.50        1409.96         14.86         23.2           0.726         0.813       145.4  
  1410.75        1410.09         17.75         23.6           0.776         0.945       145.4  
  1411.00        1410.26         21.35         25.5           0.781         0.926       145.4  
  1411.25        1410.56         29.44         28.4           0.792         0.891       145.4  
  1411.50        1410.86         28.79         31.8           0.763         0.830       145.4  
  1411.75        1411.16         23.05         26.7           0.728         0.755       145.4  
  1412.00        1411.32         22.11         17.4           0.693         0.679       145.4  
  1412.25        1411.46         21.32         17.3           0.671         0.631       145.4  
  1412.50        1411.81         19.78         17.1           0.634         0.558       145.4  
  1412.75        1412.06         18.72         16.9           0.624         0.542       145.4  
  1413.00        1412.30         17.66         17.3           0.612         0.524       145.4  
  1413.25        1412.55         16.59         18.1           0.596         0.500       145.4  
  1413.50        1412.79         15.53         18.8           0.601         0.528       145.4  
  1413.75        1413.04         14.47         18.3           0.606         0.543       145.4  
  1414.00        1413.28         13.41         17.9           0.613         0.564       145.4  
  1414.25        1413.53         12.35         14.5           0.618         0.587       145.4  
  1414.50        1413.77         11.29         18.3           0.635         0.676       145.4  
  1414.75        1414.02         10.22         20.7           0.656         0.684       145.4  
  1415.00        1414.15          9.67         17.4           0.670         0.707       145.4  
  1415.25        1414.45         11.06         18.1           0.686         0.733       145.4  
  1415.50        1414.75         15.29         19.4           0.702         0.759       145.4  
  1415.75        1415.05         21.66         20.7           0.718         0.785       145.4  
  1416.00        1415.34         25.30         19.1           0.741         0.822       145.4  
  1416.25        1415.49         27.56         17.4           0.736         0.779       145.4  
  1416.50        1415.64         29.92         15.8           0.723         0.676       145.4  
  1416.75        1415.94         36.57         14.5           0.719         0.670       145.4  
  1417.00        1416.24         40.09         15.6           0.712         0.659       145.4  
  1417.25        1416.54         42.38         16.5           0.705         0.649       145.4  
  1417.50        1416.84         48.70         17.4           0.700         0.681       145.4  
  1417.75        1416.96         48.81         17.9           0.697         0.691       145.4  
  1418.00        1417.14         48.95         21.7           0.683         0.685       145.4  
  1418.25        1417.44         48.12         25.1           0.663         0.649       145.4  
  1418.50        1417.73         43.29         17.4           0.638         0.522       145.4  
  1418.75        1418.03         36.82         22.7           0.621         0.603       145.4  
  1419.00        1418.19         36.55         25.1           0.615         0.516       145.4  
  1419.25        1418.33         36.30         26.5           0.608         0.536       145.4  
  1419.50        1418.63         36.12         27.5           0.600         0.564       145.4  
  1419.75        1418.93         35.64         27.2           0.596         0.542       145.4  
  1420.00        1419.23         36.58         34.7           0.591         0.511       145.4  
  1420.25        1419.53         36.89         40.0           0.589         0.486       145.4  
  1420.50        1419.66         36.64         42.8           0.587         0.530       145.4  
  1420.75        1419.82         36.30         41.3           0.585         0.559       145.4  
  1421.00        1420.12         35.41         40.1           0.583         0.588       145.4  
  1421.25        1420.42         44.70         35.1           0.581         0.618       145.4  
  1421.50        1420.72         35.18         36.3           0.578         0.633       145.4  
  1421.75        1420.88         29.54         35.2           0.573         0.588       145.4  
  1422.00        1421.02         24.62         36.9           0.555         0.565       145.4  
  1422.25        1421.32         25.20         29.2           0.535         0.541       145.4  
  1422.50        1421.61         18.87         28.8           0.514         0.518       145.4  
  1422.75        1421.91         16.64         28.5           0.493         0.495       145.4  
  1423.00        1422.21         15.73         28.2           0.478         0.472       145.4  
  1423.25        1422.35         21.82         27.9           0.500         0.448       145.4  
  1423.50        1422.51         29.10         27.6           0.517         0.425       145.4  
  1423.75        1422.81         39.83         27.3           0.535         0.402       145.4  
  1424.00        1423.10         54.96         27.0           0.560         0.459       145.4  
  1424.25        1423.40         48.81         26.7           0.720         0.562       145.4  
  1424.50        1423.57         47.75         18.7           0.884         0.537       145.4  
  1424.75        1423.70         46.91         21.5           1.219         0.532       145.4  
  1425.00        1424.00         45.91         21.0           1.554         0.527       145.4  
  1425.25        1424.30         45.72         20.6           1.156         0.522       145.4  
  1425.50        1424.59         37.21         20.2           0.587         0.537       145.4  
  1425.75        1424.89         27.53         19.8           0.587         0.590       145.4  
  1426.00        1425.03         23.47         19.8           0.586         0.591       145.4  
  1426.25        1425.19         19.04         21.7           0.587         0.453       145.4  
  1426.50        1425.49         17.73         22.2           0.592         0.492       145.4  
  1426.75        1425.78         17.52         20.9           0.584         0.518       145.4  
  1427.00        1426.08         16.05         22.7           0.578         0.537       145.4  
  1427.25        1426.25         14.84         24.7           0.573         0.550       145.4  
  1427.50        1426.38         13.97         26.9           0.572         0.557       145.4  
  1427.75        1426.68         10.88         25.8           0.584         0.578       145.4  
  1428.00        1426.97          7.80         25.2           0.576         0.607       145.4  
  1428.25        1427.27         10.81         15.6           0.574         0.638       145.4  
  1428.50        1427.57          6.33         22.3           0.582         0.567       145.4  
  1428.75        1427.72          7.01         22.2           0.585         0.555       145.4  
  1429.00        1427.87          7.68         21.2           0.580         0.561       145.4  
  1429.25        1428.16         29.80         23.6           0.577         0.574       145.4  
  1429.50        1428.46         46.71         25.0           0.580         0.637       145.4  
  1429.75        1428.76         29.64         30.7           0.577         0.577       145.4  
  1430.00        1429.06         19.79         30.9           0.577         0.537       145.4  
  1430.25        1429.18         16.45         32.7           0.571         0.512       145.4  
  1430.50        1429.35         11.87         28.3           0.570         0.575       145.4  
  1430.75        1429.65         15.14         21.2           0.564         0.587       145.4  
  1431.00        1429.95         22.27         19.8           0.574         0.502       145.4  
  1431.25        1430.24         21.71         28.8           0.573         0.508       145.4  
  1431.50        1430.40         25.28         27.6           0.571         0.657       145.4  
  1431.75        1430.54         28.55         29.7           0.579         0.484       145.4  
  1432.00        1430.84         29.35         15.6           0.578         0.573       145.4  
  1432.25        1431.14         13.46         37.2           0.582         0.581       145.4  
  1432.50        1431.43          3.10         33.2           0.583         0.582       145.4  
  1432.75        1431.73         99.06         21.2           0.584         0.583       145.4  
  1433.00        1431.86        137.86         23.3           0.585         0.584       145.4  
  1433.25        1432.03        186.52         26.3           0.586         0.585       145.4  
  1433.50        1432.32         32.95         29.3           0.587         0.586       145.4  
  1433.75        1432.62         22.60         32.2           0.588         0.586       145.4  
  1434.00        1432.92         19.36         35.2           0.589         0.587       145.4  
  1434.25        1433.08         17.20         38.2           0.590         0.588       145.4  
  1434.50        1433.21         15.39         40.1           0.591         0.589       145.4  
  1434.75        1433.51          8.80         36.4           0.592         0.590       145.4  
  1435.00        1433.81         10.60         33.0           0.593         0.591       145.4  
  1435.25        1434.10         11.01         34.5           0.594         0.592       145.4  
  1435.50        1434.40          5.94         36.7           0.595         0.593       145.4  
  1435.75        1434.54          5.74         39.1           0.596         0.594       145.4  
  1436.00        1434.70          5.51         38.4           0.597         0.595       145.4  
  1436.25        1434.99          5.92         37.7           0.598         0.595       145.4  
  1436.50        1435.29          6.61         37.5           0.599         0.596       145.4  
  1436.75        1435.58          7.43         38.7           0.600         0.597       145.4  
  1437.00        1435.75          8.04         44.6           0.601         0.598       145.4  
  1437.25        1435.88          8.51         50.5           0.602         0.599       145.4  
  1437.50        1436.18          9.77         49.3           0.603         0.600       145.4  
  1437.75        1436.47          9.57         48.2           0.590         0.664       145.4  
  1438.00        1436.77          8.01         46.7           0.578         0.567       145.4  
  1438.25        1437.07          6.65         39.7           0.558         0.497       145.4  
  1438.50        1437.21          6.67         30.0           0.544         0.494       145.4  
  1438.75        1437.36          6.69         25.0           0.538         0.497       145.4  
  1439.00        1437.66          8.63         24.3           0.540         0.519       145.4  
  1439.25        1437.95         10.66         25.0           0.537         0.523       145.4  
  1439.50        1438.25         11.21         29.2           0.535         0.525       145.4  
  1439.75        1438.42         11.05         32.1           0.549         0.543       145.4  
  1440.00        1438.55         10.94         26.4           0.558         0.555       145.4  
  1440.25        1438.91          7.28         32.2           0.569         0.555       145.4  
  1440.50        1439.14          4.98         44.8           0.613         0.672       145.4  
  1440.75        1439.39         87.81         70.5           0.643         0.753       145.4  
  1441.00        1439.64        165.89         91.5           0.705         0.816       145.4  
  1441.25        1439.88        243.97         77.3           1.115         0.770       145.4  
  1441.50        1440.02        290.57         71.3           1.574         0.719       145.4  
  1441.75        1440.32        278.93         66.0           0.737         0.695       145.4  
  1442.00        1440.62        245.57         83.0           0.759         0.770       145.4  
  1442.25        1440.91        166.10         86.7           0.774         0.797       145.4  
  1442.50        1441.21        128.91         87.7           0.767         0.916       145.4  
  1442.75        1441.33        117.65         88.6           0.735         0.906       145.4  
  1443.00        1441.50        102.84         81.6           0.715         0.815       145.4  
  1443.25        1441.80         80.63         73.8           0.665         0.674       145.4  
  1443.50        1442.09         68.48         48.6           0.625         0.593       145.4  
  1443.75        1442.39         76.27         42.4           0.587         0.555       145.4  
  1444.00        1442.55         61.82         44.8           0.566         0.552       145.4  
  1444.25        1442.68         49.15         42.9           0.559         0.549       145.4  
  1444.50        1442.98         49.00         36.8           0.557         0.549       145.4  
  1444.75        1443.27         36.44         32.1           0.557         0.549       145.4  
  1445.00        1443.57         32.97         38.7           0.572         0.553       145.4  
  1445.25        1443.86         25.45         51.4           0.579         0.555       145.4  
  1445.50        1444.00         22.64         54.5           0.626         0.614       145.4  
  1445.75        1444.16         19.27         59.9           0.666         0.743       145.4  
  1446.00        1444.45         17.68         75.4           0.716         0.906       145.4  
  1446.25        1444.75         15.17         90.0           0.719         0.881       145.4  
  1446.50        1445.04         12.68         84.7           0.723         0.855       145.5  
  1446.75        1445.21         11.68         82.0           0.676         0.686       145.5  
  1447.00        1445.34         10.88         49.6           0.636         0.543       145.5  
  1447.25        1445.63         11.78         21.2           0.619         0.587       145.6  
  1447.50        1445.93         14.76         20.7           0.602         0.579       145.6  
  1447.75        1446.22         17.80         20.3           0.586         0.569       145.6  
  1448.00        1446.52         23.12         22.7           0.573         0.561       145.7  
  1448.25        1446.66         22.23         20.3           0.570         0.519       145.7  
  1448.50        1446.81         21.26         17.9           0.569         0.593       145.7  
  1448.75        1447.11         23.13         18.2           0.571         0.598       145.8  
  1449.00        1447.40         22.58         17.9           0.573         0.603       145.8  
  1449.25        1447.70         22.42         17.5           0.574         0.607       145.8  
  1449.50        1447.87         21.09         22.6           0.574         0.607       145.9  
  1449.75        1447.99         20.12         28.4           0.573         0.607       145.9  
  1450.00        1448.28         20.02         34.2           0.573         0.607       145.9  
  1450.25        1448.58         18.46         40.0           0.573         0.607       146.0  
  1450.50        1448.87         18.45         44.8           0.572         0.607       146.0  
  1450.75        1449.17         16.17         42.1           0.577         0.599       146.0  
  1451.00        1449.31         14.37         39.9           0.586         0.586       146.1  
  1451.25        1449.46         12.55         37.6           0.594         0.574       146.1  
  1451.50        1449.76         10.84         36.3           0.604         0.597       146.1  
  1451.75        1450.05         11.44         39.1           0.613         0.619       146.2  
  1452.00        1450.34         12.67         41.0           0.622         0.640       146.2  
  1452.25        1450.64         13.02         42.8           0.632         0.664       146.2  
  1452.50        1450.76         13.04         44.7           0.623         0.647       146.3  
  1452.75        1450.93         13.06         45.7           0.613         0.628       146.3  
  1453.00        1451.23         12.59         46.4           0.602         0.608       146.3  
  1453.25        1451.52         14.02         46.8           0.592         0.588       146.4  
  1453.50        1451.81         16.06         47.2           0.578         0.561       146.4  
  1453.75        1451.97         16.77         43.3           0.576         0.558       146.4  
  1454.00        1452.11         17.42         40.2           0.573         0.555       146.5  
  1454.25        1452.40         19.53         37.1           0.590         0.584       146.5  
  1454.50        1452.70         21.57         33.0           0.605         0.611       146.5  
  1454.75        1452.99         25.78         35.9           0.621         0.638       146.6  
  1455.00        1453.28         27.48         40.1           0.636         0.664       146.6  
  1455.25        1453.41         25.60         50.5           0.645         0.680       146.6  
  1455.50        1453.58         23.23         60.7           0.703         0.916       146.7  
  1455.75        1453.87         20.95         73.5           0.752         0.825       146.7  
  1456.00        1454.16         23.17         78.7           0.759         0.805       146.7  
  1456.25        1454.46         24.59         63.1           0.762         0.797       146.8  
  1456.50        1454.62         20.87         56.1           0.780         0.746       146.8  
  1456.75        1454.75         17.74         68.5           0.793         0.711       146.8  
  1457.00        1455.04         22.81         77.4           0.805         0.676       146.9  
  1457.25        1455.34         29.40         83.0           0.818         0.641       146.9  
  1457.50        1455.63         45.39         75.8           0.825         0.621       146.9  
  1457.75        1455.92         61.99         70.7           0.797         0.640       147.0  
  1458.00        1456.06         58.27         65.5           0.777         0.654       147.0  
  1458.25        1456.22         53.98         61.8           0.757         0.668       147.0  
  1458.50        1456.51         61.80         52.4           0.741         0.680       147.1  
  1458.75        1456.80         55.94         44.9           0.682         0.622       147.1  
  1459.00        1457.09         50.53         35.4           0.640         0.580       147.1  
  1459.25        1457.26         50.22         37.1           0.609         0.593       147.2  
  1459.50        1457.39         49.98         39.4           0.612         0.625       147.2  
  1459.75        1457.68         53.15         41.5           0.616         0.670       147.2  
  1460.00        1457.97         61.84         46.1           0.621         0.715       147.3  
  1460.25        1458.27         69.33         52.3           0.624         0.753       147.3  
  1460.50        1458.56         33.66         47.5           0.581         0.580       147.3  
  1460.75        1458.70         44.69         38.2           0.568         0.555       147.4  
  1461.00        1458.85         56.32         33.5           0.569         0.558       147.4  
  1461.25        1459.14         43.51         27.6           0.570         0.562       147.4  
  1461.50        1459.44         55.80         26.3           0.571         0.566       147.5  
  1461.75        1459.73         53.74         28.3           0.572         0.570       147.5  
  1462.00        1459.90         57.53         30.2           0.573         0.573       147.5  
  1462.25        1460.02         60.18         32.1           0.575         0.577       147.6  
  1462.50        1460.31         49.44         29.8           0.576         0.581       147.6  
  1462.75        1460.61         34.91         27.6           0.578         0.590       147.6  
  1463.00        1460.90         42.49         25.4           0.578         0.595       147.7  
  1463.25        1461.19         48.20         23.3           0.578         0.597       147.7  
  1463.50        1461.34         39.06         20.3           0.578         0.600       147.7  
  1463.75        1461.48         30.24         20.2           0.579         0.596       147.8  
  1464.00        1461.77         23.59         19.9           0.579         0.592       147.8  
  1464.25        1462.07         29.30         19.7           0.579         0.588       147.8  
  1464.50        1462.36         36.14         19.5           0.579         0.584       147.9  
  1464.75        1462.65         41.37         19.2           0.579         0.580       147.9  
  1465.00        1462.78         43.65         19.0           0.578         0.592       147.9  
  1465.25        1462.94         46.66         18.8           0.577         0.600       148.0  
  1465.50        1463.24         49.25         18.6           0.575         0.585       148.0  
  1465.75        1463.53         56.04         18.3           0.573         0.574       148.0  
  1466.00        1463.82         53.36         18.1           0.571         0.561       148.1  
  1466.25        1463.97         56.59         17.9           0.573         0.571       148.1  
  1466.50        1464.11         59.44         16.9           0.576         0.585       148.1  
  1466.75        1464.40         71.28         16.1           0.578         0.593       148.2  
  1467.00        1464.69         40.06         15.6           0.591         0.596       148.2  
  1467.25        1464.99         37.68         15.1           0.600         0.599       148.2  
  1467.50        1465.28         34.70         14.6           0.606         0.600       148.3  
  1467.75        1465.41         36.97         22.2           0.633         0.674       148.3  
  1468.00        1465.57         39.72         34.4           0.662         0.753       148.3  
  1468.25        1465.86         35.68         39.0           0.677         0.773       148.4  
  1468.50        1466.15         33.68         46.9           0.704         0.810       148.4  
  1468.75        1466.44         32.29         54.8           0.731         0.846       148.4  
  1469.00        1466.61         26.80         62.7           0.760         0.885       148.5  
  1469.25        1466.74         22.38         70.6           0.766         0.833       148.5  
  1469.50        1467.03         17.93         75.0           0.773         0.770       148.5  
  1469.75        1467.32          0.00         83.0           0.778         0.744       148.6  
  1470.00        1467.61          2.03         76.7           0.783         0.713       148.6  
  1470.25        1467.90         19.97         69.0           0.788         0.683       148.6  
  1470.50        1468.04         37.91         60.8           0.791         0.664       148.7  
  1470.75        1468.19         57.73         67.3           0.810         0.816       148.7  
  1471.00        1468.48         89.59         74.1           0.819         0.885       148.7  
  1471.25        1468.78         51.86         80.1           0.870         0.903       148.8  
  1471.50        1469.07         51.45         79.5           0.911         0.916       148.8  
  1471.75        1469.23         47.95         79.2           0.929         0.930       148.8  
  1472.00        1469.36         45.37         84.1           0.949         0.938       148.9  
  1472.25        1469.65         58.99         87.7           0.969         1.002       148.9  
  1472.50        1469.94         81.13         87.7           0.989         1.048       148.9  
  1472.75        1470.23         66.30         87.7           1.002         1.078       149.0  
  1473.00        1470.52         55.55         83.6           1.004         0.949       149.0  
  1473.25        1470.67         51.90         78.3           1.011         1.010       149.0  
  1473.50        1470.81         48.22         86.4           1.017         1.074       149.1  
  1473.75        1471.10         46.93         94.7           1.025         1.155       149.1  
  1474.00        1471.39         37.75         93.7           1.019         1.114       149.1  
  1474.25        1471.68         35.76         92.5           1.011         1.057       149.2  
  1474.50        1471.97         34.61         91.0           1.006         1.029       149.2  
  1474.75        1472.10         34.68         89.9           0.964         1.051       149.2  
  1475.00        1472.27         34.77         88.5           0.937         1.065       149.3  
  1475.25        1472.56         36.15         87.7           0.883         1.039       149.3  
  1475.50        1472.85         34.10         79.5           0.840         1.017       149.3  
  1475.75        1473.14         32.60         75.0           0.761         0.854       149.4  
  1476.00        1473.29         38.81         51.0           0.708         0.744       149.4  
  1476.25        1473.43         44.55         39.6           0.651         0.593       149.4  
  1476.50        1473.72         57.73         27.6           0.643         0.613       149.5  
  1476.75        1474.01         78.26         18.9           0.630         0.647       149.5  
  1477.00        1474.30         93.01         25.0           0.615         0.687       149.5  
  1477.25        1474.59         69.40         22.5           0.623         0.682       149.6  
  1477.50        1474.72         60.71         17.9           0.633         0.677       149.6  
  1477.75        1474.88         49.70         24.0           0.643         0.671       149.6  
  1478.00        1475.17         33.80         32.6           0.653         0.665       149.7  
  1478.25        1475.46         33.57         41.2           0.663         0.659       149.7  
  1478.50        1475.75         31.22         49.8           0.673         0.653       149.7  
  1478.75        1475.91         33.98         58.4           0.679         0.649       149.8  
  1479.00        1476.04         36.32         67.0           0.746         0.816       149.8  
  1479.25        1476.33         34.28         71.7           0.793         0.934       149.8  
  1479.50        1476.62         30.70         75.1           0.831         1.029       149.9  
  1479.75        1476.91         29.70         77.4           0.903         0.994       149.9  
  1480.00        1477.20         28.77         79.8           0.915         1.000       149.9  
  1480.25        1477.33         30.07         82.1           0.939         1.013       150.0  
  1480.50        1477.49         31.57         84.4           0.962         1.025       150.0  
  1480.75        1477.78         31.38         86.8           0.985         1.037       150.0  
  1481.00        1478.07         29.34         88.6           1.008         1.050       150.1  
  1481.25        1478.36         31.20         93.6           1.031         1.062       150.1  
  1481.50        1478.52         31.40         97.8           1.046         1.078       150.1  
  1481.75        1478.65         31.56        101.9           1.040         1.093       150.2  
  1482.00        1478.94         34.84        105.6           1.052         1.114       150.2  
  1482.25        1479.23         36.26         96.1           1.069         1.135       150.2  
  1482.50        1479.52         35.69         85.8           1.075         1.156       150.3  
  1482.75        1479.81         37.74         92.2           1.088         1.177       150.3  
  1483.00        1479.95         35.68        102.8           1.099         1.196       150.3  
  1483.25        1480.09         33.51        103.4           1.124         1.116       150.4  
  1483.50        1480.38         30.66        104.6           1.119         1.101       150.4  
  1483.75        1480.67         31.74        100.9           1.110         1.073       150.4  
  1484.00        1480.96         28.20         96.4           1.101         1.046       150.5  
  1484.25        1481.13         29.12         92.4           1.081         1.035       150.5  
  1484.50        1481.25         29.77         97.8           1.044         1.063       150.5  
  1484.75        1481.54         30.07        101.3           1.003         1.078       150.6  
  1485.00        1481.83         28.54        109.4           0.960         0.948       150.6  
  1485.25        1482.12         30.12         98.4           0.928         0.816       150.6  
  1485.50        1482.41         24.60         76.4           0.818         0.683       150.7  
  1485.75        1482.55         25.95         59.9           0.751         0.580       150.7  
  1486.00        1482.70         27.25         65.8           0.696         0.642       150.7  
  1486.25        1482.99         43.67         75.0           0.688         0.666       150.8  
  1486.50        1483.27         35.58         78.2           0.680         0.687       150.8  
  1486.75        1483.56         48.85         80.6           0.675         0.703       150.8  
  1487.00        1483.85         32.11         71.0           0.665         0.664       150.8  
  1487.25        1483.98         39.94         65.1           0.646         0.641       150.8  
  1487.50        1484.14         50.35         62.6           0.635         0.628       150.8  
  1487.75        1484.43         56.21         61.3           0.627         0.635       150.8  
  1488.00        1484.72         54.14         49.0           0.628         0.593       150.8  
  1488.25        1485.01         58.67         50.7           0.644         0.615       150.8  
  1488.50        1485.16         69.79         84.9           0.655         0.633       150.8  
  1488.75        1485.30         79.65         58.5           0.666         0.650       150.8  
  1489.00        1485.58         80.55         57.4           0.677         0.668       150.8  
  1489.25        1485.87         98.50         56.7           0.688         0.686       150.8  
  1489.50        1486.16        106.22         54.2           0.698         0.703       150.8  
  1489.75        1486.45         48.24         52.8           0.709         0.721       150.8  
  1490.00        1486.58         45.40         61.8           0.720         0.739       150.8  
  1490.25        1486.74         41.94         67.8           0.731         0.756       150.8  
  1490.50        1487.03         33.23         75.9           0.742         0.774       150.8  
  1490.75        1487.31         39.99         80.6           0.752         0.791       150.8  
  1491.00        1487.60         40.47         83.9           0.763         0.809       150.8  
  1491.25        1487.76         35.31         80.8           0.774         0.827       150.8  
  1491.50        1487.89         31.13         77.3           0.785         0.844       150.8  
  1491.75        1488.18         23.90         82.0           0.796         0.862       150.8  
  1492.00        1488.47         21.21         86.0           0.806         0.880       150.9  
  1492.25        1488.75         28.64         90.0           0.817         0.897       150.9  
  1492.50        1489.04         21.43         93.9           0.832         0.915       150.9  
  1492.75        1489.18         20.50         97.9           0.845         0.933       151.0  
  1493.00        1489.33         19.47        101.9           0.865         0.950       151.0  
  1493.25        1489.62         22.86        105.8           0.885         0.968       151.0  
  1493.50        1489.90         23.14        109.8           0.914         0.994       151.0  
  1493.75        1490.19         22.65        113.6           0.921         0.633       151.1  
  1494.00        1490.36         22.08        101.5           0.929         0.164       151.1  
  1494.25        1490.48         21.66         91.9           0.914         0.362       151.1  
  1494.50        1490.77         22.46         92.4           0.903         0.512       151.2  
  1494.75        1491.05         24.35         92.9           0.891         0.663       151.2  
  1495.00        1491.34         24.20         93.3           0.876         0.865       151.2  
  1495.25        1491.63         24.36         93.9           0.843         0.885       151.2  
  1495.50        1491.77         23.42         94.3           0.831         0.885       151.3  
  1495.75        1491.92         22.45         81.6           0.817         0.853       151.3  
  1496.00        1492.20         17.59         82.2           0.804         0.825       151.3  
  1496.25        1492.49         11.74         84.4           0.767         0.761       151.4  
  1496.50        1492.78         11.75         71.6           0.755         0.779       151.4  
  1496.75        1493.06         15.06         66.9           0.741         0.801       151.4  
  1497.00        1493.18         18.36         56.6           0.724         0.825       151.4  
  1497.25        1493.35         22.97         53.9           0.695         0.703       151.5  
  1497.50        1493.64         18.35         48.1           0.663         0.653       151.5  
  1497.75        1493.92         23.90         52.6           0.633         0.607       151.5  
  1498.00        1494.21         34.32         58.9           0.637         0.646       151.6  
  1498.25        1494.36         33.76         57.1           0.640         0.692       151.6  
  1498.50        1494.50         33.24         54.7           0.645         0.744       151.6  
  1498.75        1494.79         32.37         50.8           0.637         0.685       151.6  
  1499.00        1495.07         29.84         44.8           0.629         0.621       151.7  
  1499.25        1495.36         29.64         46.0           0.619         0.614       151.7  
  1499.50        1495.64         37.90         48.1           0.615         0.609       151.7  
  1499.75        1495.77         35.15         49.5           0.608         0.602       151.8  
  1500.00        1495.93         31.65         42.5           0.599         0.593       151.8  
  1500.25        1496.22         40.44         36.8           0.596         0.600       151.8  
  1500.50        1496.50         39.38         37.6           0.593         0.607       151.8  
  1500.75        1496.79         32.53         38.7           0.590         0.598       151.9  
  1501.00        1496.94         34.79         38.8           0.588         0.591       151.9  
  1501.25        1497.08         36.71         39.0           0.585         0.585       151.9  
  1501.50        1497.36         39.72         39.1           0.584         0.580       152.0  
  1501.75        1497.65         48.03         38.9           0.594         0.604       152.0  
  1502.00        1497.93         31.31         38.7           0.602         0.624       152.0  
  1502.25        1498.22         32.10         38.4           0.609         0.642       152.0  
  1502.50        1498.35         32.69         38.2           0.626         0.642       152.1  
  1502.75        1498.51         33.39         46.4           0.641         0.642       152.1  
  1503.00        1498.79         32.33         53.3           0.656         0.642       152.1  
  1503.25        1499.08         33.07         63.2           0.682         0.669       152.2  
  1503.50        1499.36         23.42         74.5           0.700         0.687       152.2  
  1503.75        1499.52         21.58         68.7           0.709         0.695       152.2  
  1504.00        1499.65         20.15         60.1           0.716         0.700       152.2  
  1504.25        1499.93         14.50         49.5           0.723         0.706       152.3  
  1504.50        1500.22         20.63         54.3           0.729         0.711       152.3  
  1504.75        1500.51         26.49         60.7           0.732         0.770       152.3  
  1505.00        1500.79         33.14         67.0           0.726         0.803       152.4  
  1505.25        1500.93         31.57         70.7           0.720         0.837       152.4  
  1505.50        1501.08         29.89         79.2           0.711         0.885       152.4  
  1505.75        1501.36         27.59         73.0           0.704         0.870       152.4  
  1506.00        1501.65         22.42         66.3           0.692         0.845       152.5  
  1506.25        1501.93         24.83         57.1           0.680         0.819       152.5  
  1506.50        1502.10         30.97         56.3           0.669         0.794       152.5  
  1506.75        1502.22         35.33         55.1           0.657         0.769       152.6  
  1507.00        1502.50         25.64         54.0           0.645         0.743       152.6  
  1507.25        1502.79         31.69         52.8           0.633         0.718       152.6  
  1507.50        1503.07         27.28         51.7           0.622         0.693       152.6  
  1507.75        1503.36         29.72         50.5           0.610         0.667       152.7  
  1508.00        1503.50         33.35         49.3           0.598         0.642       152.7  
  1508.25        1503.64         36.88         48.2           0.582         0.607       152.7  
  1508.50        1503.93         33.70         47.0           0.587         0.597       152.8  
  1508.75        1504.21         28.32         46.2           0.597         0.580       152.8  
  1509.00        1504.50         30.95         48.7           0.608         0.612       152.8  
  1509.25        1504.78         32.74         50.0           0.624         0.657       152.8  
  1509.50        1504.90         32.98         51.2           0.628         0.665       152.9  
  1509.75        1505.07         33.30         51.9           0.635         0.678       152.9  
  1510.00        1505.35         43.81         50.3           0.642         0.690       152.9  
  1510.25        1505.63         52.32         49.2           0.649         0.703       152.9  
  1510.50        1505.92         39.41         47.6           0.641         0.685       153.0  
  1510.75        1506.07         36.67         46.2           0.632         0.666       153.0  
  1511.00        1506.20         34.22         43.8           0.623         0.649       153.0  
  1511.25        1506.49         29.48         42.0           0.618         0.614       153.1  
  1511.50        1506.77         30.73         50.0           0.615         0.609       153.1  
  1511.75        1507.06         39.50         47.2           0.612         0.605       153.1  
  1512.00        1507.34         39.00         44.8           0.609         0.600       153.1  
  1512.25        1507.47         41.02         47.8           0.619         0.616       153.2  
  1512.50        1507.62         43.50         52.1           0.634         0.640       153.2  
  1512.75        1507.91         47.42         56.4           0.648         0.664       153.2  
  1513.00        1508.19         38.56         60.6           0.668         0.639       153.3  
  1513.25        1508.47         33.14         62.2           0.694         0.607       153.3  
  1513.50        1508.63         36.61         64.1           0.700         0.666       153.3  
  1513.75        1508.76         39.44         67.0           0.709         0.762       153.3  
  1514.00        1509.04         42.29         71.2           0.718         0.855       153.4  
  1514.25        1509.33         37.09         68.3           0.726         0.759       153.4  
  1514.50        1509.61         35.73         63.3           0.732         0.672       153.4  
  1514.75        1509.89         36.36         58.9           0.731         0.711       153.5  
  1515.00        1510.03         39.92         66.5           0.716         0.875       153.5  
  1515.25        1510.18         43.89         72.4           0.685         0.761       153.5  
  1515.50        1510.46         42.02         63.4           0.672         0.635       153.5  
  1515.75        1510.74         50.29         60.3           0.655         0.642       153.5  
  1516.00        1511.03         45.76         65.2           0.604         0.677       153.5  
  1516.25        1511.19         54.26         60.8           0.651         0.657       153.5  
  1516.50        1511.31         60.58         61.3           0.656         0.672       153.5  
  1516.75        1511.59         39.51         61.8           0.657         0.687       153.5  
  1517.00        1511.88         33.36         61.2           0.658         0.702       153.5  
  1517.25        1512.16         43.69         60.7           0.658         0.717       153.5  
  1517.50        1512.44         28.33         60.3           0.659         0.732       153.5  
  1517.75        1512.58         28.68         59.9           0.660         0.747       153.5  
  1518.00        1512.72         29.04         59.5           0.660         0.762       153.5  
  1518.25        1513.01         33.61         59.0           0.661         0.777       153.5  
  1518.50        1513.29         32.39         58.6           0.662         0.792       153.5  
  1518.75        1513.57         35.59         58.2           0.662         0.807       153.5  
  1519.00        1513.85         33.91         57.8           0.663         0.822       153.5  
  1519.25        1513.97         22.34         57.3           0.664         0.837       153.5  
  1519.50        1514.14          6.11         56.9           0.664         0.852       153.5  
  1519.75        1514.42         12.71         56.5           0.665         0.867       153.4  
  1520.00        1514.70         21.96         56.1           0.666         0.882       153.3  
  1520.25        1514.98         30.77         55.6           0.666         0.897       153.2  
  1520.50        1515.13         40.41         55.2           0.687         0.912       153.2  
  1520.75        1515.27         49.41         54.8           0.706         0.927       153.1  
  1521.00        1515.55         39.22         54.4           0.733         0.949       153.0  
  1521.25        1515.83         35.60         53.8           0.738         0.607       152.9  
  1521.50        1516.11         33.91         49.5           0.719         0.567       152.9  
  1521.75        1516.40         36.87         66.0           0.719         0.680       152.8  
  1522.00        1516.52         39.88         69.3           0.723         0.835       152.7  
  1522.25        1516.68         43.73         63.6           0.727         0.794       152.6  
  1522.50        1516.96         36.96         57.5           0.733         0.727       152.6  
  1522.75        1517.24         25.68         43.6           0.726         0.771       152.5  
  1523.00        1517.52         15.35         32.8           0.710         0.875       152.4  
  1523.25        1517.68         14.69         17.9           0.697         0.825       152.3  
  1523.50        1517.81         14.12         16.1           0.682         0.770       152.3  
  1523.75        1518.09         11.44         13.7           0.669         0.714       152.2  
  1524.00        1518.37         11.31         15.7           0.657         0.664       152.1  
  1524.25        1518.65          8.29         17.0           0.649         0.680       152.0  
  1524.50        1518.83          8.70         20.8           0.641         0.675       152.0  
  1524.75        1519.06          9.24         18.2           0.636         0.672       151.9  
  1525.00        1519.29          9.77         16.1           0.638         0.628       151.8  
  1525.25        1519.52         10.30         15.8           0.641         0.624       151.7  
  1525.50        1519.75         10.83         18.4           0.646         0.655       151.6  
  1525.75        1519.98         11.36         18.9           0.649         0.680       151.6  
  1526.00        1520.22         11.89         19.8           0.616         0.664       151.5  
  1526.25        1520.45         12.42         16.5           0.675         0.807       151.4  
  1526.50        1520.68         12.95         22.7           0.682         0.807       151.3  
  1526.75        1520.90         13.46         18.9           0.691         0.695       151.3  
  1527.00        1521.18          5.86         16.1           0.698         0.664       151.2  
  1527.25        1521.46         11.30         17.0           0.702         0.717       151.1  
  1527.50        1521.60         18.07         16.7           0.707         0.786       151.0  
  1527.75        1521.74         25.31         16.1           0.711         0.835       151.0  
  1528.00        1522.03         46.14         16.4           0.708         0.810       150.9  
  1528.25        1522.31         95.66         17.1           0.703         0.754       150.8  
  1528.50        1522.59         37.34         17.5           0.678         0.684       150.8  
  1528.75        1522.75         40.17         18.2           0.658         0.657       150.8  
  1529.00        1522.87         42.18         18.1           0.639         0.661       150.8  
  1529.25        1523.15         42.82         18.2           0.624         0.664       150.8  
  1529.50        1523.43         29.06         18.4           0.613         0.635       150.8  
  1529.75        1523.71         21.00         22.7           0.605         0.593       150.8  
  1530.00        1523.99         16.86         22.4           0.601         0.600       150.8  
  1530.25        1524.13         15.92         22.2           0.593         0.614       150.8  
  1530.50        1524.27         15.00         21.2           0.587         0.628       150.8  
  1530.75        1524.55         17.67         20.5           0.587         0.614       150.8  
  1531.00        1524.83         24.42         21.0           0.586         0.609       150.9  
  1531.25        1525.11         18.96         25.2           0.586         0.605       150.9  
  1531.50        1525.39         20.07         29.2           0.586         0.600       150.9  
  1531.75        1525.51         20.39         27.2           0.589         0.583       151.0  
  1532.00        1525.67         20.82         24.2           0.594         0.561       151.0  
  1532.25        1525.95         21.48         21.7           0.593         0.575       151.0  
  1532.50        1526.23         19.32         23.5           0.592         0.593       151.1  
  1532.75        1526.51         21.25         24.9           0.591         0.621       151.1  
  1533.00        1526.66         19.84         25.9           0.591         0.614       151.1  
  1533.25        1526.79         18.58         22.5           0.591         0.600       151.2  
  1533.50        1527.07         15.51         19.4           0.588         0.597       151.2  
  1533.75        1527.35         14.22         21.2           0.585         0.600       151.2  
  1534.00        1527.63         12.82         22.7           0.581         0.593       151.3  
  1534.25        1527.91         15.35         25.0           0.577         0.583       151.3  
  1534.50        1528.03         15.18         26.4           0.575         0.584       151.3  
  1534.75        1528.19         14.97         26.4           0.574         0.580       151.4  
  1535.00        1528.47         13.38         23.6           0.571         0.587       151.4  
  1535.25        1528.75         14.16         21.5           0.570         0.587       151.4  
  1535.50        1529.03         18.38         19.8           0.569         0.587       151.5  
  1535.75        1529.18         19.56         23.6           0.570         0.574       151.5  
  1536.00        1529.31         20.53         24.5           0.567         0.600       151.5  
  1536.25        1529.59         22.87         26.9           0.567         0.597       151.6  
  1536.50        1529.86         17.13         23.8           0.570         0.580       151.6  
  1536.75        1530.14         16.24         30.7           0.575         0.593       151.6  
  1537.00        1530.42         18.26         30.1           0.578         0.600       151.7  
  1537.25        1530.55         18.06         29.7           0.588         0.600       151.7  
  1537.50        1530.70         17.83         36.8           0.600         0.615       151.8  
  1537.75        1530.98         18.76         41.9           0.622         0.641       151.8  
  1538.00        1531.26         17.06         48.1           0.641         0.664       151.8  
  1538.25        1531.54         30.80         62.7           0.709         0.816       151.9  
  1538.50        1531.70         24.98         85.3           0.743         0.819       151.9  
  1538.75        1531.82         20.63         81.7           0.779         0.823       151.9  
  1539.00        1532.10         15.06         77.3           0.799         0.825       152.0  
  1539.25        1532.37         20.34         85.6           0.839         0.835       152.0  
  1539.50        1532.65         25.34         93.8           0.866         0.822       152.0  
  1539.75        1532.93         31.36         84.3           0.897         0.807       152.1  
  1540.00        1533.07         32.13         77.8           0.920         0.753       152.1  
  1540.25        1533.21         32.92         91.9           0.953         0.917       152.1  
  1540.50        1533.49         34.41         93.3           0.982         1.065       152.2  
  1540.75        1533.77         34.83         94.3           1.017         1.051       152.2  
  1541.00        1534.04         33.85         91.8           1.041         1.041       152.2  
  1541.25        1534.32         31.04         90.5           1.104         1.194       152.3  
  1541.50        1534.44         29.09         94.9           1.146         1.295       152.3  
  1541.75        1534.60         26.33         96.6           1.157         1.274       152.3  
  1542.00        1534.88         15.76        100.0           1.170         1.249       152.4  
  1542.25        1535.16         19.08        111.3           1.182         1.223       152.4  
  1542.50        1535.43         16.56        110.1           1.189         1.209       152.4  
  1542.75        1535.58         18.28        108.9           1.202         1.103       152.5  
  1543.00        1535.71         19.90        107.7           1.202         1.155       152.5  
  1543.25        1535.99         25.51        106.3           1.199         1.230       152.5  
  1543.50        1536.27         20.72        103.2           1.206         1.223       152.6  
  1543.75        1536.55         20.35        104.2           1.208         1.246       152.6  
  1544.00        1536.82         17.56        103.2           1.212         1.280       152.6  
  1544.25        1536.94         16.31         98.5           1.223         1.155       152.7  
  1544.50        1537.10         14.70         88.9           1.244         1.065       152.7  
  1544.75        1537.38         12.78         92.8           1.242         1.169       152.7  
  1545.00        1537.66         11.79         83.9           1.225         1.196       152.8  
  1545.25        1537.93         16.03         87.7           1.242         1.310       152.8  
  1545.50        1538.08         18.91         88.3           1.325         1.457       152.8  
  1545.75        1538.21         21.38         89.1           1.344         1.479       152.9  
  1546.00        1538.49         25.80         99.0           1.352         1.476       152.9  
  1546.25        1538.76         27.92         92.8           1.359         1.474       153.0  
  1546.50        1539.04         26.30         94.0           1.366         1.471       153.0  
  1546.75        1539.32         25.42         95.1           1.373         1.468       153.0  
  1547.00        1539.45         25.43         96.2           1.381         1.465       153.1  
  1547.25        1539.59         25.44         97.4           1.379         1.436       153.1  
  1547.50        1539.87         26.17         98.5           1.376         1.405       153.1  
  1547.75        1540.15         26.97         99.9           1.374         1.373       153.2  
  1548.00        1540.43         21.76        100.0           1.372         1.355       153.2  
  1548.25        1540.58         21.73        100.2           1.353         1.364       153.2  
  1548.50        1540.70         21.70        100.3           1.341         1.370       153.3  
  1548.75        1540.98         23.02        100.4           1.332         1.321       153.3  
  1549.00        1541.26         24.20         93.4           1.325         1.275       153.3  
  1549.25        1541.53         27.47         88.4           1.317         1.223       153.4  
  1549.50        1541.81         22.91         83.9           1.312         1.182       153.4  
  1549.75        1541.94         20.41         87.7           1.306         1.198       153.4  
  1550.00        1542.08         17.72         91.5           1.296         1.223       153.5  
  1550.25        1542.36         10.22         96.2           1.276         1.271       153.5  
  1550.50        1542.64         24.09        101.9           1.243         1.355       153.5  
  1550.75        1542.91         33.76        106.5           1.215         1.339       153.3  
  1551.00        1543.07         33.12        104.5           1.181         1.320       153.2  
  1551.25        1543.19         32.66        103.2           1.144         1.181       153.0  
  1551.50        1543.47         23.11         83.3           1.128         1.046       152.9  
  1551.75        1543.74         14.90         69.8           1.135         1.029       152.7  
  1552.00        1544.02         10.73        104.6           1.131         1.355       152.6  
  1552.25        1544.29         15.97        100.7           1.132         1.299       152.5  
  1552.50        1544.43         14.77         95.2           1.136         1.182       152.3  
  1552.75        1544.57         13.59         83.4           1.122         1.201       152.2  
  1553.00        1544.85         15.34         89.0           1.107         1.223       152.0  
  1553.25        1545.12         15.99         92.9           1.072         1.041       151.9  
  1553.50        1545.40         16.06         89.6           1.049         1.029       151.7  
  1553.75        1545.67         11.56         82.0           1.018         1.029       151.6  
  1554.00        1545.79         14.73         88.2           0.999         1.029       151.4  
  1554.25        1545.95         19.01         83.8           0.985         0.960       151.3  
  1554.50        1546.22          4.30         76.8           0.980         0.931       151.1  
  1554.75        1546.50          9.59         82.6           0.976         0.903       151.0  
  1555.00        1546.77         14.23         88.6           0.973         0.885       150.8  
  1555.25        1546.92         15.20         84.0           0.990         0.971       150.9  
  1555.50        1547.05         16.08         82.0           1.000         1.004       150.9  
  1555.75        1547.33         24.17         90.5           1.007         1.029       151.0  
  1556.00        1547.60         33.07         82.5           1.014         0.960       151.0  
  1556.25        1547.88         39.95         63.6           1.022         0.928       151.1  
  1556.50        1548.15         44.18         67.8           1.044         0.845       151.1  
  1556.75        1548.27         43.11         73.1           1.048         1.017       151.2  
  1557.00        1548.43         41.79         84.9           1.056         1.280       151.3  
  1557.25        1548.70         50.04         97.1           1.077         1.295       151.3  
  1557.50        1548.98         40.87         91.8           1.098         1.309       151.4  
  1557.75        1549.25         32.27         84.4           1.121         1.324       151.4  
  1558.00        1549.40         27.69         85.4           1.113         1.286       151.5  
  1558.25        1549.52         23.91         86.7           1.104         1.244       151.5  
  1558.50        1549.80         21.73         87.7           1.095         1.202       151.6  
  1558.75        1550.07         24.89         88.1           1.086         1.161       151.7  
  1559.00        1550.35         24.47         88.4           1.077         1.119       151.7  
  1559.25        1550.62         27.30         88.7           1.071         1.090       151.8  
  1559.50        1550.75         26.53         89.0           1.072         1.049       151.8  
  1559.75        1550.90         25.66         89.4           1.074         1.005       151.9  
  1560.00        1551.17         22.19         89.6           1.074         0.983       151.9  
  1560.25        1551.45         20.76         90.3           1.073         0.949       152.0  
  1560.50        1551.72         20.94         91.0           1.081         1.011       152.0  
  1560.75        1551.88         20.93         94.8           1.088         1.070       152.1  
  1561.00        1552.00         20.93         99.5           1.092         1.103       152.2  
  1561.25        1552.27         20.07         95.3           1.092         1.209       152.2  
  1561.50        1552.54         17.80         91.5           1.070         1.075       152.3  
  1561.75        1552.82         18.84         96.8           1.052         0.960       152.3  
  1562.00        1553.09         19.93        101.3           1.036         0.955       152.4  
  1562.25        1553.23         20.90         97.4           1.016         0.949       152.4  
  1562.50        1553.37         21.90         93.8           1.016         0.945       152.5  
  1562.75        1553.64         21.25         96.4           1.016         0.941       152.6  
  1563.00        1553.91         23.74         99.5           1.016         0.938       152.6  
  1563.25        1554.19         22.71        103.2           1.027         0.949       152.7  
  1563.50        1554.46         22.62        107.6           1.033         0.984       152.7  
  1563.75        1554.57         23.10        109.8           1.040         1.032       152.8  
  1564.00        1554.73         23.79         95.7           1.049         1.090       152.8  
  1564.25        1555.01         25.43         96.3           1.048         1.090       152.9  
  1564.50        1555.28         23.44         97.1           1.049         1.096       153.0  
  1564.75        1555.55         23.45         99.9           1.040         0.982       153.0  
  1565.00        1555.69         24.18        102.8           1.024         0.927       153.1  
  1565.25        1555.83         24.88        100.4           1.013         0.946       153.1  
  1565.50        1556.10         26.18        102.7           1.005         0.960       153.2  
  1565.75        1556.37         28.25        104.2           0.992         0.960       153.2  
  1566.00        1556.65         30.14         98.4           0.978         0.960       153.3  
  1566.25        1556.92         32.68         95.2           0.975         0.895       153.4  
  1566.50        1557.04         30.71         94.3           0.975         0.906       153.4  
  1566.75        1557.19         28.17         93.8           0.974         0.927       153.5  
  1567.00        1557.47         28.68         91.5           0.982         0.911       153.5  
  1567.25        1557.74         29.07         98.2           0.990         0.895       153.5  
  1567.50        1558.01         27.10        103.2           1.020         0.960       153.5  
  1567.75        1558.16         27.35        104.0           1.042         1.041       153.5  
  1568.00        1558.29         27.56        104.6           1.057         1.036       153.5  
  1568.25        1558.56         29.26        102.3           1.082         1.029       153.5  
  1568.50        1558.83         27.85        107.0           1.097         1.169       153.5  
  1568.75        1559.10         27.31        108.0           1.114         1.153       153.5  
  1569.00        1559.38         28.13        108.4           1.126         1.142       153.5  
  1569.25        1559.50         27.61        105.6           1.119         1.111       153.5  
  1569.50        1559.65         26.99        105.6           1.113         1.086       153.5  
  1569.75        1559.92         28.04        105.5           1.106         1.053       153.5  
  1570.00        1560.19         26.52        105.4           1.092         1.066       153.5  
  1570.25        1560.46         26.78        105.2           1.065         1.090       153.5  
  1570.50        1560.62         28.62        105.1           1.056         1.066       153.5  
  1570.75        1560.74         30.08         97.9           1.045         1.041       153.5  
  1571.00        1561.01         31.35         93.3           1.044         0.960       153.5  
  1571.25        1561.28         31.17         92.4           1.031         0.987       153.5  
  1571.50        1561.55         27.72         93.8           1.022         1.005       153.5  
  1571.75        1561.83         27.67         93.2           1.022         0.971       153.5  
  1572.00        1561.96         28.35         92.4           1.012         1.008       153.5  
  1572.25        1562.10         29.09         99.5           1.006         1.029       153.5  
  1572.50        1562.37         30.50         99.5           1.013         0.971       153.5  
  1572.75        1562.64         20.75         99.5           0.988         0.971       153.5  
  1573.00        1562.91         15.26        101.8           1.006         1.005       153.5  
  1573.25        1563.07         14.85        102.6           1.007         1.000       153.5  
  1573.50        1563.18         14.54        103.9           1.009         0.989       153.5  
  1573.75        1563.46         18.99        105.3           1.011         0.979       153.5  
  1574.00        1563.73         22.87        106.5           1.013         0.971       153.5  
  1574.25        1564.00         28.25        104.2           1.009         0.949       153.5  
  1574.50        1564.27         25.27        102.1           1.007         0.938       153.5  
  1574.75        1564.41         24.87        100.4           1.000         0.973       153.5  
  1575.00        1564.54         24.47        104.2           0.997         0.994       153.5  
  1575.25        1564.81         22.78        104.4           0.994         0.985       153.5  
  1575.50        1565.08         21.80        104.6           0.991         0.978       153.5  
  1575.75        1565.35         19.44        104.9           0.989         0.971       153.5  
  1576.00        1565.63         19.53        105.1           0.998         0.966       153.5  
  1576.25        1565.74         20.86        106.1           1.009         0.961       153.5  
  1576.50        1565.90         22.66        107.0           1.019         0.956       153.5  
  1576.75        1566.17         20.69        108.4           1.034         0.949       153.5  
  1577.00        1566.44         20.89        106.3           1.042         0.993       153.5  
  1577.25        1566.71         23.54        102.7           1.056         1.071       153.5  
  1577.50        1566.85         22.80         97.6           1.069         1.148       153.5  
  1577.75        1566.98         22.12         97.1           1.078         1.196       153.5  
  1578.00        1567.25         19.29         96.3           1.063         1.129       153.5  
  1578.25        1567.52         15.39         95.5           1.053         1.080       153.5  
  1578.50        1567.79         13.05         94.3           1.042         1.031       153.5  
  1578.75        1568.06         13.39         93.7           1.036         1.005       153.2  
  1579.00        1568.18         13.54         92.8           1.018         0.893       153.0  
  1579.25        1568.33         13.72         91.8           1.005         0.816       152.7  
  1579.50        1568.60         16.87         90.5           0.995         0.838       152.4  
  1579.75        1568.87         19.17         90.2           0.985         0.859       152.1  
  1580.00        1569.14         19.99         89.6           0.976         0.881       151.9  
  1580.25        1569.29         21.60         89.1           0.966         0.903       151.6  
  1580.50        1569.41         22.93         88.4           0.960         0.916       151.3  
  1580.75        1569.68         22.06         87.6           0.955         0.927       151.1  
  1581.00        1569.95         13.40         86.7           0.963         0.938       150.8  
  1581.25        1570.22         13.04         89.5           0.969         0.947       150.8  
  1581.50        1570.40         14.30         92.6           0.979         0.960       150.9  
  1581.75        1570.62         15.89         94.7           0.984         0.964       150.9  
  1582.00        1570.76         16.92         94.3           0.995         0.973       150.9  
  1582.25        1571.03         23.13         94.0           1.007         0.982       151.0  
  1582.50        1571.30         29.51         93.8           1.022         1.050       151.0  
  1582.75        1571.57         26.94         90.8           1.038         1.119       151.1  
  1583.00        1571.72         31.64         87.7           1.056         1.196       151.1  
  1583.25        1571.84         35.19         90.2           1.057         1.310       151.1  
  1583.50        1572.11         71.81         95.7           1.069         1.192       151.2  
  1583.75        1572.38         86.93         95.2           1.085         1.029       151.2  
  1584.00        1572.65         70.51         94.7           1.079         1.022       151.2  
  1584.25        1572.92         68.44         95.4           1.070         1.013       151.3  
  1584.50        1573.05         63.62         95.8           1.063         1.005       151.3  
  1584.75        1573.19         58.61         96.2           1.052         1.005       151.3  
  1585.00        1573.45         48.59         96.9           1.042         1.005       151.4  
  1585.25        1573.72         43.36         97.6           1.032         1.005       151.4  
  1585.50        1573.99         45.14         96.8           1.026         1.005       151.4  
  1585.75        1574.26         47.00         95.9           1.003         1.114       151.5  
  1586.00        1574.37         47.10         94.7           0.989         1.182       151.5  
  1586.25        1574.53         47.24         97.1           0.990         1.097       151.5  
  1586.50        1574.80         45.02        100.0           0.990         1.019       151.6  
  1586.75        1575.07         44.15        102.9           0.991         0.941       151.6  
  1587.00        1575.34         44.04        104.6           0.992         0.875       151.7  
  1587.25        1575.47         48.75        103.4           0.999         0.851       151.7  
  1587.50        1575.60         53.22        102.5           1.004         0.835       151.7  
  1587.75        1575.87         46.07        101.3           1.007         0.915       151.8  
  1588.00        1576.14         52.73         99.4           1.009         0.982       151.8  
  1588.25        1576.41         49.58         96.5           1.012         1.048       151.8  
  1588.50        1576.68         50.09         94.3           1.015         1.142       151.9  
  1588.75        1576.79         44.04         94.6           1.009         1.101       151.9  
  1589.00        1576.94         36.15         94.8           0.997         1.031       151.9  
  1589.25        1577.21         55.38         95.1           0.989         0.982       152.0  
  1589.50        1577.48         39.59         95.2           0.980         0.976       152.0  
  1589.75        1577.75         42.39         92.4           0.973         0.971       152.0  
  1590.00        1577.89         43.98         90.2           0.967         0.967       152.1  
  1590.25        1578.02         45.37         88.2           0.957         0.960       152.1  
  1590.50        1578.28         41.93         91.4           0.959         0.967       152.2  
  1590.75        1578.55         39.21         94.6           0.963         0.981       152.2  
  1591.00        1578.82         38.71         97.8           0.967         0.996       152.2  
  1591.25        1579.09         32.26         99.5           0.971         1.010       152.3  
  1591.50        1579.21         31.19         99.0           0.975         1.024       152.3  
  1591.75        1579.35         29.93         98.6           0.979         1.038       152.3  
  1592.00        1579.62         22.65         98.3           0.984         1.052       152.4  
  1592.25        1579.89         28.34         98.0           0.988         1.066       152.4  
  1592.50        1580.16         39.91         97.6           0.991         1.078       152.4  
  1592.75        1580.30         41.40         97.3           0.982         1.016       152.5  
  1593.00        1580.42         42.58         96.9           0.975         0.966       152.5  
  1593.25        1580.69         42.97         96.6           0.966         0.895       152.5  
  1593.50        1580.96         42.33        100.7           0.956         0.916       152.6  
  1593.75        1581.22         41.85        104.5           0.955         0.921       152.6  
  1594.00        1581.49         40.09        106.5           0.954         0.928       152.6  
  1594.25        1581.62         39.71        104.7           0.953         0.935       152.7  
  1594.50        1581.76         39.30        103.4           0.953         0.942       152.7  
  1594.75        1582.02         40.85        102.3           0.952         0.949       152.8  
  1595.00        1582.29         44.10        100.1           0.956         0.944       152.8  
  1595.25        1582.56         42.96         98.2           0.960         0.938       152.8  
  1595.50        1582.71         41.71         95.7           0.960         0.934       152.9  
  1595.75        1582.82         40.82         98.1           0.960         0.929       152.9  
  1596.00        1583.09         40.57        101.7           0.960         0.924       152.9  
  1596.25        1583.35         43.10        104.6           0.960         0.919       153.0  
  1596.50        1583.62         44.05        105.3           0.960         0.916       153.0  
  1596.75        1583.89         45.92        105.8           0.967         0.910       153.0  
  1597.00        1584.02         46.94        106.5           0.972         0.906       153.1  
  1597.25        1584.15         47.95        105.6           0.972         0.922       153.1  
  1597.50        1584.42         46.89        104.0           0.973         0.941       153.1  
  1597.75        1584.68         48.59        102.3           0.974         0.961       153.2  
  1598.00        1584.95         48.82        101.3           0.974         0.971       153.2  
  1598.25        1585.22         49.55         98.9           0.975         0.963       153.3  
  1598.50        1585.33         48.72         97.1           0.975         0.960       153.3  
  1598.75        1585.48         47.57         95.7           0.990         0.937       153.3  
  1599.00        1585.75         44.94         98.1           1.000         0.921       153.4  
  1599.25        1586.01         44.84        100.4           1.011         0.904       153.4  
  1599.50        1586.28         49.40        101.7           1.017         0.895       153.4  
  1599.75        1586.42         48.12        103.2           1.042         1.073       153.5  
  1600.00        1586.54         46.96        104.6           1.060         1.126       153.5  
  1600.25        1586.81         48.58        103.2           1.066         1.021       153.5  
  1600.50        1587.07         46.84        104.2           1.077         0.916       153.5  
  1600.75        1587.34         43.01        101.6           1.087         0.816       153.5  
  1601.00        1587.60         36.01         99.8           1.109         1.124       153.5  
  1601.25        1587.72         38.71         97.6           1.120         1.219       153.5  
  1601.50        1587.87         42.08        101.7           1.102         1.143       153.5  
  1601.75        1588.13         33.93        104.8           1.085         1.067       153.5  
  1602.00        1588.40         39.77        103.4           1.063         0.971       153.5  
  1602.25        1588.66         42.15        102.1           1.066         0.981       153.5  
  1602.50        1588.81         44.00        100.8           1.072         0.994       153.5  
  1602.75        1588.93         45.54         99.5           1.077         1.007       153.5  
  1603.00        1589.19         42.43         98.2           1.083         1.021       153.5  
  1603.25        1589.46         46.57         97.1           1.088         1.034       153.5  
  1603.50        1589.72         43.14         97.7           1.093         1.047       153.5  
  1603.75        1589.99         46.39         98.2           1.099         1.061       153.5  
  1604.00        1590.11         44.20         98.7           1.104         1.074       153.5  
  1604.25        1590.25         41.71         99.2           1.109         1.087       153.5  
  1604.50        1590.51         49.03         99.7           1.115         1.100       153.5  
  1604.75        1590.78         47.16        100.2           1.120         1.114       153.5  
  1605.00        1591.04         44.24        100.6           1.126         1.127       153.5  
  1605.25        1591.19         43.56        101.1           1.131         1.140       153.5  
  1605.50        1591.31         43.05        101.6           1.137         1.155       153.5  
  1605.75        1591.57         41.75        102.1           1.131         1.110       153.5  
  1606.00        1591.83         38.48        102.8           1.125         1.065       153.5  
  1606.25        1592.10         37.94        100.7           1.110         1.029       153.5  
  1606.50        1592.36         40.09         97.8           1.090         1.034       153.5  
  1606.75        1592.49         39.60         96.2           1.063         1.041       153.5  
  1607.00        1592.63         39.09        104.2           1.047         1.041       153.5  
  1607.25        1592.89         41.59         91.9           1.010         1.053       153.5  
  1607.50        1593.15         42.00         99.0           0.987         1.037       153.5  
  1607.75        1593.42         43.19         92.5           0.971         1.005       153.5  
  1608.00        1593.68          2.39         96.8           0.941         0.918       153.5  
  1608.25        1593.79          5.23         97.2           0.919         0.855       153.5  
  1608.50        1593.94          9.31         97.6           0.885         0.836       153.5  
  1608.75        1594.21         16.31         92.4           0.865         0.825       153.5  
  1609.00        1594.47         22.02         88.6           0.847         0.807       153.5  
  1609.25        1594.73         19.12         85.3           0.855         0.825       153.5  
  1609.50        1594.87         17.90         94.3           0.863         0.835       153.5  
  1609.75        1594.99         16.73         91.0           0.880         0.818       153.5  
  1610.00        1595.26         17.31         97.4           0.901         0.797       153.5  
  1610.25        1595.52         34.55        101.3           0.929         0.816       153.5  
  1610.50        1595.78         70.89         99.9           0.963         0.927       153.5  
  1610.75        1596.05         96.86         88.6           0.970         0.969       153.5  
  1611.00        1596.16         94.27         89.6           0.979         1.029       153.5  
  1611.25        1596.37         89.35         91.5           0.990         1.068       153.5  
  1611.50        1596.59         84.44         90.4           1.003         1.116       153.5  
  1611.75        1596.83         78.90         89.6           1.018         1.026       153.5  
  1612.00        1597.02         70.34         89.8           1.030         0.960       153.5  
  1612.25        1597.24         60.51         90.0           1.032         0.931       153.5  
  1612.50        1597.36         54.93         99.0           1.034         0.916       153.5  
  1612.75        1597.62         19.63         95.3           1.045         0.957       153.5  
  1613.00        1597.88         42.46         91.5           1.053         0.982       153.5  
  1613.25        1598.14        126.66        111.7           1.057         0.993       153.5  
  1613.50        1598.41        174.90        103.3           1.061         1.005       153.5  
  1613.75        1598.53        112.40         98.5           1.069         1.029       153.5  
  1614.00        1598.67         37.65         87.7           1.072         1.071       153.6  
  1614.25        1598.93         31.73         93.3           1.074         1.103       153.6  
  1614.50        1599.19         28.43         92.2           1.093         1.129       153.7  
  1614.75        1599.45         26.33         90.5           1.108         1.117       153.7  
  1615.00        1599.60         24.55         91.9           1.126         1.103       153.8  
  1615.25        1599.71         23.12         93.8           1.143         1.090       153.8  
  1615.50        1599.98         17.44         84.6           1.152         1.116       153.9  
  1615.75        1600.24          8.56         79.2           1.166         1.155       153.9  
  1616.00        1600.50         13.08         99.0           1.178         1.196       154.0  
  1616.25        1600.76         17.30         95.7           1.187         1.196       154.0  
  1616.50        1600.88         20.78         91.9           1.195         1.204       154.0  
  1616.75        1601.02         24.58         91.9           1.200         1.209       154.1  
  1617.00        1601.28         27.28         93.8           1.201         1.301       154.1  
  1617.25        1601.54         22.81        102.3           1.201         1.370       154.2  
  1617.50        1601.80         18.37        100.1           1.189         1.251       154.2  
  1617.75        1601.96         18.08         98.5           1.174         1.251       154.3  
  1618.00        1602.07         17.88         85.8           1.165         1.182       154.3  
  1618.25        1602.33         19.63         91.9           1.142         1.169       154.4  
  1618.50        1602.59         16.32         93.8           1.131         1.169       154.4  
  1618.75        1602.85         17.06         93.8           1.127         1.124       154.5  
  1619.00        1603.11         20.37         96.5           1.114         1.084       154.5  
  1619.25        1603.24         22.13        100.9           1.103         1.097       154.5  
  1619.50        1603.37         23.90         88.2           1.095         1.084       154.6  
  1619.75        1603.63         25.84         91.0           1.084         1.112       154.6  
  1620.00        1603.89         28.57         97.6           1.069         1.169       154.7  
  1620.25        1604.15         25.33         98.5           1.067         1.128       154.7  
  1620.50        1604.41         23.39         89.1           1.065         1.078       154.8  
  1620.75        1604.52         21.99         93.0           1.070         1.053       154.8  
  1621.00        1604.67         20.07         96.5           1.066         1.116       154.9  
  1621.25        1604.93         18.51         99.5           1.055         1.196       154.9  
  1621.50        1605.19         19.93         92.6           1.070         1.097       155.0  
  1621.75        1605.45         20.18         88.2           1.060         1.155       155.0  
  1622.00        1605.59         18.94         92.2           1.058         1.183       155.0  
  1622.25        1605.71         17.82         91.0           1.056         1.209       155.1  
  1622.50        1605.97         18.03         91.9           1.065         1.084       155.1  
  1622.75        1606.23         18.47         99.0           1.061         1.095       155.2  
  1623.00        1606.49         18.62         95.7           1.058         1.102       155.2  
  1623.25        1606.75         20.48         97.1           1.055         1.110       155.3  
  1623.50        1606.86         21.91         97.8           1.053         1.118       155.3  
  1623.75        1607.01         23.71         98.8           1.049         1.129       155.4  
  1624.00        1607.27         24.66         99.8           1.052         1.065       155.4  
  1624.25        1607.53         20.17        100.9           1.050         1.090       155.5  
  1624.50        1607.78         17.52         97.6           1.048         1.102       155.5  
  1624.75        1607.93         16.82        101.8           1.051         1.129       155.5  
  1625.00        1608.04         16.22        100.9           1.057         1.129       155.6  
  1625.25        1608.30         25.46        100.9           1.076         1.129       155.6  
  1625.50        1608.56         24.20         99.0           1.084         1.142       155.7  
  1625.75        1608.82         18.88         95.2           1.103         1.101       155.7  
  1626.00        1609.08         22.29         98.2           1.114         1.078       155.8  
  1626.25        1609.20         20.84        100.9           1.136         1.090       155.8  
  1626.50        1609.34         19.18         85.3           1.164         1.142       155.9  
  1626.75        1609.60         18.21         91.0           1.167         1.182       155.9  
  1627.00        1609.85         18.09         83.9           1.181         1.227       156.0  
  1627.25        1610.11         16.59         87.7           1.194         1.265       156.0  
  1627.50        1610.26         15.66         88.3           1.206         1.303       156.0  
  1627.75        1610.37         14.95         89.2           1.218         1.341       156.1  
  1628.00        1610.63         13.99         90.2           1.231         1.380       156.1  
  1628.25        1610.89         13.67         91.2           1.238         1.401       156.2  
  1628.50        1611.15         13.94         92.1           1.261         1.294       156.3  
  1628.75        1611.40         12.88         93.3           1.276         1.223       156.3  
  1629.00        1611.53         13.04         90.5           1.276         1.295       156.3  
  1629.25        1611.66         13.21         86.3           1.261         1.381       156.3  
  1629.50        1611.92         10.97         88.1           1.249         1.449       156.3  
  1629.75        1612.18          8.75         89.1           1.253         1.386       156.3  
  1630.00        1612.44          9.07         94.9           1.251         1.342       156.3  
  1630.25        1612.59         10.61         97.1           1.247         1.279       156.3  
  1630.50        1612.69         11.67        105.1           1.242         1.196       156.3  
  1630.75        1612.95         12.95        100.2           1.240         1.159       156.3  
  1631.00        1613.21         17.05         93.1           1.237         1.116       156.3  
  1631.25        1613.43         15.59         86.7           1.231         1.101       156.3  
  1631.50        1613.72         13.70         87.4           1.228         1.090       156.3  
  1631.75        1613.85         13.86         87.7           1.224         1.116       156.3  
  1632.00        1613.98         14.02         98.5           1.217         1.182       156.3  
  1632.25        1614.24         13.74         97.7           1.214         1.201       156.3  
  1632.50        1614.49         12.95         95.2           1.213         1.207       156.3  
  1632.75        1614.75         14.35         92.4           1.215         1.204       156.3  
  1633.00        1615.01         14.76         89.7           1.217         1.201       156.3  
  1633.25        1615.12         14.73         90.1           1.220         1.198       156.3  
  1633.50        1615.27         14.70         90.6           1.222         1.195       156.3  
  1633.75        1615.52         14.21         91.0           1.224         1.192       156.3  
  1634.00        1615.78         14.90         91.5           1.226         1.190       156.3  
  1634.25        1616.03         16.94         91.9           1.229         1.187       156.3  
  1634.50        1616.17         17.89         92.4           1.231         1.184       156.3  
  1634.75        1616.29         18.73         92.8           1.233         1.181       156.3  
  1635.00        1616.55         17.44         93.3           1.235         1.178       156.3  
  1635.25        1616.80         14.88         93.7           1.237         1.176       156.3  
  1635.50        1617.06         17.36         94.1           1.240         1.173       156.3  
  1635.75        1617.32         21.66         94.6           1.243         1.169       156.3  
  1636.00        1617.43         22.96         95.0           1.245         1.171       156.3  
  1636.25        1617.57         24.53         95.5           1.248         1.177       156.3  
  1636.50        1617.83         26.03         95.9           1.251         1.182       156.3  
  1636.75        1618.08         26.72         96.2           1.256         1.165       156.3  
  1637.00        1618.34         25.30         94.7           1.259         1.155       156.3  
  1637.25        1618.48         24.46         93.8           1.270         1.155       156.3  
  1637.50        1618.60         23.78         92.0           1.280         1.155       156.3  
  1637.75        1618.85         22.78         90.5           1.283         1.196       156.3  
  1638.00        1619.11         23.02         93.3           1.285         1.201       156.3  
  1638.25        1619.36         23.61         95.2           1.288         1.212       156.3  
  1638.50        1619.62         27.86         99.0           1.293         1.223       156.3  
  1638.75        1619.74         28.64         97.3           1.294         1.230       156.3  
  1639.00        1619.87         29.50         94.8           1.295         1.237       156.3  
  1639.25        1620.13         26.99         92.9           1.287         1.232       156.3  
  1639.50        1620.38         25.21         94.0           1.275         1.223       156.3  
  1639.75        1620.64         21.25         94.7           1.270         1.231       156.3  
  1640.00        1620.78         22.40         90.0           1.265         1.237       156.3  
  1640.25        1620.89         23.24         86.3           1.255         1.212       156.3  
  1640.50        1621.15          9.99         81.6           1.248         1.196       156.3  
  1640.75        1621.41          7.98         83.7           1.242         1.169       156.3  
  1641.00        1621.62          6.39         87.5           1.241         1.169       156.3  
  1641.25        1621.91          4.18         89.6           1.241         1.169       156.3  
  1641.50        1622.04          4.72         94.3           1.241         1.169       156.3  
  1641.75        1622.16          5.26         93.1           1.241         1.179       156.3  
  1642.00        1622.42          3.57         91.5           1.242         1.187       156.3  
  1642.25        1622.67          3.56         95.3           1.242         1.194       156.3  
  1642.50        1622.93         34.04        100.9           1.243         1.202       156.3  
  1642.75        1623.08         46.29         99.7           1.236         1.209       156.3  
  1643.00        1623.29         63.04         97.1           1.234         1.182       156.3  
  1643.25        1623.50         79.80         97.3           1.230         1.142       156.3  
  1643.50        1623.69         95.32         97.6           1.230         1.103       156.3  
  1643.75        1623.94         73.62         96.1           1.229         1.053       156.3  
  1644.00        1624.20         53.70         94.7           1.212         1.107       156.3  
  1644.25        1624.33         45.38         93.0           1.201         1.142       156.4  
  1644.50        1624.45         37.74         91.5           1.192         1.155       156.5  
  1644.75        1624.70         31.13        104.6           1.194         1.155       156.5  
  1645.00        1624.96         30.48        102.8           1.195         1.155       156.6  
  1645.25        1625.21         30.10        103.3           1.193         1.142       156.7  
  1645.50        1625.46         29.27        104.0           1.192         1.154       156.7  
  1645.75        1625.58         28.41        105.1           1.184         1.172       156.8  
  1646.00        1625.72         27.33        104.0           1.180         1.182       156.8  
  1646.25        1625.97         25.86        102.8           1.174         1.148       156.9  
  1646.50        1626.22         25.72         99.8           1.170         1.116       157.0  
  1646.75        1626.48         26.56         97.8           1.166         1.102       157.0  
  1647.00        1626.61         28.05         95.8           1.164         1.084       157.1  
  1647.25        1626.73         29.30         97.6           1.165         1.085       157.1  
  1647.50        1626.98         29.22        102.7           1.165         1.103       157.2  
  1647.75        1627.23         28.55        105.1           1.160         1.116       157.3  
  1648.00        1627.49         26.49        101.3           1.152         1.122       157.3  
  1648.25        1627.74         25.10         99.9           1.149         1.126       157.4  
  1648.50        1627.86         25.23         99.0           1.147         1.129       157.5  
  1648.75        1627.99         25.38        102.8           1.152         1.087       157.5  
  1649.00        1628.24         25.73        105.1           1.157         1.065       157.6  
  1649.25        1628.50         26.97         98.2           1.156         1.080       157.6  
  1649.50        1628.75         26.16         99.2           1.154         1.116       157.7  
  1649.75        1628.89         26.59        104.8           1.160         1.116       157.8  
  1650.00        1629.00         26.92        107.0           1.161         1.125       157.8  
  1650.25        1629.25         28.16        109.4           1.164         1.142       157.9  
  1650.50        1629.50         28.77        103.7           1.162         1.159       157.9  
  1650.75        1629.75         27.26         98.0           1.161         1.169       158.0  
  1651.00        1630.01         25.59        100.4           1.158         1.636       158.1  
  1651.25        1630.13         25.17        104.2           1.150         1.491       158.1  
  1651.50        1630.26         24.72        107.9           1.139         1.142       158.2  
  1651.75        1630.51         25.68         91.0           1.136         1.118       158.3  
  1652.00        1630.76         27.14        100.9           1.131         1.098       158.3  
  1652.25        1631.01         24.56        100.2           1.127         1.079       158.4  
  1652.50        1631.16         23.04         99.5           1.077         1.065       158.4  
  1652.75        1631.26         21.97         98.5           1.066         1.081       158.5  
  1653.00        1631.51         19.13         98.2           1.097         1.090       158.6  
  1653.25        1631.76         16.56         97.6           1.094         1.065       158.6  
  1653.50        1632.02         15.12         99.0           1.089         1.041       158.7  
  1653.75        1632.27         14.69        112.7           1.085         1.029       158.7  
  1654.00        1632.39         14.33         99.9           1.084         1.034       158.8  
  1654.25        1632.52         13.98        100.1           1.082         1.040       158.9  
  1654.50        1632.77         14.58        100.7           1.079         1.047       158.9  
  1654.75        1633.02         15.22        101.3           1.077         1.053       159.0  
  1655.00        1633.27         14.29        101.9           1.069         1.060       159.0  
  1655.25        1633.52         14.15        102.4           1.063         1.065       159.0  
  1655.50        1633.63         15.47        102.8           1.067         1.053       159.0  
  1655.75        1633.77         17.21        105.6           1.068         1.032       159.0  
  1656.00        1634.02         15.13        106.6           1.069         1.017       159.0  
  1656.25        1634.27         16.60        107.8           1.064         1.030       159.0  
  1656.50        1634.52         17.54        109.0           1.059         1.041       159.0  
  1656.75        1634.65         17.87        109.8           1.056         1.065       159.0  
  1657.00        1634.77         18.17         99.9           1.054         1.065       159.0  
  1657.25        1635.02         17.95         99.4           1.053         1.065       159.0  
  1657.50        1635.27         18.43         99.0           1.025         1.065       159.0  
  1657.75        1635.52         20.72         26.9           0.997         1.029       159.0  
  1658.00        1635.77         19.63         53.1           0.967         1.059       159.0  
  1658.25        1635.88         20.67         78.4           0.934         1.090       159.0  
  1658.50        1636.02         21.93         97.6           0.808         1.142       159.0  
  1658.75        1636.27         23.03         63.9           0.725         1.078       159.0  
  1659.00        1636.51         19.71         31.1           0.655         0.905       159.0  
  1659.25        1636.76         16.62         98.0           0.579         0.719       159.0  
  1659.50        1636.90         20.48        100.3           0.610         0.672       159.0  
  1659.75        1637.01         23.58        102.8           0.683         0.735       159.0  
  1660.00        1637.31          9.54         98.0           0.687         0.934       159.0  
  1660.25        1637.51          0.06         99.9           0.735         1.196       159.0  
  1660.50        1637.76          4.45         91.0           0.616         0.783       159.0  
  1660.75        1638.01          8.32         95.1           0.658         0.666       159.0  
  1661.00        1638.13         10.53         86.4           0.670         0.668       159.0  
  1661.25        1638.26         12.98         86.7           0.683         0.669       159.0  
  1661.50        1638.51         16.88         86.9           0.695         0.671       159.0  
  1661.75        1638.75         12.14         87.2           0.708         0.672       159.0  
  1662.00        1639.00         11.82         87.4           0.720         0.673       159.0  
  1662.25        1639.15         13.33         87.6           0.733         0.675       159.0  
  1662.50        1639.25         14.44         87.9           0.745         0.676       159.0  
  1662.75        1639.50         15.22         88.1           0.758         0.678       159.0  
  1663.00        1639.75         16.30         88.3           0.773         0.680       159.0  
  1663.25        1640.00         19.41         88.6           0.770         0.690       159.0  
  1663.50        1640.24         19.45         88.8           0.765         0.704       159.0  
  1663.75        1640.37         18.86         89.1           0.762         0.711       159.0  
  1664.00        1640.49         18.26         90.8           0.774         0.761       159.0  
  1664.25        1640.74         19.62         92.9           0.821         0.924       158.7  
  1664.50        1640.99         20.51         93.9           0.872         1.103       158.5  
  1664.75        1641.24         19.29         94.7           0.898         1.096       158.3  
  1665.00        1641.48         20.41         97.0           0.917         1.090       158.1  
  1665.25        1641.59         20.13         98.5           0.916         1.090       157.9  
  1665.50        1641.73         19.73         96.6           0.915         1.090       157.7  
  1665.75        1641.98         20.35         94.9           0.873         0.960       157.5  
  1666.00        1642.23         20.10         91.5           0.855         0.914       157.3  
  1666.25        1642.47         20.11         96.9           0.827         0.839       157.1  
  1666.50        1642.60         19.69        104.6           0.810         0.764       156.9  
  1666.75        1642.72         19.30        100.3           0.749         0.703       156.8  
  1667.00        1642.97         17.18         96.6           0.717         0.982       156.6  
  1667.25        1643.22         14.72         96.2           0.713         1.056       156.4  
  1667.50        1643.46         19.35         73.2           0.705         1.155       156.2  
  1667.75        1643.71         15.38         45.7           0.697         0.814       156.0  
  1668.00        1643.82         15.19         97.1           0.690         0.567       155.8  
  1668.25        1643.96         14.94         98.2           0.694         0.673       155.6  
  1668.50        1644.20         15.11         99.9           0.696         0.769       155.4  
  1668.75        1644.43         19.59         99.6           0.696         0.866       155.2  
  1669.00        1644.63         23.67         99.3           0.696         0.927       155.0  
  1669.25        1644.83         27.75         99.0           0.697         0.841       154.8  
  1669.50        1645.04         31.83         97.7           0.697         0.779       154.6  
  1669.75        1645.19         53.60         96.3           0.698         0.727       154.4  
  1670.00        1645.44         53.32         94.7           0.700         0.753       154.2  
  1670.25        1645.69         14.00         93.3           0.658         0.916       154.0  
  1670.50        1645.93         16.14        100.6           0.698         0.877       153.9  
  1670.75        1646.05         18.42        101.3           0.761         0.816       153.7  
  1671.00        1646.18         21.07         95.6           0.762         0.885       153.5  
  1671.25        1646.43         24.74         94.3           0.796         0.845       153.6  
  1671.50        1646.67         26.50         92.9           0.824         0.905       153.7  
  1671.75        1646.92         25.98         98.1           0.843         1.033       153.8  
  1672.00        1647.06         26.57        103.7           0.864         1.086       153.9  
  1672.25        1647.16         27.02         98.5           0.881         1.129       154.0  
  1672.50        1647.41         25.62         96.5           0.924         1.065       154.1  
  1672.75        1647.66         26.09         93.3           0.940         1.049       154.1  
  1673.00        1647.90         26.45         95.2           0.956         1.032       154.2  
  1673.25        1648.15         27.28         98.0           0.970         1.017       154.3  
  1673.50        1648.27         26.66         98.0           0.970         0.982       154.4  
  1673.75        1648.39         26.01         98.0           0.971         0.965       154.5  
  1674.00        1648.64         24.70        100.1           0.971         0.943       154.6  
  1674.25        1648.89         24.03        103.7           0.972         0.927       154.6  
  1674.50        1649.13         23.86        101.0           0.957         0.971       154.7  
  1674.75        1649.28         24.51         97.1           0.958         0.951       154.8  
  1675.00        1649.38         24.97         95.2           0.958         0.927       154.9  
  1675.25        1649.62         21.57         93.3           0.972         1.017       155.0  
  1675.50        1649.87         22.59        100.9           0.969         1.011       155.1  
  1675.75        1650.11         23.58        105.6           0.962         1.001       155.2  
  1676.00        1650.36         23.93        101.6           0.958         0.994       155.2  
  1676.25        1650.48         23.28         99.9           0.972         0.875       155.3  
  1676.50        1650.60         22.65         97.1           0.962         0.946       155.4  
  1676.75        1650.85         18.76         94.8           0.947         1.053       155.5  
  1677.00        1651.09         16.95         91.9           0.950         1.002       155.6  
  1677.25        1651.34         16.66         95.5           0.953         0.960       155.7  
  1677.50        1651.58         19.60         97.6           0.956         0.960       155.7  
  1677.75        1651.69         20.12         88.6           0.958         0.960       155.8  
  1678.00        1651.83         20.81         93.0           0.966         0.966       155.9  
  1678.25        1652.07         19.16        101.3           0.973         0.972       156.0  
  1678.50        1652.32         18.01        102.2           0.980         0.977       156.1  
  1678.75        1652.56         18.01        103.6           0.987         0.983       156.2  
  1679.00        1652.69         17.95        105.0           0.994         0.988       156.2  
  1679.25        1652.81         17.90        106.4           1.001         0.994       156.3  
  1679.50        1653.05         17.37        107.8           1.006         0.994       156.4  
  1679.75        1653.30         17.04        109.2           1.011         0.994       156.5  
  1680.00        1653.54         19.34        110.3           0.987         0.994       156.6  
  1680.25        1653.79         21.76         94.9           0.993         0.994       156.7  
  1680.50        1653.90         21.42         86.3           1.002         0.994       156.7  
  1680.75        1654.03         21.01        105.1           1.009         0.994       156.8  
  1681.00        1654.28         24.53         93.8           1.001         0.994       156.9  
  1681.25        1654.52         25.97         91.7           0.998         0.980       157.0  
  1681.50        1654.76         26.42         96.2           0.992         0.960       157.1  
  1681.75        1654.90         26.53         97.1           0.989         0.960       157.2  
  1682.00        1655.01         26.62         92.8           0.986         0.960       157.3  
  1682.25        1655.25         27.91         90.5           0.984         0.960       157.3  
  1682.50        1655.50         28.20         95.6           0.976         0.971       157.4  
  1682.75        1655.74         26.77         99.9           0.972         0.963       157.5  
  1683.00        1655.98         26.00         95.2           0.968         0.954       157.6  
  1683.25        1656.10         25.87         89.1           0.966         0.949       157.7  
  1683.50        1656.23         25.73         90.8           0.964         0.949       157.8  
  1683.75        1656.47         23.08         92.9           0.961         0.954       157.8  
  1684.00        1656.71         22.28         92.9           0.957         0.960       157.9  
  1684.25        1656.96         22.35         92.9           0.958         0.955       158.0  
  1684.50        1657.10         22.93         93.1           0.959         0.949       158.1  
  1684.75        1657.20         23.36         93.3           0.957         0.954       158.2  
  1685.00        1657.44         22.27         94.1           0.955         0.960       158.3  
  1685.25        1657.69         23.89         94.7           0.958         0.949       158.3  
  1685.50        1657.93         24.04         95.4           0.958         0.951       158.4  
  1685.75        1658.17         24.73         95.7           0.958         0.956       158.5  
  1686.00        1658.29         24.92         99.5           0.957         0.960       158.6  
  1686.25        1658.42         25.11         96.7           0.958         0.960       158.7  
  1686.50        1658.66         25.20         91.5           0.954         0.960       158.8  
  1686.75        1658.90         26.28         88.6           0.953         0.956       158.9  
  1687.00        1659.15         22.08         90.5           0.952         0.949       159.0  
  1687.25        1659.39         22.28         86.7           0.951         0.958       159.0  
  1687.50        1659.49         23.24         94.3           0.958         0.971       159.0  
  1687.75        1659.63         24.57         93.7           0.961         0.960       159.0  
  1688.00        1659.87         23.33         93.3           0.959         0.960       159.0  
  1688.25        1660.12         23.02         95.2           0.964         0.968       159.0  
  1688.50        1660.29         41.71         95.2           0.970         0.982       159.0  
  1688.75        1660.48         63.67         92.9           0.968         0.982       159.0  
  1689.00        1660.60         76.56         95.0           0.969         0.981       159.0  
  1689.25        1660.84         56.31         98.7           0.969         0.980       159.0  
  1689.50        1661.09         37.79         98.9           0.970         0.979       159.0  
  1689.75        1661.33         20.35         99.0           0.971         0.978       159.0  
  1690.00        1661.57         17.77         99.1           0.972         0.978       159.0  
  1690.25        1661.68         20.49         99.3           0.973         0.977       159.0  
  1690.50        1661.81         23.95         99.4           0.974         0.976       159.0  
  1690.75        1662.06         25.85         99.6           0.975         0.975       159.0  
  1691.00        1662.30         29.36         99.7           0.976         0.975       159.0  
  1691.25        1662.54         28.59         99.9           0.976         0.974       159.0  
  1691.50        1662.67         27.65        100.0           0.977         0.973       159.0  
  1691.75        1662.78         26.85        100.2           0.978         0.972       159.0  
  1692.00        1663.03         25.80        100.3           0.979         0.971       159.0  
  1692.25        1663.27         26.57        100.4           0.980         0.971       159.0  
  1692.50        1663.51         26.32        100.6           0.990         0.982       159.0  
  1692.75        1663.75         26.39        100.7           0.997         0.990       159.0  
  1693.00        1663.87         26.30        100.9           1.001         0.994       159.0  
  1693.25        1664.00         26.20         99.5           1.021         1.005       159.0  
  1693.50        1664.24         24.76         97.6           1.034         1.030       159.0  
  1693.75        1664.48         24.31        102.4           1.048         1.051       159.0  
  1694.00        1664.72         24.72        109.4           1.055         1.072       159.0  
  1694.25        1664.86         22.88        105.0           1.082         1.090       159.0  
  1694.50        1664.97         21.45        100.4           1.100         1.115       159.0  
  1694.75        1665.21         19.23        100.6           1.115         1.136       159.0  
  1695.00        1665.45         16.06        100.9           1.129         1.155       159.0  
  1695.25        1665.70         15.34         66.9           1.152         1.116       159.0  
  1695.50        1665.94         16.84          5.7           1.164         1.127       159.0  
  1695.75        1666.06         16.66         39.1           1.196         1.155       159.0  
  1696.00        1666.18         16.46         90.5           1.200         1.181       159.0  
  1696.25        1666.42         15.26         93.5           1.209         1.237       159.0  
  1696.50        1666.67         14.64         97.1           1.224         1.242       159.0  
  1696.75        1666.91         10.02         96.6           1.242         1.248       159.0  
  1697.00        1667.05          9.99         96.2           1.254         1.251       159.0  
  1697.25        1667.15          9.96         95.5           1.264         1.266       159.0  
  1697.50        1667.45         38.90         94.7           1.267         1.249       159.0  
  1697.75        1667.65         58.27         93.2           1.270         1.230       159.0  
  1698.00        1667.85         77.64         90.5           1.273         1.209       159.0  
  1698.25        1668.12        104.41         90.2           1.268         1.216       159.0  
  1698.50        1668.24         91.29         89.9           1.264         1.223       159.0  
  1698.75        1668.36         78.50         89.6           1.261         1.241       159.0  
  1699.00        1668.61         44.67         90.3           1.256         1.266       159.0  
  1699.25        1668.85         19.00         91.0           1.255         1.266       159.0  
  1699.50        1669.09         11.08         92.9           1.253         1.266       159.0  
  1699.75        1669.33         17.78         94.7           1.258         1.245       159.0  
  1700.00        1669.44         20.33         93.0           1.262         1.223       159.0  
  1700.25        1669.58         23.73         91.9           1.264         1.223       159.0  
  1700.50        1669.82         28.81         96.8           1.266         1.229       159.1  
  1700.75        1670.06         30.43        100.4           1.269         1.238       159.1  
  1701.00        1670.30         29.44        100.7           1.273         1.251       159.2  
  1701.25        1670.43         28.66        100.9           1.276         1.261       159.2  
  1701.50        1670.55         27.97        100.4           1.281         1.280       159.3  
  1701.75        1670.79         30.44         99.9           1.283         1.280       159.4  
  1702.00        1671.03         30.97         95.9           1.287         1.280       159.4  
  1702.25        1671.27         30.04         89.6           1.289         1.280       159.5  
  1702.50        1671.52         33.52         90.2           1.291         1.280       159.5  
  1702.75        1671.63         32.03         91.0           1.292         1.269       159.6  
  1703.00        1671.76         30.21         97.7           1.292         1.258       159.6  
  1703.25        1672.00         29.04        104.2           1.293         1.251       159.7  
  1703.50        1672.24         29.03        105.4           1.217         1.257       159.7  
  1703.75        1672.49         27.10        106.5           1.082         1.267       159.8  
  1704.00        1672.62         26.62         96.6           1.142         1.276       159.9  
  1704.25        1672.73         26.23         86.7           1.204         1.286       159.9  
  1704.50        1672.97         26.34         91.1           1.264         1.295       160.0  
  1704.75        1673.21         26.62         96.1           1.247         1.269       160.0  
  1705.00        1673.46         27.50        101.1           1.225         1.237       160.1  
  1705.25        1673.70         28.27        104.6           1.228         1.212       160.1  
  1705.50        1673.81         28.95         95.8           1.232         1.182       160.2  
  1705.75        1673.94         29.72         86.7           1.221         1.177       160.2  
  1706.00        1674.18         30.70         89.4           1.212         1.173       160.3  
  1706.25        1674.43         32.07         94.3           1.203         1.169       160.4  
  1706.50        1674.67         31.62         94.9           1.192         1.153       160.4  
  1706.75        1674.81         31.23         95.7           1.185         1.142       160.5  
  1707.00        1674.91         30.94         96.2           1.170         1.093       160.5  
  1707.25        1675.16         30.03         88.9           1.159         1.054       160.6  
  1707.50        1675.40         26.57         84.4           1.151         1.029       160.6  
  1707.75        1675.64         28.04         83.1           1.144         1.045       160.7  
  1708.00        1675.88         28.29         81.6           1.140         1.053       160.7  
  1708.25        1676.00         28.68         82.0           1.129         1.096       160.8  
  1708.50        1676.13         29.07         82.7           1.118         1.142       160.9  
  1708.75        1676.37         27.58         83.4           1.120         1.131       160.9  
  1709.00        1676.61         28.25         82.0           1.124         1.113       161.0  
  1709.25        1676.85         27.99         80.2           1.127         1.095       161.0  
  1709.50        1677.10         28.74         78.4           1.131         1.078       161.1  
  1709.75        1677.20         28.76         76.4           1.131         1.086       161.1  
  1710.00        1677.34         28.80         78.6           1.131         1.093       161.2  
  1710.25        1677.58         25.23         81.6           1.132         1.103       161.2  
  1710.50        1677.82         25.42         79.8           1.137         1.103       161.3  
  1710.75        1678.07         27.55         76.8           1.133         1.131       161.4  
  1711.00        1678.19         28.66         81.8           1.129         1.169       161.4  
  1711.25        1678.31         29.70         90.0           1.125         1.173       161.5  
  1711.50        1678.55         31.95         83.1           1.117         1.182       161.5  
  1711.75        1678.79         27.10         76.8           1.114         1.165       161.6  
  1712.00        1679.04         20.87         79.6           1.108         1.135       161.6  
  1712.25        1679.28         14.38         82.4           1.103         1.103       161.7  
  1712.50        1679.38         15.49         84.4           1.099         1.090       161.7  
  1712.75        1679.52         16.91         85.7           1.095         1.077       161.7  
  1713.00        1679.76         19.95         86.3           1.089         1.060       161.7  
  1713.25        1680.01         24.24         85.3           1.082         1.041       161.7  
  1713.50        1680.25         29.76         84.9           1.075         1.103       161.7  
  1713.75        1680.38         30.81         89.4           1.073         1.094       161.7  
  1714.00        1680.49         31.70         91.9           1.068         1.077       161.7  
  1714.25        1680.73         31.36         86.3           1.065         1.065       161.7  
  1714.50        1680.98         32.63         85.5           1.056         1.041       161.7  
  1714.75        1681.22         34.12         84.4           1.051         1.041       161.7  
  1715.00        1681.46         32.02         89.6           1.045         1.041       161.7  
  1715.25        1681.57         32.12         93.8           1.029         1.041       161.7  
  1715.50        1681.70         32.23         87.7           1.028         1.028       161.7  
  1715.75        1681.95         31.99         88.3           1.027         1.015       161.7  
  1716.00        1682.19         33.53         89.6           1.026         1.005       161.7  
  1716.25        1682.43         32.31         88.0           1.018         1.029       161.7  
  1716.50        1682.57         34.93         85.8           1.015         1.022       161.7  
  1716.75        1682.67         36.97         85.3           1.013         1.017       161.7  
  1717.00        1682.92         31.57         84.9           1.003         1.017       161.7  
  1717.25        1683.16         20.58         83.0           0.995         1.017       161.7  
  1717.50        1683.40         10.07         83.1           0.988         1.017       161.7  
  1717.75        1683.64         17.33         83.3           1.001         0.955       161.7  
  1718.00        1683.76         18.56         85.7           1.006         0.987       161.7  
  1718.25        1683.89         19.88         84.4           1.005         0.990       161.7  
  1718.50        1684.13         28.99         85.4           1.004         0.993       161.7  
  1718.75        1684.37         28.07         86.3           1.003         0.996       161.7  
  1719.00        1684.61         26.03         87.2           1.002         1.000       161.7  
  1719.25        1684.75         25.36         88.2           1.001         1.003       161.7  
  1719.50        1684.86         24.88         89.1           1.000         1.006       161.7  
  1719.75        1685.10         25.51         90.1           0.999         1.009       161.7  
  1720.00        1685.34         27.62         91.0           0.998         1.012       161.7  
  1720.25        1685.58         28.37         91.9           0.997         1.017       161.7  
  1720.50        1685.83         28.99         92.9           0.998         1.017       161.7  
  1720.75        1685.95         28.79         93.8           1.002         1.017       161.7  
  1721.00        1686.07         28.60         94.7           1.005         1.017       161.7  
  1721.25        1686.31         28.43         92.2           1.121         0.982       161.7  
  1721.50        1686.55         28.94         89.7           1.087         0.982       161.7  
  1721.75        1686.80         29.08         88.2           1.052         0.982       161.7  
  1722.00        1687.04         26.32         85.8           1.001         0.982       161.7  
  1722.25        1687.14         26.21         84.4           0.998         0.986       161.7  
  1722.50        1687.28         26.06         86.3           0.994         0.994       161.7  
  1722.75        1687.52         23.93         88.0           0.989         1.001       161.7  
  1723.00        1687.76         23.06         89.1           0.987         1.005       161.7  
  1723.25        1688.01         21.73         89.9           0.962         0.971       161.7  
  1723.50        1688.13         22.30         90.5           0.948         0.960       161.7  
  1723.75        1688.25         22.81         86.7           0.935         0.949       161.7  
  1724.00        1688.49         24.15         83.9           0.924         0.938       161.7  
  1724.25        1688.73         26.36         80.3           0.912         0.927       161.7  
  1724.50        1688.98         25.77         78.3           0.924         0.953       161.7  
  1724.75        1689.22         24.65         83.0           0.938         0.982       161.7  
  1725.00        1689.33         23.29         86.7           0.946         0.991       161.7  
  1725.25        1689.46         21.61         87.0           0.958         1.005       161.7  
  1725.50        1689.70         17.79         87.2           0.962         0.994       161.7  
  1725.75        1689.95         15.54         88.9           0.966         0.983       161.1  
  1726.00        1690.19         10.38         91.5           0.971         0.971       160.7  
  1726.25        1690.32          9.32         90.6           0.966         0.978       160.2  
  1726.50        1690.43          8.46         89.0           0.962         0.982       159.8  
  1726.75        1690.72          9.40         87.7           0.964         0.967       159.4  
  1727.00        1690.91         10.05         88.8           0.966         0.955       159.0  
  1727.25        1691.16          8.13         89.6           0.967         0.949       159.0  
  1727.50        1691.40          6.52         85.3           0.974         0.949       159.0  
  1727.75        1691.51          6.57         80.6           0.979         0.964       159.0  
  1728.00        1691.64          6.63         83.4           0.985         0.979       159.0  
  1728.25        1691.88          9.36         88.6           0.990         0.994       159.0  
  1728.50        1692.13         13.17         90.6           0.991         1.027       159.0  
  1728.75        1692.37         16.50         93.2           0.991         1.053       160.4  
  1729.00        1692.51         19.56         94.7           0.994         1.032       161.7  
  1729.25        1692.61         21.84         89.1           0.996         1.013       161.7  
  1729.50        1692.85         21.75         85.8           0.999         0.994       161.7  
  1729.75        1693.09         26.14         88.8           1.001         1.005       161.7  
  1730.00        1693.34         24.11         91.3           1.000         0.993       161.7  
  1730.25        1693.58         23.89         93.3           0.998         0.970       161.7  
  1730.50        1693.70         25.21         90.0           0.996         0.938       161.7  
  1730.75        1693.82         26.56         89.8           0.992         0.946       161.7  
  1731.00        1694.06         30.04         89.4           0.986         0.960       161.7  
  1731.25        1694.31         28.78         89.1           0.987         0.995       161.7  
  1731.50        1694.55         26.56         86.5           0.989         1.041       161.7  
  1731.75        1694.79         28.23         84.9           0.990         1.041       161.7  
  1732.00        1694.89         27.49         87.1           0.992         1.041       161.7  
  1732.25        1695.03         26.46         88.6           0.994         0.981       161.7  
  1732.50        1695.27         27.87         94.2           0.996         0.916       161.7  
  1732.75        1695.52         30.11         99.0           0.993         0.941       161.7  
  1733.00        1695.76         27.27         96.4           0.987         0.982       161.7  
  1733.25        1695.88         28.02         93.8           0.987         0.965       161.7  
  1733.50        1696.00         28.74         94.5           0.988         0.948       161.7  
  1733.75        1696.24         30.22         95.2           0.988         0.938       161.7  
  1734.00        1696.48         32.25         93.6           0.952         1.078       161.7  
  1734.25        1696.73         32.82         91.9           0.958         1.032       161.7  
  1734.50        1696.97         31.19         95.0           0.963         0.995       161.7  
  1734.75        1697.07         31.40         97.6           0.966         0.971       161.7  
  1735.00        1697.21         31.66         96.1           0.960         0.974       161.7  
  1735.25        1697.45         31.60         94.7           0.956         0.977       161.7  
  1735.50        1697.69         31.72         93.5           0.952         0.979       161.7  
  1735.75        1697.94         31.35         92.1           0.947         0.982       161.7  
  1736.00        1698.07         31.01         90.8           0.946         0.977       161.7  
  1736.25        1698.18         30.72         89.5           0.946         0.971       161.7  
  1736.50        1698.42         30.69         87.7           0.949         0.966       161.7  
  1736.75        1698.66         29.70         88.1           0.952         0.960       161.7  
  1737.00        1698.90         29.39         88.8           0.952         0.960       161.7  
  1737.25        1699.15         30.51         89.5           0.952         0.960       161.7  
  1737.50        1699.26         32.23         90.2           0.952         0.960       161.7  
  1737.75        1699.39         34.26         90.9           0.953         0.960       161.7  
  1738.00        1699.63         36.02         91.5           0.953         0.960       161.7  
  1738.25        1699.87         33.00         92.4           0.959         0.960       161.7  
  1738.50        1700.11         36.56         90.2           0.966         0.960       161.7  
  1738.75        1700.25         35.57         86.7           0.972         1.060       161.7  
  1739.00        1700.36         34.79         91.1           0.977         1.129       161.7  
  1739.25        1700.60         31.60         93.8           0.976         1.095       161.7  
  1739.50        1700.84         29.85         90.1           0.974         1.053       161.7  
  1739.75        1701.08         29.13         88.6           0.970         1.026       161.7  
  1740.00        1701.32         26.21         91.9           0.963         0.985       161.7  
  1740.25        1701.44         26.40         94.7           0.957         0.949       161.7  
  1740.50        1701.57         26.61         91.9           0.948         0.938       161.7  
  1740.75        1701.81         29.60         87.2           0.947         0.935       161.7  
  1741.00        1702.05         29.26         91.0           0.947         0.931       161.7  
  1741.25        1702.29         28.49         94.3           0.946         0.927       161.7  
  1741.50        1702.43         29.84         94.5           0.945         0.938       161.7  
  1741.75        1702.53         30.80         94.7           1.038         0.948       161.7  
  1742.00        1702.78         29.74         96.6           1.143         0.960       161.7  
  1742.25        1703.02         28.02         99.9           1.063         0.960       161.7  
  1742.50        1703.26         29.03         95.8           0.958         0.960       161.7  
  1742.75        1703.50         30.69         91.9           0.958         0.964       161.7  
  1743.00        1703.62         29.69         93.4           0.958         0.968       161.7  
  1743.25        1703.74         28.70         94.7           0.958         0.971       161.7  
  1743.50        1703.98         28.52         97.2           0.959         0.960       161.7  
  1743.75        1704.23         27.96        100.4           0.954         0.960       161.7  
  1744.00        1704.47         25.34         99.1           0.948         0.960       161.7  
  1744.25        1704.71         23.47         97.1           0.945         0.960       161.6  
  1744.50        1704.81         24.29         97.9           0.957         0.938       161.6  
  1744.75        1704.95         25.40         99.0           0.965         0.920       161.5  
  1745.00        1705.19         28.63         95.0           0.974         0.906       161.5  
  1745.25        1705.41         15.95         91.5           1.006         0.885       161.4  
  1745.50        1705.68          0.00         99.0           1.042         0.981       161.3  
  1745.75        1705.80          1.97         90.3           1.114         1.169       161.3  
  1746.00        1705.92          3.75         79.7           1.149         1.465       161.2  
  1746.25        1706.16         12.79         80.6           1.155         1.267       161.2  
  1746.50        1706.40         23.38         92.9           1.107         0.966       161.1  
  1746.75        1706.64         27.31         83.4           1.099         0.962       161.1  
  1747.00        1706.89         27.80         85.3           1.091         0.958       161.0  
  1747.25        1706.99         26.83         86.7           1.082         0.955       161.0  
  1747.50        1707.13         25.62         88.0           1.074         0.951       160.9  
  1747.75        1707.37         33.10         89.3           1.066         0.947       160.9  
  1748.00        1707.61         38.52         90.7           1.057         0.943       160.8  
  1748.25        1707.85         34.91         92.0           1.049         0.939       160.8  
  1748.50        1707.99         30.76         93.3           1.041         0.935       160.7  
  1748.75        1708.09         27.35         94.7           1.032         0.931       160.7  
  1749.00        1708.34         27.38         96.0           1.023         0.927       160.6  
  1749.25        1708.58         26.71         97.4           1.012         0.945       160.6  
  1749.50        1708.82         27.04         98.7           1.001         0.966       160.5  
  1749.75        1709.06         34.59        100.4           0.984         0.994       160.5  
  1750.00        1709.18         29.68        100.0           0.982         1.004       160.4  
  1750.25        1709.30         24.15         99.3           0.978         1.029       160.4  
  1750.50        1709.55         29.67         98.5           0.979         1.007       160.3  
  1750.75        1709.79         26.34         95.7           0.980         0.973       160.3  
  1751.00        1710.03         29.67         91.5           0.981         0.940       160.2  
  1751.25        1710.17         30.01         89.1           0.981         0.916       160.1  
  1751.50        1710.27         30.27         96.4           1.000         0.895       160.1  
  1751.75        1710.51         29.95        102.8           1.012         0.955       160.0  
  1752.00        1710.75         28.66        100.4           1.024         1.016       160.0  
  1752.25        1711.00         31.21         95.7           1.037         1.078       159.9  
  1752.50        1711.24         27.90         95.9           1.050         1.078       159.9  
  1752.75        1711.36         28.08         96.3           1.064         1.078       159.8  
  1753.00        1711.48         28.27         96.6           1.070         1.082       159.8  
  1753.25        1711.72         24.27         98.9           1.077         1.087       159.7  
  1753.50        1711.96         23.82        100.9           1.082         1.090       159.7  
  1753.75        1712.20         21.42         99.0           1.074         1.116       159.6  
  1754.00        1712.45         19.32         96.2           1.068         1.095       159.6  
  1754.25        1712.55         18.96         96.2           1.059         1.065       159.5  
  1754.50        1712.74         18.25         96.2           1.047         1.029       159.5  
  1754.75        1712.94         17.54         96.2           1.037         1.002       159.4  
  1755.00        1713.14         16.82         93.8           1.029         0.982       159.4  
  1755.25        1713.41         15.84         91.9           1.014         0.982       159.3  
  1755.50        1713.54         19.32         96.6           1.002         0.982       159.3  
  1755.75        1713.65         22.61         99.5           0.992         1.006       159.2  
  1756.00        1713.90         48.86         97.3           0.984         1.029       159.2  
  1756.25        1714.14         87.68         96.2           0.977         1.002       159.1  
  1756.50        1714.38         90.67         97.6           0.969         0.971       159.1  
  1756.75        1714.62         67.05         98.5           0.964         0.976       159.0  
  1757.00        1714.73         57.74         97.1           0.958         0.982       159.0  
  1757.25        1714.86         45.69         96.2           0.957         0.973       159.1  
  1757.50        1715.11         30.09        103.7           0.956         0.964       159.1  
  1757.75        1715.35         32.19        109.4           0.955         0.960       159.2  
  1758.00        1715.59         34.33        106.0           0.960         0.971       159.2  
  1758.25        1715.72         35.65        103.2           0.963         0.989       159.2  
  1758.50        1715.83         36.78        102.6           0.966         1.005       159.3  
  1758.75        1716.07         37.40        102.3           0.973         1.005       159.3  
  1759.00        1716.31         37.09        103.6           0.979         1.005       159.4  
  1759.25        1716.56         38.04        104.2           0.991         0.990       159.4  
  1759.50        1716.80         35.03        104.5           0.997         0.982       159.5  
  1759.75        1716.91         34.63        104.6           1.002         0.982       159.5  
  1760.00        1717.04         34.17        101.9           1.005         1.008       159.6  
  1760.25        1717.28         30.88        100.9           1.009         1.044       159.6  
  1760.50        1717.52         30.39         96.6           1.013         1.078       159.7  
  1760.75        1717.76         31.05         94.8           0.970         1.340       159.7  
  1761.00        1717.90         31.13         92.7           0.974         1.235       159.8  
  1761.25        1718.01         31.20         91.5           0.980         1.082       159.8  
  1761.50        1718.25         30.99        102.8           0.986         0.938       159.9  
  1761.75        1718.49         30.52        101.6           0.981         0.934       159.9  
  1762.00        1718.73         30.38         99.2           0.977         0.930       160.0  
  1762.25        1718.97         31.27         98.0           0.972         0.926       160.0  
  1762.50        1719.09         31.87         98.0           0.968         0.922       160.1  
  1762.75        1719.21         32.51         98.0           0.963         0.918       160.1  
  1763.00        1719.46         32.23         98.0           0.961         0.916       160.2  
  1763.25        1719.70         29.29         98.0           0.972         0.930       160.2  
  1763.50        1719.94         28.47         98.0           0.979         0.938       160.3  
  1763.75        1720.08         28.51         97.7           0.989         0.959       160.3  
  1764.00        1720.18         28.54         97.0           0.994         0.971       160.4  
  1764.25        1720.42         28.36         96.6           1.014         1.056       160.4  
  1764.50        1720.66         26.90        104.2           1.028         1.116       160.5  
  1764.75        1720.91         27.46        107.0           1.044         1.116       160.5  
  1765.00        1721.15         28.36        103.3           1.046         1.116       160.6  
  1765.25        1721.27         28.66        101.8           1.048         1.116       160.6  
  1765.50        1721.39         28.95        102.4           1.050         1.116       160.7  
  1765.75        1721.63         28.96        102.8           1.052         1.116       160.7  
  1766.00        1721.87         27.42        103.2           1.054         1.116       160.8  
  1766.25        1722.11         26.79        103.7           1.054         1.101       160.8  
  1766.50        1722.36         26.31        104.7           1.055         1.078       160.9  
  1766.75        1722.46         26.49        106.1           1.049         1.068       160.9  
  1767.00        1722.60         26.74        106.7           1.039         1.053       161.0  
  1767.25        1722.84         26.33        107.5           1.032         1.043       161.0  
  1767.50        1723.08         23.39        105.2           1.021         1.029       161.1  
  1767.75        1723.32         25.62        101.8           1.018         1.023       161.1  
  1768.00        1723.45         25.03        101.0           1.016         1.018       161.2  
  1768.25        1723.56         24.50         99.6           1.014         1.013       161.2  
  1768.50        1723.81         26.37         98.1           1.011         1.005       161.3  
  1768.75        1724.05         28.32         97.1           1.018         1.000       161.3  
  1769.00        1724.29         29.33         98.8           1.024         0.994       161.4  
  1769.25        1724.53         31.33        100.4           1.042         1.016       161.4  
  1769.50        1724.64         30.61         98.9           1.055         1.031       161.5  
  1769.75        1724.77         29.71         97.1           1.073         1.053       161.5  
  1770.00        1725.01         29.28         95.3           1.078         1.183       161.6  
  1770.25        1725.26         27.35         93.5           1.087         1.385       161.6  
  1770.50        1725.50         27.16         91.7           1.097         1.636       161.7  
  1770.75        1725.63         27.56         90.5           1.106         1.534       161.7  
  1771.00        1725.74         27.89         93.1           1.118         1.398       161.6  
  1771.25        1725.98         27.90         95.0           1.130         1.263       161.6  
  1771.50        1726.22         32.26         96.6           1.142         1.129       161.6  
  1771.75        1726.46         28.37         96.8           1.142         1.122       161.5  
  1772.00        1726.71         26.81         96.9           1.143         1.116       161.5  
  1772.25        1726.82         27.94         97.1           1.140         1.075       161.4  
  1772.50        1726.95         29.22         97.3           1.138         1.037       161.4  
  1772.75        1727.19         26.33         97.5           1.137         1.005       161.3  
  1773.00        1727.43         24.45         97.6           1.138         1.017       161.3  
  1773.25        1727.61         26.80         95.2           1.169         1.048       161.2  
  1773.50        1727.81         29.37         92.2           1.199         1.078       161.2  
  1773.75        1728.01         31.94         88.2           1.258         1.213       161.1  
  1774.00        1728.15         33.86         95.0           1.326         1.370       161.1  
  1774.25        1728.40         30.35         99.5           1.536         1.460       161.1  
  1774.50        1728.64         27.28         90.5           1.579         1.526       161.0  
  1774.75        1728.88         25.55         87.8           1.602         1.557       161.0  
  1775.00        1729.00         24.46         88.0           1.624         1.588       160.9  
  1775.25        1729.12         23.33         88.2           1.647         1.619       160.9  
  1775.50        1729.36         25.02         88.4           1.669         1.650       160.8  
  1775.75        1729.60         23.95         88.6           1.692         1.682       160.8  
  1776.00        1729.85         24.47         88.7           1.714         1.713       160.7  
  1776.25        1730.09         25.65         88.9           1.736         1.744       160.7  
  1776.50        1730.19         25.93         89.1           1.759         1.775       160.6  
  1776.75        1730.33         26.33         89.3           1.781         1.806       160.6  
  1777.00        1730.57         27.28         89.5           1.804         1.837       160.5  
  1777.25        1730.81         26.56         89.6           1.826         1.869       160.5  
  1777.50        1731.05         29.48         89.8           1.860         1.900       160.5  
  1777.75        1731.18         31.38         90.0           1.878         1.931       160.4  
  1778.00        1731.30         33.19         90.2           1.914         1.962       160.4  
  1778.25        1731.54         38.78         90.4           1.950         1.993       160.3  
  1778.50        1731.78         43.03         90.5           1.990         2.029       160.3  
  1778.75        1732.02         44.31         97.3           2.027         1.982       160.2  
  1779.00        1732.26         43.73        102.7           2.056         1.946       160.2  
  1779.25        1732.37         43.16        106.1           2.106         2.063       160.1  
  1779.50        1732.50         42.41        103.7           2.143         2.151       160.1  
  1779.75        1732.75         41.35        102.8           2.176         2.226       160.0  
  1780.00        1732.99         42.27         99.0           1.729         2.226       160.0  
  1780.25        1733.23         39.45         96.3           1.290         2.226       159.9  
  1780.50        1733.36         39.12         93.8           1.602         2.226       159.9  
  1780.75        1733.47         38.84         95.7           1.961         2.226       159.9  
  1781.00        1733.71         32.10         97.6           2.277         2.226       159.8  
  1781.25        1733.95         29.21         98.5           2.307         2.204       159.8  
  1781.50        1734.20         26.41         87.7           2.341         2.342       159.7  
  1781.75        1734.44         24.08         90.5           2.387         2.093       159.7  
  1782.00        1734.55         25.18         96.2           2.330         2.271       159.6  
  1782.25        1734.68         26.47         89.5           2.274         2.443       159.6  
  1782.50        1734.94         25.36         80.6           2.219         2.563       159.5  
  1782.75        1735.14         24.53         81.1           2.145         4.010       159.5  
  1783.00        1735.34         23.69         81.7           2.178         3.570       159.4  
  1783.25        1735.54         22.86         82.3           2.225         2.922       159.4  
  1783.50        1735.65         22.41         83.0           2.278         2.204       159.4  
  1783.75        1735.89          2.56         85.4           2.276         2.190       159.3  
  1784.00        1736.13         12.62         88.6           2.273         2.176       159.3  
  1784.25        1736.37         30.92         91.5           2.270         2.161       159.2  
  1784.50        1736.61         35.07         91.2           2.267         2.146       159.2  
  1784.75        1736.73         38.20         91.1           2.264         2.131       159.1  
  1785.00        1736.85         41.61         90.9           2.261         2.116       159.1  
  1785.25        1737.10         53.41         90.7           2.258         2.102       159.0  
  1785.50        1737.34         60.37         90.5           2.255         2.087       159.0  
  1785.75        1737.58         49.67         90.3           2.252         2.072       159.1  
  1786.00        1737.72         44.60         90.1           2.249         2.057       159.1  
  1786.25        1737.82         40.93         89.9           2.246         2.042       159.2  
  1786.50        1738.06         33.87         89.8           2.243         2.027       159.3  
  1786.75        1738.30         35.02         89.6           2.240         2.013       159.4  
  1787.00        1738.55         34.79         89.4           2.237         1.998       159.5  
  1787.25        1738.79         30.58         89.2           2.235         1.987       159.6  
  1787.50        1738.91         38.09         89.0           2.336         2.219       159.7  
  1787.75        1739.03         45.56         88.8           2.416         2.403       159.8  
  1788.00        1739.27         37.07         88.6           2.463         2.513       159.9  
  1788.25        1739.51         46.79         90.0           2.570         2.563       160.0  
  1788.50        1739.75         51.90         91.5           2.626         2.589       160.0  
  1788.75        1740.00         46.31         92.4           2.644         2.971       160.1  
  1789.00        1740.10         42.25         84.2           2.663         3.369       160.2  
  1789.25        1740.24         36.71         79.2           2.619         3.399       160.3  
  1789.50        1740.48         25.52         86.2           2.553         3.443       160.4  
  1789.75        1740.72         21.09         94.3           2.517         3.469       160.5  
  1790.00        1740.96         19.26         94.0           2.394         2.670       160.6  
  1790.25        1741.09         18.85         93.5           2.309         2.113       160.7  
  1790.50        1741.20         18.48         93.1           2.212         1.482       160.8  
  1790.75        1741.45         21.59         92.9           2.161         1.513       160.9  
  1791.00        1741.69         24.74         91.4           2.075         1.566       160.9  
  1791.25        1741.93         26.51         90.5           2.062         1.652       161.0  
  1791.50        1742.17         32.38         93.4           2.040         1.807       161.1  
  1791.75        1742.28         31.63         96.0           2.011         2.008       161.2  
  1792.00        1742.41         30.70         97.6           2.044         2.181       161.3  
  1792.25        1742.65         28.24        100.1           2.057         2.204       161.4  
  1792.50        1742.90         36.82        101.8           2.079         2.241       161.5  
  1792.75        1743.14         85.87         98.9           2.101         2.278       161.6  
  1793.00        1743.27         60.61         96.2           2.125         2.319       161.7  
  1793.25        1743.38         39.60         92.4           2.136         2.255       161.7  
  1793.50        1743.62         41.62         88.5           2.145         2.204       161.7  
  1793.75        1743.86         38.83         85.8           2.126         2.186       161.7  
  1794.00        1744.10         42.52         89.0           2.111         2.172       161.7  
  1794.25        1744.35         42.29         91.5           2.097         2.159       161.7  
  1794.50        1744.46         41.95         91.5           2.079         2.148       161.7  
  1794.75        1744.59         41.57         91.5           2.059         2.137       161.7  
  1795.00        1744.83         41.18         93.2           2.020         2.114       161.7  
  1795.25        1745.07         31.64         96.6           1.985         2.093       161.7  
  1795.50        1745.31         28.23         96.1           1.943         1.946       161.7  
  1795.75        1745.45         29.42         94.7           1.889         1.926       161.8  
  1796.00        1745.55         30.32         99.5           1.832         1.905       161.8  
  1796.25        1745.80         29.30        105.1           1.807         1.786       161.9  
  1796.50        1746.04         32.14         98.8           1.783         1.672       161.9  
  1796.75        1746.28         32.33         93.8           1.741         1.649       161.9  
  1797.00        1746.52         34.15         92.9           1.702         1.628       162.0  
  1797.25        1746.64         33.22         92.0           1.651         1.601       162.0  
  1797.50        1746.76         32.26         91.5           1.638         1.590       162.1  
  1797.75        1747.01         35.09         90.9           1.619         1.574       162.1  
  1798.00        1747.25         38.74         90.5           1.610         1.566       162.1  
  1798.25        1747.49         47.96         93.7           1.558         1.542       162.2  
  1798.50        1747.73         43.93         96.6           1.523         1.526       162.2  
  1798.75        1747.83         41.72         99.5           1.488         1.510       162.3  
  1799.00        1747.97         38.56         99.1           1.462         1.498       162.3  
  1799.25        1748.21         39.39         98.8           1.441         1.420       162.3  
  1799.50        1748.46         31.74         98.4           1.423         1.358       162.4  
  1799.75        1748.70         29.52         98.1           1.406         1.295       162.4  
  1800.00        1748.82         30.92         97.6           1.387         1.223       162.5  
  1800.25        1748.94         32.25         96.2           1.392         1.268       162.5  
  1800.50        1749.18         30.99         92.9           1.399         1.320       162.5  
  1800.75        1749.42         30.25         93.5           1.406         1.370       162.6  
  1801.00        1749.66         33.26         94.7           1.435         1.407       162.6  
  1801.25        1749.91         35.81         95.8           1.464         1.442       162.7  
  1801.50        1750.01         36.10         97.0           1.496         1.482       162.7  
  1801.75        1750.15         36.48         98.0           1.482         1.535       162.7  
  1802.00        1750.39         34.44         85.2           1.466         1.596       162.8  
  1802.25        1750.63         39.09         72.8           1.445         1.672       162.8  
  1802.50        1750.87         30.86         59.4           1.615         1.801       162.9  
  1802.75        1751.00         38.55         77.7           1.840         1.973       162.9  
  1803.00        1751.12         45.26         89.3           2.143         2.204       162.9  
  1803.25        1751.36         27.21         91.4           2.092         2.183       163.0  
  1803.50        1751.60         25.77         95.1           2.014         2.137       163.0  
  1803.75        1751.84         26.16         98.7           1.935         2.080       163.0  
  1804.00        1752.08         24.58        102.8           1.857         1.976       163.1  
  1804.25        1752.19         24.55        100.8           1.779         1.872       163.1  
  1804.50        1752.32         24.53         98.7           1.701         1.768       163.2  
  1804.75        1752.57         27.12         96.6           1.623         1.664       163.2  
  1805.00        1752.81         30.57         94.5           1.544         1.560       163.2  
  1805.25        1753.05         36.26         92.4           1.466         1.456       163.3  
  1805.50        1753.18         35.41         90.2           1.390         1.355       163.3  
  1805.75        1753.29         34.74         88.1           1.513         1.257       163.4  
  1806.00        1753.53         35.16         86.0           1.675         1.129       163.4  
  1806.25        1753.77         38.20         83.9           1.770         1.358       163.4  
  1806.50        1754.02         37.45         81.8           1.979         1.865       163.5  
  1806.75        1754.26         41.62         79.6           2.177         2.166       163.5  
  1807.00        1754.37         43.66         77.5           2.538         2.715       163.6  
  1807.25        1754.50         45.89         75.4           2.948         3.337       163.6  
  1807.50        1754.74         59.07         73.5           3.413         3.117       163.6  
  1807.75        1754.98         69.15         67.9           3.877         3.492       163.7  
  1808.00        1755.22         77.00         60.3           4.686         4.428       163.7  
  1808.25        1755.36         58.89         49.3           5.176         6.497       163.8  
  1808.50        1755.47         45.70         38.2           5.607         7.376       163.8  
  1808.75        1755.71         44.29         35.4           6.157         8.497       163.8  
  1809.00        1755.95         50.28         35.1           6.543         9.284       163.9  
  1809.25        1756.19         65.60         34.6           8.176        13.687       163.9  
  1809.50        1756.43         76.33         34.2           9.768        17.979       164.0  
  1809.75        1756.55         76.41         33.5          10.095        18.484       164.0  
  1810.00        1756.68         76.49         34.3          11.022        19.178       164.0  
  1810.25        1756.92         62.71         31.9          11.698        19.406       164.1  
  1810.50        1757.16         40.12         34.4          12.460        19.897       164.1  
  1810.75        1757.40         34.77         31.1          12.520        19.897       164.2  
  1811.00        1757.64         23.10         26.9          12.460        19.897       164.2  
  1811.25        1757.74         23.78         26.4          12.009        19.589       164.2  
  1811.50        1757.88         24.71         32.5          11.242        18.985       164.3  
  1811.75        1758.13         42.33         33.3          10.476        18.382       164.3  
  1812.00        1758.37         26.88         34.0           9.342        17.488       164.4  
  1812.25        1758.61         31.84         35.4           8.690        16.501       164.4  
  1812.50        1758.74         32.60         36.6           7.435        14.600       164.4  
  1812.75        1758.85         33.30         37.9           6.535        13.237       164.5  
  1813.00        1759.09        117.42         38.7           5.453        12.243       164.5  
  1813.25        1759.33        217.68         35.2           4.610        11.468       164.5  
  1813.50        1759.58        276.21         32.5           3.767        10.783       164.6  
  1813.75        1759.82        149.10         34.7           2.924         7.107       164.6  
  1814.00        1759.93        129.94         36.9           2.081         3.815       164.6  
  1814.25        1760.06        105.90         39.6           1.651         1.761       164.7  
  1814.50        1760.30         62.46         41.0           1.346         1.009       164.7  
  1814.75        1760.54         30.91         38.5           1.168         0.719       164.7  
  1815.00        1760.79         30.70         36.8           1.395         0.883       164.8  
  1815.25        1760.92         32.47         60.1           1.598         1.029       164.8  
  1815.50        1761.03         33.94         79.7           1.801         1.175       164.8  
  1815.75        1761.27         27.11         72.3           1.906         1.251       164.9  
  1816.00        1761.51         35.23         63.2           1.407         1.237       164.9  
  1816.25        1761.75         20.12         54.2           0.901         1.223       164.9  
  1816.50        1761.99         15.25         45.7           0.884         1.162       165.0  
  1816.75        1762.11         29.32         33.6           0.850         1.040       165.0  
  1817.00        1762.24         45.46         20.3           0.816         0.918       165.0  
  1817.25        1762.48         70.50         19.7           0.798         0.855       165.1  
  1817.50        1762.72         67.55         19.0           0.774         0.754       165.1  
  1817.75        1762.96         54.17         17.9           0.763         0.711       165.1  
  1818.00        1763.10         44.82         36.9           0.751         0.711       165.2  
  1818.25        1763.20         37.68         72.4           0.743         0.711       165.2  
  1818.50        1763.44         26.47        104.2           0.734         0.711       165.2  
  1818.75        1763.69         14.31         89.8           0.725         0.711       165.3  
  1819.00        1763.93         17.96         76.8           0.717         0.711       165.3  
  1819.25        1764.17         12.75         63.7           0.712         0.711       165.3  
  1819.50        1764.29         13.85         50.7           0.694         0.694       165.4  
  1819.75        1764.41         14.99         37.6           0.681         0.681       165.4  
  1820.00        1764.65         20.04         23.6           0.669         0.669       165.4  
  1820.25        1764.89         34.76         27.4           0.672         0.657       165.5  
  1820.50        1765.14         42.45         31.5           0.676         0.645       165.5  
  1820.75        1765.28         47.31         35.7           0.682         0.628       165.5  
  1821.00        1765.38         50.69         39.8           0.705         0.635       165.6  
  1821.25        1765.62         49.21         42.0           0.752         0.684       165.6  
  1821.50        1765.86         38.77         46.7           0.849         0.788       165.6  
  1821.75        1766.10         38.75         47.6           0.825         0.806       165.7  
  1822.00        1766.34         41.91         48.5           0.799         0.825       165.7  
  1822.25        1766.47         33.32         49.5           0.788         0.845       165.7  
  1822.50        1766.59         25.07         47.5           0.814         0.875       165.8  
  1822.75        1766.83         22.38         46.2           0.830         0.905       165.8  
  1823.00        1767.07         24.65         48.4           0.847         0.935       165.8  
  1823.25        1767.31         28.53         50.0           0.864         0.965       165.9  
  1823.50        1767.55         35.18         50.5           0.880         0.994       165.9  
  1823.75        1767.66         35.81         51.0           0.897         1.024       165.9  
  1824.00        1767.80         36.65         51.4           0.914         1.054       166.0  
  1824.25        1768.04         42.78         51.9           0.931         1.084       166.0  
  1824.50        1768.28         56.46         52.4           0.947         1.114       166.0  
  1824.75        1768.52         41.12         52.9           0.964         1.144       166.1  
  1825.00        1768.65         41.41         53.4           0.984         1.116       166.1  
  1825.25        1768.76         41.67         53.9           0.989         1.078       166.1  
  1825.50        1769.00         41.13         54.2           0.982         1.088       166.2  
  1825.75        1769.25         41.36         45.7           0.972         1.100       166.2  
  1826.00        1769.49         40.13         38.7           0.963         1.112       166.2  
  1826.25        1769.73         41.13         36.3           0.950         1.129       166.3  
  1826.50        1769.84         45.48         34.1           0.928         1.112       166.3  
  1826.75        1769.97         50.71         31.8           0.893         1.086       166.3  
  1827.00        1770.21         63.08         29.6           0.857         1.060       166.4  
  1827.25        1770.45         74.68         27.4           0.814         1.029       166.4  
  1827.50        1770.70         66.75         25.9           0.778         0.937       166.4  
  1827.75        1770.83         66.24         27.5           0.734         0.823       166.5  
  1828.00        1770.94         65.83         28.6           0.690         0.710       166.5  
  1828.25        1771.18         64.17         29.8           0.658         0.628       166.5  
  1828.50        1771.42         62.55         30.7           0.622         0.621       166.6  
  1828.75        1771.66         60.08         22.2           0.616         0.609       166.6  
  1829.00        1771.90         46.58         24.8           0.608         0.594       166.6  
  1829.25        1772.02         41.11         28.3           0.604         0.587       166.7  
  1829.50        1772.15         35.09         27.1           0.596         0.635       166.7  
  1829.75        1772.39         20.91         25.0           0.601         0.628       166.7  
  1830.00        1772.63         28.98         24.8           0.607         0.621       166.8  
  1830.25        1772.87         47.87         24.5           0.612         0.614       166.8  
  1830.50        1773.01         34.05         22.7           0.609         0.680       166.8  
  1830.75        1773.21         14.42         19.4           0.613         0.664       166.9  
  1831.00        1773.35          0.00         21.4           0.616         0.649       166.9  
  1831.25        1773.60          4.22         23.6           0.604         0.593       166.9  
  1831.50        1773.84         17.01         36.4           0.602         0.598       167.0  
  1831.75        1774.08         34.61         41.0           0.600         0.602       167.0  
  1832.00        1774.20         40.94         46.6           0.598         0.607       167.0  
  1832.25        1774.32         47.29         47.1           0.596         0.611       167.1  
  1832.50        1774.56         53.97         47.7           0.594         0.616       167.1  
  1832.75        1774.81         59.14         48.2           0.592         0.620       167.1  
  1833.00        1775.05         67.24         48.8           0.590         0.624       167.1  
  1833.25        1775.29         47.32         49.3           0.589         0.628       167.1  
  1833.50        1775.39         40.69         49.9           0.589         0.594       167.1  
  1833.75        1775.53         31.54         50.4           0.590         0.555       167.1  
  1834.00        1775.77         18.12         50.9           0.590         0.567       167.1  
  1834.25        1776.01         33.20         42.6           0.593         0.607       167.1  
  1834.50        1776.26         54.82         34.9           0.595         0.642       167.1  
  1834.75        1776.38         64.32         24.1           0.590         0.672       167.1  
  1835.00        1776.50         73.05         25.9           0.596         0.638       167.1  
  1835.25        1776.74         80.59         29.2           0.600         0.612       167.1  
  1835.50        1776.98         76.33         31.4           0.604         0.587       167.1  
  1835.75        1777.22         72.84         33.5           0.607         0.567       167.1  
  1836.00        1777.46         69.48         33.8           0.612         0.602       167.1  
  1836.25        1777.57         61.37         34.1           0.616         0.629       167.1  
  1836.50        1777.71         51.14         34.4           0.620         0.649       167.1  
  1836.75        1777.95         37.63         33.7           0.612         0.647       167.1  
  1837.00        1778.19         24.16         32.9           0.607         0.646       167.1  
  1837.25        1778.43         22.74         32.1           0.601         0.644       167.1  
  1837.50        1778.56         24.50         31.6           0.595         0.643       167.1  
  1837.75        1778.67         25.98         31.7           0.591         0.642       167.1  
  1838.00        1778.91         28.83         31.8           0.589         0.634       167.1  
  1838.25        1779.16         29.23         31.9           0.587         0.628       167.1  
  1838.50        1779.40         27.32         32.0           0.585         0.622       167.1  
  1838.75        1779.64         25.35         32.1           0.583         0.616       167.1  
  1839.00        1779.75         24.22         32.3           0.582         0.610       167.1  
  1839.25        1779.88         22.92         32.5           0.580         0.604       167.1  
  1839.50        1780.15         23.25         32.6           0.578         0.598       167.1  
  1839.75        1780.35         23.50         32.8           0.576         0.592       167.1  
  1840.00        1780.54         23.74         32.9           0.574         0.587       167.1  
  1840.25        1780.74         23.99         33.1           0.576         0.592       167.1  
  1840.50        1780.85         24.12         33.3           0.577         0.597       167.1  
  1840.75        1781.09         22.24         33.5           0.578         0.603       167.1  
  1841.00        1781.33         28.23         33.4           0.579         0.607       167.1  
  1841.25        1781.57         23.40         33.1           0.580         0.602       167.1  
  1841.50        1781.81         26.44         33.0           0.582         0.597       167.1  
  1841.75        1781.93         27.84         33.0           0.583         0.593       167.1  
  1842.00        1782.06         29.31         33.0           0.584         0.588       167.1  
  1842.25        1782.30         30.92         32.3           0.586         0.583       167.1  
  1842.50        1782.54         26.63         31.4           0.587         0.580       167.1  
  1842.75        1782.78         21.68         30.4           0.592         0.614       167.1  
  1843.00        1782.92         21.65         29.2           0.602         0.600       167.1  
  1843.25        1783.02         21.63         29.8           0.606         0.617       167.1  
  1843.50        1783.27         25.34         30.2           0.611         0.642       167.1  
  1843.75        1783.51         24.89         42.9           0.615         0.635       167.1  
  1844.00        1783.75         29.22         44.2           0.619         0.628       167.1  
  1844.25        1783.99         37.96         46.2           0.616         0.634       167.1  
  1844.50        1784.11         39.79         46.0           0.611         0.645       167.1  
  1844.75        1784.23         41.55         45.7           0.606         0.657       167.1  
  1845.00        1784.47         41.95         45.5           0.599         0.641       167.1  
  1845.25        1784.72         46.49         45.2           0.591         0.623       167.1  
  1845.50        1784.96         48.24         44.8           0.583         0.606       167.1  
  1845.75        1785.20         53.37         43.5           0.576         0.589       167.1  
  1846.00        1785.30         52.57         41.6           0.569         0.574       167.1  
  1846.25        1785.44         51.50         39.6           0.563         0.568       167.1  
  1846.50        1785.68         60.71         37.6           0.557         0.561       167.1  
  1846.75        1785.92         90.77         35.4           0.555         0.558       167.1  
  1847.00        1786.17        151.70         35.8           0.552         0.554       167.1  
  1847.25        1786.29        164.58         36.3           0.548         0.549       167.1  
  1847.50        1786.41        175.92         36.8           0.545         0.543       167.1  
  1847.75        1786.65        163.12         32.7           0.541         0.531       167.1  
  1848.00        1786.89        110.28         28.3           0.541         0.533       167.1  
  1848.25        1787.13         63.93         29.4           0.543         0.536       167.1  
  1848.50        1787.37         35.19         30.4           0.544         0.540       167.1  
  1848.75        1787.48         35.74         31.5           0.546         0.544       167.1  
  1849.00        1787.62         36.41         32.5           0.547         0.547       167.1  
  1849.25        1787.86         27.18         33.0           0.548         0.551       167.1  
  1849.50        1788.10         30.14         33.2           0.550         0.555       167.1  
  1849.75        1788.34         39.63         33.4           0.550         0.580       167.1  
  1850.00        1788.48         46.69         33.5           0.550         0.579       167.1  
  1850.25        1788.58         52.38         32.8           0.550         0.577       167.1  
  1850.50        1788.82         63.90         32.2           0.551         0.575       167.1  
  1850.75        1789.07         61.77         31.6           0.551         0.567       167.1  
  1851.00        1789.31         45.04         31.1           0.552         0.555       167.1  
  1851.25        1789.55         29.65         30.2           0.553         0.548       167.1  
  1851.50        1789.66         26.42         30.7           0.555         0.542       167.1  
  1851.75        1789.79         22.85         31.1           0.556         0.537       167.1  
  1852.00        1790.03         25.20         28.5           0.561         0.578       167.1  
  1852.25        1790.28         21.75         26.2           0.565         0.611       167.1  
  1852.50        1790.52         24.06         22.7           0.567         0.635       167.1  
  1852.75        1790.66         41.55         20.3           0.572         0.614       167.1  
  1853.00        1790.76         54.41         18.4           0.579         0.586       167.1  
  1853.25        1791.00         40.95         17.0           0.582         0.574       167.1  
  1853.50        1791.24         46.69         20.5           0.583         0.580       167.1  
  1853.75        1791.48         67.81         20.3           0.581         0.598       167.1  
  1854.00        1791.73         88.16         15.1           0.579         0.621       167.1  
  1854.25        1791.85         79.71         15.5           0.577         0.614       167.1  
  1854.50        1791.97         71.18         15.9           0.573         0.600       167.1  
  1854.75        1792.21         67.20         16.1           0.574         0.607       167.1  
  1855.00        1792.45         65.99         21.4           0.574         0.597       167.1  
  1855.25        1792.69         47.60         24.5           0.574         0.584       167.1  
  1855.50        1792.93         34.28         31.8           0.575         0.567       167.1  
  1855.75        1793.04         34.72         34.9           0.576         0.553       167.1  
  1856.00        1793.18         35.32         32.1           0.581         0.525       167.1  
  1856.25        1793.42         36.86         30.2           0.590         0.558       167.1  
  1856.50        1793.66         43.81         28.8           0.605         0.614       167.1  
  1856.75        1793.90         64.14         23.6           0.615         0.660       167.1  
  1857.00        1794.03         71.74         21.7           0.627         0.707       167.1  
  1857.25        1794.14         78.77         20.8           0.634         0.711       167.1  
  1857.50        1794.38         70.46         23.1           0.642         0.696       167.1  
  1857.75        1794.63         67.50         17.5           0.647         0.687       167.1  
  1858.00        1794.87         56.31         16.8           0.653         0.680       167.1  
  1858.25        1795.11         50.27         16.1           0.650         0.640       167.1  
  1858.50        1795.22         47.07         15.2           0.648         0.607       167.1  
  1858.75        1795.35         43.01         14.6           0.641         0.614       167.1  
  1859.00        1795.61         37.41         15.1           0.640         0.614       167.1  
  1859.25        1795.84         32.64         15.7           0.640         0.614       167.1  
  1859.50        1796.08          0.68         16.5           0.635         0.703       167.1  
  1859.75        1796.21          4.43         16.8           0.626         0.645       167.1  
  1860.00        1796.32          7.60         28.4           0.626         0.594       167.1  
  1860.25        1796.56         20.03         43.1           0.622         0.594       167.1  
  1860.50        1796.80         36.30         39.0           0.619         0.595       167.1  
  1860.75        1797.04         28.57         38.9           0.615         0.596       167.1  
  1861.00        1797.29         21.82         38.8           0.611         0.597       167.1  
  1861.25        1797.40         17.66         38.6           0.608         0.597       167.1  
  1861.50        1797.53         12.84         38.5           0.604         0.598       167.1  
  1861.75        1797.77         11.20         38.4           0.600         0.599       167.1  
  1862.00        1798.01         12.92         38.3           0.597         0.600       167.1  
  1862.25        1798.25         13.37         38.1           0.593         0.601       167.1  
  1862.50        1798.39         15.03         38.0           0.589         0.601       167.2  
  1862.75        1798.49         16.32         37.9           0.586         0.602       167.3  
  1863.00        1798.74         20.04         37.7           0.582         0.603       167.4  
  1863.25        1798.98         24.26         37.6           0.578         0.604       167.5  
  1863.50        1799.22         27.78         37.5           0.575         0.604       167.5  
  1863.75        1799.46         25.06         37.3           0.571         0.605       167.6  
  1864.00        1799.58         25.00         37.2           0.568         0.606       167.7  
  1864.25        1799.70         24.94         37.1           0.564         0.607       167.7  
  1864.50        1799.94         18.89         36.9           0.567         0.537       167.8  
  1864.75        1800.19         20.34         36.8           0.557         0.543       167.9  
  1865.00        1800.43         19.87         32.3           0.565         0.541       168.0  
  1865.25        1800.57         19.50         29.7           0.576         0.539       168.0  
  1865.50        1800.67         19.24         34.9           0.585         0.537       168.1  
  1865.75        1800.91         20.27         31.8           0.603         0.630       168.2  
  1866.00        1801.15         21.78         29.5           0.612         0.680       168.2  
  1866.25        1801.40         22.61         27.8           0.621         0.708       168.3  
  1866.50        1801.64         25.33         27.2           0.628         0.727       168.4  
  1866.75        1801.76         24.46         26.9           0.646         0.709       168.5  
  1867.00        1801.88         23.62         19.9           0.659         0.695       168.5  
  1867.25        1802.12         22.06         17.0           0.680         0.677       168.6  
  1867.50        1802.36         21.99         18.2           0.697         0.663       168.7  
  1867.75        1802.60         17.93         18.9           0.714         0.649       168.7  
  1868.00        1802.85         10.19         42.5           0.722         0.642       168.8  
  1868.25        1802.95         10.38         61.7           0.784         0.833       168.9  
  1868.50        1803.15         10.76         90.5           0.794         1.103       169.0  
  1868.75        1803.35         11.13         85.0           0.794         1.169       169.0  
  1869.00        1803.57         11.56         93.3           0.769         0.969       169.1  
  1869.25        1803.81         32.35         80.1           0.752         0.833       169.2  
  1869.50        1803.94         34.86         57.8           0.733         0.687       169.2  
  1869.75        1804.05         37.08         33.0           0.701         0.666       169.3  
  1870.00        1804.30         73.80         29.2           0.667         0.649       169.4  
  1870.25        1804.54        112.07         28.8           0.623         0.587       169.5  
  1870.50        1804.78        137.28         27.8           0.610         0.587       169.5  
  1870.75        1805.02         67.09         60.8           0.607         0.591       169.6  
  1871.00        1805.13         59.16         51.5           0.602         0.596       169.7  
  1871.25        1805.26         49.53         35.0           0.597         0.600       169.7  
  1871.50        1805.50         67.47         22.2           0.598         0.604       169.8  
  1871.75        1805.75         65.23         22.2           0.600         0.607       169.9  
  1872.00        1805.99         52.27         22.7           0.603         0.383       169.9  
  1872.25        1806.12         55.70         24.1           0.609         0.642       169.9  
  1872.50        1806.23         58.48         28.8           0.615         0.654       170.0  
  1872.75        1806.47         40.98         26.3           0.621         0.679       170.0  
  1873.00        1806.71         22.32         22.7           0.626         0.695       170.0  
  1873.25        1806.95         20.52         25.8           0.632         0.703       170.1  
  1873.50        1807.20         30.66         28.6           0.638         0.709       170.1  
  1873.75        1807.31         31.04         31.4           0.644         0.715       170.1  
  1874.00        1807.44         31.45         33.5           0.651         0.721       170.2  
  1874.25        1807.68         30.67         36.4           0.645         0.727       170.2  
  1874.50        1807.92         29.47         38.7           0.638         0.735       170.2  
  1874.75        1808.16         27.10         41.0           0.631         0.656       170.3  
  1875.00        1808.30         24.78         42.4           0.624         0.526       170.3  
  1875.25        1808.41         23.07         50.1           0.617         0.395       170.3  
  1875.50        1808.65         24.40         53.8           0.609         0.244       170.4  
  1875.75        1808.89         29.47         55.6           0.644         0.555       170.4  
  1876.00        1809.13         39.77         57.1           0.670         0.677       170.4  
  1876.25        1809.37         50.74         70.9           0.701         0.825       170.5  
  1876.50        1809.49         38.29         85.8           0.731         0.971       170.5  
  1876.75        1809.61         25.64         88.1           0.767         0.942       170.5  
  1877.00        1809.86         14.57         90.2           0.799         0.916       170.6  
  1877.25        1810.10          9.70         92.4           0.808         0.952       170.6  
  1877.50        1810.34         12.80         90.7           0.816         0.985       170.6  
  1877.75        1810.58         16.11         88.6           0.825         1.017       170.7  
  1878.00        1810.68         18.75         89.1           0.850         0.899       170.7  
  1878.25        1810.82         22.44         89.6           0.885         0.735       170.7  
  1878.50        1811.06         20.06         90.2           0.887         0.834       170.8  
  1878.75        1811.31         18.41         90.5           0.890         1.002       170.8  
  1879.00        1811.55         19.61        101.8           0.891         1.090       170.8  
  1879.25        1811.67         18.86         98.8           0.854         1.029       170.9  
  1879.50        1811.79         18.16         96.5           0.838         0.949       170.9  
  1879.75        1812.03         17.15         94.7           0.819         0.856       170.9  
  1880.00        1812.27         16.29         54.2           0.800         0.761       171.0  
  1880.25        1812.51         16.98         35.8           0.783         0.749       171.0  
  1880.50        1812.76         16.47         26.2           0.767         0.735       171.0  
  1880.75        1812.86         17.50         22.7           0.750         0.790       171.1  
  1881.00        1813.00         18.82         67.4           0.732         0.855       171.1  
  1881.25        1813.24         25.18         56.0           0.736         0.816       171.1  
  1881.50        1813.48         30.32         43.6           0.740         0.774       171.2  
  1881.75        1813.72         37.74         50.8           0.745         0.719       171.2  
  1882.00        1813.85         41.80         59.6           0.767         0.749       171.2  
  1882.25        1813.96         45.25         68.3           0.808         0.807       171.3  
  1882.50        1814.21         47.50         77.1           0.819         0.838       171.3  
  1882.75        1814.45         47.68         83.0           0.837         0.885       171.3  
  1883.00        1814.69         39.73         87.8           0.855         0.932       171.4  
  1883.25        1814.93         41.98         91.4           0.878         0.994       171.4  
  1883.50        1815.04         44.86         96.2           0.878         0.970       171.4  
  1883.75        1815.17         48.22         86.3           0.877         0.935       171.5  
  1884.00        1815.42         36.38         84.1           0.877         0.899       171.5  
  1884.25        1815.66         34.24         82.1           0.877         0.864       171.5  
  1884.50        1815.90         34.31         80.0           0.877         0.816       171.6  
  1884.75        1816.03         35.91         78.0           0.862         0.829       171.6  
  1885.00        1816.14         37.15         76.0           0.837         0.851       171.6  
  1885.25        1816.38         33.09         73.9           0.813         0.872       171.7  
  1885.50        1816.62         35.47         72.1           0.783         0.836       171.7  
  1885.75        1816.87         38.71         66.5           0.749         0.765       171.7  
  1886.00        1817.11         39.84         62.2           0.716         0.725       171.8  
  1886.25        1817.22         40.84         38.2           0.691         0.695       171.8  
  1886.50        1817.35         41.90         32.5           0.670         0.628       171.8  
  1886.75        1817.59         32.18         22.2           0.655         0.652       171.9  
  1887.00        1817.83         30.99         21.8           0.633         0.687       171.9  
  1887.25        1818.07         30.52         21.2           0.631         0.649       171.9  
  1887.50        1818.22         30.43         17.5           0.633         0.628       172.0  
  1887.75        1818.32         30.37         19.8           0.646         0.623       172.0  
  1888.00        1818.56         31.86         18.9           0.661         0.635       172.0  
  1888.25        1818.80         32.18         42.4           0.697         0.714       172.1  
  1888.50        1819.04         32.23         87.7           0.707         0.691       172.1  
  1888.75        1819.28         26.42         76.2           0.708         0.694       172.1  
  1889.00        1819.41         28.43         75.8           0.710         0.697       172.2  
  1889.25        1819.52         30.39         77.0           0.712         0.700       172.2  
  1889.50        1819.77         20.66         78.2           0.713         0.703       172.2  
  1889.75        1820.01         34.30         79.3           0.715         0.706       172.3  
  1890.00        1820.25         39.42         80.5           0.716         0.710       172.3  
  1890.25        1820.49         44.62         81.7           0.718         0.713       172.3  
  1890.50        1820.60         44.04         82.9           0.719         0.716       172.4  
  1890.75        1820.73         43.27         84.1           0.721         0.719       172.4  
  1891.00        1820.98         45.72         85.3           0.726         0.731       172.4  
  1891.25        1821.22         54.45         86.5           0.731         0.742       172.4  
  1891.50        1821.46         37.88         87.7           0.735         0.753       172.5  
  1891.75        1821.59         34.70         86.9           0.752         0.797       172.5  
  1892.00        1821.70         31.87         85.8           0.763         0.800       172.5  
  1892.25        1821.94         24.58         85.5           0.779         0.803       172.6  
  1892.50        1822.18         23.29         84.8           0.797         0.807       172.6  
  1892.75        1822.43         27.86         84.4           0.830         0.865       172.4  
  1893.00        1822.67         35.25         95.5           0.839         0.865       172.3  
  1893.25        1822.78         33.13        101.8           0.855         0.865       172.2  
  1893.50        1822.91         30.54         99.5           0.871         0.865       172.1  
  1893.75        1823.15         32.85         98.0           0.881         0.898       172.0  
  1894.00        1823.39         25.97         95.3           0.890         0.927       171.9  
  1894.25        1823.63         32.18         93.8           0.899         0.955       171.8  
  1894.50        1823.77         28.28         94.8           0.908         0.982       171.7  
  1894.75        1823.88         25.11         95.2           0.920         0.949       171.6  
  1895.00        1824.12         27.33        107.0           0.924         0.966       171.5  
  1895.25        1824.36         22.60        105.5           0.932         0.998       171.4  
  1895.50        1824.60         19.20        101.8           0.936         1.017       171.3  
  1895.75        1824.84         15.72         99.4           0.945         0.971       171.1  
  1896.00        1824.96         14.65         96.2           0.959         1.007       171.0  
  1896.25        1825.08         13.46         97.6           0.968         1.029       170.9  
  1896.50        1825.35         11.02         98.5           0.970         0.906       170.8  
  1896.75        1825.57          9.08        100.4           0.971         0.925       170.7  
  1897.00        1825.81          0.00        100.6           0.973         0.959       170.6  
  1897.25        1825.95          0.00        100.9           0.976         0.994       170.5  
  1897.50        1826.05          0.00        102.2           0.984         0.982       170.4  
  1897.75        1826.29          5.25        104.1           0.988         0.976       170.3  
  1898.00        1826.53         30.72        105.1           0.995         0.966       170.2  
  1898.25        1826.78         74.49        107.0           1.002         0.960       170.1  
  1898.50        1827.02         91.79        104.9           1.007         1.017       170.0  
  1898.75        1827.14         79.28        102.8           1.013         1.064       169.9  
  1899.00        1827.26         66.51        101.4           1.018         1.103       169.9  
  1899.25        1827.50         42.76        100.4           1.027         1.053       170.0  
  1899.50        1827.74         21.73        101.8           1.024         1.076       170.1  
  1899.75        1827.98         23.54         95.2           1.021         1.103       170.1  
  1900.00        1828.23         27.58         96.0           1.001         1.116       170.2  
  1900.25        1828.33         28.89         98.0           0.995         1.080       170.2  
  1900.50        1828.47         30.73         97.7           0.984         1.017       170.3  
  1900.75        1828.71         30.36         97.1           0.977         1.005       170.3  
  1901.00        1828.95         28.97         96.8           0.971         1.015       170.4  
  1901.25        1829.19         30.27         96.6           0.961         1.032       170.4  
  1901.50        1829.32         29.00         92.3           0.948         1.053       170.5  
  1901.75        1829.44         27.82         88.7           0.953         1.062       170.6  
  1902.00        1829.68         27.15         83.4           0.960         1.073       170.6  
  1902.25        1829.92         26.23         85.7           0.967         1.084       170.7  
  1902.50        1830.16         25.60         89.8           0.973         1.095       170.7  
  1902.75        1830.40         26.51         94.0           0.980         1.106       170.8  
  1903.00        1830.51         27.24         98.1           0.983         1.117       170.8  
  1903.25        1830.64         28.17        102.2           0.996         1.128       170.9  
  1903.50        1830.89         27.74        106.3           1.008         1.142       171.0  
  1903.75        1831.13         25.35        108.4           1.020         1.112       171.0  
  1904.00        1831.37         25.08        103.4           1.030         1.090       171.1  
  1904.25        1831.50         24.06        100.9           1.036         1.046       171.1  
  1904.50        1831.61         23.18         96.6           1.042         1.005       171.2  
  1904.75        1831.85         24.33         94.7           1.054         0.982       171.2  
  1905.00        1832.09         25.17         96.3           1.051         1.021       171.3  
  1905.25        1832.34         26.97         97.1           1.048         1.065       171.3  
  1905.50        1832.58         28.03        110.3           1.047         1.084       171.4  
  1905.75        1832.69         27.26        115.1           1.047         1.077       171.5  
  1906.00        1832.82         26.37        118.3           1.049         1.076       171.5  
  1906.25        1833.06         25.82        101.8           1.050         1.074       171.6  
  1906.50        1833.30         24.30        103.2           1.051         1.073       171.6  
  1906.75        1833.54         25.57        104.9           1.052         1.072       171.7  
  1907.00        1833.68         25.91        106.7           1.053         1.070       171.7  
  1907.25        1833.79         26.18        108.4           1.054         1.069       171.8  
  1907.50        1834.03         21.27        110.1           1.055         1.068       171.9  
  1907.75        1834.27         20.92        111.9           1.056         1.066       171.9  
  1908.00        1834.51         22.70        113.6           1.057         1.065       172.0  
  1908.25        1834.75         21.28        115.3           1.064         1.095       172.0  
  1908.50        1834.87         21.84        117.1           1.072         1.129       172.1  
  1908.75        1834.99         22.45        118.8           1.073         1.123       172.1  
  1909.00        1835.24         23.14        119.7           1.075         1.116       172.2  
  1909.25        1835.48         24.07        106.5           1.077         1.116       172.2  
  1909.50        1835.72         27.37        110.1           1.078         1.116       172.3  
  1909.75        1835.86         26.31        113.6           1.079         1.116       172.4  
  1910.00        1835.96         25.56        108.4           1.085         1.090       172.4  
  1910.25        1836.20         31.19        101.8           1.088         1.094       172.5  
  1910.50        1836.44         29.26        103.0           1.091         1.098       172.5  
  1910.75        1836.69         29.29        104.6           1.094         1.103       172.6  
  1911.00        1836.93         28.61        106.7           1.099         1.116       172.3  
  1911.25        1837.05         28.10        109.2           1.104         1.129       171.9  
  1911.50        1837.17         27.60        110.8           1.114         1.124       171.6  
  1911.75        1837.41         27.99        112.3           1.124         1.120       171.2  
  1912.00        1837.65         28.21        113.6           1.135         1.116       170.8  
  1912.25        1837.89         26.67        109.5           1.143         1.142       170.5  
  1912.50        1838.14         30.61        103.7           1.154         1.158       170.1  
  1912.75        1838.24         30.54        109.9           1.170         1.182       169.9  
  1913.00        1838.38         30.44        117.8           1.179         1.176       169.9  
  1913.25        1838.62         26.37        120.1           1.191         1.169       169.9  
  1913.50        1838.86         23.62        122.1           1.211         1.234       169.9  
  1913.75        1839.10         21.91        119.8           1.224         1.280       169.9  
  1914.00        1839.23         20.78        118.8           1.252         1.266       169.9  
  1914.25        1839.34         19.77        116.0           1.254         1.301       169.9  
  1914.50        1839.59         21.43        117.4           1.257         1.345       169.9  
  1914.75        1839.83         60.52        119.3           1.259         1.370       169.9  
  1915.00        1840.07         26.83        116.0           1.271         1.295       169.9  
  1915.25        1840.31         24.93        111.7           1.262         1.237       169.9  
  1915.50        1840.42         25.34        109.8           1.251         1.240       169.9  
  1915.75        1840.55         25.84        108.4           1.240         1.246       169.9  
  1916.00        1840.79         28.35        106.5           1.227         1.251       169.9  
  1916.25        1841.04         28.93        105.1           1.184         1.340       169.9  
  1916.50        1841.28         35.08        102.4           1.172         1.177       169.9  
  1916.75        1841.41         31.87        100.9           1.157         1.047       169.9  
  1917.00        1841.52         29.25         96.2           1.128         1.087       169.9  
  1917.25        1841.76         28.87        109.2           1.138         1.087       169.9  
  1917.50        1842.00         26.74        135.1           1.145         1.095       169.9  
  1917.75        1842.24         26.11        132.7           1.153         1.103       169.9  
  1918.00        1842.49         28.18        130.2           1.161         1.111       169.9  
  1918.25        1842.60         28.07        127.7           1.168         1.118       169.9  
  1918.50        1842.73         27.94        125.2           1.176         1.126       169.9  
  1918.75        1842.97         30.40        122.7           1.184         1.134       169.9  
  1919.00        1843.21         31.42        120.2           1.192         1.142       169.9  
  1919.25        1843.45         31.07        117.7           1.199         1.150       169.9  
  1919.50        1843.59         31.22        115.2           1.207         1.157       169.9  
  1919.75        1843.69         31.33        112.8           1.215         1.165       169.9  
  1920.00        1843.94         31.65        110.3           1.222         1.173       169.9  
  1920.25        1844.18         33.63        107.8           1.230         1.181       169.9  
  1920.50        1844.42         28.47        105.3           1.238         1.188       169.9  
  1920.75        1844.66         28.70        102.8           1.245         1.196       169.9  
  1921.00        1844.78         27.68        100.3           1.270         1.257       169.9  
  1921.25        1844.90         26.64         97.8           1.294         1.315       169.9  
  1921.50        1845.14         27.33         95.3           1.322         1.386       169.9  
  1921.75        1845.39         25.27         92.9           1.339         1.364       169.9  
  1922.00        1845.63         23.50         99.5           1.358         1.340       169.9  
  1922.25        1845.87         24.12        103.7           1.380         1.382       169.9  
  1922.50        1845.97         24.32         98.3           1.399         1.419       169.9  
  1922.75        1846.11         24.59         94.3           1.418         1.455       169.9  
  1923.00        1846.35         25.77         91.5           1.431         1.482       169.9  
  1923.25        1846.59         21.79         89.0           1.471         1.465       169.9  
  1923.50        1846.84         17.37         86.7           1.506         1.457       169.9  
  1923.75        1846.96         18.45         91.0           1.543         1.449       169.9  
  1924.00        1847.08         19.47         96.0           1.580         1.441       169.9  
  1924.25        1847.32         23.65        100.9           1.619         1.433       169.9  
  1924.50        1847.56         22.65         97.1           1.658         1.525       169.9  
  1924.75        1847.80         21.87         93.2           1.699         1.622       169.9  
  1925.00        1848.04         14.29         89.6           1.720         1.672       169.9  
  1925.25        1848.15         13.89         93.4           1.769         1.758       169.9  
  1925.50        1848.35         13.14         97.1           1.802         1.815       169.9  
  1925.75        1848.55         12.38        100.9           1.836         1.873       169.9  
  1926.00        1848.74         11.63         99.3           1.869         1.931       169.9  
  1926.25        1849.01         10.62         97.7           1.903         1.988       169.9  
  1926.50        1849.14         45.34         96.1           1.933         2.029       169.9  
  1926.75        1849.25         75.14         94.4           1.913         1.971       169.9  
  1927.00        1849.49        139.15         92.8           1.901         1.946       169.9  
  1927.25        1849.74        135.98         91.9           1.864         1.885       169.9  
  1927.50        1849.98        121.64         87.7           1.827         1.797       169.9  
  1927.75        1850.22        151.11         96.9           1.806         1.746       169.9  
  1928.00        1850.33        124.34        102.8           1.779         1.618       169.9  
  1928.25        1850.46         92.83         90.5           1.786         1.631       169.9  
  1928.50        1850.70         56.46         92.7           1.798         1.653       169.9  
  1928.75        1850.94         47.87         96.2           1.810         1.674       169.9  
  1929.00        1851.19         39.07         98.0           1.822         1.696       170.0  
  1929.25        1851.32         37.60         95.3           1.830         1.709       170.0  
  1929.50        1851.43         36.45         93.5           1.918         1.816       170.1  
  1929.75        1851.67         34.36         91.6           1.982         1.892       170.1  
  1930.00        1851.91         28.99         89.7           2.026         1.946       170.2  
  1930.25        1852.15         33.76         88.6           2.144         2.115       170.2  
  1930.50        1852.39         33.07         99.5           2.262         2.161       170.3  
  1930.75        1852.51         36.19         94.3           2.479         2.226       170.3  
  1931.00        1852.64         39.55         91.5           2.580         2.601       170.4  
  1931.25        1852.88         35.22         85.3           2.755         3.247       170.4  
  1931.50        1853.12         39.47         91.9           2.920         3.857       170.5  
  1931.75        1853.36         41.17         92.3           3.466         2.862       170.6  
  1932.00        1853.50         41.98         92.9           3.982         1.920       170.6  
  1932.25        1853.60         42.56         93.3           4.499         1.103       170.7  
  1932.50        1853.84         43.08         87.7           5.016         4.184       170.7  
  1932.75        1854.09         41.69         83.1           5.377         6.083       170.8  
  1933.00        1854.33         39.58         78.7           6.751        11.558       170.8  
  1933.25        1854.57         38.34         80.3           7.807        15.764       170.9  
  1933.50        1854.69         38.99         82.5           9.376        22.012       170.9  
  1933.75        1854.81         39.62         84.7          10.385        24.232       171.0  
  1934.00        1855.05         43.15         88.8          11.833        27.421       171.0  
  1934.25        1855.29         46.63         94.3          14.985        36.431       171.1  
  1934.50        1855.54         46.64         68.8          17.922        39.390       171.1  
  1934.75        1855.78         39.10         34.4          20.813        42.301       171.2  
  1935.00        1855.88         34.55         39.6          23.704        45.213       171.3  
  1935.25        1856.02         28.39         45.6          25.659        47.181       171.3  
  1935.50        1856.26         23.36         51.6          29.822        47.807       171.4  
  1935.75        1856.50         23.04         57.7          32.967        48.280       171.4  
  1936.00        1856.74         22.83         61.3          34.542        48.517       171.5  
  1936.25        1856.87         22.68         49.8          39.354        49.893       171.5  
  1936.50        1856.99         22.54         39.6          42.643        47.253       171.6  
  1936.75        1857.23         30.25         39.4          46.725        43.976       171.6  
  1937.00        1857.47         40.70         39.1          50.825        40.685       171.7  
  1937.25        1857.71         53.66         36.6          55.441        55.308       171.7  
  1937.50        1857.95         61.66         30.7          57.409        55.715       171.8  
  1937.75        1858.06         62.71         33.6          60.245        56.301       171.8  
  1938.00        1858.19         63.99         42.0          63.115        56.894       171.9  
  1938.25        1858.44         53.70         37.7          65.143        69.004       171.9  
  1938.50        1858.68         29.18         29.5          67.195        82.857       172.0  
  1938.75        1858.92         26.42         23.1          69.248        87.916       172.1  
  1939.00        1859.05         23.74         24.4          71.300        93.735       172.1  
  1939.25        1859.16         21.54         25.4          73.608       100.280       172.2  
  1939.50        1859.40         22.13         25.9          78.097       101.311       172.2  
  1939.75        1859.64         25.68         22.5          77.678       101.591       172.3  
  1940.00        1859.89         27.45         20.8          77.038       102.018       172.3  
  1940.25        1860.13         32.70         21.1          76.533       102.355       172.4  
  1940.50        1860.24         34.42         21.2          75.916        98.973       172.4  
  1940.75        1860.37         36.36         18.9          75.406        94.121       172.5  
  1941.00        1860.61         36.05         21.7          75.038        90.624       172.5  
  1941.25        1860.85         38.21         31.6          71.267        78.203       172.6  
  1941.50        1861.09         42.62         47.2          69.671        72.948       172.6  
  1941.75        1861.23         40.32         50.3          65.147        67.054       172.7  
  1942.00        1861.34         38.59         55.3          62.150        63.149       172.8  
  1942.25        1861.58         29.89         58.0          58.598        52.772       172.8  
  1942.50        1861.82         23.23         64.6          55.359        53.462       172.9  
  1942.75        1862.06         20.16         66.9          51.462        54.292       172.9  
  1943.00        1862.30         19.05         44.3          49.122        54.791       173.0  
  1943.25        1862.42         18.93         36.1          45.230        55.831       173.0  
  1943.50        1862.54         18.82         29.2          39.839        55.538       173.1  
  1943.75        1862.79         20.42         25.6          35.617        55.308       173.1  
  1944.00        1863.03         25.32         24.1          31.671        51.149       173.2  
  1944.25        1863.27         29.82         21.7          29.173        48.517       173.2  
  1944.50        1863.51         30.83         25.8          26.187        29.560       173.3  
  1944.75        1863.61         31.18         37.3          24.636        19.715       173.3  
  1945.00        1863.75         31.68         39.3          23.469         9.821       173.4  
  1945.25        1863.99         28.42         43.4          20.058        18.828       173.4  
  1945.50        1864.24         19.03         28.3          18.308        22.419       173.5  
  1945.75        1864.48         22.28         55.6           8.896        22.419       173.6  
  1946.00        1864.60         23.79         64.0           8.978        20.861       173.6  
  1946.25        1864.72         25.21         70.2           9.104        19.552       173.7  
  1946.50        1864.96         28.93         71.9           9.230        18.243       173.7  
  1946.75        1865.20         30.62         73.2           9.356        16.934       173.8  
  1947.00        1865.44         33.20         74.4           9.482        15.625       173.8  
  1947.25        1865.69         32.83         75.7           9.609        14.316       173.9  
  1947.50        1865.79         32.44         77.0           9.735        13.008       173.9  
  1947.75        1865.93         31.93         78.3           9.861        11.699       174.0  
  1948.00        1866.17         30.45         79.5           9.996        10.291       174.0  
  1948.25        1866.41         27.42         80.8           9.014         9.533       174.1  
  1948.50        1866.65         22.78         82.1           8.494         8.713       174.1  
  1948.75        1866.78         22.25         83.0           7.819         7.989       174.2  
  1949.00        1866.90         21.79         79.7           6.730         7.450       174.3  
  1949.25        1867.14         22.47         92.4           6.096         7.018       174.3  
  1949.50        1867.38         23.46         86.3           5.606         6.810       174.4  
  1949.75        1867.62         25.75         76.8           4.653         5.914       174.4  
  1950.00        1867.86         25.28         85.8           4.260         5.283       174.5  
  1950.25        1867.97         25.85         79.2           3.794         4.413       174.5  
  1950.50        1868.10         26.52         72.6           3.369         4.329       174.6  
  1950.75        1868.35         25.98         72.6           2.858         3.677       174.6  
  1951.00        1868.59         25.85         74.0           2.481         3.196       174.7  
  1951.25        1868.83         24.52         74.8           1.966         2.538       174.7  
  1951.50        1868.96         24.37         76.4           1.808         2.219       174.8  
  1951.75        1869.07         24.26         78.0           1.557         1.715       174.8  
  1952.00        1869.31         25.06         79.6           1.307         1.211       174.9  
  1952.25        1869.55         24.88         81.1           1.160         0.916       174.9  
  1952.50        1869.80         25.25         82.5           1.070         0.857       175.0  
  1952.75        1870.04         23.82         75.4           1.006         0.815       175.1  
  1953.00        1870.15         22.51         79.2           0.943         0.788       175.1  
  1953.25        1870.28         21.08         83.9           0.870         0.797       175.2  
  1953.50        1870.52         17.80         90.5           0.859         0.809       175.2  
  1953.75        1870.76         16.64         90.6           0.847         0.823       175.3  
  1954.00        1870.95         15.70         90.8           0.834         0.837       175.3  
  1954.25        1871.15         14.69         91.0           0.822         0.851       175.0  
  1954.50        1871.34         13.68         89.9           0.810         0.865       174.7  
  1954.75        1871.49         12.94         88.0           0.796         0.858       174.3  
  1955.00        1871.73         12.70         85.3           0.788         0.855       174.0  
  1955.25        1871.97         13.50         86.1           0.748         0.703       173.7  
  1955.50        1872.21         20.28         87.7           0.722         0.607       173.3  
  1955.75        1872.33         20.96         88.6           0.709         0.675       173.0  
  1956.00        1872.45         21.63         85.8           0.702         0.711       172.6  
  1956.25        1872.70         21.15         84.1           0.681         0.770       172.6  
  1956.50        1872.94         18.06         81.3           0.679         0.727       172.7  
  1956.75        1873.18         20.12         80.4           0.673         0.698       172.8  
  1957.00        1873.42         17.54         83.0           0.669         0.680       172.8  
  1957.25        1873.52         16.86         81.5           0.670         0.574       172.9  
  1957.50        1873.66         15.94         78.9           0.673         0.609       172.9  
  1957.75        1873.91         11.62         77.3           0.676         0.649       173.0  
  1958.00        1874.15         10.82         83.4           0.692         0.681       173.1  
  1958.25        1874.39         11.43         74.8           0.707         0.711       173.1  
  1958.50        1874.52         11.90         71.2           0.723         0.741       173.2  
  1958.75        1874.63         12.32         71.9           0.738         0.771       173.3  
  1959.00        1874.87         15.93         72.4           0.753         0.801       173.3  
  1959.25        1875.11         35.01         72.8           0.776         0.845       173.4  
  1959.50        1875.36         41.41         73.3           0.782         0.829       173.4  
  1959.75        1875.60         60.65         73.8           0.792         0.800       173.5  
  1960.00        1875.71         68.59         74.5           0.803         0.770       173.6  
  1960.25        1875.84         78.44         76.9           0.818         0.759       173.6  
  1960.50        1876.08         47.70         81.0           0.828         0.753       173.7  
  1960.75        1876.32         35.21         83.9           0.776         0.812       173.7  
  1961.00        1876.57         34.79         80.0           0.722         0.875       173.8  
  1961.25        1876.70         34.66         77.8           0.755         0.891       173.9  
  1961.50        1876.81         34.55         79.6           0.820         0.924       173.9  
  1961.75        1877.05         35.97         81.0           0.868         0.949       174.0  
  1962.00        1877.29         40.28         82.4           0.858         0.942       174.0  
  1962.25        1877.53         56.13         83.9           0.850         0.936       174.1  
  1962.50        1877.77         52.90         85.3           0.842         0.931       174.2  
  1962.75        1877.89         47.96         86.3           0.836         0.927       174.2  
  1963.00        1878.02         42.35         85.4           0.825         0.851       174.3  
  1963.25        1878.26         39.46         84.7           0.816         0.797       174.3  
  1963.50        1878.50         36.35         84.4           0.807         0.812       174.4  
  1963.75        1878.74         29.55         76.0           0.797         0.826       174.5  
  1964.00        1878.88         28.42         68.8           0.785         0.845       174.5  
  1964.25        1878.98         27.57         69.4           0.785         0.821       174.6  
  1964.50        1879.23         25.51         70.2           0.784         0.779       174.6  
  1964.75        1879.47         18.73         71.2           0.788         0.781       174.7  
  1965.00        1879.71         19.32         72.8           0.792         0.784       174.8  
  1965.25        1879.95         21.46         74.9           0.796         0.786       174.8  
  1965.50        1880.07         21.36         76.8           0.800         0.788       174.9  
  1965.75        1880.19         21.25         75.1           0.814         0.825       174.9  
  1966.00        1880.43         22.12         73.5           0.824         0.831       175.0  
  1966.25        1880.68         25.11         72.6           0.838         0.839       175.1  
  1966.50        1880.92         31.24         71.2           0.847         0.845       175.1  
  1966.75        1881.16         36.73         78.6           0.860         0.899       175.2  
  1967.00        1881.26         37.62         89.6           0.868         0.938       175.3  
  1967.25        1881.40         38.89         87.7           0.870         0.925       175.3  
  1967.50        1881.64         34.84         84.0           0.872         0.913       175.4  
  1967.75        1881.89         29.49         78.7           0.875         0.895       175.4  
  1968.00        1882.13         28.18         77.5           0.873         0.889       175.5  
  1968.25        1882.25         28.30         75.4           0.868         0.875       175.5  
  1968.50        1882.37         28.42         72.6           0.865         0.861       175.5  
  1968.75        1882.61         29.16         73.4           0.860         0.842       175.6  
  1969.00        1882.85         30.60         74.6           0.853         0.816       175.6  
  1969.25        1883.09         30.90         75.9           0.856         0.832       175.7  
  1969.50        1883.34         35.98         77.1           0.862         0.865       175.7  
  1969.75        1883.44         38.69         78.7           0.868         0.880       175.8  
  1970.00        1883.58         42.21         79.0           0.877         0.900       175.8  
  1970.25        1883.82         45.13         79.7           0.888         0.927       175.9  
  1970.50        1884.06         43.11         79.5           0.891         0.930       175.9  
  1970.75        1884.30         40.45         79.1           0.896         0.938       176.0  
  1971.00        1884.43         39.86         78.7           0.887         0.935       176.0  
  1971.25        1884.55         39.35         79.5           0.875         0.931       176.1  
  1971.50        1884.79         38.73         80.6           0.863         0.927       176.1  
  1971.75        1885.03         35.46         74.8           0.839         0.865       176.2  
  1972.00        1885.27         35.36         67.5           0.821         0.841       176.2  
  1972.25        1885.51         37.05         62.7           0.796         0.805       176.3  
  1972.50        1885.62         37.98         57.1           0.777         0.779       176.3  
  1972.75        1885.76         39.09         60.4           0.756         0.788       176.3  
  1973.00        1886.00         39.45         65.5           0.721         0.734       176.4  
  1973.25        1886.24         39.15         68.8           0.705         0.711       176.4  
  1973.50        1886.48         37.14         67.6           0.700         0.727       176.5  
  1973.75        1886.62         36.41         66.0           0.696         0.725       176.5  
  1974.00        1886.72         35.84         68.8           0.692         0.721       176.6  
  1974.25        1886.96         14.35         69.3           0.689         0.717       176.6  
  1974.50        1887.21         19.24         69.8           0.685         0.714       176.7  
  1974.75        1887.45         24.27         70.2           0.681         0.710       176.7  
  1975.00        1887.69         31.21         70.7           0.677         0.706       176.8  
  1975.25        1887.81         32.65         71.2           0.674         0.702       176.8  
  1975.50        1887.93         34.22         71.7           0.670         0.699       176.9  
  1975.75        1888.17         36.09         72.1           0.667         0.695       176.9  
  1976.00        1888.42         37.21         72.6           0.676         0.691       177.0  
  1976.25        1888.66         37.09         73.1           0.682         0.687       177.0  
  1976.50        1888.80         36.81         73.5           0.688         0.684       177.1  
  1976.75        1888.90         36.61         74.0           0.694         0.680       177.1  
  1977.00        1889.14         35.95         71.7           0.701         0.735       177.1  
  1977.25        1889.38         35.09         69.5           0.708         0.745       177.2  
  1977.50        1889.63         36.05         67.4           0.718         0.759       177.2  
  1977.75        1889.87         36.71         71.5           0.728         0.772       177.3  
  1978.00        1889.99         35.69         76.8           0.738         0.786       177.3  
  1978.25        1890.11         34.69         76.3           0.747         0.797       177.4  
  1978.50        1890.35         34.24         75.4           0.757         0.767       177.4  
  1978.75        1890.59         34.16         74.5           0.767         0.735       177.5  
  1979.00        1890.84         31.92         73.6           0.771         0.745       177.5  
  1979.25        1891.08         30.86         73.1           0.777         0.757       177.6  
  1979.50        1891.18         30.52         75.7           0.782         0.770       177.6  
  1979.75        1891.32         30.05         76.8           0.789         0.788       177.7  
  1980.00        1891.56         29.96         77.6           0.790         0.795       177.7  
  1980.25        1891.80         28.85         78.1           0.790         0.807       177.8  
  1980.50        1892.04         26.88         78.7           0.791         0.825       177.8  
  1980.75        1892.17         25.40         78.5           0.794         0.824       177.9  
  1981.00        1892.29         24.05         78.1           0.798         0.822       177.9  
  1981.25        1892.53         23.09         77.8           0.802         0.820       177.9  
  1981.50        1892.77         20.51         77.5           0.807         0.819       178.0  
  1981.75        1893.01         13.77         77.3           0.813         0.816       178.0  
  1982.00        1893.25         14.08         77.1           0.821         0.854       178.0  
  1982.25        1893.36         14.43         77.0           0.835         0.916       178.0  
  1982.50        1893.56         15.07         76.8           0.848         0.897       178.0  
  1982.75        1893.76         15.71         74.9           0.862         0.877       178.0  
  1983.00        1893.96         16.36         71.7           0.876         0.857       178.0  
  1983.25        1894.16         17.00         73.5           0.884         0.845       178.0  
  1983.50        1894.35         17.64         76.3           0.913         0.865       178.0  
  1983.75        1894.46         18.00         79.7           0.931         0.898       178.0  
  1984.00        1894.71         19.20         86.3           0.946         0.927       178.0  
  1984.25        1894.95         17.21         88.7           0.956         0.966       178.0  
  1984.50        1895.19         27.67         92.0           0.969         1.017       178.0  
  1984.75        1895.43         34.60         95.7           0.977         0.998       178.0  
  1985.00        1895.54         37.75         94.2           0.989         0.971       178.0  
  1985.25        1895.67         41.34         92.9           0.992         0.966       178.0  
  1985.50        1895.92         52.42         90.1           0.996         0.960       178.0  
  1985.75        1896.16         68.36         87.7           1.000         0.980       178.0  
  1986.00        1896.40         45.02         91.7           1.005         0.997       178.0  
  1986.25        1896.54         53.00         97.1           1.010         1.017       178.0  
  1986.50        1896.64         59.07         96.5           1.019         1.053       178.0  
  1986.75        1896.88         46.47         95.5           1.018         1.056       178.0  
  1987.00        1897.12         40.96         94.7           1.018         1.060       178.0  
  1987.25        1897.37         45.94         88.6           1.017         1.065       178.0  
  1987.50        1897.61         41.50         89.9           1.017         1.070       178.0  
  1987.75        1897.73         42.95         91.5           1.016         1.074       178.0  
  1988.00        1897.85         44.46         93.1           1.016         1.078       178.0  
  1988.25        1898.09         43.99         94.6           1.330         1.055       178.0  
  1988.50        1898.33         43.92         96.2           1.568         1.039       178.0  
  1988.75        1898.58         48.83         97.8           1.805         1.022       178.0  
  1989.00        1898.82         51.93         99.4           2.037         1.005       178.0  
  1989.25        1898.92         52.74        100.9           1.684         1.009       178.0  
  1989.50        1899.06         53.91         96.3           1.340         1.013       178.0  
  1989.75        1899.30         56.64         90.0           1.018         1.017       178.0  
  1990.00        1899.54         54.26         91.3           1.023         1.015       178.0  
  1990.25        1899.79         45.80         93.8           1.028         1.012       178.0  
  1990.50        1899.91         43.83         94.2           1.033         1.010       178.0  
  1990.75        1900.03         41.95         94.7           1.038         1.007       178.0  
  1991.00        1900.27         38.20         95.2           1.042         1.005       178.0  
  1991.25        1900.51         36.81         95.7           1.048         1.025       178.0  
  1991.50        1900.75         38.02         96.2           1.053         1.043       178.0  
  1991.75        1901.00         28.77         96.7           1.060         1.065       178.0  
  1992.00        1901.10         29.96         97.1           1.074         1.078       178.0  
  1992.25        1901.24         31.50        104.3           1.078         1.078       178.0  
  1992.50        1901.48         29.69        108.9           1.085         1.078       178.0  
  1992.75        1901.72         27.24         98.9           1.093         1.078       178.0  
  1993.00        1901.96         26.01         93.8           1.098         1.116       178.0  
  1993.25        1902.09         25.85        105.1           1.100         1.114       178.0  
  1993.50        1902.20         25.71        102.5           1.101         1.112       178.0  
  1993.75        1902.45         32.09         97.8           1.103         1.110       178.0  
  1994.00        1902.69         35.14         94.7           1.105         1.108       178.0  
  1994.25        1902.93         40.31         96.4           1.107         1.106       178.0  
  1994.50        1903.17         35.89         97.6           1.109         1.103       178.0  
  1994.75        1903.28         33.14         98.8           1.109         1.098       178.0  
  1995.00        1903.41         29.86        100.4           1.108         1.090       178.0  
  1995.25        1903.66         23.86         92.8           1.105         1.084       178.0  
  1995.50        1903.88         28.20         80.4           1.102         1.078       178.0  
  1995.75        1904.14         33.34         68.0           1.100         1.071       178.0  
  1996.00        1904.27         32.59         55.6           1.097         1.065       178.0  
  1996.25        1904.38         32.00         43.2           1.094         1.058       178.0  
  1996.50        1904.62         28.58         27.4           1.092         1.053       178.0  
  1996.75        1904.87         22.30         47.5           1.080         1.075       178.0  
  1997.00        1905.11         22.90         75.5           1.072         1.090       178.0  
  1997.25        1905.35         25.60        102.3           1.066         1.059       178.0  
  1997.50        1905.47         23.16         92.4           1.060         1.029       178.0  
  1997.75        1905.59         20.50         93.7           1.051         1.053       178.0  
  1998.00        1905.83         28.52         96.4           1.042         1.078       178.0  
  1998.25        1906.08         27.30         98.5           1.039         1.062       178.0  
  1998.50        1906.32         26.34         97.4           1.036         1.049       178.0  
  1998.75        1906.46         28.37         96.6           1.035         1.041       178.0  
  1999.00        1906.56         29.84         96.2           1.049         1.017       178.0  
  1999.25        1906.80         26.08         95.7           1.047         1.060       178.0  
  1999.50        1907.04         28.21         96.7           1.048         1.090       177.9  
  1999.75        1907.29         30.09         98.0           1.056         1.091       177.9  
  2000.00        1907.53         30.31         97.1           1.065         1.111       177.9  
  2000.25        1907.65         29.70         98.1           1.073         1.131       177.8  
  2000.50        1907.77         29.09         98.5           1.078         1.142       177.8  
  2000.75        1908.01         27.99         99.6           1.104         1.133       177.7  
  2001.00        1908.25         27.07        100.4           1.117         1.129       177.7  
  2001.25        1908.49         25.26        100.9           1.189         1.110       177.6  
  2001.50        1908.74         27.51        102.8           1.246         1.095       177.6  
  2001.75        1908.84         29.20        104.6           1.313         1.078       177.5  
  2002.00        1908.98         31.51         98.1           1.542         1.071       177.5  
  2002.25        1909.24         31.77         88.8           1.768         1.065       177.4  
  2002.50        1909.46         32.00         78.7           2.060         2.330       177.4  
  2002.75        1909.70         25.60         37.7           2.611         5.806       177.3  
  2003.00        1909.83         42.98         35.8           3.145         9.284       177.3  
  2003.25        1909.95         58.88         33.5           4.385        19.892       177.2  
  2003.50        1910.19         48.37         21.2           4.286        18.739       177.2  
  2003.75        1910.43         41.94         19.8           4.168        17.369       177.1  
  2004.00        1910.67         86.20         20.2           4.051        15.998       177.1  
  2004.25        1910.91         61.36         20.6           3.933        14.628       177.1  
  2004.50        1911.02         55.72         21.0           3.816        13.258       177.0  
  2004.75        1911.16         48.64         21.3           3.698        11.887       177.0  
  2005.00        1911.40         46.18         21.7           3.581        10.517       176.9  
  2005.25        1911.64         41.05         22.0           3.463         9.146       176.9  
  2005.50        1911.88         33.17         22.4           3.346         7.776       176.8  
  2005.75        1912.01         32.12         22.7           3.228         6.406       176.8  
  2006.00        1912.12         31.24         23.1           3.168         5.697       176.7  
  2006.25        1912.36         32.25         23.4           2.660         4.983       176.7  
  2006.50        1912.61         32.00         23.8           2.317         4.501       176.6  
  2006.75        1912.85         32.84         24.1           1.975         4.019       176.6  
  2007.00        1913.09         31.14         24.5           1.633         3.538       176.5  
  2007.25        1913.20         30.70         24.8           1.290         3.056       176.5  
  2007.50        1913.33         30.19         25.2           0.871         2.574       176.4  
  2007.75        1913.57         19.32         25.6           0.830         2.092       176.4  
  2008.00        1913.82         24.56         25.9           0.778         1.611       176.4  
  2008.25        1914.06         25.07         26.3           0.725         1.129       176.3  
  2008.50        1914.20         29.30         26.6           0.674         0.657       176.3  
  2008.75        1914.30         32.52         26.9           0.682         0.668       176.2  
  2009.00        1914.54         37.90         27.0           0.689         0.680       176.2  
  2009.25        1914.78         39.25         27.0           0.696         0.691       176.1  
  2009.50        1915.03         39.11         27.1           0.704         0.703       176.1  
  2009.75        1915.27         39.31         27.1           0.714         0.719       176.0  
  2010.00        1915.39         38.77         27.2           0.739         0.730       176.0  
  2010.25        1915.51         38.21         27.2           0.779         0.749       175.9  
  2010.50        1915.75         31.04         27.3           0.825         0.770       175.9  
  2010.75        1915.99         16.49         27.4           0.849         0.841       175.8  
  2011.00        1916.23         18.67         37.2           0.878         0.924       175.8  
  2011.25        1916.38         18.16         47.7           0.907         1.007       175.7  
  2011.50        1916.48         17.81         58.2           0.949         1.129       175.7  
  2011.75        1916.72         11.10         65.1           0.948         1.082       175.7  
  2012.00        1916.96         31.68         49.3           0.947         0.995       175.6  
  2012.25        1917.20         26.50         37.6           0.945         0.909       175.6  
  2012.50        1917.44         18.82         28.3           0.944         0.835       175.5  
  2012.75        1917.57         39.13         41.7           0.944         0.885       175.5  
  2013.00        1917.69         58.61         52.7           0.945         0.929       175.4  
  2013.25        1917.93         47.00         67.9           0.945         0.973       175.4  
  2013.50        1918.17         56.85         65.3           0.946         1.017       175.3  
  2013.75        1918.41         67.02         61.1           0.947         1.078       175.4  
  2014.00        1918.65         75.24         56.9           0.936         1.004       175.4  
  2014.25        1918.76         72.78         52.7           0.918         0.883       175.5  
  2014.50        1918.90         69.55         48.4           0.907         0.807       175.5  
  2014.75        1919.14         62.10         44.2           0.880         0.780       175.6  
  2015.00        1919.38         57.23         40.0           0.861         0.760       175.6  
  2015.25        1919.62         67.35         35.8           0.842         0.741       175.7  
  2015.50        1919.75         78.27         30.2           0.820         0.719       175.7  
  2015.75        1919.86         87.85         29.3           0.798         0.740       175.8  
  2016.00        1920.10         58.00         27.9           0.773         0.764       175.8  
  2016.25        1920.35         57.00         25.9           0.756         0.779       175.9  
  2016.50        1920.59         83.35         26.3           0.746         0.758       176.0  
  2016.75        1920.83         65.22         26.9           0.739         0.742       176.0  
  2017.00        1920.94         62.30         27.5           0.731         0.726       176.1  
  2017.25        1921.07         58.79         27.8           0.724         0.711       176.1  
  2017.50        1921.31         57.25         30.2           0.723         0.752       176.2  
  2017.75        1921.56         56.55         31.9           0.722         0.779       176.2  
  2018.00        1921.80         58.14         33.0           0.720         0.745       176.3  
  2018.25        1921.93         59.20         25.1           0.719         0.719       176.3  
  2018.50        1922.04         60.05         21.7           0.709         0.727       176.4  
  2018.75        1922.28         60.22         26.9           0.707         0.703       176.4  
  2019.00        1922.52         59.90         27.8           0.706         0.680       176.5  
  2019.25        1922.77         59.63         27.3           0.704         0.698       176.5  
  2019.50        1923.01         49.38         26.4           0.702         0.719       176.6  
  2019.75        1923.12         47.38         25.5           0.696         0.712       176.6  
  2020.00        1923.25         45.18         24.6           0.689         0.704       176.7  
  2020.25        1923.49         47.43         23.1           0.682         0.696       176.7  
  2020.50        1923.73         52.31         23.2           0.674         0.687       176.8  
  2020.75        1923.97         56.65         23.3           0.668         0.691       176.8  
  2021.00        1924.11         52.72         23.4           0.661         0.696       176.9  
  2021.25        1924.22         49.84         23.5           0.651         0.703       176.9  
  2021.50        1924.51         33.25         23.6           0.652         0.701       177.0  
  2021.75        1924.70         22.60         22.5           0.653         0.698       177.1  
  2022.00        1924.94         29.16         21.4           0.655         0.695       177.1  
  2022.25        1925.18         37.27         20.8           0.656         0.691       177.2  
  2022.50        1925.30         42.06         14.8           0.674         0.687       177.2  
  2022.75        1925.43         46.88         10.5           0.683         0.694       177.3  
  2023.00        1925.67         53.67         13.7           0.694         0.702       177.3  
  2023.25        1925.91         55.01         22.4           0.705         0.711       177.4  
  2023.50        1926.15         58.43         25.7           0.728         0.725       177.4  
  2023.75        1926.39         48.06         29.0           0.745         0.735       177.5  
  2024.00        1926.49         48.31         32.1           0.756         0.818       177.5  
  2024.25        1926.63         48.65         28.9           0.764         0.881       177.6  
  2024.50        1926.88         50.17         26.4           0.774         0.949       177.6  
  2024.75        1927.12         48.65         25.4           0.773         0.896       177.7  
  2025.00        1927.36         48.43         24.6           0.772         0.839       177.7  
  2025.25        1927.49         47.25         24.1           0.771         0.807       177.8  
  2025.50        1927.60         46.17         23.4           0.747         0.775       177.8  
  2025.75        1927.84         40.10         22.7           0.730         0.753       177.9  
  2026.00        1928.09         34.94         22.7           0.722         0.748       177.9  
  2026.25        1928.33         31.25         22.7           0.715         0.744       178.0  
  2026.50        1928.57         25.70         22.7           0.718         0.754       178.0  
  2026.75        1928.68         24.27         23.1           0.720         0.764       178.1  
  2027.00        1928.81         22.46         23.5           0.722         0.773       178.2  
  2027.25        1929.05         26.27         23.9           0.725         0.783       178.2  
  2027.50        1929.29         36.54         24.3           0.726         0.788       178.3  
  2027.75        1929.54         39.86         24.7           0.731         0.825       178.3  
  2028.00        1929.67         37.08         25.0           0.737         0.813       178.4  
  2028.25        1929.78         34.73         20.8           0.740         0.807       178.4  
  2028.50        1930.02         38.97         20.1           0.731         0.791       178.5  
  2028.75        1930.26         43.00         18.9           0.724         0.779       178.5  
  2029.00        1930.50         50.39         20.4           0.705         0.707       178.6  
  2029.25        1930.74         52.79         23.1           0.695         0.684       178.6  
  2029.50        1930.86         50.13         19.4           0.679         0.735       178.7  
  2029.75        1930.99         47.05         20.5           0.672         0.703       178.7  
  2030.00        1931.23         43.11         22.7           0.670         0.691       178.8  
  2030.25        1931.47         41.11         25.5           0.669         0.695       178.8  
  2030.50        1931.71         41.42         28.1           0.670         0.703       178.9  
  2030.75        1931.85         34.84         29.2           0.696         0.635       178.9  
  2031.00        1931.95         29.79         28.5           0.729         0.664       179.0  
  2031.25        1932.20          0.00         26.0           0.865         0.735       179.0  
  2031.50        1932.44         10.92         22.2           0.870         0.726       179.1  
  2031.75        1932.68         21.82         82.5           0.876         0.717       179.1  
  2032.00        1932.92         31.07         78.8           0.881         0.708       179.2  
  2032.25        1933.04         33.54         75.5           0.886         0.699       179.3  
  2032.50        1933.16         36.14         72.3           0.891         0.690       179.3  
  2032.75        1933.40         37.87         69.1           0.896         0.681       179.4  
  2033.00        1933.65         33.05         65.8           0.901         0.672       179.4  
  2033.25        1933.89         27.28         62.6           0.906         0.663       179.5  
  2033.50        1934.03         25.16         59.3           0.911         0.654       179.5  
  2033.75        1934.13         23.68         56.1           0.916         0.645       179.6  
  2034.00        1934.37         21.68         52.9           0.921         0.636       179.6  
  2034.25        1934.61         22.95         49.6           0.926         0.627       179.7  
  2034.50        1934.86         27.17         46.4           0.930         0.621       179.7  
  2034.75        1935.10         31.04         43.1           0.889         0.639       179.8  
  2035.00        1935.22         39.00         39.9           0.856         0.653       179.8  
  2035.25        1935.34         46.68         36.7           0.824         0.667       179.9  
  2035.50        1935.58         71.53         33.4           0.791         0.681       179.9  
  2035.75        1935.82         39.06         31.1           0.759         0.695       180.0  
  2036.00        1936.07         30.41         31.1           0.722         0.711       180.0  
  2036.25        1936.31         26.30         31.1           0.712         0.701       180.1  
  2036.50        1936.41         26.25         31.1           0.700         0.688       180.1  
  2036.75        1936.55         26.18         31.1           0.684         0.672       180.2  
  2037.00        1936.79         26.61         31.1           0.683         0.677       180.2  
  2037.25        1937.04         18.51         29.8           0.683         0.685       180.3  
  2037.50        1937.28         14.94         28.4           0.683         0.694       180.4  
  2037.75        1937.41         13.20         27.1           0.682         0.702       180.4  
  2038.00        1937.52         11.68         25.5           0.682         0.710       180.5  
  2038.25        1937.76          8.10         26.0           0.682         0.719       180.5  
  2038.50        1938.00          7.94         26.7           0.688         0.722       180.6  
  2038.75        1938.25          7.74         27.4           0.696         0.725       180.6  
  2039.00        1938.49          6.71         28.3           0.700         0.727       180.7  
  2039.25        1938.60          7.46         27.4           0.706         0.740       180.7  
  2039.50        1938.73          8.36         26.0           0.710         0.748       180.8  
  2039.75        1939.00         11.57         24.6           0.714         0.757       180.5  
  2040.00        1939.20         13.98         23.6           0.718         0.766       180.2  
  2040.25        1939.39         16.39         23.7           0.720         0.770       180.0  
  2040.50        1939.59         18.80         23.9           0.717         0.770       179.7  
  2040.75        1939.70         20.11         24.0           0.716         0.770       179.4  
  2041.00        1939.94         39.25         24.1           0.710         0.770       179.1  
  2041.25        1940.19         39.09         22.4           0.705         0.770       178.9  
  2041.50        1940.43         44.38         20.3           0.700         0.770       178.6  
  2041.75        1940.67         43.46         20.9           0.696         0.770       178.3  
  2042.00        1940.79         44.52         21.8           0.699         0.735       178.0  
  2042.25        1940.91         45.68         22.8           0.701         0.719       178.1  
  2042.50        1941.16         48.90         23.6           0.688         0.704       178.1  
  2042.75        1941.40         52.27         24.8           0.679         0.694       178.1  
  2043.00        1941.64         59.08         25.9           0.673         0.687       178.2  
  2043.25        1941.78         65.31         25.6           0.697         0.672       178.2  
  2043.50        1941.88         69.89         25.2           0.699         0.684       178.3  
  2043.75        1942.13         81.86         25.0           0.704         0.703       178.3  
  2044.00        1942.37         77.35         24.1           0.710         0.727       178.3  
  2044.25        1942.61         67.82         23.9           0.715         0.749       178.4  
  2044.50        1942.85         66.81         23.5           0.723         0.788       178.4  
  2044.75        1942.98         65.19         23.1           0.721         0.778       178.4  
  2045.00        1943.10         63.56         20.1           0.718         0.763       178.5  
  2045.25        1943.34         65.67         16.1           0.715         0.744       178.5  
  2045.50        1943.58         66.67         17.6           0.713         0.713       178.5  
  2045.75        1943.83         64.49         20.4           0.711         0.672       178.6  
  2046.00        1944.07         60.92         23.1           0.712         0.709       178.6  
  2046.25        1944.17         60.00         21.3           0.713         0.744       178.6  
  2046.50        1944.31         58.71         18.9           0.714         0.779       178.7  
  2046.75        1944.55         54.63         18.4           0.716         0.760       178.7  
  2047.00        1944.80         52.60         17.6           0.718         0.744       178.7  
  2047.25        1945.04         52.51         17.0           0.713         0.731       178.8  
  2047.50        1945.17         52.56         17.3           0.710         0.721       178.8  
  2047.75        1945.28         52.61         17.5           0.707         0.711       178.8  
  2048.00        1945.53         52.21         18.3           0.695         0.703       178.9  
  2048.25        1945.77         53.80         19.4           0.692         0.691       178.9  
  2048.50        1946.01         54.61         19.2           0.686         0.669       178.9  
  2048.75        1946.25         48.87         18.9           0.680         0.649       179.0  
  2049.00        1946.36         46.28         18.8           0.668         0.679       179.0  
  2049.25        1946.50         43.00         18.6           0.659         0.703       179.1  
  2049.50        1946.74         39.86         18.4           0.657         0.699       179.1  
  2049.75        1946.98         36.12         19.1           0.655         0.695       179.1  
  2050.00        1947.23         38.99         19.8           0.653         0.691       179.2  
  2050.25        1947.36         37.86         19.2           0.651         0.686       179.2  
  2050.50        1947.47         36.90         18.5           0.649         0.682       179.2  
  2050.75        1947.71         37.14         17.8           0.647         0.678       179.3  
  2051.00        1947.96         38.88         17.1           0.645         0.674       179.3  
  2051.25        1948.20         34.92         16.4           0.643         0.670       179.3  
  2051.50        1948.44         32.13         15.7           0.641         0.664       179.4  
  2051.75        1948.55         32.03         15.0           0.639         0.649       179.4  
  2052.00        1948.69         31.91         14.2           0.637         0.640       179.4  
  2052.25        1948.93         31.89         16.2           0.634         0.630       179.5  
  2052.50        1949.17         31.42         19.4           0.631         0.621       179.5  
  2052.75        1949.41         32.57         19.5           0.642         0.621       179.5  
  2053.00        1949.55         32.71         19.7           0.652         0.621       179.6  
  2053.25        1949.66         32.83         19.8           0.661         0.621       179.6  
  2053.50        1949.90         33.40         19.3           0.671         0.621       179.6  
  2053.75        1950.14         33.33         18.9           0.682         0.621       179.7  
  2054.00        1950.39         34.82         18.5           0.672         0.645       179.7  
  2054.25        1950.63         34.91         18.2           0.660         0.674       179.7  
  2054.50        1950.75         33.88         17.8           0.644         0.711       179.8  
  2054.75        1950.87         32.79         17.5           0.640         0.674       179.8  
  2055.00        1951.12         33.48         17.7           0.635         0.628       179.8  
  2055.25        1951.36         33.79         17.9           0.631         0.615       179.9  
  2055.50        1951.60         34.74         16.9           0.625         0.600       179.9  
  2055.75        1951.75         34.83         16.1           0.630         0.672       180.0  
  2056.00        1951.85         34.89         17.5           0.636         0.662       180.0  
  2056.25        1952.09         31.55         18.7           0.640         0.655       180.0  
  2056.50        1952.34         28.65         20.5           0.645         0.647       180.1  
  2056.75        1952.58         25.32         22.3           0.648         0.642       180.1  
  2057.00        1952.82         29.31         24.1           0.662         0.685       180.1  
  2057.25        1952.95         31.57         25.9           0.673         0.719       180.2  
  2057.50        1953.07         33.75         26.9           0.682         0.753       180.2  
  2057.75        1953.31         36.90         23.5           0.684         0.741       180.2  
  2058.00        1953.55         31.81         22.2           0.689         0.719       180.3  
  2058.25        1953.75         27.49         21.2           0.671         0.727       180.3  
  2058.50        1953.94         23.18         20.1           0.666         0.704       180.3  
  2058.75        1954.14         18.87         19.4           0.655         0.657       180.4  
  2059.00        1954.34         14.55         10.9           0.650         0.657       180.4  
  2059.25        1954.54         10.24         15.5           0.644         0.657       180.4  
  2059.50        1954.77          5.35         18.9           0.637         0.657       180.5  
  2059.75        1955.01          5.37         15.1           0.636         0.600       180.5  
  2060.00        1955.14          7.92         17.5           0.634         0.662       180.5  
  2060.25        1955.26         10.17         18.1         -999.25       -999.25       180.6  
  2060.50        1955.50         17.10         17.8         -999.25       -999.25       180.6  
  2060.75        1955.75         24.27      -999.25         -999.25       -999.25       180.6  
  2061.00        1955.99         26.47      -999.25         -999.25       -999.25       180.7  
  2061.25        1956.23         27.74      -999.25         -999.25       -999.25       180.7  
  2061.50        1956.34         27.41      -999.25         -999.25       -999.25       180.7  
  2061.75        1956.48         27.01      -999.25         -999.25       -999.25       180.8  
  2062.00        1956.72         28.41      -999.25         -999.25       -999.25     -999.25  
  2062.25        1956.97         29.65      -999.25         -999.25       -999.25     -999.25  
  2062.50        1957.21         32.70      -999.25         -999.25       -999.25     -999.25  
  2062.75        1957.34         33.10      -999.25         -999.25       -999.25     -999.25  
  2063.00        1957.45         33.43      -999.25         -999.25       -999.25     -999.25  
  2063.25        1957.70         32.41      -999.25         -999.25       -999.25     -999.25  
  2063.50        1957.94         30.39      -999.25         -999.25       -999.25     -999.25  
  2063.75        1958.18         28.16      -999.25         -999.25       -999.25     -999.25  
  2064.00        1958.43         20.28      -999.25         -999.25       -999.25     -999.25  
  2064.25        1958.54         17.21      -999.25         -999.25       -999.25     -999.25  
  2064.50        1958.67         13.81      -999.25         -999.25       -999.25     -999.25  
  2064.75        1958.92          8.24      -999.25         -999.25       -999.25     -999.25  
  2065.00        1959.16          9.84      -999.25         -999.25       -999.25     -999.25  
  2065.25        1959.40         15.88      -999.25         -999.25       -999.25     -999.25  
  2065.50        1959.55         19.27      -999.25         -999.25       -999.25     -999.25  
  2065.75        1959.65         21.78      -999.25         -999.25       -999.25     -999.25  
  2066.00        1959.89         24.15      -999.25         -999.25       -999.25     -999.25  
  2066.25        1960.14         24.03      -999.25         -999.25       -999.25     -999.25  
  2066.50        1960.38         22.60      -999.25         -999.25       -999.25     -999.25  
  2066.75        1960.63         22.26      -999.25         -999.25       -999.25     -999.25  
  2067.00        1960.75         21.81      -999.25         -999.25       -999.25     -999.25  
  2067.25        1960.87         21.35      -999.25         -999.25       -999.25     -999.25  
  2067.50        1961.11         19.65      -999.25         -999.25       -999.25     -999.25  
  2067.75        1961.36         17.88      -999.25         -999.25       -999.25     -999.25  
  2068.00        1961.60         17.99      -999.25         -999.25       -999.25     -999.25  
  2068.25        -999.25       -999.25      -999.25         -999.25       -999.25     -999.25  
  2068.50        -999.25       -999.25      -999.25         -999.25       -999.25     -999.25  
  2068.75        -999.25       -999.25      -999.25         -999.25       -999.25     -999.25  
  2069.00        -999.25       -999.25      -999.25         -999.25       -999.25     -999.25  
  2069.25        -999.25       -999.25      -999.25         -999.25       -999.25     -999.25  
